{
  "type" : "FeatureCollection",
  "crs" : {
    "type" : "name",
    "properties" : {
      "name" : "EPSG:6668"
    }
  },
  "features" : [{"type":"Feature","id":0,"geometry":{"type":"Polygon","coordinates":[[[138.05281477493062,36.054041285872572],[138.0528772750001,36.054041285976581],[138.05293977506949,36.054041286080498],[138.05293977520842,36.054082946056056],[138.05287727513894,36.054082945952047],[138.05281477506946,36.054082945848045],[138.05275227499999,36.054082945744042],[138.05275227486115,36.054041285768662],[138.05281477493062,36.054041285872572]]]},"properties":{"FID":0,"A31_201":"8505050720","A31_202":"横河川","A31_203":20,"A31_204":"長野県","A31_205":1,"A31_206":" ","A31_207":" ","A31_208":" "}},{"type":"Feature","id":1,"geometry":{"type":"Polygon","coordinates":[[[138.05706477965273,36.054041292941761],[138.05706477979166,36.054082952921945],[138.05700227972218,36.054082952817851],[138.05700227958334,36.054041292837759],[138.05706477965273,36.054041292941761]]]},"properties":{"FID":1,"A31_201":"8505050720","A31_202":"横河川","A31_203":20,"A31_204":"長野県","A31_205":1,"A31_206":" ","A31_207":" ","A31_208":" "}},{"type":"Feature","id":2,"geometry":{"type":"Polygon","coordinates":[[[138.04556476939223,36.054666273441207],[138.04562726945557,36.054666273544498],[138.04568976951893,36.054666273647882],[138.04575226958218,36.054666273751181],[138.04581476964552,36.05466627385448],[138.04587726970888,36.054666273957864],[138.04593976977222,36.054666274061155],[138.0459397699066,36.054707934037779],[138.04587726984317,36.05470793393448],[138.04581476977972,36.054707933831281],[138.0457522697163,36.054707933727983],[138.04568976965302,36.054707933624684],[138.0456272695896,36.054707933521485],[138.04556476952615,36.054707933418186],[138.04550226946282,36.054707933314887],[138.04550226932889,36.054666273337823],[138.04556476939223,36.054666273441207]]]},"properties":{"FID":2,"A31_201":"8505050720","A31_202":"横河川","A31_203":20,"A31_204":"長野県","A31_205":1,"A31_206":" ","A31_207":" ","A31_208":" "}},{"type":"Feature","id":3,"geometry":{"type":"Polygon","coordinates":[[[138.04956477344564,36.054666280054491],[138.04962727350897,36.054666280157875],[138.04968977357214,36.054666280261173],[138.0496897737107,36.054707940233627],[138.04962727364745,36.054707940130328],[138.049564773584,36.054707940027122],[138.04950227352057,36.05470793992383],[138.04950227338227,36.054666279951199],[138.04956477344564,36.054666280054491]]]},"properties":{"FID":3,"A31_201":"8505050720","A31_202":"横河川","A31_203":20,"A31_204":"長野県","A31_205":1,"A31_206":" ","A31_207":" ","A31_208":" "}},{"type":"Feature","id":4,"geometry":{"type":"Polygon","coordinates":[[[138.0501897740973,36.054666281092864],[138.05018977423612,36.054707941065132],[138.05012727416675,36.054707940960064],[138.05012727402783,36.054666280987881],[138.0501897740973,36.054666281092864]]]},"properties":{"FID":4,"A31_201":"8505050720","A31_202":"横河川","A31_203":20,"A31_204":"長野県","A31_205":1,"A31_206":" ","A31_207":" ","A31_208":" "}},{"type":"Feature","id":5,"geometry":{"type":"Polygon","coordinates":[[[138.04581477165911,36.055291273507663],[138.04575227159469,36.055291273405345],[138.04568977153036,36.055291273303112],[138.04562727146606,36.055291273200794],[138.04556477140164,36.055291273098476],[138.04550227133723,36.055291272996158],[138.04550227120339,36.055249603018915],[138.04550227106944,36.055207933041757],[138.04556477113368,36.05520793314416],[138.0456272711979,36.055207933246663],[138.04568977126223,36.055207933349067],[138.04575227132631,36.05520793345147],[138.04581477139052,36.055207933553881],[138.04581477125632,36.055166273576987],[138.04587727132056,36.05516627367949],[138.0459397713847,36.055166273781978],[138.0459397715191,36.05520793375878],[138.04587727145486,36.055207933656376],[138.04587727158915,36.055249603633087],[138.04581477152482,36.055249603530683],[138.04581477165911,36.055291273507663]]]},"properties":{"FID":5,"A31_201":"8505050720","A31_202":"横河川","A31_203":20,"A31_204":"長野県","A31_205":1,"A31_206":" ","A31_207":" ","A31_208":" "}},{"type":"Feature","id":6,"geometry":{"type":"Polygon","coordinates":[[[138.04850227429003,36.055249607932225],[138.04856477435428,36.055249608034543],[138.04862727441861,36.055249608136954],[138.048627274556,36.055291278110829],[138.04856477449158,36.055291278008511],[138.04850227442728,36.055291277906193],[138.04843977436295,36.055291277803875],[138.04837727429853,36.055291277701642],[138.04831477423411,36.055291277599324],[138.0482522741697,36.055291277497005],[138.04818977410537,36.055291277394772],[138.04812727404095,36.055291277292454],[138.04806477397656,36.055291277190136],[138.04800227391223,36.055291277087818],[138.0479397738479,36.055291276985592],[138.04787727378348,36.055291276883274],[138.04781477371915,36.055291276780956],[138.04775227365477,36.05529127667873],[138.04768977359035,36.055291276576412],[138.04762727352602,36.055291276474094],[138.0475647734616,36.055291276371861],[138.04750227339719,36.055291276269543],[138.04743977333277,36.055291276167225],[138.0474397731968,36.055249606192106],[138.04750227326105,36.055249606294424],[138.04756477332535,36.055249606396835],[138.04762727338968,36.055249606499153],[138.04762727325343,36.055207936524397],[138.04768977331767,36.0552079366268],[138.04775227338192,36.055207936729296],[138.04781477344622,36.055207936831707],[138.04787727351047,36.05520793693411],[138.04787727364698,36.055249606908603],[138.04793977371131,36.055249607011007],[138.04800227377552,36.055249607113325],[138.04806477383977,36.055249607215735],[138.04812727390419,36.055249607318054],[138.04818977396843,36.055249607420464],[138.04818977383155,36.055207937446234],[138.0482522738958,36.05520793754873],[138.04831477396002,36.055207937651133],[138.04837727402435,36.055207937753543],[138.04843977408859,36.055207937855954],[138.04850227415281,36.055207937958443],[138.04850227429003,36.055249607932225]]]},"properties":{"FID":6,"A31_201":"8505050720","A31_202":"横河川","A31_203":20,"A31_204":"長野県","A31_205":1,"A31_206":" ","A31_207":" ","A31_208":" "}},{"type":"Feature","id":7,"geometry":{"type":"Polygon","coordinates":[[[138.04650227277222,36.05541627456126],[138.04650227263721,36.055374604584991],[138.04656477270171,36.055374604687216],[138.0465647728368,36.055416274663315],[138.04650227277222,36.05541627456126]]]},"properties":{"FID":7,"A31_201":"8505050720","A31_202":"横河川","A31_203":20,"A31_204":"長野県","A31_205":1,"A31_206":" ","A31_207":" ","A31_208":" "}},{"type":"Feature","id":8,"geometry":{"type":"Polygon","coordinates":[[[138.04650227277222,36.05541627456126],[138.04650227290722,36.055457934537259],[138.04643977284255,36.055457934435211],[138.04643977270763,36.05541627445912],[138.04650227277222,36.05541627456126]]]},"properties":{"FID":8,"A31_201":"8505050720","A31_202":"横河川","A31_203":20,"A31_204":"長野県","A31_205":1,"A31_206":" ","A31_207":" ","A31_208":" "}},{"type":"Feature","id":9,"geometry":{"type":"Polygon","coordinates":[[[138.04643977284255,36.055457934435211],[138.04643977297746,36.05549960441148],[138.04643977311238,36.05554127438775],[138.0463772730476,36.055541274285872],[138.04637727291268,36.055499604309517],[138.04637727277787,36.055457934333248],[138.04643977284255,36.055457934435211]]]},"properties":{"FID":9,"A31_201":"8505050720","A31_202":"横河川","A31_203":20,"A31_204":"長野県","A31_205":1,"A31_206":" ","A31_207":" ","A31_208":" "}},{"type":"Feature","id":10,"geometry":{"type":"Polygon","coordinates":[[[138.04893977584183,36.055582938436046],[138.04900227590667,36.055582938537839],[138.04900227604443,36.055624608511266],[138.04906477610947,36.055624608612959],[138.04906477624732,36.055666278586116],[138.04912727631216,36.055666278687724],[138.04912727645012,36.055707938661065],[138.04906477638508,36.055707938559458],[138.04900227632004,36.05570793845785],[138.04893977625491,36.055707938356242],[138.0488772761899,36.055707938254635],[138.04887727605222,36.055666278281123],[138.04887727591463,36.055624608307781],[138.04887727577696,36.055582938334176],[138.04893977584183,36.055582938436046]]]},"properties":{"FID":10,"A31_201":"8505050720","A31_202":"横河川","A31_203":20,"A31_204":"長野県","A31_205":1,"A31_206":" ","A31_207":" ","A31_208":" "}},{"type":"Feature","id":11,"geometry":{"type":"Polygon","coordinates":[[[138.05331478062499,36.055582945812731],[138.05337728069446,36.05558294591922],[138.05337728083339,36.055624615895312],[138.05343978090275,36.055624616001893],[138.05343978104176,36.055666285977807],[138.05350228111115,36.055666286084474],[138.05350228125008,36.055707946060657],[138.0534397811806,36.055707945953898],[138.05337728111112,36.055707945847139],[138.05331478104165,36.055707945740465],[138.05325228097217,36.055707945633714],[138.05318978090278,36.055707945526947],[138.05312728083331,36.055707945420195],[138.05306478076383,36.055707945313522],[138.05300228069453,36.055707945206763],[138.05293978062505,36.055707945100004],[138.05287728055558,36.05570794499333],[138.0528147804861,36.055707944886578],[138.05275228041671,36.055707944779812],[138.05268978034724,36.05570794467306],[138.05262728027776,36.055707944566386],[138.05262728013884,36.055666284591098],[138.05262728000002,36.055624614616157],[138.05262727986113,36.055582944640861],[138.05268977993052,36.055582944747442],[138.05275227999999,36.055582944853938],[138.05281478006947,36.05558294496052],[138.05287728013894,36.055582945067016],[138.05287728000002,36.055541285091721],[138.05293978006949,36.055541285198125],[138.05300228013897,36.055541285304614],[138.05306478020827,36.055541285411024],[138.05312728027775,36.055541285517513],[138.05318978034722,36.055541285624003],[138.0532522804167,36.055541285730413],[138.05331478048618,36.055541285836902],[138.05331478062499,36.055582945812731]]]},"properties":{"FID":11,"A31_201":"8505050720","A31_202":"横河川","A31_203":20,"A31_204":"長野県","A31_205":1,"A31_206":" ","A31_207":" ","A31_208":" "}},{"type":"Feature","id":12,"geometry":{"type":"Polygon","coordinates":[[[138.04931477719785,36.055874608857735],[138.04925227713244,36.05587460875639],[138.04925227699442,36.055832938783226],[138.04925227685641,36.055791278810332],[138.04931477692162,36.055791278911769],[138.0493147767834,36.055749608938697],[138.0493147766453,36.055707938965796],[138.04937727671043,36.055707939067403],[138.04937727657222,36.055666279094424],[138.04943977663726,36.055666279196117],[138.0495022767023,36.055666279297725],[138.04950227656391,36.0556246093251],[138.04956477662887,36.055624609426886],[138.04956477649048,36.055582939454084],[138.04962727655533,36.055582939555862],[138.04962727641689,36.055541279583323],[138.04968977648156,36.055541279685201],[138.049689776343,36.05549960971257],[138.04975227640776,36.055499609814532],[138.04975227626912,36.055457939842],[138.04981477633379,36.055457939943963],[138.04987727639849,36.055457940046011],[138.04993977646316,36.055457940147974],[138.05000227652783,36.055457940250022],[138.05006477659722,36.055457940356341],[138.05006477673612,36.055499610328702],[138.0501272768056,36.055499610435106],[138.05018977687507,36.055499610541418],[138.05025227694438,36.055499610647828],[138.05025227680548,36.055457940675282],[138.05031477687496,36.055457940781601],[138.05037727694443,36.055457940887919],[138.05037727680559,36.055416280915381],[138.05043977687498,36.055416281021692],[138.05050227694446,36.055416281127918],[138.05056477701393,36.055416281234145],[138.05062727708341,36.055416281340371],[138.05068977715288,36.055416281446682],[138.05075227722227,36.055416281552908],[138.05081477729166,36.055416281659134],[138.05087727736114,36.055416281765361],[138.05093977743053,36.055416281871679],[138.0510022775,36.055416281977905],[138.05106477756948,36.055416282084131],[138.05112727763895,36.05541628219045],[138.05112727750003,36.055374612216838],[138.0511897775695,36.055374612323064],[138.05125227763898,36.055374612429205],[138.05131477770837,36.055374612535431],[138.05131477756947,36.055332942561648],[138.05137727763886,36.055332942667789],[138.05143977770834,36.05533294277383],[138.05143977756941,36.055291282800141],[138.05150227763889,36.05529128290619],[138.05156477770836,36.055291283012238],[138.05162727777784,36.055291283118287],[138.05168977784723,36.055291283224335],[138.0516897777083,36.055249613250197],[138.05175227777778,36.055249613356153],[138.05175227791671,36.055291283330384],[138.05181477798618,36.055291283436432],[138.05187727805566,36.055291283542481],[138.05193977812496,36.055291283648529],[138.05193977826386,36.055332943622759],[138.05200227833333,36.055332943728892],[138.05200227847217,36.055374613703385],[138.05206477854165,36.055374613809519],[138.05212727861112,36.055374613915745],[138.0521897786806,36.055374614021886],[138.0521897788195,36.055416283996649],[138.05225227888897,36.055416284102876],[138.05231477895836,36.055416284209187],[138.05237727902784,36.055416284315413],[138.05237727916665,36.055457944290168],[138.05243977923612,36.055457944396487],[138.05243977937505,36.055499614371428],[138.05250227944444,36.055499614477824],[138.05250227958334,36.055541284452943],[138.05243977951395,36.055541284346447],[138.05237727944447,36.05554128424005],[138.052314779375,36.055541284133554],[138.05225227930561,36.055541284027058],[138.05218977923613,36.055541283920661],[138.05212727916665,36.055541283814165],[138.05206477909718,36.055541283707761],[138.0520022790277,36.055541283601272],[138.05200227916663,36.055582943575587],[138.05193977909715,36.055582943469091],[138.05193977923608,36.055624613443584],[138.05187727916677,36.055624613337002],[138.05187727930567,36.05566628331114],[138.0518147792362,36.055666283204474],[138.05181477937504,36.055707943178788],[138.05175227930556,36.055707943072022],[138.05168977923617,36.05570794296527],[138.05162727916669,36.055707942858596],[138.05156477909722,36.055707942751837],[138.05150227902774,36.055707942645078],[138.05143977895827,36.055707942538319],[138.05137727888888,36.055707942431653],[138.05131477881949,36.055707942324887],[138.05125227875001,36.055707942218135],[138.05118977868062,36.055707942111368],[138.05112727861115,36.055707942004702],[138.05106477854167,36.055707941897943],[138.0510022784722,36.055707941791184],[138.05093977840272,36.055707941684517],[138.05087727833333,36.055707941577751],[138.05081477826386,36.055707941470999],[138.05075227819447,36.055707941364233],[138.05068977812499,36.055707941257566],[138.05062727805552,36.055707941150807],[138.05056477798615,36.055707941044048],[138.05050227791668,36.055707940937289],[138.0504397778472,36.055707940830615],[138.05037727777773,36.055707940723863],[138.05031477770834,36.055707940617097],[138.05025227763886,36.055707940510345],[138.05018977756947,36.055707940403671],[138.05012727750008,36.055707940296912],[138.05012727736116,36.055666280324459],[138.05012727722226,36.055624610352282],[138.05012727708333,36.055582940379828],[138.05012727694452,36.055541280407553],[138.05006477687505,36.055541280301064],[138.05000227680557,36.055541280194575],[138.04993977674081,36.055541280092697],[138.04987727667594,36.05554127999082],[138.04981477661119,36.055541279888949],[138.04981477674983,36.05558293986131],[138.04975227668496,36.055582939759525],[138.0497522768236,36.055624609732064],[138.04968977675867,36.055624609630371],[138.0496272766938,36.055624609528579],[138.04962727683227,36.055666279501125],[138.04956477676723,36.055666279399425],[138.04956477690561,36.055707939372226],[138.0495022768406,36.055707939270619],[138.04950227697887,36.055749609243335],[138.04943977691374,36.05574960914182],[138.04943977705204,36.055791279114715],[138.04937727698683,36.055791279013285],[138.04937727712493,36.055832938986001],[138.04931477705972,36.055832938884663],[138.04931477719785,36.055874608857735]]]},"properties":{"FID":12,"A31_201":"8505050720","A31_202":"横河川","A31_203":20,"A31_204":"長野県","A31_205":1,"A31_206":" ","A31_207":" ","A31_208":" "}},{"type":"Feature","id":13,"geometry":{"type":"Polygon","coordinates":[[[138.05518978562506,36.056457948546111],[138.05518978576396,36.056499618524242],[138.0551897859028,36.056541288502288],[138.05512728583341,36.0565412883942],[138.05506478576393,36.056541288286013],[138.05500228569446,36.056541288177925],[138.05493978562498,36.056541288069745],[138.05487728555559,36.05654128796165],[138.05487728541667,36.05649961798396],[138.05487728527777,36.056457948006184],[138.05487728513884,36.056416288028757],[138.05487728499995,36.056374618050981],[138.05487728486102,36.056332948073468],[138.05487728472221,36.056291288095693],[138.05487728458331,36.056249618118088],[138.05487728444439,36.056207948140482],[138.05487728430558,36.0561662881628],[138.05487728416665,36.056124618185279],[138.05487728402775,36.056082948207589],[138.05493978409723,36.056082948314881],[138.0550022841667,36.056082948422265],[138.05506478423609,36.056082948529649],[138.05512728430557,36.056082948637027],[138.05518978437505,36.056082948744404],[138.05518978451394,36.05612461872245],[138.05518978465284,36.056166288700325],[138.05518978479168,36.056207948678363],[138.05518978493058,36.056249618656238],[138.0551897850695,36.056291288634284],[138.0551897852084,36.056332948612322],[138.05518978534724,36.056374618590198],[138.05525228541671,36.056374618698108],[138.05525228555561,36.056416288676246],[138.05518978548614,36.056416288568329],[138.05518978562506,36.056457948546111]]]},"properties":{"FID":13,"A31_201":"8505050720","A31_202":"横河川","A31_203":20,"A31_204":"長野県","A31_205":1,"A31_206":" ","A31_207":" ","A31_208":" "}},{"type":"Feature","id":14,"geometry":{"type":"Polygon","coordinates":[[[138.05643979215276,36.057999619942784],[138.0564397922916,36.058041289922251],[138.05637729222229,36.058041289811669],[138.05631479215282,36.058041289701009],[138.05625229208334,36.058041289590335],[138.05618979201395,36.05804128947976],[138.05612729194448,36.058041289369093],[138.05612729180555,36.057999619389982],[138.05612729166666,36.057957949411048],[138.05612729152773,36.057916289431937],[138.05612729138892,36.057874619453088],[138.05612729124999,36.057832949473976],[138.0561272911111,36.057791289495043],[138.0561272909722,36.057749619515931],[138.05612729083336,36.05770794953682],[138.05612729069446,36.057666289557886],[138.05612729055554,36.057624619578775],[138.05612729041664,36.057582949599663],[138.05606479034716,36.057582949489799],[138.05600229027777,36.057582949379935],[138.0559397902083,36.057582949270063],[138.05587729013882,36.057582949160285],[138.05581479006952,36.057582949050413],[138.05575229000004,36.057582948940549],[138.05568978993057,36.057582948830685],[138.05568978979164,36.057541288852278],[138.05562728972228,36.057541288742499],[138.05562728958336,36.057499618763927],[138.05556478951388,36.057499618654234],[138.05556478937498,36.057457948675832],[138.05550228930551,36.057457948566231],[138.05550228916667,36.057416288587831],[138.05550228902777,36.05737461860943],[138.05550228888885,36.057332948631206],[138.05550228875003,36.057291288652806],[138.05550228861111,36.057249618674582],[138.05550228847221,36.057207948696181],[138.05550228833329,36.057166288717958],[138.05543978826381,36.057166288608798],[138.05537728819445,36.057166288499559],[138.05531478812497,36.057166288390398],[138.05525228805558,36.057166288281238],[138.05518978798619,36.057166288172084],[138.05512728791672,36.05716628806293],[138.05512728777779,36.057124618084885],[138.0551272876389,36.057082948107009],[138.05512728750006,36.057041288129142],[138.05512728736116,36.056999618151188],[138.05512728722223,36.056957948173142],[138.05512728708334,36.056916288195367],[138.05512728694441,36.056874618217407],[138.0551272868056,36.056832948239538],[138.05512728666667,36.056791288261579],[138.05512728652778,36.056749618283803],[138.05512728638888,36.056707948305757],[138.05512728625004,36.056666288327975],[138.05512728611114,36.056624618349929],[138.05512728597222,36.056582948371975],[138.05518978604169,36.056582948480155],[138.05518978618062,36.056624618458201],[138.05518978631952,36.056666288436247],[138.05525228638899,36.056666288544605],[138.05525228652783,36.056707948522558],[138.05525228666673,36.056749618500696],[138.05531478673603,36.056749618609146],[138.05537728680551,36.056749618717674],[138.05537728694441,36.05679128869572],[138.05537728708333,36.056832948673943],[138.05543978715272,36.056832948782571],[138.0555022872222,36.056832948891198],[138.05556478729167,36.056832948999819],[138.05556478743057,36.056874618978128],[138.05562728750004,36.056874619086841],[138.05562728763886,36.056916289065335],[138.05568978770833,36.05691628917414],[138.05568978784726,36.056957949152533],[138.05568978798618,36.056999619131119],[138.05568978812508,36.057041289109783],[138.0556272880556,36.057041289000807],[138.05562728819442,36.0570829489792],[138.05562728833334,36.057124618957694],[138.05562728847224,36.057166288936273],[138.05562728861108,36.057207948914673],[138.05568978868055,36.057207949023919],[138.05568978881945,36.057249619002498],[138.05568978895838,36.057291288980899],[138.05568978909727,36.057332948959569],[138.05568978923611,36.05737461893797],[138.05568978937501,36.057416288916542],[138.05575228944448,36.05741628902615],[138.05575228958332,36.057457949004814],[138.0558147896528,36.057457949114507],[138.0558147897917,36.057499619093079],[138.05587728986109,36.057499619202773],[138.05593978993056,36.057499619312551],[138.05593979006946,36.057541289291393],[138.05600229013885,36.057541289401264],[138.05606479020832,36.057541289511043],[138.0561272902778,36.057541289620822],[138.05618979034728,36.057541289730601],[138.05625229041667,36.05754128984038],[138.05625229055559,36.057582949819405],[138.05631479062507,36.057582949929269],[138.05637729069446,36.057582950039134],[138.05643979076382,36.057582950149005],[138.05643979090274,36.057624620128472],[138.05650229097222,36.057624620238343],[138.05656479104161,36.057624620348292],[138.05662729111108,36.057624620458256],[138.05662729124998,36.057666290437894],[138.05668979131946,36.057666290547942],[138.05675229138893,36.057666290657899],[138.05675229152777,36.057707950637543],[138.05681479159725,36.057707950747584],[138.05681479173614,36.057749620727407],[138.05687729180562,36.057749620837541],[138.05687729194443,36.057791290817548],[138.05681479187507,36.057791290707321],[138.05675229180559,36.057791290597095],[138.05668979173612,36.057791290486875],[138.05668979187502,36.057832950466434],[138.05662729180554,36.057832950356207],[138.05662729194447,36.057874620335852],[138.05656479187499,36.05787462022554],[138.05656479201389,36.057916290204915],[138.05650229194441,36.057916290094425],[138.05650229208322,36.057957950073984],[138.05643979201386,36.057957949963495],[138.05643979215276,36.057999619942784]]]},"properties":{"FID":14,"A31_201":"8505050720","A31_202":"横河川","A31_203":20,"A31_204":"長野県","A31_205":1,"A31_206":" ","A31_207":" ","A31_208":" "}},{"type":"Feature","id":15,"geometry":{"type":"Polygon","coordinates":[[[138.05706479243051,36.057874621108297],[138.05712729249998,36.057874621218616],[138.05718979256946,36.057874621329013],[138.05725229263885,36.057874621439325],[138.05725229277778,36.057916291419502],[138.05725229291667,36.057957951399857],[138.05731479298615,36.057957951510346],[138.05731479312499,36.057999621490609],[138.05737729319446,36.057999621601098],[138.05737729333336,36.058041291581631],[138.05731479326388,36.058041291470971],[138.05725229319449,36.058041291360389],[138.05718979312502,36.058041291249722],[138.05712729305554,36.058041291139148],[138.05706479298607,36.058041291028474],[138.05700229291659,36.058041290917899],[138.0570022927777,36.057999620937807],[138.05700229263886,36.057957950957899],[138.05700229249996,36.057916290977815],[138.05700229236103,36.0578746209979],[138.05706479243051,36.057874621108297]]]},"properties":{"FID":15,"A31_201":"8505050720","A31_202":"横河川","A31_203":20,"A31_204":"長野県","A31_205":1,"A31_206":" ","A31_207":" ","A31_208":" "}},{"type":"Feature","id":16,"geometry":{"type":"Polygon","coordinates":[[[138.05743979354165,36.058082951672567],[138.05743979368057,36.058124621653192],[138.05743979381947,36.058166291633725],[138.05750229388894,36.05816629174457],[138.05750229402778,36.058207951725009],[138.05743979395839,36.058207951614165],[138.05737729388892,36.058207951503235],[138.05737729374999,36.05816629152288],[138.0573772936111,36.058124621542433],[138.05737729347217,36.0580829515619],[138.05743979354165,36.058082951672567]]]},"properties":{"FID":16,"A31_201":"8505050720","A31_202":"横河川","A31_203":20,"A31_204":"長野県","A31_205":1,"A31_206":" ","A31_207":" ","A31_208":" "}},{"type":"Feature","id":17,"geometry":{"type":"Polygon","coordinates":[[[138.05768979518692,36.058499621910258],[138.0576897953205,36.058541291887863],[138.05762729525065,36.058541291777104],[138.05762729511716,36.058499621799413],[138.05762729498366,36.0584579518219],[138.05762729485028,36.05841629184421],[138.05762729471678,36.058374621866697],[138.05762729458328,36.058332951889007],[138.05762729444439,36.05829129190839],[138.05768979451386,36.058291292019405],[138.05768979465276,36.058332952000029],[138.05768979478626,36.05837462197772],[138.05775229485582,36.058374622088742],[138.0577522949894,36.05841629206617],[138.05775229512307,36.058457952043682],[138.05768979505334,36.058457951932837],[138.05768979518692,36.058499621910258]]]},"properties":{"FID":17,"A31_201":"8505050720","A31_202":"横河川","A31_203":20,"A31_204":"長野県","A31_205":1,"A31_206":" ","A31_207":" ","A31_208":" "}},{"type":"Feature","id":18,"geometry":{"type":"Polygon","coordinates":[[[138.05762729898785,36.059707951151097],[138.05756479891616,36.059707951042299],[138.05750229884447,36.0597079509335],[138.05743979877275,36.059707950824603],[138.05737729870097,36.059707950715804],[138.05737729856784,36.059666290737852],[138.0573772984346,36.059624620759891],[138.05737729830139,36.059582950782023],[138.05737729816826,36.059541290804063],[138.05737729803502,36.059499620826287],[138.05737729790178,36.059457950848241],[138.05737729776865,36.059416290870459],[138.05737729763544,36.059374620892413],[138.0573772975022,36.05933295091446],[138.05737729736907,36.059291290936685],[138.05737729723583,36.059249620958639],[138.05743979730681,36.059249621068233],[138.05750229737782,36.059249621177841],[138.05750229751121,36.059291291155702],[138.0575647975821,36.059291291265218],[138.05756479771551,36.059332951242823],[138.05762729778658,36.059332951352246],[138.05762729792008,36.059374621329937],[138.05768979799134,36.059374621439268],[138.05768979812484,36.059416291416959],[138.05775229819608,36.05941629152629],[138.05775229832966,36.059457951503717],[138.0578147984011,36.059457951612963],[138.05787729847233,36.059457951722123],[138.05787729860612,36.059499621699629],[138.05781479853468,36.059499621590476],[138.05781479866843,36.059541291567726],[138.05775229859691,36.059541291458657],[138.05775229873049,36.059582951436255],[138.05775229886416,36.05962462141359],[138.05768979879255,36.0596246213047],[138.05768979892613,36.059666291282298],[138.05762729885444,36.059666291173414],[138.05762729898785,36.059707951151097]]]},"properties":{"FID":18,"A31_201":"8505050720","A31_202":"横河川","A31_203":20,"A31_204":"長野県","A31_205":1,"A31_206":" ","A31_207":" ","A31_208":" "}},{"type":"Feature","id":19,"geometry":{"type":"Polygon","coordinates":[[[138.06868981269454,36.059666309511719],[138.06875231277786,36.059666309611195],[138.06875231291679,36.059707969590391],[138.06868981283336,36.059707969490916],[138.06862731275004,36.059707969391354],[138.0686273126112,36.059666309412243],[138.06868981269454,36.059666309511719]]]},"properties":{"FID":19,"A31_201":"8505050720","A31_202":"横河川","A31_203":20,"A31_204":"長野県","A31_205":1,"A31_206":" ","A31_207":" ","A31_208":" "}},{"type":"Feature","id":20,"geometry":{"type":"Polygon","coordinates":[[[138.06893981302787,36.059666309909446],[138.06893981316668,36.059707969888912],[138.06887731308336,36.059707969789436],[138.06887731294444,36.059666309810055],[138.06893981302787,36.059666309909446]]]},"properties":{"FID":20,"A31_201":"8505050720","A31_202":"横河川","A31_203":20,"A31_204":"長野県","A31_205":1,"A31_206":" ","A31_207":" ","A31_208":" "}},{"type":"Feature","id":21,"geometry":{"type":"Polygon","coordinates":[[[138.05762729898785,36.059707951151097],[138.05768979905963,36.059707951259902],[138.05768979919313,36.059749621237415],[138.05775229926499,36.059749621346128],[138.0578147993368,36.059749621454927],[138.05781479947046,36.059791291432447],[138.05781479960413,36.059832951409689],[138.05781479973788,36.059874621387202],[138.05775229966582,36.059874621278666],[138.0577522997994,36.059916291256272],[138.05781479987155,36.059916291364715],[138.05787729994361,36.05991629147325],[138.05787730007737,36.0599579514505],[138.05793980014951,36.059957951558857],[138.05793980028335,36.059999621536193],[138.05800230035558,36.05999962164455],[138.05806480042781,36.059999621752908],[138.05806480056185,36.060041291729974],[138.05812730063397,36.060041291838246],[138.05812730076801,36.060082951815403],[138.05806480069569,36.06008295170713],[138.05800230062337,36.06008295159895],[138.05793980055097,36.06008295149077],[138.05793980041722,36.060041291513436],[138.0578773003449,36.06004129140517],[138.05787730021112,36.059999621427835],[138.05781480013889,36.059999621319562],[138.05775230006668,36.059999621211205],[138.0577522999331,36.059957951233692],[138.05768979986087,36.059957951125241],[138.05768979972737,36.059916291147822],[138.05762729965522,36.059916291039286],[138.05762729952173,36.059874621061596],[138.05762729938834,36.059832951083905],[138.05762729925485,36.059791291106393],[138.05762729912135,36.059749621128702],[138.05762729898785,36.059707951151097]]]},"properties":{"FID":21,"A31_201":"8505050720","A31_202":"横河川","A31_203":20,"A31_204":"長野県","A31_205":1,"A31_206":" ","A31_207":" ","A31_208":" "}},{"type":"Feature","id":22,"geometry":{"type":"Polygon","coordinates":[[[138.05887730311989,36.06054129285252],[138.05887730298497,36.060499622876165],[138.05893980305808,36.060499622983727],[138.058939803193,36.060541292959996],[138.05887730311989,36.06054129285252]]]},"properties":{"FID":22,"A31_201":"8505050720","A31_202":"横河川","A31_203":20,"A31_204":"長野県","A31_205":1,"A31_206":" ","A31_207":" ","A31_208":" "}},{"type":"Feature","id":23,"geometry":{"type":"Polygon","coordinates":[[[138.05887730311989,36.06054129285252],[138.05887730325469,36.060582952828703],[138.05881480318149,36.060582952721319],[138.05881480304674,36.060541292745143],[138.05887730311989,36.06054129285252]]]},"properties":{"FID":23,"A31_201":"8505050720","A31_202":"横河川","A31_203":20,"A31_204":"長野県","A31_205":1,"A31_206":" ","A31_207":" ","A31_208":" "}},{"type":"Feature","id":24,"geometry":{"type":"Polygon","coordinates":[[[138.05881480318149,36.060582952721319],[138.05881480331632,36.060624622697681],[138.05875230324301,36.060624622590481],[138.05875230310829,36.060582952613942],[138.05881480318149,36.060582952721319]]]},"properties":{"FID":24,"A31_201":"8505050720","A31_202":"横河川","A31_203":20,"A31_204":"長野県","A31_205":1,"A31_206":" ","A31_207":" ","A31_208":" "}},{"type":"Feature","id":25,"geometry":{"type":"Polygon","coordinates":[[[138.05875230324301,36.060624622590481],[138.05875230337776,36.060666292566658],[138.05868980330439,36.060666292459459],[138.05868980316973,36.060624622483189],[138.05875230324301,36.060624622590481]]]},"properties":{"FID":25,"A31_201":"8505050720","A31_202":"横河川","A31_203":20,"A31_204":"長野県","A31_205":1,"A31_206":" ","A31_207":" ","A31_208":" "}},{"type":"Feature","id":26,"geometry":{"type":"Polygon","coordinates":[[[138.05868980330439,36.060666292459459],[138.05868980343902,36.06070795243599],[138.05862730336574,36.060707952328876],[138.05862730323116,36.060666292352252],[138.05868980330439,36.060666292459459]]]},"properties":{"FID":26,"A31_201":"8505050720","A31_202":"横河川","A31_203":20,"A31_204":"長野県","A31_205":1,"A31_206":" ","A31_207":" ","A31_208":" "}},{"type":"Feature","id":27,"geometry":{"type":"Polygon","coordinates":[[[138.06706481455564,36.060874636267613],[138.06706481469456,36.060916306244948],[138.06706481483337,36.060957966222105],[138.06700231475003,36.060957966120498],[138.06700231461113,36.060916306143433],[138.06700231447232,36.06087463616619],[138.06706481455564,36.060874636267613]]]},"properties":{"FID":27,"A31_201":"8505050720","A31_202":"横河川","A31_203":20,"A31_204":"長野県","A31_205":1,"A31_206":" ","A31_207":" ","A31_208":" "}},{"type":"Feature","id":28,"geometry":{"type":"Polygon","coordinates":[[[138.0718148210278,36.060916313961087],[138.0718773211112,36.060916314062609],[138.07193982119455,36.060916314164132],[138.07193982133336,36.060957974146703],[138.07187732125004,36.060957974045095],[138.0718148211667,36.060957973943488],[138.07175232108338,36.060957973841965],[138.07175232094446,36.060916313859572],[138.0718148210278,36.060916313961087]]]},"properties":{"FID":28,"A31_201":"8505050720","A31_202":"横河川","A31_203":20,"A31_204":"長野県","A31_205":1,"A31_206":" ","A31_207":" ","A31_208":" "}},{"type":"Feature","id":29,"geometry":{"type":"Polygon","coordinates":[[[138.06756481563895,36.060999637012841],[138.06756481550002,36.060957967034881],[138.06762731558345,36.060957967136488],[138.06762731572226,36.060999637114534],[138.06756481563895,36.060999637012841]]]},"properties":{"FID":29,"A31_201":"8505050720","A31_202":"横河川","A31_203":20,"A31_204":"長野県","A31_205":1,"A31_206":" ","A31_207":" ","A31_208":" "}},{"type":"Feature","id":30,"geometry":{"type":"Polygon","coordinates":[[[138.06756481563895,36.060999637012841],[138.06756481577784,36.061041306990795],[138.06750231569453,36.06104130688901],[138.0675023155556,36.060999636911141],[138.06756481563895,36.060999637012841]]]},"properties":{"FID":30,"A31_201":"8505050720","A31_202":"横河川","A31_203":20,"A31_204":"長野県","A31_205":1,"A31_206":" ","A31_207":" ","A31_208":" "}},{"type":"Feature","id":31,"geometry":{"type":"Polygon","coordinates":[[[138.06750231569453,36.06104130688901],[138.06750231583334,36.061082966866699],[138.06743981574999,36.061082966764914],[138.06743981561118,36.061041306787317],[138.06750231569453,36.06104130688901]]]},"properties":{"FID":31,"A31_201":"8505050720","A31_202":"横河川","A31_203":20,"A31_204":"長野県","A31_205":1,"A31_206":" ","A31_207":" ","A31_208":" "}},{"type":"Feature","id":32,"geometry":{"type":"Polygon","coordinates":[[[138.05775230634634,36.061957950153769],[138.05781480642187,36.061957950258844],[138.0578773064974,36.061957950363912],[138.05793980657282,36.06195795046898],[138.05800230664832,36.061957950574055],[138.05800230678227,36.06199962055112],[138.05800230691619,36.062041290528455],[138.05800230705006,36.062082950505527],[138.0580023071839,36.062124620482862],[138.05800230731785,36.062166290460198],[138.05800230745169,36.062207950437269],[138.05793980737573,36.062207950332635],[138.05793980724198,36.062166290355393],[138.05787730716619,36.062166290250673],[138.05787730703233,36.062124620273252],[138.05781480695666,36.062124620168447],[138.05781480682288,36.062082950190934],[138.0577523067472,36.062082950086129],[138.05775230661362,36.062041290108709],[138.05768980653801,36.062041290003812],[138.05768980640443,36.061999620026121],[138.05768980627084,36.061957950048694],[138.05775230634634,36.061957950153769]]]},"properties":{"FID":32,"A31_201":"8505050720","A31_202":"横河川","A31_203":20,"A31_204":"長野県","A31_205":1,"A31_206":" ","A31_207":" ","A31_208":" "}},{"type":"Feature","id":33,"geometry":{"type":"Polygon","coordinates":[[[138.0611273156423,36.063541294829847],[138.06106481556421,36.063541294727443],[138.0610648154269,36.063499624753661],[138.0610648152896,36.063457954779878],[138.0610023152116,36.06345795467729],[138.06100231507446,36.06341629470333],[138.06093981499646,36.063416294600749],[138.06087731491863,36.063416294498076],[138.06081481484071,36.063416294395402],[138.06081481470366,36.063374624421442],[138.06087731478158,36.063374624524116],[138.06087731464444,36.063332954550063],[138.06087731450739,36.063291294576103],[138.06087731437034,36.063249624602058],[138.06087731423321,36.06320795462792],[138.0609398143107,36.063207954730856],[138.06093981417357,36.063166294757082],[138.06093981403643,36.063124624783029],[138.06100231411381,36.063124624886143],[138.06100231397659,36.06308295491236],[138.06100231383945,36.063041294938401],[138.06106481391674,36.063041295041614],[138.06106481377941,36.062999625067832],[138.06112731385662,36.062999625171123],[138.06118981393391,36.062999625274507],[138.06125231401111,36.062999625377799],[138.06125231414862,36.063041295351411],[138.06131481422591,36.063041295454703],[138.06131481436347,36.063082955428307],[138.06137731444085,36.063082955531513],[138.06137731457852,36.06312462550494],[138.06137731471611,36.063166295478453],[138.06137731485376,36.063207955451794],[138.06137731499143,36.063249625425314],[138.0613148149138,36.063249625322456],[138.06131481505136,36.063291295296068],[138.06131481518887,36.063332955269487],[138.06131481532645,36.0633746252431],[138.06131481546402,36.063416295216527],[138.06131481560161,36.063457955190131],[138.0612523155236,36.063457955087628],[138.06125231566108,36.063499625061148],[138.06118981558299,36.063499624958652],[138.06112731550499,36.063499624856156],[138.0611273156423,36.063541294829847]]]},"properties":{"FID":33,"A31_201":"8505050720","A31_202":"横河川","A31_203":20,"A31_204":"長野県","A31_205":1,"A31_206":" ","A31_207":" ","A31_208":" "}},{"type":"Feature","id":34,"geometry":{"type":"Polygon","coordinates":[[[138.08012734417548,36.064291325986147],[138.08012734432006,36.064332985972186],[138.08006484422671,36.064332985874927],[138.08006484408219,36.064291325888973],[138.08012734417548,36.064291325986147]]]},"properties":{"FID":34,"A31_201":"8505050720","A31_202":"横河川","A31_203":20,"A31_204":"長野県","A31_205":1,"A31_206":" ","A31_207":" ","A31_208":" "}},{"type":"Feature","id":35,"geometry":{"type":"Polygon","coordinates":[[[138.08006484422671,36.064332985874927],[138.08006484437121,36.064374655861144],[138.08000234427794,36.064374655763885],[138.08000234413342,36.064332985777668],[138.08006484422671,36.064332985874927]]]},"properties":{"FID":35,"A31_201":"8505050720","A31_202":"横河川","A31_203":20,"A31_204":"長野県","A31_205":1,"A31_206":" ","A31_207":" ","A31_208":" "}},{"type":"Feature","id":36,"geometry":{"type":"Polygon","coordinates":[[[138.08000234427794,36.064374655763885],[138.08000234442235,36.064416325750102],[138.07993984432889,36.06441632565285],[138.07993984418448,36.064374655666725],[138.08000234427794,36.064374655763885]]]},"properties":{"FID":36,"A31_201":"8505050720","A31_202":"横河川","A31_203":20,"A31_204":"長野県","A31_205":1,"A31_206":" ","A31_207":" ","A31_208":" "}},{"type":"Feature","id":37,"geometry":{"type":"Polygon","coordinates":[[[138.06675232580557,36.064374633823661],[138.06675232594446,36.064416303800726],[138.0667523260833,36.064457963777528],[138.06668982599996,36.064457963670151],[138.06668982586106,36.064416303693349],[138.06668982572222,36.064374633716369],[138.06675232580557,36.064374633823661]]]},"properties":{"FID":37,"A31_201":"8505050720","A31_202":"横河川","A31_203":20,"A31_204":"長野県","A31_205":1,"A31_206":" ","A31_207":" ","A31_208":" "}},{"type":"Feature","id":38,"geometry":{"type":"Polygon","coordinates":[[[138.07993984432889,36.06441632565285],[138.07993984447322,36.064457985638889],[138.07987734437967,36.064457985541637],[138.07987734423543,36.064416325555683],[138.07993984432889,36.06441632565285]]]},"properties":{"FID":38,"A31_201":"8505050720","A31_202":"横河川","A31_203":20,"A31_204":"長野県","A31_205":1,"A31_206":" ","A31_207":" ","A31_208":" "}},{"type":"Feature","id":39,"geometry":{"type":"Polygon","coordinates":[[[138.08575235317255,36.064457994680545],[138.085689853079,36.064457994583378],[138.08562735298554,36.064457994486119],[138.08556485289199,36.064457994388867],[138.08550235279847,36.064457994291701],[138.08543985270492,36.064457994194441],[138.08537735261137,36.064457994097282],[138.08531485251774,36.064457994000023],[138.08525235242419,36.064457993902764],[138.08518985233064,36.064457993805604],[138.08512735223709,36.064457993708345],[138.085127352087,36.064416333722306],[138.0851273519369,36.064374663736089],[138.0851273517867,36.064332993749957],[138.0851273516366,36.064291333763919],[138.08518985172989,36.064291333861178],[138.08525235182316,36.064291333958437],[138.08531485191645,36.064291334055596],[138.08537735200971,36.064291334152855],[138.08543985210301,36.064291334250115],[138.08550235219619,36.064291334347274],[138.08556485228956,36.064291334444533],[138.08556485244009,36.064332994430487],[138.08562735253346,36.064332994527739],[138.08562735268418,36.064374664513863],[138.08568985277748,36.064374664611123],[138.0856898529282,36.06441633459734],[138.08575235302175,36.064416334694506],[138.08575235317255,36.064457994680545]]]},"properties":{"FID":39,"A31_201":"8505050720","A31_202":"横河川","A31_203":20,"A31_204":"長野県","A31_205":1,"A31_206":" ","A31_207":" ","A31_208":" "}},{"type":"Feature","id":40,"geometry":{"type":"Polygon","coordinates":[[[138.0667523262222,36.064499633754508],[138.06675232636113,36.064541303731403],[138.06668982627778,36.064541303623841],[138.06668982613888,36.064499633647046],[138.0667523262222,36.064499633754508]]]},"properties":{"FID":40,"A31_201":"8505050720","A31_202":"横河川","A31_203":20,"A31_204":"長野県","A31_205":1,"A31_206":" ","A31_207":" ","A31_208":" "}},{"type":"Feature","id":41,"geometry":{"type":"Polygon","coordinates":[[[138.07768984110578,36.064457982138933],[138.0776898412476,36.064499652125065],[138.07775234134124,36.064499652222224],[138.07775234148318,36.064541322208271],[138.07781484157681,36.064541322305523],[138.07781484171875,36.064582982291739],[138.07787734181255,36.064582982388906],[138.07787734195466,36.064624652374945],[138.07793984204847,36.064624652472205],[138.07793984219069,36.064666322458329],[138.07787734209668,36.064666322361077],[138.07781484200288,36.064666322263903],[138.07775234190908,36.064666322166651],[138.07768984181516,36.064666322069399],[138.07762734172127,36.064666321972226],[138.07762734157942,36.064624651986101],[138.07762734143759,36.064582982000061],[138.07762734129582,36.064541322013845],[138.07762734115397,36.064499652027806],[138.07762734101215,36.064457982041674],[138.07768984110578,36.064457982138933]]]},"properties":{"FID":41,"A31_201":"8505050720","A31_202":"横河川","A31_203":20,"A31_204":"長野県","A31_205":1,"A31_206":" ","A31_207":" ","A31_208":" "}},{"type":"Feature","id":42,"geometry":{"type":"Polygon","coordinates":[[[138.08012734417548,36.064291325986147],[138.08012734403087,36.064249656000015],[138.08012734388629,36.064207986013976],[138.08012734374168,36.06416632602776],[138.08012734359718,36.064124656041628],[138.08012734345249,36.064082986055595],[138.08012734330799,36.064041326069372],[138.08006484321507,36.064041325972212],[138.0800023431224,36.064041325874953],[138.07993984302948,36.064041325777787],[138.07987734293664,36.064041325680535],[138.0798148428438,36.064041325583275],[138.07975234275099,36.064041325486109],[138.07968984265807,36.064041325388857],[138.07962734256523,36.064041325291598],[138.07956484247239,36.064041325194431],[138.07950234237947,36.064041325097179],[138.07943984228672,36.064041325000005],[138.07937734219388,36.064041324902753],[138.07931484210104,36.064041324805501],[138.07925234200812,36.064041324708327],[138.07918984191531,36.064041324611075],[138.07918984205884,36.064082984597292],[138.07912734196589,36.064082984500033],[138.07912734210942,36.064124654486079],[138.07906484201641,36.06412465438882],[138.07906484215977,36.064166324374952],[138.07900234206676,36.064166324277778],[138.07900234221003,36.064207984264002],[138.07893984211691,36.064207984166742],[138.07893984226018,36.064249654152782],[138.07893984240346,36.064291324138999],[138.07887734231025,36.064291324041747],[138.07887734245352,36.064332984027693],[138.07881484236015,36.064332983930527],[138.0787523422668,36.064332983833268],[138.07875234240987,36.064374653819485],[138.07875234255286,36.064416323805617],[138.07868984245943,36.06441632370845],[138.07868984260242,36.064457983694489],[138.07862734250887,36.064457983597237],[138.07862734265177,36.064499653583361],[138.07862734279468,36.064541323569401],[138.07862734293758,36.064582983555617],[138.07862734308048,36.064624653541571],[138.07862734322339,36.064666323527788],[138.07862734336632,36.064707983513912],[138.07862734350931,36.064749653499952],[138.07862734365222,36.064791323486169],[138.07862734379503,36.064832983472115],[138.07862734393802,36.064874653458332],[138.07862734408093,36.06491632344455],[138.07856484398658,36.064916323347298],[138.0785648441294,36.064957983333336],[138.07850234403506,36.064957983236084],[138.07850234417779,36.064999653222301],[138.07843984408336,36.064999653125042],[138.07837734398893,36.064999653027783],[138.07837734413158,36.065041323014],[138.07831484403715,36.065041322916748],[138.07831484417969,36.065082982902787],[138.07825234408509,36.06508298280562],[138.07818984399057,36.065082982708361],[138.07812734389594,36.065082982611109],[138.07806484380134,36.065082982513943],[138.07800234370671,36.065082982416683],[138.07800234356452,36.065041322430645],[138.07800234342233,36.064999652444428],[138.07800234328005,36.064957982458303],[138.07800234313785,36.064916322472357],[138.07800234299566,36.064874652486139],[138.07800234285338,36.064832982499922],[138.07800234271116,36.064791322513969],[138.07800234256896,36.064749652527752],[138.07800234242669,36.064707982541712],[138.07800234228449,36.064666322555581],[138.07806484237847,36.064666322652755],[138.07812734247238,36.064666322750007],[138.07818984256619,36.064666322847174],[138.07825234266016,36.064666322944433],[138.07825234251763,36.064624652958301],[138.07825234237507,36.064582982972262],[138.07825234223262,36.064541322986045],[138.07825234209014,36.064499653000006],[138.0782523419476,36.064457983013881],[138.07831484204115,36.064457983111133],[138.07831484189859,36.064416323125094],[138.07837734199205,36.064416323222346],[138.0783773418494,36.064374653236129],[138.07843984194278,36.064374653333388],[138.07850234203613,36.064374653430555],[138.0785023418934,36.064332983444338],[138.07856484198678,36.06433298354159],[138.07856484184396,36.064291323555643],[138.07862734193714,36.064291323652895],[138.07862734179423,36.064249653666678],[138.07862734165133,36.064207983680646],[138.07862734150842,36.064166323694423],[138.07862734136552,36.064124653708298],[138.07862734122261,36.064082983722258],[138.07862734107971,36.064041323736042],[138.07856484098687,36.064041323638875],[138.07850234089395,36.064041323541616],[138.07843984080111,36.064041323444457],[138.07837734070827,36.064041323347197],[138.07831484061552,36.064041323249938],[138.0782523405226,36.064041323152779],[138.07818984042976,36.06404132305552],[138.07812734033692,36.064041322958261],[138.07806484024411,36.064041322861101],[138.07800234015116,36.064041322763842],[138.07793984005835,36.064041322666675],[138.07787733996551,36.064041322569423],[138.07781483987267,36.064041322472164],[138.07775233977983,36.064041322374997],[138.077689839687,36.064041322277745],[138.07762733959416,36.064041322180486],[138.07762733945233,36.063999652194539],[138.07762733931048,36.063957982208322],[138.07762733916871,36.063916322222369],[138.07762733902689,36.063874652236152],[138.07762733888512,36.06383298225002],[138.07756483879257,36.063832982152768],[138.07756483865091,36.063791322166729],[138.07750233855842,36.063791322069562],[138.07750233841676,36.063749652083345],[138.07750233827508,36.063707982097128],[138.07743983818278,36.063707981999869],[138.07737733809049,36.063707981902709],[138.07737733794892,36.063666321916756],[138.0773148378567,36.063666321819497],[138.07725233776449,36.063666321722245],[138.07718983767236,36.063666321625078],[138.07712733758015,36.063666321527819],[138.07706483748794,36.063666321430659],[138.07700233739564,36.0636663213334],[138.0770023372545,36.063624651347183],[138.07706483734671,36.063624651444442],[138.07706483720551,36.063582981458396],[138.07712733729761,36.063582981555655],[138.07712733715641,36.063541321569438],[138.07718983724843,36.063541321666605],[138.07718983710714,36.063499651680473],[138.0772523371989,36.063499651777732],[138.0772523370575,36.063457981791693],[138.07731483714946,36.063457981888945],[138.07731483700795,36.063416321902736],[138.07737733709982,36.063416321999988],[138.07737733695825,36.063374652013948],[138.07737733681677,36.063332982027816],[138.07737733667517,36.063291322041778],[138.07737733653369,36.063249652055561],[138.07737733639212,36.063207982069343],[138.07737733625063,36.063166322083397],[138.07737733610915,36.06312465209718],[138.07737733596755,36.063082982111226],[138.07737733582607,36.063041322125017],[138.0773773356845,36.062999652138885],[138.07743983577564,36.062999652236051],[138.07743983563398,36.062957982250012],[138.07743983549241,36.062916322263888],[138.07750233558346,36.062916322361048],[138.07750233544181,36.0628746523751],[138.07756483553268,36.06287465247236],[138.07756483539094,36.062832982486142],[138.07762733548182,36.062832982583394],[138.07762733533997,36.062791322597356],[138.0776273351982,36.062749652611139],[138.07762733505638,36.062707982625014],[138.07762733491452,36.062666322638975],[138.07762733477279,36.062624652652758],[138.07762733463093,36.062582982666541],[138.07768983472138,36.062582982763793],[138.07775233481181,36.062582982861045],[138.07781483490214,36.062582982958219],[138.07787733499251,36.062582983055471],[138.07793983508293,36.062582983152723],[138.07800233517338,36.062582983249897],[138.0780648352638,36.062582983347149],[138.07812733535425,36.0625829834444],[138.07818983544468,36.062582983541574],[138.07825233553513,36.062582983638826],[138.07831483562555,36.062582983735993],[138.07837733571591,36.062582983833252],[138.07843983580625,36.062582983930504],[138.0785023358967,36.062582984027671],[138.07856483598712,36.06258298412493],[138.07862733607757,36.06258298422209],[138.078689836168,36.062582984319349],[138.07875233625845,36.062582984416608],[138.07881483634887,36.062582984513767],[138.07887733643932,36.062582984611026],[138.07887733658248,36.062624654597244],[138.07887733672575,36.062666324583461],[138.07887733686883,36.062707984569414],[138.0788773370121,36.062749654555631],[138.0788148369214,36.062749654458372],[138.07881483706447,36.062791324444589],[138.07881483720766,36.062832984430543],[138.07887733729845,36.062832984527795],[138.07893983738924,36.062832984625047],[138.07900233748003,36.06283298472222],[138.07906483757091,36.062832984819472],[138.07906483742747,36.062791324833434],[138.07900233733676,36.062791324736267],[138.07893983724597,36.062791324639008],[138.07893983710272,36.062749654652791],[138.07893983695945,36.062707984666666],[138.07893983681618,36.062666324680627],[138.07893983667293,36.06262465469441],[138.07893983652957,36.062582984708285],[138.07900233661999,36.062582984805445],[138.07906483671044,36.062582984902704],[138.07912733680087,36.062582984999963],[138.07918983689132,36.062582985097123],[138.07925233698174,36.062582985194382],[138.07931483707219,36.062582985291549],[138.07937733716261,36.062582985388801],[138.07943983725306,36.06258298548606],[138.07950233734331,36.062582985583227],[138.0795023374873,36.062624655569444],[138.07950233763117,36.062666325555661],[138.07950233777507,36.062707985541699],[138.07950233791894,36.062749655527824],[138.07950233806284,36.062791325514041],[138.07943983797213,36.062791325416789],[138.07937733788134,36.062791325319537],[138.07931483779063,36.062791325222364],[138.07925233769984,36.062791325125112],[138.07925233784346,36.06283298511115],[138.07931483793425,36.062832985208317],[138.07937733802513,36.062832985305576],[138.07937733816885,36.062874655291793],[138.07943983825982,36.062874655388953],[138.07950233835061,36.062874655486212],[138.07950233849448,36.062916325472159],[138.07950233863838,36.062957985458382],[138.07950233878225,36.062999655444415],[138.07950233892615,36.063041325430547],[138.07950233907002,36.063082985416763],[138.07943983897889,36.063082985319511],[138.07943983912267,36.063124655305543],[138.07937733903134,36.063124655208291],[138.07937733917515,36.063166325194508],[138.07931483908374,36.063166325097257],[138.07931483922735,36.063207985083295],[138.07925233913593,36.063207984986036],[138.07925233927955,36.063249654972253],[138.07925233942316,36.06329132495847],[138.07925233956678,36.063332984944424],[138.07925233971042,36.063374654930641],[138.07925233985404,36.063416324916588],[138.07931483994579,36.063416325013847],[138.07937734003767,36.063416325111099],[138.07943984012942,36.063416325208266],[138.07950234022118,36.063416325305525],[138.07950234036508,36.063457985291734],[138.07956484045692,36.063457985388908],[138.07956484031297,36.063416325402684],[138.07962734040481,36.063416325499944],[138.0796898404966,36.063416325597203],[138.07975234058844,36.063416325694362],[138.07981484068031,36.063416325791621],[138.07987734077207,36.06341632588888],[138.07993984086391,36.06341632598604],[138.0800023409557,36.063416326083299],[138.08006484104737,36.063416326180558],[138.08012734113925,36.063416326277718],[138.080189841231,36.063416326374977],[138.0801898413757,36.063457986361101],[138.08025234146754,36.06345798645836],[138.08025234161232,36.063499656444399],[138.08031484170425,36.063499656541651],[138.08031484184903,36.063541326527783],[138.08037734194107,36.06354132662495],[138.08037734208594,36.063582986611166],[138.08043984217807,36.063582986708425],[138.08043984232302,36.063624656694458],[138.08050234241514,36.063624656791632],[138.08050234256018,36.063666326777849],[138.08050234270513,36.063707986763795],[138.08050234285017,36.063749656750012],[138.08050234299512,36.063791326736229],[138.08050234314007,36.063832986722176],[138.08056484323262,36.063832986819435],[138.08062734332503,36.063832986916694],[138.0806898434175,36.063832987013853],[138.08075234351008,36.063832987111113],[138.08081484360255,36.063832987208372],[138.08087734369511,36.063832987305531],[138.0809398437876,36.06383298740279],[138.08100234388007,36.063832987499957],[138.08106484397265,36.063832987597209],[138.08112734406512,36.063832987694468],[138.08118984415751,36.063832987791635],[138.08125234425009,36.063832987888887],[138.08131484434256,36.063832987986061],[138.08137734443505,36.063832988083313],[138.08143984452761,36.063832988180565],[138.08150234462008,36.063832988277738],[138.08156484471266,36.06383298837499],[138.08156484485875,36.063874658361115],[138.08156484500495,36.063916328347332],[138.08162734509762,36.063916328444591],[138.0816273452439,36.063957988430545],[138.08168984533646,36.063957988527797],[138.08168984548283,36.063999658514014],[138.08175234557558,36.063999658611181],[138.08175234542921,36.063957988625049],[138.08181484552196,36.063957988722223],[138.0818148453755,36.063916328736269],[138.08181484522902,36.063874658750052],[138.0818773453216,36.063874658847219],[138.08187734517506,36.063832988861094],[138.08193984526753,36.063832988958346],[138.08200234536011,36.063832989055513],[138.08206484545258,36.063832989152772],[138.08212734554513,36.063832989250024],[138.08212734569187,36.063874659236149],[138.08212734583879,36.063916329222366],[138.0821273459855,36.063957989208319],[138.08218984607825,36.063957989305578],[138.082252346171,36.06395798940283],[138.08231484626356,36.063957989499997],[138.08237734635631,36.063957989597256],[138.08237734620923,36.063916329611217],[138.0824398463019,36.063916329708469],[138.08243984615473,36.063874659722252],[138.08250234624728,36.063874659819504],[138.08256484633984,36.063874659916678],[138.08256484619258,36.063832989930546],[138.08250234610011,36.063832989833287],[138.08243984600753,36.063832989736127],[138.08243984586045,36.063791329750089],[138.08237734576798,36.06379132965283],[138.0823773456209,36.063749659666698],[138.08237734547382,36.063707989680481],[138.08237734532673,36.063666329694534],[138.08243984541895,36.063666329791701],[138.08243984556611,36.063707989777654],[138.08250234565841,36.063707989874906],[138.08250234580558,36.063749659861124],[138.08256484589799,36.06374965995829],[138.08256484604533,36.063791329944507],[138.08262734613771,36.063791330041767],[138.08262734628508,36.063832990027805],[138.08268984637763,36.063832990124965],[138.0827523464701,36.063832990222224],[138.08281484656251,36.063832990319483],[138.08287734665498,36.063832990416643],[138.08293984674756,36.063832990513902],[138.08300234684003,36.063832990611068],[138.08306484693259,36.06383299070832],[138.08312734702508,36.063832990805579],[138.08318984711755,36.063832990902746],[138.08325234721013,36.063832990999998],[138.0833148473026,36.063832991097257],[138.08337734739519,36.063832991194424],[138.08343984748757,36.063832991291676],[138.08350234758004,36.06383299138885],[138.08356484767253,36.063832991486102],[138.08362734776509,36.063832991583354],[138.08368984785756,36.063832991680528],[138.08375234795005,36.06383299177778],[138.08381484804261,36.063832991875032],[138.0838773481351,36.063832991972205],[138.08393984822749,36.063832992069457],[138.08393984837636,36.063874662055582],[138.08400234846891,36.063874662152841],[138.08400234861787,36.063916332138973],[138.08406484871043,36.063916332236225],[138.08406484885947,36.063957992222264],[138.08412734895211,36.06395799231943],[138.08412734910115,36.063999662305648],[138.08418984919399,36.063999662402907],[138.08418984934303,36.064041332388854],[138.08425234943596,36.064041332486113],[138.08431484952879,36.064041332583272],[138.08437734962163,36.064041332680532],[138.08443984971456,36.064041332777791],[138.08450234980739,36.06404133287495],[138.08450234995678,36.064082992861174],[138.08450235010625,36.064124662847206],[138.08450235025572,36.064166332833338],[138.08450235040513,36.064207992819554],[138.0845023505546,36.064249662805594],[138.0845023507041,36.064291332791726],[138.08456485079719,36.064291332888978],[138.08456485094666,36.064332992874924],[138.08462735104004,36.064332992972183],[138.0846273511896,36.064374662958315],[138.08468985128306,36.064374663055567],[138.08475235137652,36.064374663152819],[138.08475235152616,36.064416333138951],[138.08481485161971,36.06441633323621],[138.08481485176947,36.064457993222248],[138.08475235167592,36.064457993124989],[138.08468985158237,36.064457993027823],[138.08462735148882,36.064457992930571],[138.08456485139519,36.064457992833312],[138.08450235130184,36.064457992736145],[138.08450235145122,36.06449966272227],[138.08443985135759,36.064499662625018],[138.08443985150697,36.064541332611057],[138.08437735141334,36.064541332513798],[138.08437735156264,36.064582992500021],[138.08431485146883,36.064582992402848],[138.08431485161805,36.064624662388802],[138.08425235152424,36.064624662291635],[138.08425235167346,36.064666332277767],[138.08418985157954,36.064666332180508],[138.08412735148565,36.064666332083341],[138.08406485139176,36.064666331986089],[138.08400235129784,36.06466633188883],[138.08393985120395,36.064666331791663],[138.08387735111015,36.064666331694411],[138.08381485101623,36.064666331597238],[138.08375235092234,36.064666331499986],[138.08368985082845,36.064666331402734],[138.08362735073453,36.06466633130556],[138.08362735088295,36.064707991291691],[138.08362735103145,36.06474966127773],[138.08362735117996,36.064791331263947],[138.08362735132837,36.064832991249901],[138.08362735147688,36.064874661236118],[138.08362735162538,36.064916331222335],[138.0836273517738,36.064957991208374],[138.0836273519223,36.064999661194499],[138.08362735207081,36.065041331180716],[138.08362735221922,36.065082991166662],[138.0835648521246,36.065082991069502],[138.08350235203,36.065082990972243],[138.08343985193548,36.065082990874984],[138.08337735184097,36.065082990777825],[138.08331485174634,36.065082990680565],[138.08325235165182,36.065082990583399],[138.08325235150375,36.06504133059736],[138.0832523513557,36.064999660611143],[138.08325235120765,36.064957990625018],[138.08325235105957,36.06491633063898],[138.08325235091152,36.064874660652762],[138.08318985081726,36.064874660555589],[138.0831898506693,36.064832990569371],[138.08318985052134,36.064791330583425],[138.08312735042716,36.064791330486173],[138.08312735027928,36.064749660499956],[138.0830648501852,36.064749660402782],[138.08306485003732,36.06470799041675],[138.08300234994343,36.064707990319491],[138.08300234979563,36.064666330333274],[138.08293984970172,36.064666330236108],[138.08293984955401,36.064624660249976],[138.0828773494602,36.064624660152724],[138.0828773493125,36.064582990166684],[138.08281484921878,36.064582990069518],[138.08281484907127,36.064541330083301],[138.08275234897764,36.064541329986042],[138.0827523488301,36.06449966000001],[138.08268984873646,36.064499659902836],[138.08262734864283,36.064499659805584],[138.08262734849546,36.064457989819459],[138.08268984858901,36.064457989916711],[138.08275234868265,36.064457990013878],[138.08281484877602,36.064457990111137],[138.08287734886957,36.064457990208297],[138.08293984896321,36.064457990305556],[138.08300234905676,36.064457990402815],[138.08300234890896,36.064416330416776],[138.08300234876117,36.064374660430559],[138.08300234861338,36.064332990444342],[138.08300234846567,36.064291330458389],[138.08293984837238,36.064291330361222],[138.08293984822458,36.064249660375005],[138.08293984807688,36.064207990388965],[138.08287734798378,36.064207990291706],[138.08287734783619,36.064166330305582],[138.08281484774307,36.064166330208323],[138.08281484759556,36.064124660222198],[138.08275234750263,36.064124660124946],[138.0827523473551,36.0640829901389],[138.08268984726217,36.06408299004174],[138.08268984711484,36.064041330055517],[138.08262734702191,36.064041329958265],[138.08262734716925,36.064082989944481],[138.08256484707633,36.064082989847222],[138.08256484722358,36.064124659833269],[138.08250234713066,36.064124659736095],[138.08250234727782,36.064166329722227],[138.08243984718482,36.064166329624967],[138.0824398473319,36.064207989611191],[138.08243984747907,36.064249659597223],[138.08237734738589,36.064249659499971],[138.08237734753297,36.064291329486188],[138.08243984762623,36.06429132958344],[138.08243984777343,36.064332989569394],[138.08250234786669,36.064332989666561],[138.08250234801395,36.064374659652778],[138.08256484810741,36.06437465975003],[138.08256484825466,36.064416329736247],[138.08262734834813,36.064416329833421],[138.08262734849546,36.064457989819459],[138.08256484840194,36.0644579897222],[138.0825023483084,36.064457989625033],[138.08243984821485,36.064457989527781],[138.0823773481213,36.064457989430608],[138.08237734826838,36.06449965941674],[138.08231484817475,36.06449965931948],[138.08231484802775,36.064457989333356],[138.08231484788075,36.064416329347317],[138.0822523477874,36.064416329250065],[138.08225234764041,36.064374659263933],[138.08218984754703,36.064374659166674],[138.08212734745356,36.064374659069422],[138.08212734730677,36.064332989083297],[138.08206484721339,36.064332988986038],[138.08206484706676,36.064291329000085],[138.08200234697347,36.064291328902833],[138.0819398468802,36.064291328805666],[138.08187734678691,36.064291328708407],[138.08181484669365,36.064291328611155],[138.08175234660035,36.064291328513988],[138.08168984650709,36.064291328416729],[138.08162734641388,36.06429132831957],[138.08156484632062,36.064291328222311],[138.08150234622732,36.064291328125051],[138.08143984613406,36.064291328027892],[138.08137734604077,36.064291327930633],[138.08137734618671,36.064332987916586],[138.08137734633272,36.064374657902803],[138.08137734647875,36.06441632788902],[138.08137734662466,36.064457987875059],[138.08143984671821,36.064457987972219],[138.08143984686421,36.064499657958351],[138.08150234695785,36.06449965805561],[138.08150234710396,36.064541328041642],[138.08156484719768,36.064541328138816],[138.08156484734388,36.064582988125025],[138.0816273474376,36.064582988222284],[138.08162734758389,36.064624658208324],[138.08168984767761,36.06462465830549],[138.0816898478239,36.064666328291622],[138.08175234791779,36.064666328388874],[138.08181484801179,36.064666328486126],[138.08187734810559,36.0646663285833],[138.0819398481996,36.064666328680552],[138.0820023482934,36.064666328777719],[138.08200234844003,36.064707988763935],[138.08200234858677,36.064749658749975],[138.0820023487334,36.064791328736192],[138.08200234888014,36.064832988722145],[138.08200234902677,36.064874658708362],[138.08200234917339,36.064916328694579],[138.08193984907916,36.06491632859732],[138.08187734898479,36.064916328500061],[138.08181484889047,36.064916328402902],[138.08175234879621,36.064916328305642],[138.08168984870187,36.064916328208383],[138.0816898485555,36.064874658222259],[138.08168984840921,36.064832988236041],[138.08162734831512,36.064832988138789],[138.08162734816892,36.064791328152836],[138.08156484807478,36.064791328055577],[138.08156484792858,36.064749658069452],[138.08150234783457,36.0647496579722],[138.08150234768848,36.064707987986154],[138.08143984759448,36.064707987888994],[138.08143984744848,36.064666327902771],[138.08137734735456,36.064666327805519],[138.08131484726059,36.064666327708352],[138.08125234716678,36.064666327611093],[138.08118984707278,36.064666327513841],[138.08112734697906,36.064666327416674],[138.08106484688517,36.064666327319415],[138.08106484673951,36.06462465733329],[138.08100234664568,36.064624657236038],[138.0810023465001,36.064582987249992],[138.0809398464063,36.064582987152832],[138.08093984626092,36.064541327166609],[138.0808773461672,36.064541327069449],[138.08087734602179,36.064499657083402],[138.08081484592816,36.06449965698615],[138.08075234583453,36.064499656888898],[138.08075234568921,36.064457986902767],[138.08068984559566,36.0644579868056],[138.08068984545045,36.064416326819561],[138.08062734535699,36.064416326722309],[138.08062734521187,36.064374656736092],[138.0805648451186,36.064374656638918],[138.08056484497345,36.064332986652701],[138.0805023448801,36.064332986555449],[138.08050234473515,36.064291326569503],[138.08043984464186,36.064291326472329],[138.08037734454859,36.064291326375077],[138.0803148444553,36.064291326277825],[138.08025234436204,36.064291326180651],[138.08018984426874,36.064291326083399],[138.08012734417548,36.064291325986147]],[[138.08093984466049,36.064082987319466],[138.08100234475341,36.064082987416725],[138.08106484484634,36.064082987513984],[138.08112734493926,36.064082987611144],[138.08112734508501,36.064124657597191],[138.08118984517785,36.064124657694443],[138.08125234527085,36.064124657791609],[138.08131484536386,36.064124657888868],[138.0813773454569,36.064124657986028],[138.08143984554991,36.064124658083287],[138.08150234564292,36.064124658180546],[138.08150234549672,36.0640829881945],[138.08156484558964,36.064082988291759],[138.08162734568265,36.064082988388925],[138.0816898457754,36.064082988486177],[138.08168984562911,36.064041328499968],[138.08162734553636,36.064041328402709],[138.08162734539007,36.063999658416762],[138.08156484529735,36.063999658319588],[138.08150234520451,36.063999658222336],[138.0815023450584,36.063957988236119],[138.08143984496576,36.063957988138952],[138.08143984481964,36.063916328152914],[138.08137734472706,36.063916328055655],[138.08131484463442,36.063916327958495],[138.08131484478025,36.063957987944441],[138.0812523446875,36.063957987847274],[138.08118984459486,36.063957987750015],[138.08118984474061,36.063999657736233],[138.08112734464794,36.063999657638981],[138.0810648445551,36.063999657541814],[138.08106484470076,36.064041327527761],[138.08100234460795,36.064041327430509],[138.080939844515,36.064041327333342],[138.08093984466049,36.064082987319466]],[[138.08375234854452,36.063999661722292],[138.0837523486932,36.064041331708331],[138.08375234884178,36.064082991694463],[138.08381484893471,36.064082991791715],[138.08381484908338,36.064124661777754],[138.08387734917639,36.064124661875013],[138.08387734932518,36.064166331861138],[138.0839398494181,36.064166331958305],[138.0840023495112,36.064166332055564],[138.0840648496042,36.064166332152723],[138.08406484945525,36.064124662166599],[138.08406484930632,36.064082992180644],[138.08406484915736,36.064041332194435],[138.08400234906452,36.064041332097176],[138.08400234891559,36.063999662111229],[138.08393984882284,36.06399966201397],[138.08393984867396,36.063957992027838],[138.08387734858141,36.063957991930586],[138.08381484848866,36.063957991833334],[138.0837523483959,36.06395799173616],[138.08375234854452,36.063999661722292]]]},"properties":{"FID":42,"A31_201":"8505050720","A31_202":"横河川","A31_203":20,"A31_204":"長野県","A31_205":1,"A31_206":" ","A31_207":" ","A31_208":" "}},{"type":"Feature","id":43,"geometry":{"type":"Polygon","coordinates":[[[138.07643984190412,36.065249649930522],[138.07643984204464,36.065291319916653],[138.07637734194967,36.065291319819394],[138.07637734180923,36.065249649833262],[138.07643984190412,36.065249649930522]]]},"properties":{"FID":43,"A31_201":"8505050720","A31_202":"横河川","A31_203":20,"A31_204":"長野県","A31_205":1,"A31_206":" ","A31_207":" ","A31_208":" "}},{"type":"Feature","id":44,"geometry":{"type":"Polygon","coordinates":[[[138.07643984218504,36.065332979902863],[138.07643984232556,36.065374649888909],[138.0763773422305,36.06537464979165],[138.0763773420901,36.065332979805611],[138.07643984218504,36.065332979902863]]]},"properties":{"FID":44,"A31_201":"8505050720","A31_202":"横河川","A31_203":20,"A31_204":"長野県","A31_205":1,"A31_206":" ","A31_207":" ","A31_208":" "}},{"type":"Feature","id":45,"geometry":{"type":"Polygon","coordinates":[[[138.07018983386118,36.065416309243894],[138.07018983400002,36.065457969224511],[138.07018983413892,36.065499639205314],[138.07018983427784,36.065541309186202],[138.0701273341945,36.065541309076956],[138.0701273340556,36.06549963909616],[138.07012733391667,36.065457969115442],[138.07012733377778,36.065416309134825],[138.07018983386118,36.065416309243894]]]},"properties":{"FID":45,"A31_201":"8505050720","A31_202":"横河川","A31_203":20,"A31_204":"長野県","A31_205":1,"A31_206":" ","A31_207":" ","A31_208":" "}},{"type":"Feature","id":46,"geometry":{"type":"Polygon","coordinates":[[[138.08575235317255,36.064457994680545],[138.0858148532661,36.064457994777797],[138.08587735335965,36.064457994874971],[138.0859398534532,36.064457994972223],[138.08600235354675,36.064457995069475],[138.08606485364027,36.064457995166649],[138.08612735373381,36.064457995263901],[138.08618985382728,36.064457995361153],[138.08625235392083,36.064457995458326],[138.08631485401446,36.064457995555578],[138.08637735410801,36.064457995652745],[138.08643985420156,36.064457995750004],[138.08643985435316,36.064499665736129],[138.08650235444671,36.064499665833381],[138.08650235459839,36.064541335819428],[138.08656485469214,36.064541335916587],[138.08656485484383,36.064582995902811],[138.08662735493763,36.064582996000063],[138.08662735508943,36.064624665986102],[138.08668985518324,36.064624666083269],[138.08668985533512,36.064666336069394],[138.08675235542901,36.064666336166653],[138.08675235558098,36.064707996152869],[138.08681485567479,36.064707996250036],[138.08681485582684,36.064749666236075],[138.08687735592085,36.064749666333327],[138.08687735607299,36.064791336319544],[138.08693985616708,36.064791336416718],[138.08693985631922,36.064832996402664],[138.08687735622505,36.064832996305498],[138.08681485613087,36.064832996208239],[138.08681485628284,36.064874666194456],[138.08675235618875,36.064874666097204],[138.08668985609452,36.064874666000037],[138.08668985624638,36.064916335986169],[138.08675235634072,36.064916336083421],[138.08675235649261,36.06495799606946],[138.08681485658687,36.064957996166626],[138.0868773566813,36.064957996263885],[138.08693985677564,36.064957996361137],[138.08693985692787,36.064999666347262],[138.08687735683336,36.06499966625001],[138.0868773569855,36.065041336236227],[138.08687735713755,36.065082996222266],[138.08687735728961,36.065124666208483],[138.08687735744175,36.065166336194437],[138.08687735759381,36.065207996180561],[138.08687735774586,36.065249666166601],[138.086877357898,36.065291336152725],[138.08681485780306,36.065291336055566],[138.08675235770818,36.065291335958307],[138.08668985761329,36.06529133586114],[138.08668985776518,36.065332995847271],[138.08662735767012,36.065332995750097],[138.0866273578219,36.065374665736144],[138.08656485772684,36.065374665638885],[138.08656485787856,36.065416335625102],[138.08650235778342,36.065416335527843],[138.0865023579351,36.065457995513796],[138.08643985783988,36.065457995416629],[138.08643985799148,36.065499665402754],[138.08643985814311,36.065541335388971],[138.08643985829463,36.06558299537501],[138.08650235839013,36.065582995472269],[138.08650235854174,36.065624665458401],[138.08656485863725,36.065624665555561],[138.08662735873273,36.06562466565282],[138.08662735888461,36.065666335638859],[138.08668985898021,36.065666335736026],[138.08668985913198,36.065707995722242],[138.08675235922766,36.065707995819494],[138.08675235907572,36.065666335833285],[138.0868148591712,36.065666335930537],[138.08681485901914,36.065624665944497],[138.08687735911465,36.065624666041664],[138.0868773589626,36.065582996055539],[138.08693985905799,36.065582996152791],[138.08693985890585,36.065541336166753],[138.08700235900119,36.065541336264005],[138.08700235915342,36.065582996250043],[138.08706485924881,36.065582996347217],[138.08706485909659,36.065541336361179],[138.08706485894427,36.065499666375047],[138.08706485879193,36.06545799638883],[138.08706485863971,36.065416336402876],[138.08706485848739,36.065374666416659],[138.08712735858253,36.065374666513918],[138.08712735843011,36.065332996527879],[138.0871273582778,36.065291336541662],[138.08712735812537,36.06524966655553],[138.08712735797297,36.065207996569498],[138.08712735782063,36.065166336583275],[138.08712735766832,36.065124666597328],[138.08712735751593,36.06508299661111],[138.08712735736358,36.065041336625157],[138.08712735721127,36.06499966663894],[138.0871898573057,36.064999666736114],[138.08725235740013,36.064999666833366],[138.08725235755264,36.065041336819583],[138.08731485764707,36.06504133691675],[138.08731485779958,36.065082996902788],[138.08737735789418,36.065082997000047],[138.08743985798878,36.065082997097207],[138.08750235808341,36.065082997194466],[138.08756485816673,36.065082997302909],[138.08762735825007,36.065082997411359],[138.08762735840293,36.065124667397754],[138.08762735855569,36.065166337383793],[138.08762735870846,36.065207997370187],[138.08762735886123,36.065249667356312],[138.08762735901399,36.065291337342622],[138.08762735916676,36.065332997328923],[138.08762735931953,36.06537466731514],[138.08762735947238,36.06541633730145],[138.08762735962515,36.065457997287581],[138.08762735977791,36.065499667273883],[138.08762735993068,36.065541337260186],[138.08756485984733,36.065541337150947],[138.08750235976402,36.065541337041786],[138.08743985966859,36.065541336944534],[138.08737735957328,36.06554133684736],[138.08731485947789,36.065541336750108],[138.08731485963045,36.065582996736147],[138.08725235953514,36.065582996638895],[138.08725235968762,36.06562466662502],[138.08718985959214,36.065624666527853],[138.08712735949663,36.065624666430594],[138.08712735964906,36.065666336416641],[138.08706485955346,36.065666336319381],[138.08706485970569,36.065707996305598],[138.0870023596101,36.065707996208346],[138.08700235976235,36.065749666194378],[138.08700235991458,36.06579133618051],[138.08700236006672,36.065832996166726],[138.08700236021895,36.065874666152766],[138.0870023603712,36.065916336138983],[138.08700236052343,36.065957996124936],[138.08700236067565,36.065999666111153],[138.08700236082788,36.066041336097278],[138.08700236098014,36.066082996083317],[138.08700236113236,36.066124666069442],[138.08693986103597,36.066124665972282],[138.08693986088383,36.066082995986065],[138.08693986073169,36.066041336000112],[138.08687736063547,36.066041335902852],[138.08687736048341,36.065999665916635],[138.08681486038731,36.065999665819476],[138.08681486023525,36.065957995833259],[138.08675236013929,36.065957995735999],[138.08675235998743,36.065916335750046],[138.08668985989138,36.065916335652886],[138.08668986004326,36.065957995638833],[138.08662735994724,36.065957995541581],[138.08662736009902,36.065999665527798],[138.08656486000291,36.065999665430539],[138.0865648601546,36.066041335416756],[138.08650236005849,36.066041335319497],[138.08650236021009,36.066082995305536],[138.08643986011379,36.066082995208376],[138.0864398602655,36.066124665194501],[138.08643986041702,36.066166335180625],[138.08637736032063,36.066166335083466],[138.08637736016911,36.066124665097249],[138.08637736001759,36.066082995111117],[138.08637735986605,36.066041335125078],[138.08637735971453,36.065999665138861],[138.08637735956302,36.065957995152729],[138.0863773594115,36.06591633516669],[138.08637735925998,36.065874665180566],[138.08637735910835,36.065832995194526],[138.08637735895692,36.06579133520831],[138.08637735880541,36.065749665222185],[138.08637735865378,36.065707995236139],[138.08637735850226,36.065666335249929],[138.08637735835075,36.065624665263883],[138.08637735819923,36.065582995277758],[138.08637735804768,36.065541335291812],[138.08637735789617,36.065499665305595],[138.08637735774465,36.065457995319377],[138.08637735759314,36.065416335333424],[138.08637735744159,36.065374665347207],[138.08637735729008,36.065332995361167],[138.08637735713856,36.065291335374951],[138.08637735698704,36.065249665388819],[138.0863773568355,36.065207995402787],[138.08637735668398,36.065166335416656],[138.08637735653247,36.065124665430702],[138.08637735638095,36.065082995444484],[138.08637735622941,36.065041335458446],[138.0863773560778,36.064999665472229],[138.08637735592629,36.064957995486104],[138.08637735577486,36.064916335500065],[138.08637735562323,36.064874665513848],[138.08631485552897,36.064874665416681],[138.08631485537754,36.064832995430464],[138.08631485522611,36.064791335444511],[138.08625235513205,36.064791335347259],[138.08625235498059,36.064749665361134],[138.08618985488661,36.064749665263875],[138.08618985473527,36.064707995277836],[138.08612735464135,36.064707995180584],[138.0861273544902,36.064666335194453],[138.0860648543962,36.064666335097201],[138.08600235430231,36.064666334999941],[138.08593985420839,36.064666334902775],[138.0858773541145,36.064666334805523],[138.08581485402061,36.064666334708349],[138.08575235392669,36.064666334611097],[138.08575235377589,36.064624664624972],[138.08575235362508,36.064582994638926],[138.08575235347428,36.064541334652716],[138.08575235332336,36.06449966466667],[138.08575235317255,36.064457994680545]]]},"properties":{"FID":46,"A31_201":"8505050720","A31_202":"横河川","A31_203":20,"A31_204":"長野県","A31_205":1,"A31_206":" ","A31_207":" ","A31_208":" "}},{"type":"Feature","id":47,"geometry":{"type":"Polygon","coordinates":[[[138.05950232215108,36.066166290626846],[138.0595023222867,36.066207950602319],[138.05943982220407,36.066207950504349],[138.05943982206864,36.066166290528791],[138.05950232215108,36.066166290626846]]]},"properties":{"FID":47,"A31_201":"8505050720","A31_202":"横河川","A31_203":20,"A31_204":"長野県","A31_205":1,"A31_206":" ","A31_207":" ","A31_208":" "}},{"type":"Feature","id":48,"geometry":{"type":"Polygon","coordinates":[[[138.05943982220407,36.066207950504349],[138.05943982233953,36.066249620479823],[138.05937732225689,36.066249620381853],[138.05937732212146,36.066207950406294],[138.05943982220407,36.066207950504349]]]},"properties":{"FID":48,"A31_201":"8505050720","A31_202":"横河川","A31_203":20,"A31_204":"長野県","A31_205":1,"A31_206":" ","A31_207":" ","A31_208":" "}},{"type":"Feature","id":49,"geometry":{"type":"Polygon","coordinates":[[[138.05937732225689,36.066249620381853],[138.05937732239235,36.066291290357682],[138.05931482230963,36.066291290259798],[138.05931482217429,36.066249620283976],[138.05937732225689,36.066249620381853]]]},"properties":{"FID":49,"A31_201":"8505050720","A31_202":"横河川","A31_203":20,"A31_204":"長野県","A31_205":1,"A31_206":" ","A31_207":" ","A31_208":" "}},{"type":"Feature","id":50,"geometry":{"type":"Polygon","coordinates":[[[138.05931482230963,36.066291290259798],[138.05931482244492,36.066332950235626],[138.05925232236211,36.066332950137927],[138.05925232222694,36.066291290162013],[138.05931482230963,36.066291290259798]]]},"properties":{"FID":50,"A31_201":"8505050720","A31_202":"横河川","A31_203":20,"A31_204":"長野県","A31_205":1,"A31_206":" ","A31_207":" ","A31_208":" "}},{"type":"Feature","id":51,"geometry":{"type":"Polygon","coordinates":[[[138.07637734531968,36.066291319486112],[138.07637734546009,36.066332979472236],[138.07631484536336,36.066332979375076],[138.07631484522312,36.066291319388853],[138.07637734531968,36.066291319486112]]]},"properties":{"FID":51,"A31_201":"8505050720","A31_202":"横河川","A31_203":20,"A31_204":"長野県","A31_205":1,"A31_206":" ","A31_207":" ","A31_208":" "}},{"type":"Feature","id":52,"geometry":{"type":"Polygon","coordinates":[[[138.07643984583777,36.066416319541659],[138.0764398459782,36.066457979527883],[138.07637734588135,36.066457979430623],[138.07637734574095,36.066416319444407],[138.07643984583777,36.066416319541659]]]},"properties":{"FID":52,"A31_201":"8505050720","A31_202":"横河川","A31_203":20,"A31_204":"長野県","A31_205":1,"A31_206":" ","A31_207":" ","A31_208":" "}},{"type":"Feature","id":53,"geometry":{"type":"Polygon","coordinates":[[[138.06650233255556,36.066499632204476],[138.06650233241672,36.066457962227943],[138.06656483249998,36.066457962338696],[138.06656483263879,36.06649963231532],[138.06650233255556,36.066499632204476]]]},"properties":{"FID":53,"A31_201":"8505050720","A31_202":"横河川","A31_203":20,"A31_204":"長野県","A31_205":1,"A31_206":" ","A31_207":" ","A31_208":" "}},{"type":"Feature","id":54,"geometry":{"type":"Polygon","coordinates":[[[138.06650233255556,36.066499632204476],[138.06650233269445,36.066541302181278],[138.06643983261114,36.066541302070348],[138.06643983247221,36.066499632093631],[138.06650233255556,36.066499632204476]]]},"properties":{"FID":54,"A31_201":"8505050720","A31_202":"横河川","A31_203":20,"A31_204":"長野県","A31_205":1,"A31_206":" ","A31_207":" ","A31_208":" "}},{"type":"Feature","id":55,"geometry":{"type":"Polygon","coordinates":[[[138.05950232215108,36.066166290626846],[138.05950232201553,36.066124620651195],[138.05950232187999,36.066082950675636],[138.05950232174447,36.06604129070017],[138.05950232160885,36.065999620724526],[138.0595023214733,36.065957950748874],[138.05943982139112,36.065957950650464],[138.05937732130894,36.065957950552054],[138.0593773211736,36.065916290576496],[138.05943982125569,36.065916290674991],[138.05950232133776,36.065916290773494],[138.05956482141985,36.065916290871904],[138.05956482155548,36.065957950847285],[138.05956482169111,36.065999620822843],[138.05956482182674,36.066041290798402],[138.05956482196234,36.066082950773783],[138.05956482209797,36.066124620749342],[138.05962732218043,36.066124620847489],[138.05968982226287,36.066124620945544],[138.0597523223453,36.066124621043684],[138.05981482242765,36.066124621141824],[138.05981482256357,36.066166291117121],[138.05987732264609,36.066166291215175],[138.05987732278197,36.066207951190201],[138.05993982286461,36.066207951288163],[138.05993982300066,36.066249621263104],[138.0600023230833,36.066249621361067],[138.06000232321944,36.0662912913361],[138.06000232335552,36.06633295131121],[138.06000232349166,36.066374621286144],[138.0599398234088,36.066374621188444],[138.05993982354485,36.066416291163563],[138.05993982368082,36.066457951138673],[138.0599398238169,36.066499621113707],[138.05987732373384,36.066499621016177],[138.05987732386981,36.066541290991381],[138.05987732400581,36.066582950966406],[138.05981482392255,36.066582950868977],[138.05975232383949,36.066582950771632],[138.05975232370361,36.066541290796522],[138.05968982362054,36.066541290699085],[138.05962732353737,36.066541290601648],[138.05962732340166,36.066499620626182],[138.05962732326594,36.066457950650801],[138.05962732313031,36.066416290675335],[138.05962732299463,36.066374620699861],[138.05968982307741,36.066374620797561],[138.05968982294169,36.066332950822357],[138.05962732285889,36.066332950724572],[138.0596273227232,36.066291290749099],[138.05962732258746,36.06624962077354],[138.05956482250485,36.066249620675663],[138.05956482236923,36.066207950700282],[138.0595648222336,36.066166290724901],[138.05950232215108,36.066166290626846]]]},"properties":{"FID":55,"A31_201":"8505050720","A31_202":"横河川","A31_203":20,"A31_204":"長野県","A31_205":1,"A31_206":" ","A31_207":" ","A31_208":" "}},{"type":"Feature","id":56,"geometry":{"type":"Polygon","coordinates":[[[138.06068982495046,36.066541292258016],[138.06068982508731,36.066582952232068],[138.06075232517057,36.066582952329412],[138.06075232530753,36.066624622303721],[138.06075232544447,36.066666292277951],[138.06075232558331,36.066707952262036],[138.06081482566663,36.066707952359202],[138.06081482580555,36.066749622343465],[138.06081482594445,36.066791292327636],[138.06075232586113,36.066791292230207],[138.06075232572221,36.066749622246121],[138.06068982563889,36.066749622148777],[138.06068982549996,36.066707952164691],[138.06062732541665,36.066707952067347],[138.06056482533322,36.066707951970088],[138.0605648251944,36.066666291986273],[138.06050232511106,36.066666291889021],[138.06050232497438,36.066624621914528],[138.06043982489115,36.066624621817269],[138.0603773248078,36.066624621719924],[138.06037732467129,36.066582951745254],[138.06037732453478,36.066541291770847],[138.06043982461793,36.066541291868283],[138.06043982448134,36.066499621893698],[138.06043982434471,36.066457951919205],[138.06050232442772,36.066457952016819],[138.06056482451078,36.066457952114341],[138.06056482437398,36.066416292139934],[138.06062732445696,36.066416292237548],[138.06068982453985,36.066416292335163],[138.06068982467673,36.066457952309477],[138.06068982481358,36.0664996222837],[138.06068982495046,36.066541292258016]]]},"properties":{"FID":56,"A31_201":"8505050720","A31_202":"横河川","A31_203":20,"A31_204":"長野県","A31_205":1,"A31_206":" ","A31_207":" ","A31_208":" "}},{"type":"Feature","id":57,"geometry":{"type":"Polygon","coordinates":[[[138.06543983405552,36.067374629930569],[138.06537733397229,36.06737462982062],[138.06537733383337,36.067332959837863],[138.06543983391663,36.067332959947819],[138.06543983405552,36.067374629930569]]]},"properties":{"FID":57,"A31_201":"8505050720","A31_202":"横河川","A31_203":20,"A31_204":"長野県","A31_205":1,"A31_206":" ","A31_207":" ","A31_208":" "}},{"type":"Feature","id":58,"geometry":{"type":"Polygon","coordinates":[[[138.06543983405552,36.067374629930569],[138.06550233413884,36.06737463004044],[138.06550233427777,36.067416300023368],[138.06543983419442,36.067416299913504],[138.06543983405552,36.067374629930569]]]},"properties":{"FID":58,"A31_201":"8505050720","A31_202":"横河川","A31_203":20,"A31_204":"長野県","A31_205":1,"A31_206":" ","A31_207":" ","A31_208":" "}},{"type":"Feature","id":59,"geometry":{"type":"Polygon","coordinates":[[[138.06643983400005,36.066957961872291],[138.06643983413889,36.066999631853889],[138.06643983427779,36.067041301835758],[138.06643983441671,36.067082961817356],[138.06643983455561,36.067124631799132],[138.06643983469453,36.067166301781],[138.06643983483335,36.067207961762591],[138.06643983497227,36.067249631744374],[138.06643983511117,36.067291301726236],[138.06643983525001,36.067332961707834],[138.06643983538891,36.067374631689432],[138.06643983552783,36.067416301671301],[138.06637733544449,36.06741630156143],[138.06637733530559,36.067374631579476],[138.06637733516666,36.067332961597877],[138.06637733502785,36.067291301616102],[138.06637733488893,36.06724963163424],[138.06637733475003,36.067207961652372],[138.06637733461119,36.067166301670682],[138.06637733447229,36.06712463168882],[138.06637733433337,36.067082961706866],[138.06637733419447,36.067041301725268],[138.06637733405555,36.066999631743315],[138.06637733391665,36.066957961761631],[138.06643983400005,36.066957961872291]]]},"properties":{"FID":59,"A31_201":"8505050720","A31_202":"横河川","A31_203":20,"A31_204":"長野県","A31_205":1,"A31_206":" ","A31_207":" ","A31_208":" "}},{"type":"Feature","id":60,"geometry":{"type":"Polygon","coordinates":[[[138.06518983469448,36.06766629937286],[138.06512733461116,36.067666299263436],[138.06512733474997,36.067707959246547],[138.06506483466666,36.067707959137124],[138.06500233458331,36.067707959027786],[138.06500233444442,36.067666299044589],[138.06500233430549,36.067624629061129],[138.06506483438883,36.067624629170638],[138.06506483424999,36.06758295918744],[138.06512733433334,36.067582959297042],[138.06518983441666,36.067582959406643],[138.06518983455558,36.067624629389663],[138.06518983469448,36.06766629937286]]]},"properties":{"FID":60,"A31_201":"8505050720","A31_202":"横河川","A31_203":20,"A31_204":"長野県","A31_205":1,"A31_206":" ","A31_207":" ","A31_208":" "}},{"type":"Feature","id":61,"geometry":{"type":"Polygon","coordinates":[[[138.06518983469448,36.06766629937286],[138.06525233477782,36.067666299482369],[138.06525233491672,36.06770795946521],[138.06518983483332,36.067707959355879],[138.06518983469448,36.06766629937286]]]},"properties":{"FID":61,"A31_201":"8505050720","A31_202":"横河川","A31_203":20,"A31_204":"長野県","A31_205":1,"A31_206":" ","A31_207":" ","A31_208":" "}},{"type":"Feature","id":62,"geometry":{"type":"Polygon","coordinates":[[[138.06525233491672,36.06770795946521],[138.06531483500007,36.067707959574633],[138.06531483513896,36.067749629557746],[138.06525233505556,36.067749629448414],[138.06525233491672,36.06770795946521]]]},"properties":{"FID":62,"A31_201":"8505050720","A31_202":"横河川","A31_203":20,"A31_204":"長野県","A31_205":1,"A31_206":" ","A31_207":" ","A31_208":" "}},{"type":"Feature","id":63,"geometry":{"type":"Polygon","coordinates":[[[138.06531483513896,36.067749629557746],[138.06537733522231,36.067749629666991],[138.06537733536121,36.067791299650011],[138.0653148352778,36.067791299540765],[138.06531483513896,36.067749629557746]]]},"properties":{"FID":63,"A31_201":"8505050720","A31_202":"横河川","A31_203":20,"A31_204":"長野県","A31_205":1,"A31_206":" ","A31_207":" ","A31_208":" "}},{"type":"Feature","id":64,"geometry":{"type":"Polygon","coordinates":[[[138.06537733536121,36.067791299650011],[138.06543983544438,36.067791299759257],[138.06543983558328,36.067832959742006],[138.06550233566662,36.067832959851167],[138.06550233580552,36.067874629834009],[138.06550233594444,36.067916299816673],[138.0654398358611,36.067916299707605],[138.06537733577787,36.067916299598622],[138.06531483569452,36.067916299489553],[138.06531483555563,36.067874629506719],[138.06537733563894,36.067874629615787],[138.06537733550005,36.067832959632852],[138.06537733536121,36.067791299650011]]]},"properties":{"FID":64,"A31_201":"8505050720","A31_202":"横河川","A31_203":20,"A31_204":"長野県","A31_205":1,"A31_206":" ","A31_207":" ","A31_208":" "}},{"type":"Feature","id":65,"geometry":{"type":"Polygon","coordinates":[[[138.05618982408333,36.06808294446995],[138.05612732399999,36.068082944370296],[138.05612732386118,36.068041284391185],[138.05618982394449,36.068041284490747],[138.05618982408333,36.06808294446995]]]},"properties":{"FID":65,"A31_201":"8505050720","A31_202":"横河川","A31_203":20,"A31_204":"長野県","A31_205":1,"A31_206":" ","A31_207":" ","A31_208":" "}},{"type":"Feature","id":66,"geometry":{"type":"Polygon","coordinates":[[[138.05618982408333,36.06808294446995],[138.05625232416665,36.068082944569511],[138.05625232430555,36.068124614548537],[138.05618982422223,36.068124614448884],[138.05618982408333,36.06808294446995]]]},"properties":{"FID":66,"A31_201":"8505050720","A31_202":"横河川","A31_203":20,"A31_204":"長野県","A31_205":1,"A31_206":" ","A31_207":" ","A31_208":" "}},{"type":"Feature","id":67,"geometry":{"type":"Polygon","coordinates":[[[138.05637732461113,36.068166284727312],[138.05637732475003,36.068207944706423],[138.05631482466671,36.068207944606769],[138.05631482452782,36.068166284627566],[138.05637732461113,36.068166284727312]]]},"properties":{"FID":67,"A31_201":"8505050720","A31_202":"横河川","A31_203":20,"A31_204":"長野県","A31_205":1,"A31_206":" ","A31_207":" ","A31_208":" "}},{"type":"Feature","id":68,"geometry":{"type":"Polygon","coordinates":[[[138.07643985265287,36.068457978332674],[138.07643985279176,36.068499648306364],[138.07643985293066,36.068541318280239],[138.0764398530695,36.068582978254106],[138.07643985320851,36.068624648227889],[138.07643985334732,36.068666318201764],[138.07643985348622,36.068707978175631],[138.07643985362506,36.068749648149321],[138.07643985376404,36.068791318123289],[138.0764398539028,36.068832978096978],[138.07643985404169,36.068874648070846],[138.07643985418062,36.068916318044721],[138.0764398543196,36.068957978018503],[138.07643985445844,36.068999647992371],[138.07643985459734,36.069041317966068],[138.07643985473618,36.069082977939942],[138.07637735463896,36.06908297783869],[138.07637735450007,36.069041317864901],[138.07637735436117,36.068999647891211],[138.07637735422225,36.068957977917428],[138.07637735408343,36.068916317943732],[138.07637735394459,36.068874647969949],[138.07637735380561,36.068832977996081],[138.07637735366669,36.068791318022477],[138.07637735352787,36.068749648048694],[138.07637735338903,36.068707978074997],[138.07637735325005,36.06866631810113],[138.07637735311121,36.06862464812744],[138.07637735297232,36.068582978153742],[138.0763773528335,36.068541318179868],[138.07637735269449,36.068499648206085],[138.07637735255565,36.068457978232487],[138.07643985265287,36.068457978332674]]]},"properties":{"FID":68,"A31_201":"8505050720","A31_202":"横河川","A31_203":20,"A31_204":"長野県","A31_205":1,"A31_206":" ","A31_207":" ","A31_208":" "}},{"type":"Feature","id":69,"geometry":{"type":"Polygon","coordinates":[[[138.06612734150002,36.069332960297771],[138.06612734163892,36.06937463027991],[138.06612734177784,36.069416300262034],[138.06612734191665,36.06945796024408],[138.06606484183334,36.069457960137584],[138.06600234174999,36.069457960031187],[138.06593984166676,36.069457959924691],[138.06587734158342,36.069457959818287],[138.06581484150001,36.069457959711798],[138.06581484136117,36.069416299729397],[138.06581484122228,36.06937462974691],[138.06581484108335,36.069332959764424],[138.0658773411667,36.06933295987109],[138.06587734102786,36.069291299888874],[138.06587734088896,36.069249629906388],[138.06587734075003,36.069207959924171],[138.06587734061122,36.069166299941685],[138.0658773404723,36.069124629959283],[138.0658773403334,36.069082959977067],[138.06587734019456,36.069041299994581],[138.06587734005566,36.068999630012357],[138.06587733991677,36.068957960029962],[138.06587733977784,36.068916300047647],[138.06587733963892,36.068874630065167],[138.06587733950002,36.068832960082766],[138.06587733936121,36.068791300100543],[138.06587733922228,36.068749630118063],[138.06587733908339,36.068707960135839],[138.06587733894455,36.068666300153353],[138.06587733880565,36.068624630170959],[138.06587733866672,36.068582960188735],[138.06587733852783,36.068541300206249],[138.06587733838899,36.068499630223855],[138.06581483830558,36.06849963011576],[138.06581483816666,36.068457960133451],[138.06587733825009,36.068457960241631],[138.06587733811116,36.068416300259145],[138.06587733797227,36.068374630276836],[138.06587733783334,36.068332960294526],[138.06593983791669,36.068332960402799],[138.06593983777788,36.068291300420576],[138.06593983763895,36.068249630438267],[138.06593983750003,36.068207960455865],[138.06593983736121,36.068166300473735],[138.06593983722232,36.06812463049134],[138.06587733713897,36.068124630382627],[138.06587733700007,36.068082960400403],[138.06587733686115,36.068041300417917],[138.06587733672225,36.067999630435523],[138.06593983680565,36.067999630544413],[138.06593983666676,36.067957960562282],[138.06600233674999,36.067957960671173],[138.06600233661109,36.067916300688864],[138.06606483669441,36.067916300797933],[138.06612733677775,36.067916300906916],[138.06612733691665,36.067957960889132],[138.06612733705558,36.067999630871086],[138.06612733719447,36.068041300853217],[138.06612733733328,36.068082960835348],[138.06612733747221,36.068124630817394],[138.06612733761114,36.068166300799518],[138.06612733774995,36.068207960781479],[138.06612733788884,36.068249630763695],[138.06612733802777,36.068291300745827],[138.06612733816667,36.06833296072778],[138.06612733830559,36.068374630709911],[138.06612733844449,36.06841630069195],[138.06612733858333,36.068457960674081],[138.06612733872223,36.068499630656035],[138.06612733886115,36.068541300638174],[138.06612733899996,36.06858296062039],[138.06612733913889,36.068624630602343],[138.06612733927778,36.068666300584475],[138.0661273394166,36.068707960566606],[138.06612733955552,36.068749630548652],[138.06612733969445,36.068791300530869],[138.06612733983334,36.068832960512736],[138.06612733997224,36.068874630494953],[138.06612734011117,36.068916300477085],[138.06612734024998,36.06895796045913],[138.0661273403889,36.068999630441169],[138.0661273405278,36.069041300423208],[138.06612734066664,36.069082960405339],[138.06612734080554,36.069124630387385],[138.06612734094446,36.069166300369517],[138.06612734108336,36.069207960351648],[138.0661273412222,36.069249630333601],[138.0661273413611,36.069291300315825],[138.06612734150002,36.069332960297771]]]},"properties":{"FID":69,"A31_201":"8505050720","A31_202":"横河川","A31_203":20,"A31_204":"長野県","A31_205":1,"A31_206":" ","A31_207":" ","A31_208":" "}},{"type":"Feature","id":70,"geometry":{"type":"Polygon","coordinates":[[[138.06837734505558,36.069499634056214],[138.06837734519448,36.069541304035681],[138.06831484511116,36.06954130392937],[138.06831484497224,36.06949963394981],[138.06837734505558,36.069499634056214]]]},"properties":{"FID":70,"A31_201":"8505050720","A31_202":"横河川","A31_203":20,"A31_204":"長野県","A31_205":1,"A31_206":" ","A31_207":" ","A31_208":" "}},{"type":"Feature","id":71,"geometry":{"type":"Polygon","coordinates":[[[138.07200234794453,36.068916310569008],[138.07200234808337,36.068957970544481],[138.07200234822236,36.068999640520133],[138.0720023483612,36.069041310495599],[138.07200234850009,36.069082970471158],[138.07200234863902,36.069124640446717],[138.07206484872233,36.069124640553653],[138.07206484886126,36.069166310529212],[138.07206484900007,36.06920797050477],[138.072064849139,36.069249640480152],[138.07212734922231,36.069249640587003],[138.07212734936124,36.06929131056247],[138.07212734950014,36.069332970537758],[138.07218984958337,36.069332970644432],[138.07218984972221,36.069374640619813],[138.0721898498611,36.069416310595287],[138.07225234994445,36.069416310701776],[138.07225235008335,36.069457970676979],[138.07225235022227,36.069499640652268],[138.07231485030559,36.069499640758679],[138.07231485044451,36.06954131073379],[138.07231485058333,36.069582970709078],[138.07237735066667,36.069582970815397],[138.07237735080565,36.069624640790337],[138.07237735094449,36.069666310765541],[138.07237735108339,36.069707970740829],[138.07231485100007,36.069707970634781],[138.07225235091673,36.069707970528732],[138.07218985083333,36.069707970422684],[138.07212735075007,36.069707970316635],[138.07206485066675,36.069707970210587],[138.0720023505834,36.069707970104538],[138.07193985050009,36.06970796999849],[138.07187735041674,36.069707969892441],[138.07181485033334,36.069707969786393],[138.07175235024999,36.069707969680344],[138.07175235011118,36.069666309704431],[138.07175234997226,36.069624639728517],[138.07175234983336,36.069582969752872],[138.07175234969452,36.069541309776952],[138.07175234955562,36.069499639801222],[138.0717523494167,36.069457969825308],[138.0717523492778,36.069416309849572],[138.07175234913899,36.069374639873658],[138.07175234900006,36.069332969897744],[138.07175234886114,36.069291309922093],[138.07175234872224,36.069249639946179],[138.07175234858335,36.06920796997035],[138.07175234844451,36.069166309994444],[138.07175234830561,36.069124640018615],[138.07175234816668,36.069082970042878],[138.07175234802779,36.069041310066964],[138.07175234788895,36.068999640091228],[138.07175234775005,36.068957970115314],[138.07175234761112,36.068916310139578],[138.07175234747223,36.068874640163664],[138.07175234733339,36.068832970187749],[138.07181484741673,36.068832970295219],[138.07187734750005,36.068832970402781],[138.07193984758339,36.068832970510243],[138.07200234766671,36.06883297061772],[138.0720023475279,36.068791310642339],[138.072002347389,36.068749640666688],[138.07200234725008,36.068707970691221],[138.07200234711115,36.068666310715571],[138.07200234697234,36.068624640740012],[138.07200234683344,36.068582970764538],[138.07200234669452,36.068541310788895],[138.07200234655562,36.068499640813243],[138.07200234641678,36.068457970837869],[138.07200234627788,36.068416310862219],[138.07200234613896,36.068374640886745],[138.07200234600006,36.068332970911186],[138.07200234586122,36.06829131093572],[138.07200234572232,36.068249640960076],[138.0720023455834,36.068207970984425],[138.07200234544459,36.068166311009044],[138.07200234530569,36.068124641033393],[138.07200234516677,36.068082971057926],[138.07200234502784,36.068041311082283],[138.07193984494452,36.068041310973385],[138.07187734486121,36.068041310864587],[138.07181484477786,36.068041310755788],[138.07175234469452,36.068041310646983],[138.07168984461111,36.068041310538177],[138.07168984475001,36.068082970514183],[138.07162734466669,36.068082970405385],[138.07162734480559,36.068124640381299],[138.07156484472236,36.068124640272586],[138.07150234463904,36.068124640163958],[138.07150234477785,36.068166310140143],[138.07143984469451,36.068166310031515],[138.07143984483344,36.068207970007521],[138.07137734475009,36.068207969898978],[138.07131484466669,36.06820796979045],[138.07125234458334,36.068207969681907],[138.07118984450003,36.068207969573379],[138.07112734441668,36.068207969464837],[138.07106484433336,36.068207969356308],[138.0710023442501,36.068207969247766],[138.07093984416679,36.068207969139237],[138.07087734408344,36.068207969030695],[138.07081484400004,36.068207968922074],[138.07075234391669,36.068207968813539],[138.07068984383338,36.068207968705003],[138.07062734375003,36.068207968596468],[138.07056484366663,36.068207968487933],[138.07050234358329,36.068207968379397],[138.07043984350005,36.068207968270862],[138.07037734341671,36.068207968162326],[138.07031484333339,36.068207968053791],[138.07025234325005,36.068207967945256],[138.07018984316673,36.06820796783672],[138.07012734308339,36.068207967728185],[138.07006484299998,36.068207967619649],[138.07000234291664,36.068207967511114],[138.06993984283332,36.068207967402579],[138.06987734275006,36.068207967293958],[138.06981484266674,36.068207967185415],[138.0697523425834,36.068207967076887],[138.06968984250008,36.068207966968345],[138.06962734241674,36.068207966859816],[138.06956484233334,36.068207966751274],[138.06950234224999,36.068207966642746],[138.06943984216667,36.068207966534203],[138.06937734208333,36.068207966425675],[138.0693148420001,36.068207966317132],[138.06925234191675,36.068207966208604],[138.06918984183335,36.068207966100061],[138.06912734175,36.068207965991533],[138.06906484166669,36.068207965882905],[138.06900234158334,36.06820796577437],[138.06893984150003,36.068207965665835],[138.06887734141668,36.068207965557299],[138.06881484133328,36.068207965448764],[138.0687523412501,36.068207965340228],[138.0686898411667,36.068207965231693],[138.06862734108336,36.068207965123158],[138.06856484100004,36.068207965014622],[138.06850234091669,36.068207964906087],[138.06843984083338,36.068207964797551],[138.06837734075003,36.068207964689016],[138.06831484066663,36.068207964580481],[138.06825234058329,36.068207964471945],[138.06818984050005,36.06820796436341],[138.06812734041671,36.068207964254782],[138.06806484033339,36.068207964146254],[138.06800234025005,36.068207964037711],[138.06800234038897,36.068249634017803],[138.06793984030563,36.06824963390936],[138.06793984044447,36.068291303889538],[138.06787734036112,36.068291303781088],[138.06787734050005,36.068332963761179],[138.0678148404167,36.068332963652821],[138.06781484055563,36.068374633633084],[138.0677523404722,36.068374633524812],[138.06775234061109,36.068416303504989],[138.06768984052778,36.068416303396816],[138.06768984066667,36.068457963377256],[138.06762734058344,36.068457963269076],[138.06762734044452,36.068416303288629],[138.06762734030562,36.068374633308281],[138.06762734016672,36.068332963327833],[138.06762734002788,36.068291303347479],[138.06762733988899,36.068249633367031],[138.06762733975006,36.068207963386499],[138.06756483966674,36.06820796327797],[138.0675023395834,36.068207963169428],[138.06743983949997,36.0682079630609],[138.06737733941665,36.068207962952357],[138.06731483933333,36.068207962843829],[138.06725233924999,36.068207962735201],[138.06718983916664,36.068207962626666],[138.06712733908333,36.06820796251813],[138.0670648390001,36.068207962409595],[138.06700233891675,36.068207962301059],[138.06700233877785,36.06816630232008],[138.06706483886117,36.068166302428708],[138.06712733894443,36.068166302537335],[138.06712733880551,36.068124632556263],[138.06718983888885,36.068124632664976],[138.06725233897225,36.068124632773603],[138.0673148390556,36.068124632882316],[138.06737733913891,36.068124632991029],[138.06743983922226,36.068124633099657],[138.06750233930558,36.06812463320837],[138.06756483938892,36.068124633317083],[138.06762733947232,36.068124633425704],[138.06762733961116,36.068166303406237],[138.0676898396944,36.068166303514857],[138.06775233977771,36.068166303623485],[138.06781483986114,36.068166303732021],[138.06781483972225,36.068124633751751],[138.06787733980556,36.068124633860464],[138.06793983988891,36.068124633969092],[138.06800233997222,36.068124634077805],[138.06800233983333,36.068082964097897],[138.06806483991673,36.06808296420661],[138.06806483977783,36.068041304226611],[138.06812733986123,36.068041304335409],[138.06812733972225,36.067999634355587],[138.06818983980565,36.067999634464478],[138.06818983966676,36.067957964484748],[138.06818983952783,36.067916304504834],[138.06818983938894,36.067874634525189],[138.06825233947217,36.067874634634258],[138.06825233933327,36.067832964654528],[138.06825233919443,36.067791304674884],[138.06825233905553,36.067749634695062],[138.06831483913885,36.067749634804393],[138.06831483899995,36.067707964824663],[138.06837733908338,36.067707964933994],[138.0684398391667,36.067707965043418],[138.0684398390278,36.067666305064037],[138.06850233911112,36.067666305173461],[138.06850233897222,36.067624635193908],[138.06856483905563,36.067624635303417],[138.06856483891673,36.067582965324135],[138.0685648387778,36.067541305344662],[138.06862733886115,36.067541305454355],[138.06868983894455,36.067541305563957],[138.06868983880565,36.067499635584753],[138.06875233888897,36.067499635694446],[138.06881483897223,36.06749963580414],[138.06887733905555,36.067499635913919],[138.06887733891665,36.067457965934977],[138.06893983899997,36.067457966044756],[138.06893983886116,36.067416306065738],[138.06900233894447,36.067416306175602],[138.06900233880557,36.067374636196583],[138.06906483888889,36.067374636306539],[138.06912733897224,36.067374636416496],[138.06918983905564,36.067374636526367],[138.06925233913898,36.067374636636316],[138.06925233900006,36.06733296665783],[138.0693148390834,36.067332966767879],[138.06937733916664,36.067332966877828],[138.06937733902774,36.067291306899435],[138.06943983911114,36.067291307009569],[138.06950233919449,36.067291307119611],[138.06950233905556,36.067249637141209],[138.06956483913891,36.067249637251344],[138.06956483899998,36.067207967273035],[138.06962733908333,36.067207967383254],[138.06968983916676,36.067207967493474],[138.06968983902783,36.067166307515436],[138.06968983888891,36.067124637537205],[138.06975233897225,36.067124637647524],[138.06975233883333,36.067082967669386],[138.06981483891676,36.067082967779783],[138.06981483877786,36.067041307802008],[138.06987733886118,36.067041307912497],[138.06987733872228,36.066999637934451],[138.06993983880551,36.066999638045033],[138.07000233888886,36.066999638155607],[138.07000233875002,36.066957968177917],[138.07000233861112,36.066916308200049],[138.06993983852777,36.06691630808929],[138.06993983838888,36.066874638111429],[138.06993983824995,36.066832968133738],[138.06987733816672,36.066832968022894],[138.06987733802788,36.066791308044841],[138.06987733788898,36.066749638067066],[138.06987733775006,36.066707968089105],[138.06981483766674,36.06670796797809],[138.06981483752793,36.06666630800013],[138.06981483738892,36.06662463801969],[138.06981483724999,36.066582968039327],[138.06981483711118,36.066541308059065],[138.0698773371945,36.066541308170002],[138.0698773370556,36.06649963818947],[138.0698773369167,36.0664579682092],[138.06987733677786,36.066416308228668],[138.06993983686112,36.066416308339335],[138.0699398367222,36.066374638358894],[138.06993983658327,36.066332968378447],[138.06993983644438,36.066291308397915],[138.07000233652781,36.066291308508404],[138.07000233638888,36.066249638527694],[138.07000233624998,36.066207968547339],[138.0700648363333,36.06620796865765],[138.07006483619449,36.066166308677118],[138.07006483605556,36.066124638696408],[138.07012733613891,36.066124638806627],[138.07012733599998,36.066082968825924],[138.07012733586109,36.0660413088453],[138.07018983594449,36.066041308955349],[138.07025233602783,36.06604130906539],[138.07025233588891,36.065999639084502],[138.07031483597225,36.065999639194544],[138.07037733605557,36.065999639304508],[138.07043983613892,36.065999639414549],[138.07043983600011,36.065957969433398],[138.07050233608325,36.065957969543348],[138.07050233622223,36.065999639524506],[138.07050233636107,36.066041309505664],[138.07056483644448,36.066041309615798],[138.07056483658332,36.066082969596863],[138.07056483672221,36.066124639578106],[138.07056483686114,36.06616630955935],[138.07056483699995,36.066207969540415],[138.07062733708338,36.066207969650812],[138.07062733722219,36.066249639631877],[138.07062733736112,36.066291309613206],[138.07068983744443,36.066291309723695],[138.07075233752786,36.066291309834185],[138.07081483761118,36.066291309944674],[138.07081483775002,36.066332969926187],[138.07081483788892,36.066374639907608],[138.07081483802784,36.066416309889121],[138.07081483816665,36.066457969870626],[138.07081483830558,36.066499639852047],[138.07081483844448,36.066541309833553],[138.07081483858337,36.066582969814888],[138.07081483872221,36.066624639796402],[138.07081483886122,36.066666309777908],[138.07081483900004,36.066707969754709],[138.07081483913893,36.066749639731597],[138.07087733922228,36.066749639842627],[138.07093983930571,36.066749639953557],[138.07100233938903,36.066749640064486],[138.07106483947226,36.066749640175516],[138.0711273395556,36.066749640286446],[138.0711273396945,36.066791310262893],[138.07112733983334,36.066832970239517],[138.07112733997224,36.066874640215964],[138.07112734011116,36.066916310192497],[138.07112734024997,36.066957970169128],[138.07118984033332,36.066957970279788],[138.07125234041672,36.066957970390369],[138.07125234055556,36.066999640366731],[138.07118984047221,36.066999640256149],[138.07118984061114,36.067041310232682],[138.07118984075004,36.067082970208958],[138.07118984088885,36.06712464018549],[138.07125234097228,36.067124640295887],[138.07125234083338,36.067082970319447],[138.0713148409167,36.067082970429844],[138.07137734100004,36.067082970540241],[138.0713773408612,36.06704131056415],[138.07143984094455,36.067041310674639],[138.07143984108345,36.067082970650645],[138.07150234116679,36.067082970761049],[138.07156484125011,36.067082970871446],[138.07156484138903,36.067124640847624],[138.07162734147227,36.067124640957942],[138.07162734161108,36.067166310934027],[138.07162734175,36.067207970909948],[138.07162734188893,36.067249640885947],[138.07168984197224,36.067249640996081],[138.07168984211114,36.067291310972081],[138.07168984224998,36.067332970947817],[138.07175234233341,36.067332971057866],[138.07175234247222,36.06737464103351],[138.07175234261112,36.067416311009424],[138.07175234275005,36.067457970985345],[138.07175234288894,36.067499640961167],[138.07175234302787,36.067541310936988],[138.07181484311118,36.067541311046682],[138.07181484325002,36.067582971022503],[138.07187734333343,36.067582971132111],[138.07193984341677,36.06758297124162],[138.07193984355567,36.067624641217179],[138.07200234363901,36.067624641326688],[138.07206484372233,36.067624641436204],[138.07212734380568,36.06762464154572],[138.07218984388891,36.067624641655229],[138.07225234397225,36.067624641764738],[138.07231484405557,36.067624641874254],[138.07231484419449,36.06766631184955],[138.07231484433339,36.06770797182466],[138.07225234424999,36.067707971715237],[138.07225234438889,36.067749641690618],[138.07225234452781,36.067791311665999],[138.07225234466671,36.067832971641202],[138.07225234480552,36.067874641616498],[138.07225234494445,36.067916311591702],[138.07225234508337,36.06795797156699],[138.07231484516669,36.067957971675966],[138.07231484530558,36.067999641651085],[138.07231484544451,36.068041311626374],[138.07225234536116,36.06804131151749],[138.0722523455,36.068082971492871],[138.0722523456389,36.068124641468074],[138.07225234577783,36.068166311443449],[138.07225234591672,36.068207971418566],[138.07225234605556,36.068249641393948],[138.07225234619446,36.068291311369329],[138.07225234633339,36.068332971344532],[138.07218984625004,36.068332971236174],[138.07218984638888,36.068374641211555],[138.07212734630571,36.06837464110329],[138.07212734644455,36.068416311078579],[138.07212734658344,36.068457971054137],[138.07212734672237,36.068499641029341],[138.07212734686127,36.0685413110049],[138.07218984694441,36.068541311112902],[138.07218984708334,36.068582971088283],[138.07212734700011,36.068582970980373],[138.072127347139,36.068624640955747],[138.07212734727793,36.068666310931135],[138.07212734741674,36.068707970906686],[138.07212734755564,36.068749640881983],[138.07206484747232,36.068749640774335],[138.07206484761122,36.068791310749894],[138.07206484775006,36.068832970725275],[138.07206484788895,36.068874640700834],[138.07200234780564,36.068874640593364],[138.07200234794453,36.068916310569008]]]},"properties":{"FID":71,"A31_201":"8505050720","A31_202":"横河川","A31_203":20,"A31_204":"長野県","A31_205":1,"A31_206":" ","A31_207":" ","A31_208":" "}},{"type":"Feature","id":72,"geometry":{"type":"Polygon","coordinates":[[[138.05987733441668,36.069707949689935],[138.0599398345,36.069707949792161],[138.0599398346389,36.06974961977545],[138.05987733455549,36.069749619673132],[138.05987733441668,36.069707949689935]]]},"properties":{"FID":72,"A31_201":"8505050720","A31_202":"横河川","A31_203":20,"A31_204":"長野県","A31_205":1,"A31_206":" ","A31_207":" ","A31_208":" "}},{"type":"Feature","id":73,"geometry":{"type":"Polygon","coordinates":[[[138.06568984244453,36.069791299359409],[138.06562734236113,36.069791299253538],[138.06556484227778,36.069791299147582],[138.06556484213888,36.069749629164917],[138.06550234205554,36.069749629058869],[138.06550234191664,36.069707959076204],[138.0654398418333,36.069707958970156],[138.06543984197222,36.069749628952906],[138.06537734188896,36.069749628846949],[138.06537734175006,36.069707958864107],[138.06537734161122,36.069666298881089],[138.06543984169448,36.069666298987229],[138.06543984155556,36.069624629004295],[138.06543984141666,36.069582959021631],[138.06543984127774,36.069541299038704],[138.06543984113884,36.069499629055947],[138.065439841,36.06945795907302],[138.06550234108335,36.069457959179509],[138.06550234122227,36.069499629162266],[138.06556484130559,36.069499629268662],[138.0656273413889,36.069499629375073],[138.06568984147225,36.06949962948147],[138.06575234155559,36.069499629587881],[138.06575234169449,36.069541299570275],[138.06575234183339,36.069582959552847],[138.06575234197231,36.069624629535248],[138.06575234211124,36.06966629951782],[138.06575234225005,36.069707959500398],[138.06575234238895,36.0697496294828],[138.06568984230563,36.069749629376837],[138.06568984244453,36.069791299359409]]]},"properties":{"FID":73,"A31_201":"8505050720","A31_202":"横河川","A31_203":20,"A31_204":"長野県","A31_205":1,"A31_206":" ","A31_207":" ","A31_208":" "}},{"type":"Feature","id":74,"geometry":{"type":"Polygon","coordinates":[[[138.07231485225,36.070082970411612],[138.07225235216666,36.070082970306188],[138.07218985208334,36.070082970200758],[138.07212735200011,36.070082970095328],[138.07206485191676,36.070082969989905],[138.07206485177784,36.070041310014524],[138.07212735186127,36.07004131012004],[138.07212735172237,36.069999640144481],[138.0721898518056,36.069999640250089],[138.07225235188895,36.069999640355604],[138.07225235175002,36.069957970380216],[138.07231485183337,36.069957970485916],[138.07231485169453,36.069916310510798],[138.07237735177787,36.069916310616492],[138.07243985186119,36.069916310722185],[138.072439852,36.069957970697118],[138.07237735191669,36.069957970591517],[138.07237735205558,36.069999640566721],[138.07237735219451,36.070041310541924],[138.07231485211116,36.070041310436494],[138.07231485225,36.070082970411612]]]},"properties":{"FID":74,"A31_201":"8505050720","A31_202":"横河川","A31_203":20,"A31_204":"長野県","A31_205":1,"A31_206":" ","A31_207":" ","A31_208":" "}},{"type":"Feature","id":75,"geometry":{"type":"Polygon","coordinates":[[[138.06775234533336,36.069832962834568],[138.06781484541671,36.069832962940438],[138.06781484527778,36.069791302960084],[138.06787734536113,36.069791303066047],[138.06793984544453,36.069791303171918],[138.06793984530563,36.069749633191833],[138.06800234538895,36.069749633297789],[138.06800234525005,36.069707963317882],[138.06806484533337,36.069707963423923],[138.06812734541671,36.069707963529979],[138.0681273452779,36.06966630354998],[138.06812734513898,36.069624633570065],[138.06818984522232,36.069624633676291],[138.06825234530555,36.069624633782425],[138.06825234544448,36.069666303762247],[138.06831484552779,36.069666303868388],[138.06837734561111,36.069666303974437],[138.06837734547221,36.069624633994792],[138.06843984555553,36.069624634101018],[138.06850234563896,36.069624634207159],[138.0685023457778,36.069666304186711],[138.0685648458612,36.06966630429276],[138.06856484600002,36.069707964272226],[138.06862734608336,36.069707964378274],[138.06862734622229,36.069749634357478],[138.06862734636118,36.069791304336853],[138.06862734650008,36.069832964316234],[138.06856484641676,36.069832964210448],[138.06850234633345,36.069832964104577],[138.06850234647226,36.069874634083959],[138.06843984638891,36.069874633978174],[138.06843984652784,36.069916303957726],[138.06837734644449,36.06991630385204],[138.06837734658333,36.069957963831499],[138.06831484649999,36.069957963725898],[138.06831484663891,36.069999633705635],[138.06831484677781,36.070041303685365],[138.06825234669449,36.070041303579849],[138.0682523468333,36.070082963559493],[138.06818984675007,36.07008296345407],[138.06818984688897,36.070124633433892],[138.06812734680565,36.070124633328547],[138.06806484672231,36.070124633223216],[138.06806484686123,36.070166303203038],[138.06800234677789,36.070166303097785],[138.06793984669449,36.070166302992533],[138.06793984683338,36.070207962972624],[138.06787734675007,36.070207962867464],[138.06781484666672,36.070207962762211],[138.06775234658329,36.070207962657051],[138.06775234644448,36.070166302676697],[138.06775234630558,36.070124632696519],[138.06768984622224,36.070124632591096],[138.06768984608334,36.070082962610741],[138.0676898459445,36.070041302630472],[138.06768984580552,36.069999632650031],[138.06768984566668,36.069957962669676],[138.06762734558345,36.069957962563983],[138.06762734544452,36.069916302583721],[138.0675648453612,36.06991630247802],[138.06756484522228,36.069874632497488],[138.06750234513896,36.069874632391709],[138.06750234500004,36.069832962411269],[138.06743984491672,36.069832962305398],[138.06737734483337,36.069832962199612],[138.06731484475006,36.069832962093741],[138.06731484488895,36.069874632074452],[138.06725234480555,36.069874631968673],[138.06725234494445,36.069916301949561],[138.06718984486113,36.069916301843861],[138.06712734477779,36.069916301738175],[138.06706484469456,36.069916301632475],[138.06706484483345,36.069957961613369],[138.06700234475005,36.069957961507761],[138.06700234488895,36.069999631488912],[138.06693984480563,36.069999631383396],[138.06687734472229,36.069999631277881],[138.06681484463897,36.06999963117228],[138.06675234455562,36.069999631066764],[138.06668984447222,36.069999630961163],[138.06668984461112,36.07004130094267],[138.06668984475004,36.07008296092409],[138.0666273446667,36.070082960818667],[138.06662734480551,36.070124630800265],[138.06656484472219,36.070124630694835],[138.06650234463896,36.070124630589497],[138.06650234477786,36.070166300571096],[138.06643984469454,36.070166300465843],[138.0663773446112,36.070166300360597],[138.0663773444723,36.070124630378821],[138.06637734433338,36.070082960397045],[138.06643984441672,36.070082960502383],[138.06643984427788,36.070041300520785],[138.06650234436123,36.070041300626301],[138.0665023442223,36.069999630644524],[138.06656484430556,36.06999963075004],[138.06662734438888,36.069999630855648],[138.06662734424998,36.069957960874049],[138.06668984433338,36.06995796097965],[138.06668984419449,36.069916300998315],[138.0667523442778,36.069916301104016],[138.06675234413891,36.069874631122502],[138.06681484422231,36.069874631228288],[138.06681484408341,36.069832961247045],[138.06687734416673,36.069832961352915],[138.06687734402783,36.069791301371581],[138.06693984411123,36.069791301477451],[138.06693984397234,36.069749631496293],[138.06700234405565,36.069749631602257],[138.06700234391676,36.069707961621191],[138.06700234377786,36.069666301640041],[138.06700234363893,36.069624631658797],[138.06700234350001,36.069582961677817],[138.0670023433612,36.06954130169666],[138.0670023432223,36.069499631715601],[138.06700234308337,36.069457961734443],[138.06700234294456,36.069416301753463],[138.06700234280564,36.069374631772313],[138.06700234266674,36.069332961791069],[138.0670023425279,36.069291301810097],[138.067002342389,36.069249631828939],[138.06700234225008,36.069207961847873],[138.06700234211118,36.069166301866716],[138.06700234197234,36.069124631885565],[138.06700234183336,36.069082961904499],[138.06700234169455,36.069041301923349],[138.06700234155562,36.068999631942276],[138.0670023414167,36.068957961961218],[138.06700234127788,36.068916301980153],[138.06700234113899,36.068874631998995],[138.06700234100006,36.068832962017751],[138.06706484108341,36.068832962125221],[138.0670648412223,36.068874632106372],[138.06706484136123,36.06891630208753],[138.06712734144446,36.068916302194907],[138.06712734158327,36.068957962175709],[138.06718984166662,36.068957962283001],[138.06718984180552,36.068999632263981],[138.06725234188886,36.068999632371181],[138.06725234202787,36.069041302351977],[138.06731484211119,36.069041302459098],[138.06731484225,36.069082962439978],[138.06737734233334,36.069082962547007],[138.06743984241677,36.069082962654122],[138.06750234250009,36.069082962761236],[138.06756484258341,36.069082962868265],[138.06756484272233,36.069124632848705],[138.06756484286126,36.069166302829238],[138.06762734294458,36.069166302936175],[138.06762734308339,36.069207962916622],[138.06762734322231,36.06924963289697],[138.06762734336121,36.069291302877502],[138.06768984344447,36.069291302984176],[138.06775234352779,36.069291303090935],[138.06781484361113,36.069291303197694],[138.06787734369445,36.069291303304453],[138.06793984377779,36.06929130341112],[138.0680023438612,36.069291303517886],[138.06800234400004,36.0693329634977],[138.06800234413893,36.069374633477793],[138.06793984405562,36.069374633371211],[138.06793984419451,36.069416303351389],[138.0678773441112,36.069416303244893],[138.06787734425001,36.069457963224892],[138.06781484416669,36.069457963118495],[138.06781484430559,36.069499633098673],[138.06781484444451,36.06954130307885],[138.06787734452783,36.069541303185161],[138.06787734466667,36.069582963165338],[138.06787734480557,36.069624633145338],[138.06781484472225,36.069624633039197],[138.06781484486115,36.069666303019467],[138.06781484500004,36.069707962999729],[138.06775234491664,36.069707962893688],[138.06775234505554,36.069749632873865],[138.06775234519446,36.069791302854213],[138.06775234533336,36.069832962834568],[138.06768984524996,36.069832962728697],[138.06768984538886,36.069874632708967],[138.0677523454722,36.069874632814745],[138.06775234533336,36.069832962834568]]]},"properties":{"FID":75,"A31_201":"8505050720","A31_202":"横河川","A31_203":20,"A31_204":"長野県","A31_205":1,"A31_206":" ","A31_207":" ","A31_208":" "}},{"type":"Feature","id":76,"geometry":{"type":"Polygon","coordinates":[[[138.06518984344456,36.070291298309655],[138.06512734336121,36.07029129820458],[138.06512734322223,36.07024962822139],[138.06512734308342,36.070207958238278],[138.06512734294449,36.070166298254989],[138.06512734280557,36.070124628271884],[138.06512734266667,36.070082958288687],[138.06512734252786,36.070041298305583],[138.06512734238893,36.069999628322293],[138.06518984247228,36.069999628427809],[138.0652523425556,36.069999628533409],[138.06525234269452,36.070041298516522],[138.06531484277784,36.070041298622037],[138.06537734286118,36.070041298727553],[138.06537734300008,36.070082958710302],[138.06543984308331,36.070082958815732],[138.06550234316666,36.070082958921162],[138.06550234330558,36.070124628903997],[138.06543984322224,36.070124628798666],[138.06537734313901,36.070124628693321],[138.0653773432779,36.070166298676078],[138.06531484319447,36.070166298570825],[138.0653148433334,36.070207958553937],[138.06525234325005,36.070207958448691],[138.06525234338898,36.070249628431711],[138.06518984330563,36.07024962832655],[138.06518984344456,36.070291298309655]]]},"properties":{"FID":76,"A31_201":"8505050720","A31_202":"横河川","A31_203":20,"A31_204":"長野県","A31_205":1,"A31_206":" ","A31_207":" ","A31_208":" "}},{"type":"Feature","id":77,"geometry":{"type":"Polygon","coordinates":[[[138.05962733616676,36.070332949024532],[138.05968983625007,36.070332949127916],[138.059689836389,36.070374619110758],[138.05968983652781,36.070416289093778],[138.05962733644446,36.070416288990302],[138.05962733630557,36.070374619007282],[138.05956483622225,36.070374618903898],[138.05950233613891,36.070374618800514],[138.05950233599998,36.07033294881785],[138.05950233586117,36.070291288835008],[138.05950233572227,36.070249618852259],[138.05950233558335,36.070207948869594],[138.05950233544453,36.070166288886576],[138.05950233530552,36.070124618903911],[138.05956483538895,36.07012461900694],[138.05956483552785,36.070166288989782],[138.0596273356112,36.070166289092811],[138.05962733575001,36.070207949075737],[138.05968983583344,36.070207949178858],[138.05968983597225,36.070249619161785],[138.05968983611118,36.07029128914472],[138.05962733602783,36.070291289041513],[138.05962733616676,36.070332949024532]]]},"properties":{"FID":77,"A31_201":"8505050720","A31_202":"横河川","A31_203":20,"A31_204":"長野県","A31_205":1,"A31_206":" ","A31_207":" ","A31_208":" "}},{"type":"Feature","id":78,"geometry":{"type":"Polygon","coordinates":[[[138.07000234986114,36.070291306400073],[138.07006484994446,36.070291306505055],[138.0701273500278,36.070291306610216],[138.0701273501667,36.070332966587905],[138.07012735030563,36.070374636565418],[138.07012735044452,36.070416306543194],[138.07006485036112,36.070416306438304],[138.07000235027778,36.070416306333414],[138.07000235013885,36.070374636355538],[138.06993985005553,36.070374636250648],[138.06993984991664,36.070332966272872],[138.0699398497778,36.070291306295005],[138.07000234986114,36.070291306400073]]]},"properties":{"FID":78,"A31_201":"8505050720","A31_202":"横河川","A31_203":20,"A31_204":"長野県","A31_205":1,"A31_206":" ","A31_207":" ","A31_208":" "}},{"type":"Feature","id":79,"geometry":{"type":"Polygon","coordinates":[[[138.0645648428889,36.07037462722667],[138.06456484302788,36.070416297210485],[138.06456484316672,36.070457957194215],[138.06456484330562,36.070499627178123],[138.06456484344454,36.070541297162031],[138.0645023433612,36.070541297057403],[138.0645023432223,36.070499627073403],[138.06450234308338,36.07045795708941],[138.06450234294448,36.07041629710568],[138.06450234280555,36.07037462712168],[138.0645648428889,36.07037462722667]]]},"properties":{"FID":79,"A31_201":"8505050720","A31_202":"横河川","A31_203":20,"A31_204":"長野県","A31_205":1,"A31_206":" ","A31_207":" ","A31_208":" "}},{"type":"Feature","id":80,"geometry":{"type":"Polygon","coordinates":[[[138.06581484497232,36.070499629272533],[138.06587734505567,36.070499629377252],[138.06593984513898,36.070499629481972],[138.06600234522224,36.070499629586685],[138.06606484530556,36.070499629691398],[138.06612734538891,36.070499629796203],[138.0661273455278,36.070541299778341],[138.06606484544449,36.070541299673707],[138.06600234536114,36.070541299568994],[138.06593984527791,36.070541299464367],[138.06587734519456,36.070541299359739],[138.06581484511116,36.070541299255112],[138.06575234502782,36.070541299150392],[138.06575234488892,36.07049962916782],[138.06581484497232,36.070499629272533]]]},"properties":{"FID":80,"A31_201":"8505050720","A31_202":"横河川","A31_203":20,"A31_204":"長野県","A31_205":1,"A31_206":" ","A31_207":" ","A31_208":" "}},{"type":"Feature","id":81,"geometry":{"type":"Polygon","coordinates":[[[138.07293985447225,36.070499641210901],[138.07293985461115,36.07054131118548],[138.07287735452783,36.070541311080852],[138.07281485444449,36.070541310976225],[138.07275235436117,36.070541310871505],[138.07268985427791,36.070541310766885],[138.07262735419459,36.07054131066225],[138.07256485411125,36.070541310557537],[138.07250235402785,36.07054131045291],[138.0724398539445,36.070541310348283],[138.07237735386119,36.070541310243655],[138.07237735372226,36.070499640268366],[138.07243985380561,36.070499640373079],[138.07243985366676,36.070457970397968],[138.07243985352787,36.070416310423028],[138.07250235361118,36.070416310527918],[138.07250235347229,36.070374640552807],[138.07256485355569,36.070374640657704],[138.07256485341679,36.070332970682855],[138.07262735350011,36.070332970787923],[138.07262735336121,36.070291310812991],[138.0726273532224,36.07024964083805],[138.07262735308339,36.070207970863294],[138.07268985316682,36.070207970968454],[138.07275235324997,36.0702079710737],[138.07281485333337,36.070207971178945],[138.07287735341671,36.070207971284105],[138.07287735355561,36.070249641258599],[138.07287735369454,36.070291311233184],[138.07293985377785,36.070291311338252],[138.07293985391669,36.070332971312922],[138.07293985405559,36.07037464128733],[138.07293985419452,36.070416311261909],[138.07293985433341,36.070457971236316],[138.07293985447225,36.070499641210901]]]},"properties":{"FID":81,"A31_201":"8505050720","A31_202":"横河川","A31_203":20,"A31_204":"長野県","A31_205":1,"A31_206":" ","A31_207":" ","A31_208":" "}},{"type":"Feature","id":82,"geometry":{"type":"Polygon","coordinates":[[[138.06000233763893,36.070624619527834],[138.06000233750001,36.070582949544459],[138.06000233736111,36.070541289561177],[138.06000233722219,36.070499619577802],[138.06006483730553,36.070499619681364],[138.06006483716669,36.070457949697897],[138.06012733725004,36.070457949801551],[138.06012733711111,36.070416289818084],[138.06018983719446,36.07041628992156],[138.06025233727789,36.070416290025122],[138.0603148373612,36.070416290128506],[138.06031483750002,36.070457950112058],[138.06031483763894,36.070499620095788],[138.06031483777787,36.070541290079603],[138.06025233769452,36.070541289975957],[138.06025233783345,36.070582949959416],[138.06018983775002,36.070582949855677],[138.06012733766667,36.070582949751937],[138.0601273378056,36.070624619735405],[138.06006483772225,36.070624619631573],[138.06000233763893,36.070624619527834]]]},"properties":{"FID":82,"A31_201":"8505050720","A31_202":"横河川","A31_203":20,"A31_204":"長野県","A31_205":1,"A31_206":" ","A31_207":" ","A31_208":" "}},{"type":"Feature","id":83,"geometry":{"type":"Polygon","coordinates":[[[138.07031485125009,36.070582966767397],[138.07031485138899,36.07062463674491],[138.07025235130567,36.070624636640375],[138.07025235116674,36.070582966662855],[138.07031485125009,36.070582966767397]]]},"properties":{"FID":83,"A31_201":"8505050720","A31_202":"横河川","A31_203":20,"A31_204":"長野県","A31_205":1,"A31_206":" ","A31_207":" ","A31_208":" "}},{"type":"Feature","id":84,"geometry":{"type":"Polygon","coordinates":[[[138.06000233763893,36.070624619527834],[138.06000233777783,36.070666289511124],[138.05993983769451,36.070666289407114],[138.05993983755559,36.070624619424009],[138.06000233763893,36.070624619527834]]]},"properties":{"FID":84,"A31_201":"8505050720","A31_202":"横河川","A31_203":20,"A31_204":"長野県","A31_205":1,"A31_206":" ","A31_207":" ","A31_208":" "}},{"type":"Feature","id":85,"geometry":{"type":"Polygon","coordinates":[[[138.06368984283347,36.070707955635982],[138.0637523429167,36.070707955740346],[138.06381484300005,36.070707955844711],[138.06387734308336,36.070707955949068],[138.06387734322226,36.070749625933509],[138.06381484313894,36.070749625829237],[138.06375234305563,36.070749625724964],[138.06368984297237,36.070749625620607],[138.06362734288894,36.070749625516328],[138.06362734275012,36.070707955531624],[138.06368984283347,36.070707955635982]]]},"properties":{"FID":85,"A31_201":"8505050720","A31_202":"横河川","A31_203":20,"A31_204":"長野県","A31_205":1,"A31_206":" ","A31_207":" ","A31_208":" "}},{"type":"Feature","id":86,"geometry":{"type":"Polygon","coordinates":[[[138.06400234325002,36.070707956157875],[138.06406484333337,36.07070795626224],[138.06412734341677,36.070707956366604],[138.06418984350012,36.070707956470962],[138.06425234358343,36.070707956575319],[138.06425234372236,36.070749626559405],[138.06418984363901,36.070749626455047],[138.06412734355558,36.070749626350775],[138.06406484347227,36.070749626246503],[138.06400234338895,36.070749626142145],[138.0639398433056,36.070749626037866],[138.06393984316668,36.070707956053518],[138.06400234325002,36.070707956157875]]]},"properties":{"FID":86,"A31_201":"8505050720","A31_202":"横河川","A31_203":20,"A31_204":"長野県","A31_205":1,"A31_206":" ","A31_207":" ","A31_208":" "}},{"type":"Feature","id":87,"geometry":{"type":"Polygon","coordinates":[[[138.07068985216671,36.070707967326015],[138.07075235225003,36.070707967430373],[138.07075235238895,36.070749637407175],[138.07075235252785,36.070791307384155],[138.07075235266669,36.070832967361227],[138.07068985258334,36.07083296725704],[138.07062735250003,36.070832967152853],[138.07062735236119,36.070791307175696],[138.07062735222229,36.070749637198546],[138.07062735208336,36.070707967221566],[138.07068985216671,36.070707967326015]]]},"properties":{"FID":87,"A31_201":"8505050720","A31_202":"横河川","A31_203":20,"A31_204":"長野県","A31_205":1,"A31_206":" ","A31_207":" ","A31_208":" "}},{"type":"Feature","id":88,"geometry":{"type":"Polygon","coordinates":[[[138.07093985319457,36.070916307627115],[138.07100235327792,36.070916307731117],[138.07106485336115,36.070916307835212],[138.0711273534445,36.070916307939214],[138.07112735358339,36.070957967915845],[138.07112735372223,36.070999637892285],[138.07112735386113,36.07104130786891],[138.07106485377781,36.071041307765086],[138.07106485363889,36.070999637788375],[138.07100235355566,36.070999637684451],[138.07100235341682,36.070957967707919],[138.07093985333341,36.070957967603917],[138.07087735325007,36.070957967499993],[138.07087735311126,36.070916307523106],[138.07093985319457,36.070916307627115]]]},"properties":{"FID":88,"A31_201":"8505050720","A31_202":"横河川","A31_203":20,"A31_204":"長野県","A31_205":1,"A31_206":" ","A31_207":" ","A31_208":" "}},{"type":"Feature","id":89,"geometry":{"type":"Polygon","coordinates":[[[138.07175235511119,36.071166308834577],[138.07175235525,36.071207968810313],[138.07168985516665,36.071207968706844],[138.07168985502784,36.071166308731023],[138.07175235511119,36.071166308834577]]]},"properties":{"FID":89,"A31_201":"8505050720","A31_202":"横河川","A31_203":20,"A31_204":"長野県","A31_205":1,"A31_206":" ","A31_207":" ","A31_208":" "}},{"type":"Feature","id":90,"geometry":{"type":"Polygon","coordinates":[[[138.06275234352779,36.071291293871923],[138.06275234366672,36.071332953857876],[138.06268984358337,36.071332953754577],[138.06268984344447,36.071291293768539],[138.06275234352779,36.071291293871923]]]},"properties":{"FID":90,"A31_201":"8505050720","A31_202":"横河川","A31_203":20,"A31_204":"長野県","A31_205":1,"A31_206":" ","A31_207":" ","A31_208":" "}},{"type":"Feature","id":91,"geometry":{"type":"Polygon","coordinates":[[[138.07425235705566,36.070749643248277],[138.07425235691676,36.07070797327539],[138.07431485700008,36.070707973379747],[138.07437735708342,36.070707973484105],[138.07437735694458,36.070666313511126],[138.07443985702784,36.070666313615575],[138.07450235711116,36.070666313720025],[138.07450235697226,36.070624643747308],[138.07456485705558,36.070624643851843],[138.07462735713892,36.070624643956293],[138.07468985722232,36.070624644060835],[138.07475235730567,36.070624644165378],[138.07475235744457,36.070666314137739],[138.07481485752791,36.070666314242189],[138.07487735761123,36.070666314346639],[138.07493985769457,36.070666314451088],[138.07500235777789,36.070666314555538],[138.07506485787499,36.070666314659448],[138.07506485801392,36.070707974631816],[138.0751273581111,36.070707974735818],[138.07518985820838,36.070707974839735],[138.07518985834727,36.070749644812011],[138.07525235844454,36.070749644916106],[138.07525235858338,36.070791314888638],[138.07525235872228,36.070832974861268],[138.07525235886112,36.07087464483363],[138.07531485895839,36.070874644937902],[138.07531485909738,36.070916314910441],[138.07525235900002,36.070916314806169],[138.07518985890292,36.070916314701897],[138.07512735880556,36.07091631459754],[138.07512735894448,36.070957974569986],[138.07506485884727,36.070957974465628],[138.07506485898611,36.070999644437805],[138.07500235888892,36.070999644333355],[138.07500235902782,36.071041314305717],[138.07493985894459,36.071041314201892],[138.07493985908349,36.07108297417399],[138.07493985922233,36.071124644146352],[138.07487735913898,36.071124644042698],[138.07487735927791,36.071166314015144],[138.0748773594168,36.07120797398742],[138.07487735955564,36.071249643959781],[138.07487735969454,36.071291313932051],[138.07487735983347,36.071332973904504],[138.07481485975012,36.071332973801205],[138.07475235966672,36.071332973697821],[138.07468985958337,36.071332973594529],[138.07462735950006,36.071332973491238],[138.07456485941671,36.071332973387854],[138.07450235933339,36.071332973284555],[138.07443985925005,36.071332973181171],[138.07437735916682,36.071332973077872],[138.07431485908347,36.071332972974488],[138.07425235900007,36.071332972871197],[138.07418985891672,36.071332972767905],[138.07412735883341,36.071332972664521],[138.07406485875006,36.071332972561223],[138.07400235866663,36.071332972457839],[138.07393985858332,36.07133297235454],[138.0738773585,36.071332972251156],[138.07381485841674,36.071332972147864],[138.07375235833342,36.071332972044573],[138.07368985825008,36.071332971941189],[138.07362735816676,36.07133297183789],[138.07362735802784,36.071291311864016],[138.07362735788894,36.071249641890326],[138.0736273577501,36.071207971916635],[138.0736273576112,36.071166311942939],[138.07362735747228,36.071124641969064],[138.07362735733338,36.071082971995281],[138.07362735719454,36.071041312021677],[138.07362735705564,36.070999642047809],[138.07362735691672,36.070957972074112],[138.07362735677791,36.070916312100337],[138.07356485669459,36.070916311996328],[138.07350235661116,36.070916311892233],[138.07343985652781,36.070916311788224],[138.0733773564445,36.070916311684222],[138.07331485636115,36.07091631158022],[138.07325235627792,36.070916311476125],[138.07318985619457,36.070916311372116],[138.07312735611126,36.070916311268107],[138.07306485602794,36.070916311164105],[138.07300235594451,36.07091631106001],[138.07300235580558,36.070874641085609],[138.07300235566669,36.070832971111201],[138.07300235552788,36.070791311136709],[138.07300235538895,36.070749641162124],[138.07300235525003,36.070707971187815],[138.07300235511121,36.070666311213316],[138.07300235497232,36.070624641239007],[138.07300235483339,36.070582971264514],[138.07306485491674,36.070582971369049],[138.0730648547779,36.07054131139482],[138.07312735486124,36.070541311499454],[138.07318985494456,36.070541311604075],[138.0732523550279,36.070541311708794],[138.07331485511114,36.070541311813422],[138.07337735519448,36.070541311918049],[138.0734398552778,36.070541312022677],[138.07350235536114,36.070541312127389],[138.07356485544454,36.070541312232024],[138.07356485558338,36.070582972205713],[138.07356485572228,36.070624642179581],[138.07362735580563,36.070624642284123],[138.0736273556667,36.070582972310341],[138.07368985575005,36.070582972414883],[138.07375235583345,36.070582972519503],[138.07381485591679,36.070582972624045],[138.07381485577795,36.070541312650619],[138.07387735586113,36.070541312755246],[138.07393985594453,36.070541312859959],[138.07393985608337,36.070582972833208],[138.07393985622227,36.070624642806635],[138.07393985636119,36.070666312779977],[138.07400235644451,36.070666312884427],[138.07400235658332,36.070707972857853],[138.07406485666675,36.070707972962211],[138.0741273567501,36.070707973066575],[138.07418985683341,36.07070797317094],[138.07418985697234,36.07074964314392],[138.07425235705566,36.070749643248277],[138.07425235719458,36.070791313221441],[138.0743148572779,36.070791313325628],[138.074314857139,36.070749643352556],[138.07425235705566,36.070749643248277]],[[138.0745648581667,36.07095797363349],[138.07450235808335,36.070957973529573],[138.07450235822228,36.07099964350229],[138.07443985813893,36.070999643398373],[138.07443985827777,36.071041313371268],[138.07437735819462,36.071041313267528],[138.07437735833344,36.071082973240244],[138.07431485825009,36.071082973136505],[138.07431485838902,36.071124643109577],[138.07425235830567,36.07112464300593],[138.07425235844451,36.071166312979003],[138.07431485852791,36.071166313082649],[138.07431485866675,36.071207973055543],[138.07431485880565,36.071249643028523],[138.07431485894458,36.07129131300151],[138.07437735902789,36.071291313104894],[138.07443985911115,36.071291313208278],[138.07450235919447,36.071291313311661],[138.07456485927781,36.071291313415045],[138.07456485913897,36.071249643442414],[138.07456485900008,36.071207973469697],[138.07462735908339,36.071207973573266],[138.0746273589445,36.071166313600727],[138.0746898590279,36.071166313704282],[138.074689858889,36.071124643731657],[138.07468985875008,36.071082973759033],[138.07468985861118,36.07104131378658],[138.07468985847225,36.070999643813948],[138.07462735838894,36.070999643710039],[138.07456485830559,36.070999643606115],[138.0745648581667,36.07095797363349]]]},"properties":{"FID":91,"A31_201":"8505050720","A31_202":"横河川","A31_203":20,"A31_204":"長野県","A31_205":1,"A31_206":" ","A31_207":" ","A31_208":" "}},{"type":"Feature","id":92,"geometry":{"type":"Polygon","coordinates":[[[138.06331484441671,36.071332954787884],[138.06337734450003,36.071332954891176],[138.06343984458334,36.07133295499456],[138.06350234466677,36.071332955097859],[138.06356484475012,36.071332955201242],[138.06362734483344,36.071332955304541],[138.06368984491678,36.071332955407833],[138.06368984505568,36.071374625392629],[138.06362734497236,36.071374625289337],[138.06356484488902,36.071374625186039],[138.06350234480561,36.07137462508274],[138.06343984472227,36.071374624979541],[138.06337734463892,36.071374624876242],[138.06331484455561,36.071374624773036],[138.06325234447229,36.071374624669744],[138.06325234433336,36.0713329546845],[138.06331484441671,36.071332954787884]]]},"properties":{"FID":92,"A31_201":"8505050720","A31_202":"横河川","A31_203":20,"A31_204":"長野県","A31_205":1,"A31_206":" ","A31_207":" ","A31_208":" "}},{"type":"Feature","id":93,"geometry":{"type":"Polygon","coordinates":[[[138.06275234394454,36.071416293829508],[138.06268984386122,36.071416293726301],[138.0626898437223,36.071374623740354],[138.06275234380564,36.071374623843646],[138.06275234394454,36.071416293829508]]]},"properties":{"FID":93,"A31_201":"8505050720","A31_202":"横河川","A31_203":20,"A31_204":"長野県","A31_205":1,"A31_206":" ","A31_207":" ","A31_208":" "}},{"type":"Feature","id":94,"geometry":{"type":"Polygon","coordinates":[[[138.06275234394454,36.071416293829508],[138.06281484402786,36.071416293932714],[138.0628148441667,36.071457953918483],[138.06275234408335,36.071457953815369],[138.06275234394454,36.071416293829508]]]},"properties":{"FID":94,"A31_201":"8505050720","A31_202":"横河川","A31_203":20,"A31_204":"長野県","A31_205":1,"A31_206":" ","A31_207":" ","A31_208":" "}},{"type":"Feature","id":95,"geometry":{"type":"Polygon","coordinates":[[[138.07581486195838,36.071541315341847],[138.07575236186119,36.071541315236516],[138.07575236172235,36.071499645263351],[138.07568986162499,36.071499645158099],[138.07568986148607,36.071457975185211],[138.07562736138891,36.071457975079959],[138.07562736124999,36.071416315106973],[138.0755648611528,36.071416315001812],[138.0755648610139,36.07137464502901],[138.0755023609168,36.071374644923935],[138.07550236077796,36.071332974951218],[138.07550236063898,36.071291314978325],[138.07550236050005,36.0712496450057],[138.07550236036116,36.071207975032891],[138.0755023602224,36.071166315060182],[138.07550236008342,36.071124645087281],[138.07550235994458,36.071082975114479],[138.07550235980568,36.071041315141855],[138.07556485990278,36.071041315246305],[138.07562736000006,36.07104131535084],[138.07568986009724,36.071041315455375],[138.07568986023614,36.071082975428183],[138.07575236033341,36.071082975532811],[138.07581486043063,36.071082975637353],[138.07587736052778,36.071082975741973],[138.07587736038906,36.071041315768909],[138.07593986048616,36.071041315873444],[138.07600236058352,36.071041315977894],[138.07600236044453,36.070999646004466],[138.07606486054181,36.070999646108916],[138.07612736063891,36.070999646213366],[138.07612736050007,36.070957976240024],[138.07618986059725,36.070957976344388],[138.07618986045836,36.070916316370784],[138.07618986031952,36.070874646397179],[138.07618986018053,36.070832976423752],[138.07618986004172,36.070791316450055],[138.0761898599028,36.070749646476457],[138.07625235999998,36.070749646580552],[138.07625235986109,36.070707976607032],[138.07625235972225,36.070666316633336],[138.07625235958335,36.070624646659823],[138.07625235944451,36.070582976686126],[138.07625235930561,36.070541316712614],[138.07618985920834,36.070541316608967],[138.0761898590695,36.070499646635355],[138.07618985893052,36.070457976661757],[138.07625235902779,36.070457976765226],[138.07625235888895,36.0704163167918],[138.07625235875005,36.070374646818109],[138.07631485884724,36.070374646921493],[138.07631485870843,36.070332976947881],[138.07637735880559,36.070332977051265],[138.07637735894451,36.070374647024877],[138.07637735908344,36.070416316998745],[138.07637735922225,36.070457976972349],[138.07637735936123,36.070499646946217],[138.07637735950007,36.07054131692],[138.07637735963897,36.070582976893697],[138.07637735977781,36.070624646867479],[138.07637735991679,36.070666316841084],[138.07637736005563,36.070707976814958],[138.07637736019453,36.070749646788556],[138.07637736033337,36.070791316762431],[138.07637736047226,36.070832976736213],[138.07637736061119,36.07087464670991],[138.07637736075017,36.070916316683693],[138.0763773608889,36.070957976657468],[138.07631486079174,36.07095797655311],[138.07631486093055,36.070999646526715],[138.07625236083337,36.070999646422266],[138.07625236097238,36.071041316395963],[138.07618986087508,36.071041316291513],[138.07618986101392,36.071082976264847],[138.07618986115281,36.071124646238452],[138.07612736105554,36.071124646133825],[138.07612736119447,36.07116631610743],[138.07612736133328,36.071207976080771],[138.07612736147217,36.071249646054284],[138.0761273616111,36.071291316027626],[138.07612736175003,36.07133297600123],[138.07606486165281,36.07133297589624],[138.07606486179174,36.071374645869582],[138.07600236169455,36.071374645764507],[138.07600236183345,36.071416315737849],[138.07593986173629,36.071416315632689],[138.0759398618751,36.071457975606023],[138.07587736177783,36.071457975500778],[138.07587736191681,36.071499645473935],[138.07581486181945,36.071499645368689],[138.07581486195838,36.071541315341847]]]},"properties":{"FID":95,"A31_201":"8505050720","A31_202":"横河川","A31_203":20,"A31_204":"長野県","A31_205":1,"A31_206":" ","A31_207":" ","A31_208":" "}},{"type":"Feature","id":96,"geometry":{"type":"Polygon","coordinates":[[[138.07200235669453,36.07154130902903],[138.07200235683342,36.07158296900441],[138.07193985675011,36.071582968901474],[138.07193985661118,36.071541308926001],[138.07200235669453,36.07154130902903]]]},"properties":{"FID":96,"A31_201":"8505050720","A31_202":"横河川","A31_203":20,"A31_204":"長野県","A31_205":1,"A31_206":" ","A31_207":" ","A31_208":" "}},{"type":"Feature","id":97,"geometry":{"type":"Polygon","coordinates":[[[138.06237734455567,36.071749623094142],[138.06237734469448,36.071791293080182],[138.06231484461117,36.071791292974311],[138.06225234452782,36.071791292868525],[138.06225234438892,36.071749622882756],[138.06231484447224,36.071749622988449],[138.06231484433343,36.071707953002587],[138.06237734441675,36.071707953108188],[138.06237734455567,36.071749623094142]]]},"properties":{"FID":97,"A31_201":"8505050720","A31_202":"横河川","A31_203":20,"A31_204":"長野県","A31_205":1,"A31_206":" ","A31_207":" ","A31_208":" "}},{"type":"Feature","id":98,"geometry":{"type":"Polygon","coordinates":[[[138.06050234386115,36.072291289713966],[138.0604398437778,36.072291289607385],[138.0604398436389,36.072249619623477],[138.06037734355556,36.072249619516981],[138.06037734341666,36.072207949533166],[138.06043984349998,36.072207949639569],[138.06043984336117,36.072166289655925],[138.06043984322224,36.07212461967211],[138.06043984308334,36.072082949688379],[138.0604398429445,36.072041289704472],[138.06043984280561,36.071999619720472],[138.06037734272226,36.071999619614516],[138.06037734258337,36.071957949630786],[138.06031484250013,36.071957949524737],[138.06031484236121,36.071916289541008],[138.06031484222228,36.071874619557278],[138.06025234213897,36.071874619451229],[138.06025234200007,36.071832949467762],[138.06031484208339,36.071832949573633],[138.06031484194457,36.071791289589818],[138.06037734202781,36.071791289695597],[138.06037734188891,36.071749619711959],[138.06037734174998,36.071707949728228],[138.06043984183333,36.071707949833922],[138.06043984169449,36.0716662898501],[138.06043984155559,36.071624619866284],[138.06050234163891,36.071624619971622],[138.06050234177783,36.071666289955616],[138.06050234191665,36.071707949939437],[138.06050234205554,36.071749619923345],[138.06050234219447,36.071791289907253],[138.06056484227781,36.071791290012946],[138.06056484241671,36.071832949997031],[138.06062734250003,36.071832950102902],[138.06062734263895,36.071874620086717],[138.06062734277788,36.071916290070803],[138.06068984286119,36.071916290176766],[138.06068984300009,36.071957950160936],[138.06068984313893,36.071999620144936],[138.06068984327783,36.072041290129107],[138.06068984341675,36.072082950113284],[138.06068984355565,36.07212462009737],[138.06068984369458,36.072166290081455],[138.06062734361115,36.072166289975051],[138.06062734375007,36.072207949958958],[138.06056484366673,36.072207949852555],[138.06056484380565,36.07224961983664],[138.06050234372222,36.072249619730059],[138.06050234386115,36.072291289713966]]]},"properties":{"FID":98,"A31_201":"8505050720","A31_202":"横河川","A31_203":20,"A31_204":"長野県","A31_205":1,"A31_206":" ","A31_207":" ","A31_208":" "}},{"type":"Feature","id":99,"geometry":{"type":"Polygon","coordinates":[[[138.07337736061112,36.072166310905153],[138.07343986069452,36.072166311007116],[138.07350236077787,36.072166311108987],[138.07356486086121,36.07216631121095],[138.07362736094453,36.072166311312913],[138.07362736108342,36.072207971286517],[138.07368986116677,36.072207971388394],[138.0736898613057,36.072249641362177],[138.07375236138901,36.072249641463962],[138.07375236152791,36.072291311437652],[138.07381486161125,36.072291311539352],[138.07381486175007,36.072332971512864],[138.07375236166675,36.072332971411171],[138.0736898615834,36.072332971309478],[138.07362736150009,36.072332971207871],[138.07362736136116,36.072291311234174],[138.07356486127784,36.072291311132474],[138.0735023611945,36.072291311030696],[138.0735023610556,36.072249641056729],[138.07343986097226,36.072249640954951],[138.07337736088894,36.072249640853158],[138.07337736075002,36.07220797087902],[138.0733148606667,36.07220797077715],[138.07331486052777,36.07216631080319],[138.07337736061112,36.072166310905153]]]},"properties":{"FID":99,"A31_201":"8505050720","A31_202":"横河川","A31_203":20,"A31_204":"長野県","A31_205":1,"A31_206":" ","A31_207":" ","A31_208":" "}},{"type":"Feature","id":100,"geometry":{"type":"Polygon","coordinates":[[[138.0698773570557,36.072499635019419],[138.06981485697236,36.072499634918074],[138.06981485683346,36.072457964940121],[138.06981485669453,36.072416304962076],[138.06975235661122,36.072416304860553],[138.06968985652787,36.072416304759038],[138.06968985666668,36.072457964737261],[138.06962735658337,36.072457964635831],[138.06956485650005,36.072457964534308],[138.06950235641671,36.072457964432886],[138.06943985633336,36.072457964331448],[138.06943985619446,36.072416304352963],[138.06943985605557,36.072374634374654],[138.06943985591673,36.072332964396161],[138.06950235600007,36.072332964497861],[138.06950235586115,36.072291304519638],[138.06950235572225,36.072249634541144],[138.06950235558341,36.072207964562743],[138.06956485566675,36.072207964664614],[138.06956485580565,36.072249634643015],[138.069627355889,36.072249634744807],[138.06968985597231,36.072249634846585],[138.06968985611124,36.072291304824816],[138.06975235619456,36.072291304926509],[138.0698148562779,36.072291305028294],[138.0698148564168,36.072332965006161],[138.06987735650014,36.072332965107861],[138.06987735663904,36.072374635085815],[138.06993985672221,36.072374635187423],[138.07000235680562,36.072374635288938],[138.07000235694443,36.072416305266721],[138.06993985686111,36.072416305165113],[138.06993985700001,36.072457965143073],[138.06987735691678,36.072457965041636],[138.0698773570557,36.072499635019419]]]},"properties":{"FID":100,"A31_201":"8505050720","A31_202":"横河川","A31_203":20,"A31_204":"長野県","A31_205":1,"A31_206":" ","A31_207":" ","A31_208":" "}},{"type":"Feature","id":101,"geometry":{"type":"Polygon","coordinates":[[[138.07143985900007,36.072457967578103],[138.07143985913896,36.072499637554188],[138.07137735905565,36.072499637452765],[138.07137735891672,36.072457967476581],[138.0713148588334,36.072457967375151],[138.07131485869456,36.072416307398797],[138.07131485855567,36.072374637422527],[138.07137735863898,36.072374637524135],[138.07143985872233,36.072374637625742],[138.07150235880565,36.07237463772735],[138.07150235894457,36.07241630770335],[138.07143985886123,36.072416307601827],[138.07143985900007,36.072457967578103]]]},"properties":{"FID":101,"A31_201":"8505050720","A31_202":"横河川","A31_203":20,"A31_204":"長野県","A31_205":1,"A31_206":" ","A31_207":" ","A31_208":" "}},{"type":"Feature","id":102,"geometry":{"type":"Polygon","coordinates":[[[138.06025234436129,36.072541289189132],[138.0602523445001,36.072582949172862],[138.06018984441675,36.072582949065747],[138.06018984427786,36.072541289082196],[138.06025234436129,36.072541289189132]]]},"properties":{"FID":102,"A31_201":"8505050720","A31_202":"横河川","A31_203":20,"A31_204":"長野県","A31_205":1,"A31_206":" ","A31_207":" ","A31_208":" "}},{"type":"Feature","id":103,"geometry":{"type":"Polygon","coordinates":[[[138.06118984644453,36.072791290702398],[138.06125234652785,36.072791290809782],[138.0613148466112,36.072791290917252],[138.0613773466946,36.072791291024629],[138.06143984677794,36.072791291132191],[138.06143984691676,36.072832951116894],[138.06143984705568,36.07287462110196],[138.06143984719458,36.072916291086756],[138.06137734711126,36.072916290979109],[138.06131484702792,36.072916290871461],[138.0612523469446,36.072916290763814],[138.06118984686117,36.072916290656167],[138.06118984672236,36.072874620671726],[138.06112734663893,36.072874620564079],[138.06112734650011,36.07283295057946],[138.06112734636119,36.072791290595021],[138.06118984644453,36.072791290702398]]]},"properties":{"FID":103,"A31_201":"8505050720","A31_202":"横河川","A31_203":20,"A31_204":"長野県","A31_205":1,"A31_206":" ","A31_207":" ","A31_208":" "}},{"type":"Feature","id":104,"geometry":{"type":"Polygon","coordinates":[[[138.05956484455567,36.072874617874852],[138.05956484469456,36.072916287857694],[138.0595648448334,36.072957947840536],[138.0595648449723,36.0729996178232],[138.05956484511123,36.07304128780622],[138.05950234502788,36.073041287698302],[138.05950234488898,36.072999617715553],[138.05950234475006,36.072957947732888],[138.05950234461125,36.072916287750047],[138.05950234447232,36.072874617767205],[138.05956484455567,36.072874617874852]]]},"properties":{"FID":104,"A31_201":"8505050720","A31_202":"横河川","A31_203":20,"A31_204":"長野県","A31_205":1,"A31_206":" ","A31_207":" ","A31_208":" "}},{"type":"Feature","id":105,"geometry":{"type":"Polygon","coordinates":[[[138.06112734705567,36.072999620517663],[138.06112734719449,36.073041290502374],[138.06106484711117,36.073041290394457],[138.06100234702782,36.073041290286724],[138.06093984694451,36.073041290178807],[138.06093984680558,36.072999620194281],[138.06100234688893,36.072999620302106],[138.06106484697224,36.072999620409931],[138.06106484683343,36.07295795042549],[138.06106484669451,36.072916290440872],[138.06112734677785,36.07291629054852],[138.06112734691675,36.072957950533223],[138.06112734705567,36.072999620517663]]]},"properties":{"FID":105,"A31_201":"8505050720","A31_202":"横河川","A31_203":20,"A31_204":"長野県","A31_205":1,"A31_206":" ","A31_207":" ","A31_208":" "}},{"type":"Feature","id":106,"geometry":{"type":"Polygon","coordinates":[[[138.0599398474167,36.073582948235796],[138.0599398475556,36.073624618218901],[138.05987734747228,36.073624618110102],[138.05987734733336,36.073582948127083],[138.0599398474167,36.073582948235796]]]},"properties":{"FID":106,"A31_201":"8505050720","A31_202":"横河川","A31_203":20,"A31_204":"長野県","A31_205":1,"A31_206":" ","A31_207":" ","A31_208":" "}},{"type":"Feature","id":107,"geometry":{"type":"Polygon","coordinates":[[[138.05962734825016,36.073957947538162],[138.05956484816673,36.073957947428823],[138.05950234808338,36.0739579473194],[138.05950234794457,36.073916287336829],[138.05950234780568,36.073874617353894],[138.05950234766675,36.073832947371145],[138.0595648477501,36.073832947480213],[138.05956484761117,36.073791287497457],[138.0596273476946,36.073791287606618],[138.05962734755568,36.073749617623598],[138.05968984763902,36.073749617732574],[138.0596898475001,36.073707947749824],[138.05975234758344,36.073707947858622],[138.05975234772234,36.073749617841642],[138.05981484780557,36.073749617950625],[138.05987734788891,36.073749618059693],[138.05987734802784,36.073791288043068],[138.05993984811116,36.073791288152137],[138.05993984825005,36.073832948135156],[138.05993984838898,36.073874618118531],[138.05987734830563,36.073874618009285],[138.05981484822223,36.073874617900039],[138.05981484836113,36.073916287883236],[138.0597523482779,36.07391628777399],[138.05968984819458,36.073916287664744],[138.05962734811123,36.073916287555321],[138.05962734825016,36.073957947538162]]]},"properties":{"FID":107,"A31_201":"8505050720","A31_202":"横河川","A31_203":20,"A31_204":"長野県","A31_205":1,"A31_206":" ","A31_207":" ","A31_208":" "}},{"type":"Feature","id":108,"geometry":{"type":"Polygon","coordinates":[[[138.05931484811123,36.074041286956373],[138.05931484825004,36.074082946939036],[138.05925234816672,36.074082946829435],[138.0592523480278,36.074041286846949],[138.05931484811123,36.074041286956373]]]},"properties":{"FID":108,"A31_201":"8505050720","A31_202":"横河川","A31_203":20,"A31_204":"長野県","A31_205":1,"A31_206":" ","A31_207":" ","A31_208":" "}},{"type":"Feature","id":109,"geometry":{"type":"Polygon","coordinates":[[[138.05925234913892,36.074374616707019],[138.05925234927781,36.074416286689505],[138.05925234941665,36.074457946671899],[138.05918984933351,36.074457946561679],[138.05918984919458,36.074416286579371],[138.05918984905568,36.074374616596884],[138.05925234913892,36.074374616707019]]]},"properties":{"FID":109,"A31_201":"8505050720","A31_202":"横河川","A31_203":20,"A31_204":"長野県","A31_205":1,"A31_206":" ","A31_207":" ","A31_208":" "}},{"type":"Feature","id":110,"geometry":{"type":"Polygon","coordinates":[[[138.05881484925007,36.074582945846558],[138.05881484911114,36.074541285864605],[138.05881484897225,36.074499615882473],[138.05887734905565,36.074499615992785],[138.05887734891675,36.074457946010654],[138.05893984900007,36.074457946120788],[138.05900234908341,36.074457946231007],[138.05906484916676,36.074457946341234],[138.05906484930566,36.07449961632372],[138.05900234922234,36.074499616213316],[138.05900234936124,36.074541286195625],[138.05893984927792,36.074541286085406],[138.05887734919449,36.074541285974917],[138.05887734933339,36.074582945957047],[138.05881484925007,36.074582945846558]]]},"properties":{"FID":110,"A31_201":"8505050720","A31_202":"横河川","A31_203":20,"A31_204":"長野県","A31_205":1,"A31_206":" ","A31_207":" ","A31_208":" "}},{"type":"Feature","id":111,"geometry":{"type":"Polygon","coordinates":[[[138.05881484925007,36.074582945846558],[138.05881484938897,36.074624615828512],[138.05875234930565,36.074624615718022],[138.05875234916672,36.074582945736154],[138.05881484925007,36.074582945846558]]]},"properties":{"FID":111,"A31_201":"8505050720","A31_202":"横河川","A31_203":20,"A31_204":"長野県","A31_205":1,"A31_206":" ","A31_207":" ","A31_208":" "}},{"type":"Feature","id":112,"geometry":{"type":"Polygon","coordinates":[[[138.05875234930565,36.074624615718022],[138.05875234944446,36.074666285699976],[138.05868984936114,36.074666285589487],[138.05868984922222,36.074624615607533],[138.05875234930565,36.074624615718022]]]},"properties":{"FID":112,"A31_201":"8505050720","A31_202":"横河川","A31_203":20,"A31_204":"長野県","A31_205":1,"A31_206":" ","A31_207":" ","A31_208":" "}},{"type":"Feature","id":113,"geometry":{"type":"Polygon","coordinates":[[[138.05868984936114,36.074666285589487],[138.05868984950004,36.074707945571348],[138.05862734941681,36.074707945460773],[138.05862734927788,36.07466628547882],[138.05868984936114,36.074666285589487]]]},"properties":{"FID":113,"A31_201":"8505050720","A31_202":"横河川","A31_203":20,"A31_204":"長野県","A31_205":1,"A31_206":" ","A31_207":" ","A31_208":" "}},{"type":"Feature","id":114,"geometry":{"type":"Polygon","coordinates":[[[138.05837734950003,36.074832944962807],[138.05837734963896,36.074874614944321],[138.05831484955561,36.074874614833476],[138.05831484941672,36.074832944851963],[138.05837734950003,36.074832944962807]]]},"properties":{"FID":114,"A31_201":"8505050720","A31_202":"横河川","A31_203":20,"A31_204":"長野県","A31_205":1,"A31_206":" ","A31_207":" ","A31_208":" "}},{"type":"Feature","id":115,"geometry":{"type":"Polygon","coordinates":[[[138.05925232236211,36.066332950137927],[138.05925232249746,36.066374620113663],[138.05925232263274,36.066416290089492],[138.059252322768,36.066457950065399],[138.05931482285098,36.066457950163013],[138.05931482298635,36.066499620138657],[138.0593148231217,36.066541290114486],[138.05937732320484,36.066541290211916],[138.05937732334021,36.066582950187481],[138.05931482325707,36.066582950090137],[138.05925232317381,36.066582949992792],[138.05918982309075,36.066582949895448],[138.05912732300752,36.066582949798011],[138.05906482292437,36.066582949700667],[138.05906482305937,36.066624619676844],[138.05900232297611,36.0666246195795],[138.05900232311112,36.066666289555684],[138.05900232324996,36.066707949537815],[138.05900232338885,36.066749619520124],[138.05900232352778,36.066791289502163],[138.05893982344443,36.066791289404733],[138.05893982358327,36.066832949386949],[138.05893982372217,36.066874619368996],[138.05893982386107,36.066916289351212],[138.05887732377775,36.066916289253605],[138.05887732391656,36.066957949235736],[138.05887732405549,36.066999619217867],[138.05881482397214,36.06699961911999],[138.05881482411107,36.067041289102121],[138.05881482424996,36.067082949083897],[138.05875232416665,36.06708294898602],[138.05875232430546,36.067124618968151],[138.05875232444438,36.067166288950105],[138.05868982436104,36.06716628885205],[138.05868982449996,36.067207948833826],[138.0586273244167,36.067207948735771],[138.05862732455563,36.067249618717547],[138.05862732469444,36.067291288699408],[138.05856482461112,36.067291288601268],[138.05856482475002,36.067332948582774],[138.0585023246667,36.067332948484456],[138.05850232480552,36.067374618465962],[138.0584398247222,36.067374618367552],[138.0584398248611,36.067416288349243],[138.05843982500002,36.067457948330926],[138.05837732491659,36.06745794823243],[138.05837732505552,36.067499618213851],[138.05837732519441,36.067541288195358],[138.05837732533331,36.067582948177048],[138.05837732547224,36.067624618158469],[138.05831482538889,36.067624618059611],[138.05831482552773,36.06766628804121],[138.05825232544439,36.067666287942359],[138.05825232558331,36.067707947923509],[138.05818982549997,36.067707947824658],[138.05818982563889,36.067749617805987],[138.0581898257777,36.0677912877875],[138.05812732569439,36.067791287688379],[138.05812732583328,36.067832947669444],[138.05812732597221,36.067874617650688],[138.05812732611102,36.067916287631931],[138.05818982619445,36.067916287731229],[138.05825232627777,36.067916287830528],[138.05825232641661,36.067957947811948],[138.05831482649992,36.067957947911424],[138.05831482663885,36.067999617892752],[138.05831482677775,36.068041287874266],[138.05837732686109,36.068041287973742],[138.05837732699999,36.06808294795534],[138.05837732713891,36.068124617936761],[138.05843982722223,36.068124618036414],[138.05843982736116,36.06816628801819],[138.05850232744447,36.068166288117844],[138.0585023275834,36.068207948099442],[138.05850232772221,36.068249618081126],[138.05850232786111,36.068291288062817],[138.05850232800003,36.068332948044414],[138.05850232813896,36.068374618026098],[138.05843982805553,36.068374617926182],[138.05843982819442,36.068416287907603],[138.05843982833335,36.0684579478892],[138.05843982847225,36.068499617870799],[138.05843982861117,36.068541287852398],[138.05837732852774,36.068541287752033],[138.05837732866667,36.068582947733631],[138.05837732880556,36.068624617715052],[138.05837732894449,36.068666287696651],[138.0583773290833,36.068707947678249],[138.05837732922222,36.06874961765967],[138.05837732936112,36.068791287641446],[138.05837732950005,36.068832947622688],[138.05837732963886,36.068874617604287],[138.05837732977778,36.068916287585886],[138.05831482969444,36.068916287484988],[138.05831482983336,36.068957947466316],[138.05831482997218,36.06899961744783],[138.05831483011107,36.069041287429158],[138.05825233002776,36.069041287327998],[138.05825233016665,36.069082947309596],[138.05818983008334,36.069082947208344],[138.05818983022215,36.069124617189587],[138.05812733013883,36.069124617088157],[138.05812733027773,36.0691662870694],[138.0580648301945,36.069166286968056],[138.05800233011115,36.069166286866718],[138.05800233025008,36.069207946847783],[138.05793983016665,36.069207946746353],[138.05793983030557,36.069249616727419],[138.05793983044447,36.069291286708484],[138.05793983058339,36.069332946689372],[138.05787733049996,36.069332946587764],[138.05787733063889,36.069374616568737],[138.05787733077779,36.069416286549895],[138.05787733091671,36.06945794653069],[138.05787733105561,36.069499616511671],[138.05787733119453,36.069541286492559],[138.05787733133334,36.069582946473624],[138.05793983141666,36.069582946575764],[138.05793983155559,36.069624616556652],[138.05800233163893,36.069624616658793],[138.05806483172225,36.069624616760933],[138.05806483186115,36.069666286742176],[138.05800233177783,36.069666286639944],[138.05800233191673,36.069707946621278],[138.05800233205557,36.069749616602166],[138.05800233219446,36.06979128658341],[138.05800233233339,36.069832946564475],[138.05800233247228,36.06987461654554],[138.05806483255563,36.069874616648121],[138.05806483269453,36.069916286629365],[138.05806483283345,36.06995794661043],[138.0581273329166,36.069957946713103],[138.05812733305552,36.069999616694439],[138.05812733319442,36.07004128667586],[138.05812733333335,36.070082946656925],[138.05812733347216,36.070124616638253],[138.05812733361108,36.070166286619411],[138.05812733374998,36.070207946600831],[138.0581898338333,36.07020794670386],[138.05818983397222,36.070249616685103],[138.05818983411115,36.070291286666432],[138.05825233419446,36.070291286769731],[138.05825233433328,36.070332946751151],[138.0582523344722,36.070374616732479],[138.0582523346111,36.070416286713993],[138.05825233475002,36.070457946695143],[138.05825233488892,36.070499616676656],[138.05825233502784,36.070541286658255],[138.05825233516666,36.070582946639405],[138.05818983508334,36.070582946535666],[138.05818983522224,36.070624616517001],[138.05818983536116,36.070666286498245],[138.05812733527773,36.070666286394413],[138.05812733541666,36.070707946375748],[138.05812733555555,36.070749616356814],[138.05812733569448,36.070791286338235],[138.05812733583329,36.070832946319477],[138.05812733597219,36.070874616300628],[138.05812733611111,36.070916286281964],[138.05818983619446,36.070916286386236],[138.05818983633327,36.070957946367656],[138.05812733624992,36.070957946263292],[138.05812733638885,36.07099961624445],[138.05806483630562,36.07099961614],[138.05806483644452,36.071041286121243],[138.0580023363612,36.071041286016793],[138.05793983627785,36.071041285912344],[138.05787733619451,36.071041285807716],[138.05781483611111,36.071041285703174],[138.05775233602776,36.071041285598639],[138.05775233616669,36.071082945579349],[138.05768983608334,36.071082945474899],[138.05768983622227,36.071124615455609],[138.05768983636116,36.071166285436497],[138.0576898365,36.071207945417115],[138.05762733641666,36.071207945312402],[138.05762733655558,36.071249615293112],[138.05762733669448,36.07129128527373],[138.05762733683332,36.07133294525444],[138.05762733697222,36.071374615235065],[138.05762733711114,36.071416285215776],[138.0575648370278,36.071416285110701],[138.05756483716664,36.07145794509141],[138.05750233708338,36.071457944986165],[138.0575023372223,36.071499614966697],[138.0575023373612,36.071541284947315],[138.05750233750013,36.07158294492767],[138.05743983741669,36.071582944822246],[138.05743983755559,36.071624614802957],[138.05743983769452,36.07166628478349],[138.05737733761117,36.071666284677974],[138.05737733775001,36.071707944658151],[138.05737733788891,36.071749614638591],[138.05737733802783,36.071791284619039],[138.05731483794449,36.071791284513168],[138.05731483808341,36.071832944493607],[138.05731483822223,36.071874614473877],[138.05731483836124,36.071916284454232],[138.05725233827781,36.071916284348362],[138.05725233841673,36.071957944328716],[138.05725233855563,36.071999614308893],[138.05718983847231,36.071999614202753],[138.05718983861112,36.07204128418293],[138.05712733852781,36.072041284076796],[138.0571273386667,36.072082944056973],[138.05706483858339,36.072082943950747],[138.0570648387222,36.072124613930747],[138.05706483886109,36.072166283910924],[138.05700233877778,36.072166283804521],[138.05700233891667,36.072207943784342],[138.05700233905551,36.072249613764427],[138.05693983897237,36.072249613657938],[138.05693983911118,36.072291283637938],[138.05693983925011,36.072332943617759],[138.05687733916676,36.072332943511086],[138.05687733930569,36.072374613491],[138.0568773394445,36.072416283470822],[138.05687733958339,36.072457943450729],[138.05681483950008,36.072457943343885],[138.05681483963897,36.072499613323529],[138.0568148397779,36.072541283303352],[138.05675233969447,36.072541283196415],[138.05675233983339,36.072582943176144],[138.05675233997229,36.072624613155881],[138.05668983988897,36.072624613048674],[138.05668984002779,36.072666283028411],[138.05668984016671,36.072707943007877],[138.05662734008337,36.072707942900585],[138.05662734022229,36.07274961288023],[138.05656484013886,36.072749612772938],[138.05656484027787,36.07279128275249],[138.05656484041668,36.072832942732049],[138.05650234033334,36.072832942624402],[138.05650234047226,36.072874612603869],[138.05643984038892,36.072874612496307],[138.05643984052776,36.072916282475688],[138.05637734044461,36.072916282368041],[138.05637734058342,36.072957942347415],[138.05637734072235,36.072999612326527],[138.056314840639,36.072999612218794],[138.05631484077793,36.073041282198083],[138.05631484091674,36.073082942177372],[138.0562523408334,36.073082942069547],[138.05625234097232,36.073124612048659],[138.05618984088898,36.073124611940656],[138.0561898410279,36.073166281919768],[138.05612734094447,36.073166281811766],[138.0561273410834,36.073207941790784],[138.05612734122229,36.07324961176981],[138.05606484113898,36.073249611661538],[138.05606484127779,36.073291281640564],[138.05606484141671,36.073332941619498],[138.05606484155561,36.073374611598432],[138.05606484169454,36.073416281577451],[138.05600234161111,36.073416281469008],[138.05600234175,36.073457941447764],[138.05600234188893,36.073499611426698],[138.05600234202785,36.073541281405454],[138.05600234216666,36.073582941384473],[138.05600234230556,36.073624611363321],[138.05593984222224,36.073624611254431],[138.05593984236114,36.073666281233272],[138.05593984249998,36.073707941212206],[138.05593984263888,36.073749611190962],[138.05587734255556,36.073749611081894],[138.05587734269446,36.073791281060743],[138.05587734283338,36.073832941039321],[138.0558773429722,36.073874611018255],[138.05587734311112,36.073916280997011],[138.05587734325002,36.073957940975674],[138.05587734338894,36.073999610954431],[138.05587734352775,36.074041280933102],[138.05587734366668,36.074082940912035],[138.05587734380558,36.074124610890522],[138.05587734394447,36.07416628086937],[138.05587734408331,36.074207940848211],[138.05587734422221,36.074249610826882],[138.05587734436114,36.074291280805639],[138.05587734449995,36.074332940784572],[138.05581484441672,36.074332940674523],[138.05581484455561,36.074374610653194],[138.05581484469454,36.074416280631951],[138.05581484483344,36.074457940610529],[138.05575234475012,36.074457940500217],[138.05575234488902,36.074499610478881],[138.05575234502794,36.074541280457552],[138.05575234516675,36.07458294043613],[138.05575234530568,36.074624610414617],[138.05575234544457,36.074666280393288],[138.05575234558341,36.074707940371951],[138.05575234572231,36.074749610350622],[138.05581484580566,36.074749610461197],[138.05581484594455,36.074791280439868],[138.05581484608348,36.074832940418801],[138.05581484622229,36.074874610397288],[138.05581484636122,36.074916280376044],[138.05581484650011,36.074957940354537],[138.0557523464168,36.074957940243515],[138.05575234655569,36.074999610222179],[138.05575234668714,36.07504128019454],[138.05568984660371,36.075041280083433],[138.05568984673499,36.075082940055523],[138.05562734665148,36.075082939944416],[138.05562734678276,36.075124609916685],[138.05556484669924,36.075124609805577],[138.05556484683044,36.075166279777761],[138.05550234674675,36.075166279666647],[138.05550234661564,36.07512460969447],[138.05550234648456,36.075082939722193],[138.05543984640104,36.075082939611079],[138.05537734631753,36.075082939499971],[138.05531484623404,36.075082939388864],[138.0552523461507,36.075082939277749],[138.05518984606721,36.075082939166634],[138.05512734598369,36.075082939055527],[138.05512734585304,36.075041279083436],[138.05512734572238,36.07499960911116],[138.05512734558337,36.074957939133114],[138.05512734544456,36.074916279155332],[138.05512734530566,36.074874609177378],[138.05512734516674,36.07483293919951],[138.05512734502793,36.074791279221465],[138.055127344889,36.074749609243597],[138.0551273447501,36.074707939265728],[138.05512734461118,36.074666279287769],[138.05512734447228,36.074624609309723],[138.05512734433336,36.074582939331947],[138.05512734419455,36.074541279354079],[138.05512734405562,36.074499609376119],[138.05512734391672,36.074457939398165],[138.05512734377788,36.074416279420475],[138.05512734363899,36.07437460944243],[138.05512734350006,36.074332939464561],[138.05512734336116,36.074291279486516],[138.05512734322235,36.074249609508556],[138.05512734308343,36.07420793953078],[138.0551273429445,36.074166279552735],[138.0551273428056,36.074124609574866],[138.05512734266671,36.074082939596998],[138.05512734252787,36.074041279618953],[138.05506484244455,36.07404127950953],[138.05500234236112,36.074041279399928],[138.0549398422778,36.074041279290412],[138.05487734219446,36.074041279180904],[138.05487734205553,36.073999609203391],[138.05487734191664,36.0739579392257],[138.05487734177782,36.073916279248095],[138.0548773416389,36.073874609270405],[138.0548773415,36.073832939292714],[138.05487734136116,36.073791279315202],[138.05487734122227,36.073749609337511],[138.05487734108334,36.073707939359913],[138.05487734094453,36.073666279382223],[138.0548773408056,36.073624609404533],[138.05487734066671,36.07358293942702],[138.05487734052778,36.07354127944933],[138.05487734038888,36.073499609471725],[138.05487734024996,36.073457939494034],[138.05487734011115,36.073416279516522],[138.05487733997222,36.073374609538746],[138.05487733983333,36.073332939561055],[138.05487733969451,36.073291279583543],[138.05487733955559,36.073249609605853],[138.05487733941669,36.073207939628247],[138.05487733927777,36.07316627965065],[138.05487733913895,36.073124609672959],[138.05487733900003,36.073082939695354],[138.05487733886113,36.073041279717579],[138.05487733872221,36.072999609739888],[138.0548773385834,36.072957939762375],[138.05487733844447,36.072916279784685],[138.05487733830557,36.072874609807172],[138.05487733816665,36.072832939829482],[138.05487733802775,36.07279127985197],[138.05481483794441,36.0727912797445],[138.05475233786109,36.07279127963703],[138.05468983777786,36.072791279529561],[138.05462733769451,36.072791279422177],[138.05456483761117,36.072791279314799],[138.05450233752785,36.07279127920733],[138.05443983744453,36.07279127909986],[138.0543773373611,36.072791278992568],[138.05431483727776,36.072791278885006],[138.05425233719444,36.072791278777629],[138.0541898371111,36.072791278670159],[138.05418983725002,36.072832938646961],[138.05412733716679,36.072832938539491],[138.0541273373056,36.072874608516294],[138.05406483722226,36.072874608408824],[138.05406483736118,36.072916278385449],[138.05400233727784,36.072916278277802],[138.05400233741676,36.072957938254426],[138.05393983733333,36.072957938146779],[138.05393983747226,36.072999608123226],[138.05393983761115,36.073041278099851],[138.05387733752784,36.073041277992026],[138.05387733766665,36.07308293796865],[138.05381483758333,36.073082937860732],[138.05381483772223,36.073124607837094],[138.05375233763891,36.073124607729092],[138.05375233777781,36.073166277705539],[138.05368983769449,36.073166277597537],[138.0536898378333,36.073207937573983],[138.05362733774996,36.073207937465803],[138.05362733761106,36.073166277489534],[138.05362733747225,36.073124607513265],[138.05362733733332,36.073082937536995],[138.05362733719443,36.073041277560634],[138.0536273370555,36.072999607584279],[138.05368983713893,36.072999607692104],[138.05368983700001,36.072957937716012],[138.05368983686111,36.072916277739566],[138.05375233694443,36.072916277847213],[138.05375233680562,36.072874607870943],[138.05381483688893,36.072874607978413],[138.05381483675004,36.072832938001966],[138.05387733683335,36.072832938109435],[138.05387733669446,36.072791278132989],[138.05393983677789,36.072791278240459],[138.05393983663896,36.072749608263834],[138.05400233672231,36.072749608371126],[138.05400233658338,36.072707938394323],[138.05406483666673,36.072707938501615],[138.05406483652789,36.072666278525077],[138.05412733661123,36.072666278632283],[138.05412733647231,36.072624608655389],[138.05418983655557,36.072624608762595],[138.05418983641664,36.0725829387857],[138.05425233649999,36.072582938892907],[138.05425233636115,36.072541278915836],[138.05431483644449,36.072541279022865],[138.05437733652781,36.072541279129801],[138.05437733638891,36.072499609152729],[138.05437733624998,36.072457939175749],[138.05443983633342,36.0724579392826],[138.05443983619449,36.072416279305443],[138.05450233627784,36.072416279412202],[138.05450233613891,36.072374609435045],[138.05450233600001,36.072332939457795],[138.05450233586117,36.072291279480638],[138.05450233572228,36.072249609503302],[138.05450233558335,36.072207939526059],[138.05450233544445,36.07216627954908],[138.05450233530564,36.072124609571745],[138.05450233516672,36.072082939594495],[138.05450233502779,36.072041279617252],[138.05450233488889,36.071999609639917],[138.05450233475008,36.071957939662937],[138.0545648348334,36.071957939768893],[138.0545648346945,36.071916279791473],[138.05462733477782,36.071916279897522],[138.05462733463901,36.071874609920009],[138.05468983472232,36.07187461002588],[138.05475233480558,36.071874610131928],[138.05475233466666,36.071832940154593],[138.05481483475,36.071832940260286],[138.05481483461108,36.071791280282682],[138.05487733469451,36.071791280388467],[138.05487733455558,36.071749610410862],[138.05487733441669,36.071707940433171],[138.05487733427776,36.071666280455659],[138.05487733413895,36.071624610477883],[138.05487733400003,36.071582940500193],[138.05487733386113,36.07154128052268],[138.0548773337222,36.07149961054499],[138.05493983380555,36.071499610650235],[138.05493983366662,36.071457940672637],[138.05500233374997,36.071457940777798],[138.05500233361113,36.07141628079993],[138.05506483369447,36.07141628090509],[138.05506483355555,36.071374610927222],[138.05512733363889,36.071374611032383],[138.05512733350008,36.071332941054422],[138.05512733336116,36.071291281076469],[138.05512733322226,36.071249611098601],[138.05512733308333,36.071207941120733],[138.05512733294452,36.071166281142865],[138.0551273328056,36.071124611164905],[138.0551273326667,36.071082941186859],[138.05512733252786,36.071041281209084],[138.05512733238896,36.070999611231215],[138.05512733225004,36.070957941253255],[138.05512733211114,36.070916281275302],[138.0551273319723,36.070874611297342],[138.0551273318334,36.070832941319566],[138.05512733169451,36.070791281341521],[138.05512733155558,36.070749611363475],[138.05512733141666,36.070707941385692],[138.0551898315,36.070707941489701],[138.05518983136119,36.070666281511564],[138.05525233144451,36.070666281615573],[138.05525233130561,36.070624611637527],[138.05531483138884,36.070624611741351],[138.05537733147219,36.070624611845183],[138.05537733133326,36.070582941866959],[138.05543983141669,36.070582941970699],[138.05543983127777,36.070541281992476],[138.05550233136111,36.070541282096215],[138.05550233122219,36.070499612117814],[138.05556483130562,36.070499612221376],[138.05556483116669,36.070457942242882],[138.05556483102779,36.070416282264659],[138.05562733111111,36.070416282368136],[138.0556273309723,36.070374612389557],[138.05568983105562,36.070374612492941],[138.05568983091672,36.07033294251454],[138.05575233100004,36.070332942617924],[138.05575233086114,36.070291282639168],[138.05575233072233,36.070249612660589],[138.0557523305834,36.070207942682011],[138.05575233044448,36.070166282703255],[138.05575233030558,36.070124612724854],[138.05575233016677,36.070082942746097],[138.05581483025009,36.070082942849126],[138.05587733033332,36.070082942951977],[138.05593983041666,36.070082943054828],[138.05600233050001,36.070082943157857],[138.05606483058332,36.070082943260708],[138.05612733066664,36.070082943363644],[138.05618983074999,36.070082943466588],[138.05625233083342,36.070082943569439],[138.05631483091673,36.070082943672375],[138.05637733100008,36.070082943775319],[138.05637733086115,36.07004128379603],[138.05637733072234,36.069999613816648],[138.05637733058342,36.069957943837274],[138.05637733044452,36.069916283858163],[138.05637733030559,36.069874613878696],[138.05637733016678,36.069832943899584],[138.05637733002786,36.069791283920118],[138.05637732988896,36.069749613940829],[138.05637732975003,36.069707943961539],[138.05637732961114,36.069666283982158],[138.0563773294723,36.069624614002784],[138.0563773293334,36.06958294402358],[138.0563773291945,36.069541284044206],[138.05637732905558,36.069499614065094],[138.05637732891677,36.069457944085713],[138.05637732877784,36.069416284106424],[138.05637732863894,36.069374614127049],[138.05637732850002,36.06933294414776],[138.05637732836121,36.069291284168557],[138.05637732822228,36.06924961418909],[138.05637732808339,36.069207944209893],[138.05637732794455,36.069166284230604],[138.05637732780565,36.069124614251223],[138.05637732766672,36.069082944272026],[138.05637732752783,36.06904128429256],[138.0563773273889,36.068999614313356],[138.05637732725,36.068957944334159],[138.05637732711119,36.06891628435487],[138.05637732697227,36.068874614375403],[138.05637732683334,36.068832944396021],[138.0564398269166,36.068832944496833],[138.05650232699992,36.06883294459773],[138.05656482708326,36.068832944698627],[138.05662732716667,36.068832944799347],[138.05668982725001,36.068832944900151],[138.05675232733336,36.068832945001049],[138.05675232719443,36.068791285021497],[138.05675232705562,36.068749615041675],[138.05675232691669,36.06870794506203],[138.0567523267778,36.068666285082209],[138.05675232663887,36.068624615102564],[138.05675232650006,36.068582945122827],[138.05675232636113,36.068541285143098],[138.05675232622224,36.068499615163276],[138.05675232608331,36.068457945183631],[138.0567523259445,36.06841628520381],[138.05675232580558,36.068374615224165],[138.05675232566668,36.068332945244521],[138.05675232552775,36.068291285264877],[138.05675232538886,36.068249615285055],[138.05675232525005,36.068207945305232],[138.05668982516661,36.068207945205401],[138.05662732508327,36.06820794510557],[138.05656482499995,36.068207945005824],[138.05650232491661,36.068207944905993],[138.05643982483329,36.068207944806254],[138.05643982469437,36.068166284826965],[138.05650232477771,36.068166284926704],[138.05650232463887,36.068124614947152],[138.05656482472222,36.068124615046806],[138.05662732480556,36.068124615146459],[138.05662732466664,36.068082945166992],[138.05668982474998,36.068082945266553],[138.05668982461114,36.068041285286824],[138.05675232469449,36.068041285386386],[138.05675232455556,36.067999615406656],[138.05675232441666,36.067957945427011],[138.05675232427782,36.06791628544719],[138.05675232413893,36.067874615467545],[138.056752324,36.067832945487808],[138.05675232386119,36.067791285508164],[138.05675232372218,36.067749615528342],[138.05675232358337,36.06770794554852],[138.05675232344444,36.067666285568968],[138.05675232330555,36.067624615589146],[138.05675232316662,36.067582945609502],[138.05675232302781,36.06754128562968],[138.05675232288888,36.067499615650036],[138.05675232274999,36.067457945670299],[138.05675232261117,36.06741628569057],[138.05675232247225,36.067374615710747],[138.05675232233335,36.067332945731103],[138.05675232219443,36.067291285751459],[138.05675232205562,36.067249615771637],[138.0567523219166,36.067207945791992],[138.05675232177779,36.067166285812348],[138.05675232163887,36.067124615832526],[138.05675232149997,36.067082945852704],[138.05675232136113,36.06704128587306],[138.05675232122223,36.066999615893323],[138.05675232108331,36.066957945913771],[138.05675232094441,36.066916285933857],[138.05675232080557,36.066874615954127],[138.05675232066667,36.066832945974483],[138.05675232052778,36.066791285994661],[138.05675232038885,36.066749616015016],[138.05675232025004,36.06670794603528],[138.05675232011112,36.066666286055728],[138.05675231997861,36.066624616076972],[138.05675231984608,36.066582946098308],[138.05675231971367,36.0665412861199],[138.05675231958114,36.066499616141144],[138.05675231944863,36.066457946162657],[138.0567523193161,36.066416286183902],[138.0567523191836,36.066374616205323],[138.05675231905116,36.066332946226744],[138.05675231891865,36.066291286248074],[138.05675231878612,36.06624961626941],[138.05675231865362,36.066207946290916],[138.05675231852121,36.066166286312431],[138.05681481860364,36.066166286410485],[138.05687731868616,36.06616628650854],[138.05693981876868,36.066166286606595],[138.05700231885106,36.06616628670465],[138.05700231871828,36.066124616726157],[138.05700231858549,36.066082946747848],[138.0570023184527,36.066041286769625],[138.05700231831992,36.065999616791132],[138.05700231818713,36.06595794681273],[138.05700231805446,36.0659162868346],[138.05700231792167,36.065874616856107],[138.05700231778889,36.06583294687789],[138.0570023176561,36.065791286899483],[138.05700231752331,36.065749616921174],[138.05700231739053,36.065707946942865],[138.05700231725774,36.065666286964458],[138.05700231712495,36.065624616986241],[138.05700231699217,36.06558294700784],[138.05700231685941,36.065541287029617],[138.05706481694085,36.065541287128738],[138.05712731702232,36.065541287227767],[138.05718981710379,36.065541287326887],[138.05725231718526,36.065541287426008],[138.05731481726673,36.065541287525129],[138.0573773173482,36.065541287624157],[138.05737731721507,36.065499617646203],[138.05737731708183,36.065457947668158],[138.0573773169487,36.065416287690383],[138.05737731681546,36.065374617712422],[138.05737731668225,36.065332947734554],[138.05737731654909,36.065291287756594],[138.05737731641588,36.06524961777864],[138.05743981649681,36.065249617878209],[138.05743981636357,36.065207947900426],[138.05750231644453,36.065207948000079],[138.0575023163112,36.065166288022212],[138.05756481639196,36.065166288121958],[138.05756481625846,36.065124618144438],[138.05762731633922,36.065124618244184],[138.05762731620581,36.065082948266493],[138.05762731607231,36.065041288288896],[138.05762731593882,36.064999618311205],[138.05762731580541,36.064957948333515],[138.05762731567194,36.064916288356002],[138.05762731553844,36.064874618378219],[138.05762731540494,36.064832948400529],[138.05762731527153,36.064791288423017],[138.05762731513803,36.064749618445326],[138.05762731500454,36.064707948467728],[138.05762731487107,36.064666288490031],[138.05762731473766,36.06462461851234],[138.05762731460408,36.064582948534834],[138.05762731447066,36.064541288557052],[138.05762731433717,36.064499618579539],[138.05762731420367,36.064457948601849],[138.05768981428338,36.064457948702746],[138.05775231436306,36.064457948803643],[138.05781481444265,36.06445794890454],[138.05787731452236,36.064457949005529],[138.05793981460204,36.064457949106426],[138.05800231468172,36.064457949207323],[138.05800231454779,36.064416289230167],[138.05800231441395,36.064374619252831],[138.05800231428,36.064332949275581],[138.05800231414617,36.064291289298424],[138.05800231401221,36.064249619321174],[138.05800231387838,36.064207949344024],[138.05800231374451,36.064166289366682],[138.05800231361059,36.064124619389439],[138.05800231347672,36.064082949412366],[138.0580023133428,36.064041289435039],[138.05806481342177,36.064041289536647],[138.05812731350068,36.064041289638254],[138.05818981357965,36.064041289739862],[138.05825231365861,36.064041289841377],[138.05831481373761,36.064041289942985],[138.05831481360332,36.063999619966268],[138.0583773136822,36.063999620067968],[138.05837731354791,36.06395795009108],[138.05843981362671,36.063957950192773],[138.05843981349241,36.063916290216149],[138.05850231357113,36.063916290317934],[138.05850231343666,36.063874620341224],[138.05856481351537,36.063874620443094],[138.05856481338091,36.06383295046647],[138.05862731345951,36.063832950568433],[138.05862731332488,36.063791290591986],[138.05862731319033,36.063749620615361],[138.05862731305575,36.063707950638737],[138.0586273129212,36.063666290662383],[138.05862731278654,36.063624620685758],[138.05862731265199,36.063582950709304],[138.05862731251744,36.063541290732687],[138.05862731238278,36.063499620756147],[138.05862731224823,36.0634579507797],[138.05862731211366,36.063416290803076],[138.05862731197911,36.063374620826629],[138.05862731184448,36.063332950850096],[138.0586273117099,36.06329129087365],[138.05862731157535,36.063249620897025],[138.05862731144069,36.0632079509204],[138.05856481136314,36.063207950817457],[138.05850231128557,36.063207950714428],[138.05843981120802,36.0632079506114],[138.05837731113039,36.063207950508456],[138.05831481105281,36.063207950405427],[138.05825231097526,36.063207950302491],[138.05825231084106,36.06316629032569],[138.05825231070693,36.063124620348709],[138.05825231057273,36.063082950371822],[138.05825231043863,36.06304129039475],[138.05831481051592,36.063041290498049],[138.05837731059322,36.06304129060134],[138.05843981067051,36.063041290704547],[138.0585023107478,36.063041290807845],[138.05856481082517,36.063041290911045],[138.05862731090247,36.063041291014343],[138.0586273107678,36.062999621037804],[138.05868981084492,36.062999621141103],[138.05868981071029,36.062957951164748],[138.05868981057563,36.062916291188209],[138.05875231065275,36.062916291291685],[138.058752310518,36.062874621315416],[138.05881481059504,36.06287462141897],[138.05881481046021,36.062832951442616],[138.05887731053724,36.062832951546177],[138.05887731040232,36.062791291569994],[138.05887731026749,36.062749621593724],[138.05887731013257,36.062707951617369],[138.05887730999774,36.062666291641278],[138.05887730986294,36.062624621664924],[138.05887730972802,36.062582951688562],[138.05887730959319,36.062541291712471],[138.05887730945835,36.062499621736109],[138.05887730932344,36.062457951759932],[138.05887730918863,36.062416291783663],[138.05893980926484,36.062416291887935],[138.05893980912992,36.062374621911758],[138.05900230920616,36.062374622016115],[138.05900230907116,36.062332952040109],[138.0590648091472,36.062332952144558],[138.0590648090122,36.062291292168382],[138.05912730908824,36.062291292272917],[138.05912730895307,36.062249622297003],[138.05918980902911,36.062249622401637],[138.05918980889385,36.062207952425723],[138.05925230896963,36.062207952530343],[138.05925230883446,36.062166292554608],[138.05925230869909,36.062124622578693],[138.05925230856383,36.062082952602779],[138.05925230842854,36.062041292627043],[138.05925230829328,36.061999622651129],[138.05925230815802,36.061957952675399],[138.05925230802274,36.061916292699479],[138.05925230788748,36.061874622723657],[138.05925230775219,36.06183295274792],[138.05925230761693,36.061791292772007],[138.05925230748167,36.06174962279627],[138.0592523073463,36.061707952820356],[138.05925230721104,36.06166629284462],[138.05925230707575,36.061624622868706],[138.05925230694049,36.061582952892792],[138.05925230680523,36.061541292917056],[138.05931480688002,36.061541293022842],[138.05931480674468,36.061499623047013],[138.05937730681939,36.061499623152798],[138.05937730668404,36.061457953177054],[138.05943980675866,36.061457953282925],[138.0594398066232,36.06141629330746],[138.05943980648766,36.061374623331723],[138.05950230656219,36.061374623437771],[138.05950230642668,36.061332953462298],[138.05950230629114,36.061291293486654],[138.05950230615551,36.061249623511095],[138.05950230601997,36.061207953535629],[138.05950230588445,36.061166293559978],[138.05950230574891,36.061124623584504],[138.05950230561328,36.061082953608945],[138.05950230547782,36.06104129363348],[138.05950230534222,36.060999623657835],[138.05950230520668,36.060957953682184],[138.05950230507113,36.060916293706804],[138.05943980499731,36.060916293599959],[138.05943980486185,36.060874623624308],[138.0593773047882,36.060874623517371],[138.05937730465277,36.060832953541812],[138.05931480457912,36.060832953434875],[138.05931480444374,36.060791293458962],[138.0593148043084,36.060749623483225],[138.05925230423492,36.060749623376111],[138.05925230409966,36.060707953400374],[138.0592523039644,36.060666293424461],[138.05925230382911,36.060624623448724],[138.0593148039024,36.060624623556109],[138.05931480376705,36.060582953580194],[138.05937730384025,36.060582953687572],[138.05943980391345,36.060582953794949],[138.05943980404891,36.060624623770693],[138.05950230412219,36.060624623877985],[138.05950230425782,36.060666293853359],[138.05950230439328,36.060707953829009],[138.05956480446676,36.060707953936124],[138.05956480460236,36.060749623911505],[138.05962730467584,36.060749624018619],[138.05968980474933,36.060749624125734],[138.05968980488512,36.060791294101115],[138.05975230495869,36.060791294208144],[138.05981480503206,36.060791294315081],[138.05981480516795,36.060832954290369],[138.0598773052416,36.060832954397306],[138.05993980531525,36.060832954504335],[138.05993980545134,36.060874624479268],[138.06000230552496,36.060874624586205],[138.06000230566113,36.060916294561231],[138.06006480573487,36.060916294668075],[138.06006480587104,36.060957954642838],[138.06006480600718,36.060999624617864],[138.06006480614343,36.06104129459289],[138.0600648062796,36.061082954567738],[138.06012730635359,36.061082954674234],[138.06012730648985,36.061124624649082],[138.06012730662619,36.061166294623931],[138.06018980670027,36.061166294730242],[138.0601898068366,36.061207954705182],[138.06018980697294,36.061249624679846],[138.06018980710928,36.061291294654694],[138.06018980724562,36.061332954629549],[138.06025230732007,36.061332954735683],[138.06025230745641,36.061374624710353],[138.06025230759283,36.061416294685117],[138.06025230772917,36.061457954659694],[138.0602523078656,36.061499624634543],[138.0603148079403,36.061499624740321],[138.06037730801492,36.061499624846192],[138.06043980808974,36.061499624951978],[138.06050230816444,36.061499625057849],[138.06050230830112,36.061541295032342],[138.06056480837586,36.061541295138127],[138.06062730845073,36.061541295243906],[138.06068980852547,36.061541295349684],[138.06075230860026,36.061541295455385],[138.06081480867508,36.061541295561163],[138.06081480853811,36.061499625587025],[138.06087730861282,36.061499625692804],[138.06087730847568,36.061457955718758],[138.06093980855033,36.061457955824629],[138.0609398084132,36.061416295850847],[138.06093980827598,36.061374625876795],[138.06100230835051,36.06137462598285],[138.06100230821329,36.061332956008975],[138.06106480828771,36.061332956115109],[138.06112730836219,36.06133295622125],[138.06118980843661,36.061332956327298],[138.06125230851109,36.061332956433432],[138.06131480858562,36.061332956539573],[138.06137730866007,36.061332956645714],[138.06137730879763,36.061374626619049],[138.06143980887217,36.061374626725097],[138.06143980900993,36.06141629669861],[138.0614398091476,36.061457956671859],[138.06150230922213,36.06145795677773],[138.06150230935989,36.061499626751157],[138.06150230949774,36.061541296724585],[138.0615023096355,36.061582956697833],[138.06150230977326,36.061624626671176],[138.06150230991111,36.061666296644603],[138.06150231004887,36.061707956617852],[138.0615023101866,36.061749626591279],[138.06150231032436,36.061791296564436],[138.06143981024928,36.061791296459106],[138.06143981038696,36.061832956432617],[138.06143981052472,36.061874626405952],[138.0613773104493,36.061874626300707],[138.06131481037397,36.061874626195547],[138.06125231029861,36.061874626090301],[138.06118981022328,36.061874625985048],[138.06118981036067,36.061916295958831],[138.06112731028526,36.061916295853671],[138.06112731042256,36.061957955827452],[138.06106481034706,36.061957955722377],[138.06106481048437,36.06199962569616],[138.06106481062167,36.062041295670035],[138.06100231054609,36.062041295565137],[138.06100231068331,36.062082955538834],[138.06093981060752,36.062082955434029],[138.06093981074474,36.062124625408075],[138.06093981088188,36.062166295382127],[138.06087731080618,36.062166295277407],[138.06087731094323,36.062207955251282],[138.06081481086727,36.062207955146654],[138.06081481100432,36.062249625120792],[138.06075231092836,36.062249625016165],[138.0607523110653,36.062291294990303],[138.06075231120218,36.062332954964532],[138.06075231133914,36.062374624938577],[138.06075231147619,36.062416294912808],[138.06068981139987,36.062416294808529],[138.06062731132366,36.062416294704171],[138.06062731146042,36.062457954678578],[138.0605648113841,36.062457954574391],[138.06050231130772,36.062457954470119],[138.0605023114444,36.062499624444435],[138.06043981136798,36.06249962434034],[138.0603773112916,36.062499624236153],[138.06031481121528,36.062499624131974],[138.06031481135179,36.062541294106737],[138.06025231127529,36.062541294002642],[138.06025231141172,36.06258295397722],[138.06025231154806,36.062624623951976],[138.06025231168448,36.062666293926824],[138.06025231182082,36.062707953901409],[138.06031481189757,36.062707954005234],[138.06031481203408,36.062749623979911],[138.06025231195724,36.062749623876172],[138.06025231209367,36.062791293851021],[138.06025231223001,36.062832953825598],[138.06025231236643,36.062874623800447],[138.06018981228939,36.062874623696885],[138.06018981242573,36.062916293671556],[138.06018981256199,36.062957953646404],[138.06012731248487,36.06295795354302],[138.06012731262112,36.062999623517783],[138.06006481254391,36.062999623414484],[138.06006481268008,36.063041293389418],[138.06006481281622,36.063082953364443],[138.0601273128936,36.063082953467656],[138.06012731302985,36.063124623442413],[138.06012731316611,36.063166293417353],[138.06012731330236,36.063207953392109],[138.06018981337991,36.063207953495052],[138.06025231345757,36.063207953598081],[138.06025231359388,36.063249623572837],[138.06031481367154,36.063249623675773],[138.06037731374909,36.063249623778717],[138.06043981382675,36.063249623881568],[138.06043981396334,36.063291293856238],[138.06050231404109,36.06329129395909],[138.06056481411881,36.063291294061855],[138.06062731419655,36.063291294164699],[138.06068981427427,36.063291294267557],[138.06068981441106,36.06333295424178],[138.06068981454803,36.06337462421601],[138.06068981468488,36.063416294190148],[138.06075231476279,36.063416294292821],[138.06075231489967,36.063457954267044],[138.06075231503672,36.063499624241089],[138.06081481511472,36.063499624343592],[138.06081481525177,36.06354129431773],[138.06087731532986,36.063541294420133],[138.06093981540795,36.063541294522629],[138.06093981554508,36.063582954496681],[138.06100231562326,36.063582954598999],[138.06100231576048,36.063624624572782],[138.06106481583876,36.0636246246751],[138.06106481597607,36.063666294648968],[138.06112731605441,36.063666294751201],[138.06112731591702,36.063624624777418],[138.06118981599536,36.063624624879644],[138.06118981585789,36.063582954906124],[138.06125231593606,36.063582955008442],[138.06125231579858,36.063541295034753],[138.06131481587676,36.063541295137156],[138.06131481573917,36.063499625163644],[138.06137731581725,36.06349962526614],[138.06137731567961,36.063457955292712],[138.06143981575761,36.063457955395293],[138.06143981561993,36.063416295421781],[138.06143981548217,36.063374625448532],[138.0614398153445,36.063332955475104],[138.06143981520677,36.06329129550177],[138.06143981506909,36.06324962552825],[138.06143981493133,36.063207955554731],[138.06143981479366,36.063166295581482],[138.0614398146559,36.063124625608054],[138.06143981451822,36.063082955634719],[138.06143981438058,36.063041295661208],[138.06143981424282,36.06299962568778],[138.06143981410506,36.062957955714438],[138.06143981396738,36.062916295741012],[138.06143981382974,36.062874625767762],[138.06137731375262,36.0628746256642],[138.06137731361503,36.062832955690595],[138.06137731347735,36.062791295717261],[138.06137731333979,36.062749625743649],[138.06137731320212,36.062707955770222],[138.06137731306444,36.062666295796802],[138.06137731292688,36.062624625823283],[138.06131481285018,36.06262462571928],[138.0612523127736,36.062624625615356],[138.06125231291111,36.062666295589054],[138.06118981283444,36.062666295485137],[138.06112731275778,36.06266629538122],[138.06106481268111,36.062666295277396],[138.06106481254378,36.062624625303428],[138.06106481240647,36.06258295532956],[138.06100231232989,36.062582955225551],[138.06100231219276,36.062541295251776],[138.06093981211626,36.062541295147682],[138.06093981197913,36.062499625173629],[138.06093981184191,36.062457955199761],[138.06100231191823,36.062457955304026],[138.0610023117811,36.062416295330067],[138.06100231164388,36.062374625356114],[138.06106481172,36.062374625460471],[138.0610648115827,36.062332955486781],[138.06112731165882,36.062332955591231],[138.06112731152152,36.062291295617356],[138.06118981159756,36.062291295721892],[138.06118981146017,36.062249625748294],[138.06118981132266,36.062207955774596],[138.06125231139862,36.062207955879224],[138.06125231126114,36.062166295905712],[138.06131481133693,36.062166296010425],[138.06131481119942,36.06212462603682],[138.06137731127512,36.062124626141625],[138.06143981135091,36.06212462624643],[138.06150231142661,36.062124626351149],[138.06156481150236,36.062124626455955],[138.06162731157815,36.06212462656076],[138.06162731144022,36.062082956587503],[138.06168981151592,36.062082956692308],[138.06175231159162,36.062082956797205],[138.0618148116674,36.062082956902103],[138.06187731174307,36.062082957006908],[138.06193981181877,36.062082957111798],[138.06200231189447,36.062082957216688],[138.06200231203286,36.062124627189498],[138.06206481210845,36.062124627294303],[138.06206481197006,36.062082957321493],[138.06212731204576,36.062082957426391],[138.06218981212146,36.062082957531196],[138.06225231219716,36.062082957636093],[138.06231481227294,36.062082957740984],[138.06237731234862,36.062082957845789],[138.06243981242432,36.062082957950679],[138.06250231250002,36.062082958055576],[138.06256481258333,36.062082958159053],[138.06256481272226,36.062124628131414],[138.06262731280549,36.062124628234884],[138.06268981288883,36.062124628338445],[138.06268981302773,36.062166298310984],[138.06275231311108,36.062166298414638],[138.06275231324989,36.062207958386992],[138.06275231338881,36.062249628359538],[138.06275231352771,36.062291298331985],[138.06275231366664,36.062332958304523],[138.06275231380545,36.06237462827697],[138.06275231394437,36.062416298249516],[138.06275231408327,36.062457958222055],[138.06275231422217,36.062499628194502],[138.06281481430551,36.062499628298681],[138.06281481444444,36.062541298271313],[138.06275231436101,36.062541298167041],[138.0627523144999,36.062582958139402],[138.06275231463883,36.062624628112033],[138.06275231477773,36.062666298084565],[138.06275231491657,36.062707958057018],[138.06275231505546,36.062749628029557],[138.06275231519439,36.062791298002097],[138.0628148152777,36.062791298106816],[138.06281481541663,36.062832958079262],[138.06281481555553,36.062874628051887],[138.06281481569445,36.062916298024341],[138.06281481583326,36.062957957996971],[138.06281481597219,36.062999627969504],[138.06287731605551,36.062999628074493],[138.06287731619443,36.063041298047118],[138.06287731633324,36.063082958019834],[138.06287731647217,36.063124627992373],[138.06287731661106,36.06316629796509],[138.06287731674996,36.063207957937628],[138.06293981683331,36.063207958042966],[138.06293981697223,36.063249628015768],[138.0628773168888,36.063249627910345],[138.0628773170277,36.063291297883062],[138.06287731716662,36.0633329578556],[138.06287731730552,36.063374627828317],[138.06287731744436,36.063416297800856],[138.06287731758326,36.063457957773572],[138.06287731772218,36.063499627746111],[138.06287731786108,36.063541297718828],[138.06287731799992,36.063582957691544],[138.06287731813882,36.063624627664083],[138.06287731827774,36.0636662976368],[138.06287731841664,36.063707957609253],[138.06287731855556,36.06374962758197],[138.06281481847213,36.063749627475744],[138.06281481861106,36.063791297448368],[138.06281481874996,36.063832957420907],[138.06281481888885,36.063874627393446],[138.06281481902769,36.063916297366163],[138.06281481916659,36.063957957338616],[138.06281481930552,36.06399962731124],[138.06281481944441,36.064041297283694],[138.06287731952776,36.064041297390446],[138.06287731966657,36.064082957363169],[138.06287731980549,36.064124627335701],[138.06287731994439,36.064166297308418],[138.06287732008332,36.064207957281141],[138.06287732022213,36.064249627253673],[138.06281482013881,36.064249627146566],[138.06281482027771,36.06429129711919],[138.06281482041663,36.064332957091636],[138.06281482055545,36.064374627064268],[138.06281482069437,36.064416297036985],[138.06281482083327,36.064457957009438],[138.06281482097216,36.064499626982062],[138.06281482111109,36.064541296954516],[138.0628148212499,36.06458295692714],[138.06275232116658,36.064582956819578],[138.06275232130548,36.064624626791939],[138.06281482138883,36.064624626899679],[138.06287732147214,36.064624627007419],[138.06293982155549,36.064624627115066],[138.06293982141665,36.064582957142434],[138.06300232149999,36.064582957250082],[138.06300232163892,36.064624627222798],[138.06300232177773,36.0646662971956],[138.06306482186113,36.06466629730334],[138.06306482199997,36.064707957276326],[138.06306482213887,36.064749627249043],[138.06306482227779,36.064791297222023],[138.06306482241661,36.064832957194739],[138.06306482255553,36.064874627167633],[138.06306482269443,36.064916297140527],[138.06306482283335,36.064957957113336],[138.06306482297217,36.064999627086223],[138.06300232288885,36.064999626977865],[138.06300232302775,36.065041296950767],[138.06293982294443,36.065041296842317],[138.06287732286108,36.065041296733959],[138.06281482277777,36.065041296625509],[138.06275232269434,36.065041296517151],[138.06275232283326,36.065082956489519],[138.06268982274992,36.065082956381069],[138.06262732266657,36.065082956272619],[138.06262732252767,36.06504129630035],[138.06256482244444,36.065041296191907],[138.0625023223611,36.06504129608355],[138.06250232222229,36.064999626111188],[138.06243982214161,36.064999626011172],[138.06243982228051,36.065041295983534],[138.06237732219986,36.065041295883617],[138.06231482211919,36.065041295783701],[138.06231482225783,36.065082955756054],[138.06225232217716,36.065082955656223],[138.06225232231583,36.065124625628769],[138.06218982223507,36.065124625529023],[138.06218982237363,36.065166295501385],[138.0621898225121,36.065207955474101],[138.06212732243114,36.065207955374447],[138.06212732256961,36.065249625346986],[138.06218982265062,36.065249625446555],[138.06218982278921,36.065291295419179],[138.06225232287022,36.065291295518655],[138.06225232300886,36.065332955491193],[138.06218982292773,36.06533295539181],[138.06212732284655,36.065332955292334],[138.06212732298502,36.065374625264958],[138.06206482290389,36.065374625165575],[138.06200232282279,36.065374625066184],[138.06200232296109,36.065416295038986],[138.06200232309948,36.065457955011617],[138.06193982301809,36.065457954912404],[138.06193982315637,36.065499624885391],[138.06187732307501,36.065499624786185],[138.0618773232132,36.065541294759164],[138.06187732335141,36.065582954732058],[138.06193982343297,36.065582954831001],[138.06193982357115,36.065624624803895],[138.06193982370945,36.065666294776705],[138.06200232379109,36.065666294875555],[138.06200232392948,36.065707954848449],[138.06200232406775,36.065749624821166],[138.06200232420613,36.065791294793883],[138.06206482428794,36.065791294892648],[138.06206482442624,36.065832954865364],[138.06212732450825,36.065832954964037],[138.06212732464672,36.065874624936583],[138.06218982472879,36.065874625035079],[138.06218982459023,36.065832955062632],[138.06225232467216,36.065832955161213],[138.06231482475414,36.065832955259808],[138.06231482461541,36.065791295287355],[138.06237732469734,36.065791295386035],[138.06243982477923,36.065791295484708],[138.06243982464042,36.065749625512346],[138.06250232472223,36.065749625611112],[138.06250232458333,36.065707955639013],[138.06256482466665,36.065707955748529],[138.06256482452775,36.065666295776083],[138.06256482438883,36.065624625803892],[138.06256482425002,36.065582955831623],[138.06256482411109,36.065541295859347],[138.06262732419435,36.0655412959686],[138.06262732405543,36.065499625996146],[138.06262732391653,36.065457956023693],[138.06262732377769,36.065416296051509],[138.06268982386104,36.065416296160578],[138.06275232394435,36.065416296269561],[138.0628148240277,36.065416296378629],[138.06287732411101,36.065416296487612],[138.06293982419444,36.06541629659668],[138.06300232427776,36.065416296705656],[138.0630023244166,36.065457956678287],[138.0630023245555,36.065499626651174],[138.06300232469442,36.065541296624076],[138.06300232483332,36.0655829565967],[138.06300232497225,36.065624626569502],[138.06300232511106,36.065666296542219],[138.06300232524998,36.065707956515112],[138.06300232538888,36.065749626487829],[138.0630023255278,36.065791296460546],[138.06300232566662,36.065832956433439],[138.06300232580554,36.065874626406156],[138.06300232594444,36.065916296379058],[138.06306482602776,36.065916296488837],[138.0631273261111,36.065916296598701],[138.06318982619433,36.065916296708565],[138.06318982605544,36.065874626735493],[138.06325232613875,36.065874626845272],[138.0633148262221,36.065874626955143],[138.0633773263055,36.065874627064922],[138.06337732644434,36.065916297038171],[138.06343982652777,36.065916297148036],[138.06343982666658,36.065957957121199],[138.0635023267499,36.065957957231063],[138.06350232688882,36.065999627204491],[138.06350232702772,36.066041297177918],[138.06350232716665,36.066082957151167],[138.06350232730554,36.066124627124509],[138.06356482738889,36.066124627234728],[138.06356482752778,36.066166297208248],[138.06350232744438,36.066166297097936],[138.06350232758328,36.066207957071185],[138.0635023277222,36.066249627044343],[138.0635023278611,36.06629129701777],[138.06350232799994,36.066332956991204],[138.06350232813884,36.066374626964446],[138.06350232827776,36.066416296937788],[138.06350232841658,36.066457956911215],[138.06356482850001,36.066457957021967],[138.06356482863882,36.066499626995309],[138.06356482877771,36.066541296968822],[138.06362732886106,36.066541297079759],[138.06362732899998,36.066582957053008],[138.06362732913888,36.066624627026613],[138.06362732927778,36.066666297000125],[138.06362732941662,36.066707956984928],[138.06362732955563,36.066749626969809],[138.06368982963895,36.066749627080739],[138.06368982977784,36.06679129706545],[138.06362732969444,36.066791296954605],[138.0635648296111,36.066791296843675],[138.0635648294722,36.066749626858787],[138.06356482933327,36.066707956873898],[138.06356482919446,36.066666296889018],[138.06356482905557,36.066624626915591],[138.06356482891664,36.066582956942071],[138.06350232883329,36.066582956831141],[138.06350232897213,36.066624626804483],[138.06343982888879,36.066624626693454],[138.06337732880547,36.066624626582438],[138.06337732894437,36.066666296555681],[138.06331482886105,36.066666296444573],[138.06331482899995,36.066707956429724],[138.06325232891655,36.066707956318702],[138.0631898288332,36.066707956207594],[138.06318982897213,36.066749626193008],[138.06312732888887,36.066749626081986],[138.06312732902779,36.066791296067315],[138.06312732916669,36.066832956052821],[138.06312732930553,36.06687462603815],[138.06312732944451,36.066916296023656],[138.06306482936111,36.066916295912904],[138.06306482950001,36.066957955898495],[138.06306482963893,36.066999625883909],[138.06306482977783,36.067041295869508],[138.06300232969443,36.067041295759019],[138.06300232983332,36.067082955744439],[138.06300232997225,36.067124625730031],[138.06300233011115,36.067166295715715],[138.06293983002774,36.067166295605404],[138.06293983016664,36.067207955590909],[138.06293983030554,36.067249625576594],[138.06300233038888,36.067249625686728],[138.06300233052781,36.067291295672412],[138.06300233066662,36.067332955657832],[138.06300233080552,36.067374625643247],[138.06300233094444,36.067416295628931],[138.06300233108334,36.067457955614529],[138.06300233122226,36.067499625600036],[138.06293983113892,36.067499625490257],[138.06293983127776,36.067541295475934],[138.06293983141666,36.067582955461617],[138.06287733133334,36.067582955352108],[138.06287733147224,36.0676246253377],[138.06287733161108,36.067666295323477],[138.06281483152773,36.067666295214053],[138.06281483166666,36.067707955199651],[138.06275233158331,36.067707955090228],[138.06275233172215,36.067749625076175],[138.06275233186105,36.067791295062037],[138.06268983177773,36.067791294952883],[138.06268983191663,36.067832954938652],[138.06268983205553,36.067874624924599],[138.06262733197212,36.067874624815531],[138.06262733211102,36.067916294801392],[138.06262733224995,36.067957954787431],[138.06256483216669,36.067957954678455],[138.06256483230561,36.067999624664409],[138.06250233222227,36.067999624555604],[138.06250233236111,36.068041294541644],[138.0625023325,36.06808295452786],[138.06250233263893,36.068124624513899],[138.06250233277783,36.068166294500116],[138.06250233291667,36.068207954485977],[138.06243983283332,36.068207954386324],[138.06243983297225,36.068249624372363],[138.06243983311114,36.068291294358488],[138.06243983324998,36.068332954344442],[138.06237733316664,36.068332954244433],[138.06237733330556,36.068374624230472],[138.06237733344446,36.068416294216334],[138.0623773335833,36.068457954202373],[138.06231483349995,36.068457954102186],[138.06231483363888,36.068499624088048],[138.06225233355553,36.068499623987591],[138.06225233369446,36.068541293973546],[138.06218983361103,36.068541293873182],[138.06218983374993,36.068582953859043],[138.06212733366661,36.068582953758678],[138.06212733380551,36.06862462374427],[138.06206483372219,36.068624623643728],[138.06206483386109,36.068666293629505],[138.06206483399993,36.068707953615188],[138.06200233391667,36.068707953514469],[138.06200233405559,36.068749623499976],[138.06200233419449,36.06879129348566],[138.06193983411117,36.068791293384848],[138.06193983424998,36.068832953370176],[138.06193983438891,36.068874623355775],[138.06187733430556,36.068874623254878],[138.06187733444449,36.068916293240385],[138.06181483436114,36.068916293139395],[138.06181483449998,36.068957953124638],[138.06181483463888,36.068999623110145],[138.06175233455556,36.068999623008892],[138.06175233469446,36.069041292994129],[138.06168983461114,36.069041292892969],[138.06168983474996,36.069082952878205],[138.06168983488885,36.069124622863356],[138.06168983502778,36.0691662928486],[138.06162733494443,36.06916629274717],[138.06162733508327,36.069207952732498],[138.06162733522217,36.069249622717471],[138.06156483513885,36.069249622616042],[138.06156483527775,36.069291292601193],[138.06156483541668,36.069332952585988],[138.06156483555549,36.069374622571139],[138.06156483569441,36.069416292556291],[138.06150233561107,36.069416292454505],[138.06150233574999,36.069457952439478],[138.0615023358888,36.069499622424452],[138.06143983580566,36.069499622322489],[138.06143983594447,36.069541292307463],[138.06143983608339,36.069582952292436],[138.06143983622229,36.069624622277232],[138.06137733613897,36.069624622174999],[138.06137733627779,36.069666292160065],[138.06137733641671,36.06970795214486],[138.06131483633337,36.06970795204272],[138.06131483647229,36.069749622027338],[138.06125233638886,36.069749621924927],[138.06125233652787,36.069791291909723],[138.06118983644444,36.06979129180732],[138.06118983658337,36.069832951792023],[138.06112733650002,36.069832951689619],[138.06112733663895,36.06987462167406],[138.06106483655552,36.069874621571472],[138.06106483669441,36.069916291556005],[138.06106483683334,36.069957951540445],[138.06100233674999,36.069957951437772],[138.06100233688892,36.069999621422212],[138.06093983680549,36.069999621319539],[138.06093983694441,36.07004129130398],[138.06087733686115,36.070041291201036],[138.06087733700008,36.070082951185299],[138.06087733713898,36.070124621169654],[138.06081483705566,36.070124621066626],[138.06081483719447,36.070166291050796],[138.06075233711115,36.070166290947682],[138.06075233725005,36.070207950931945],[138.06068983716673,36.070207950828916],[138.06068983730555,36.070249620812824],[138.06062733722223,36.070249620709703],[138.06056483713888,36.070249620606589],[138.06050233705557,36.07024962050329],[138.06043983697222,36.070249620400176],[138.06037733688891,36.070249620296877],[138.06031483680565,36.070249620193763],[138.06025233672233,36.070249620090465],[138.0602523365834,36.070207950107005],[138.06018983650009,36.070207950003976],[138.06018983636116,36.070166290020246],[138.06012733627784,36.070166289917125],[138.0600648361945,36.070166289814097],[138.0600648360556,36.070124619830814],[138.06006483591668,36.070082949847347],[138.06006483577787,36.070041289864065],[138.06012733586118,36.070041289966916],[138.06012733572229,36.069999619983363],[138.06012733558336,36.069957949999811],[138.0601898356667,36.069957950102484],[138.06018983552778,36.06991629011911],[138.06018983538888,36.069874620135465],[138.06025233547228,36.069874620238053],[138.06025233533339,36.069832950254501],[138.06025233519449,36.069791290270771],[138.06025233505557,36.069749620287219],[138.06025233491675,36.069707950303666],[138.06031483500007,36.069707950405984],[138.06031483486117,36.069666290422163],[138.06025233477783,36.069666290319937],[138.06018983469451,36.069666290217796],[138.06018983455559,36.069624620234066],[138.06018983441669,36.069582950250691],[138.06025233450001,36.069582950352832],[138.06025233436119,36.069541290369102],[138.06025233422227,36.06949962038555],[138.06025233408337,36.069457950401997],[138.06018983400003,36.069457950300034],[138.06018983386113,36.069416290316568],[138.06012733377779,36.069416290214875],[138.06006483369447,36.069416290112997],[138.06006483383328,36.069457950096286],[138.06000233374996,36.069457949994501],[138.06000233388886,36.069499619977876],[138.05993983380554,36.069499619875913],[138.05993983394444,36.069541289859018],[138.05993983408337,36.069582949842484],[138.05993983422218,36.069624619825504],[138.05987733413883,36.069624619723363],[138.05987733427776,36.069666289706646],[138.05987733441668,36.069707949689935],[138.05981483433325,36.069707949587617],[138.05981483419441,36.06966628960442],[138.05981483405552,36.069624619621223],[138.05981483391662,36.069582949638203],[138.05975233383336,36.06958294953624],[138.05975233369455,36.069541289553044],[138.05975233355562,36.069499619570024],[138.05975233341672,36.069457949587004],[138.05968983333338,36.069457949485042],[138.05968983319448,36.0694162895022],[138.05962733311114,36.069416289400323],[138.05962733297224,36.069374619417395],[138.05962733283332,36.069332949434376],[138.05956483275,36.069332949332676],[138.05956483261116,36.069291289350105],[138.05950233252784,36.069291289248497],[138.05950233238892,36.069249619265477],[138.05950233225002,36.069207949282813],[138.05950233211109,36.069166289299972],[138.05943983202778,36.069166289198542],[138.05943983188885,36.069124619215877],[138.05943983174996,36.069082949233213],[138.05937733166661,36.06908294913196],[138.05937733152771,36.069041289149297],[138.05937733138887,36.068999619166718],[138.05931483130547,36.068999619065558],[138.05925233122213,36.068999618964483],[138.05925233136105,36.069041288946877],[138.05918983127782,36.069041288845717],[138.05918983113889,36.068999618863316],[138.05918983100008,36.068957948880922],[138.05912733091665,36.068957948779847],[138.05912733077784,36.068916288797624],[138.05912733063892,36.068874618815229],[138.0590648305556,36.068874618714332],[138.05906483041667,36.068832948731846],[138.05906483027786,36.068791288749715],[138.05906483013894,36.068749618767313],[138.05906483000004,36.068707948785097],[138.05906482986111,36.068666288802788],[138.0590648297223,36.068624618820479],[138.05906482958329,36.068582948838255],[138.05912732966672,36.068582948938712],[138.0591273295278,36.068541288956226],[138.0591273293889,36.068499618973739],[138.05912732924997,36.068457948991608],[138.05912732911116,36.068416289009122],[138.05918982919451,36.068416289109308],[138.05918982905558,36.068374619126999],[138.05925232913881,36.068374619226915],[138.05925232899992,36.068332949244521],[138.05931482908323,36.068332949344438],[138.05937732916658,36.068332949444539],[138.05937732902777,36.068291289461875],[138.05943982911108,36.068291289561884],[138.05943982897219,36.068249619579042],[138.0595023290555,36.068249619678873],[138.05956482913894,36.068249619778705],[138.05962732922225,36.068249619878713],[138.0596898293056,36.068249619978545],[138.05968982944449,36.068291289961564],[138.05975232952784,36.068291290061481],[138.05981482961107,36.068291290161405],[138.05987732969442,36.068291290261413],[138.05993982977773,36.068291290361245],[138.06000232986105,36.068291290461161],[138.06000232999997,36.06833295044445],[138.06006483008332,36.068332950544459],[138.06006483022222,36.068374620527834],[138.06006483036111,36.068416290511209],[138.06012733044446,36.068416290611395],[138.06012733058327,36.068457950594947],[138.0601898306667,36.068457950695134],[138.06025233075002,36.06845795079532],[138.06031483083336,36.068457950895507],[138.06037733091659,36.068457950995693],[138.0603773307777,36.068416291011872],[138.06031483069455,36.068416290911777],[138.06025233061112,36.068416290811591],[138.0601898305278,36.068416290711582],[138.06018983038888,36.068374620728029],[138.06025233047222,36.068374620828038],[138.0602523303333,36.068332950844393],[138.06025233019449,36.068291290860934],[138.0603148302778,36.068291290960943],[138.06031483013891,36.068249620977035],[138.06037733022214,36.068249621077044],[138.06037733008321,36.068207951093136],[138.06031482999998,36.068207950993305],[138.06031482986117,36.068166291009753],[138.06031482972224,36.068124621026023],[138.06031482958335,36.06808295104247],[138.06031482944451,36.068041291058648],[138.06031482930561,36.067999621074918],[138.06031482916669,36.067957951091458],[138.06025232908337,36.067957950991982],[138.06025232894444,36.067916291008252],[138.06025232880555,36.0678746210247],[138.06031482888886,36.067874621123998],[138.06031482874997,36.067832951140268],[138.06031482861113,36.067791291156716],[138.06031482847223,36.067749621172894],[138.06031482833333,36.067707951189163],[138.06031482819449,36.067666291205612],[138.06037732827775,36.067666291304469],[138.06037732813883,36.067624621320647],[138.06043982822217,36.067624621419505],[138.06043982808325,36.067582951435774],[138.06043982794444,36.067541291451867],[138.06043982780551,36.06749962146796],[138.06043982766661,36.067457951484229],[138.06050232774993,36.067457951582817],[138.06050232761112,36.067416291598818],[138.06056482769444,36.06741629169732],[138.06062732777778,36.067416291795908],[138.06062732763885,36.067374621811645],[138.0606898277222,36.067374621910055],[138.06075232780552,36.067374622008465],[138.06075232766662,36.067332952024557],[138.06081482774994,36.06733295212279],[138.06087732783337,36.067332952221108],[138.06087732769444,36.067291292236938],[138.0609398277777,36.06729129233517],[138.06093982763878,36.06724962235073],[138.06100232772212,36.06724962244887],[138.06100232786102,36.067291292433403],[138.06100232799994,36.067332952417843],[138.06106482808326,36.067332952516075],[138.06106482822219,36.067374622500516],[138.06106482836108,36.067416292485134],[138.06112732844443,36.067416292583545],[138.0611273283055,36.067374622598926],[138.06118982838885,36.067374622697336],[138.06118982824992,36.067332952712803],[138.06125232833335,36.067332952811128],[138.06131482841667,36.067332952909538],[138.06131482827777,36.067291292924743],[138.06137732836109,36.067291293022976],[138.06137732822219,36.06724962303818],[138.06143982830551,36.067249623136235],[138.06143982816661,36.067207953151261],[138.06150232824984,36.067207953249493],[138.06150232811103,36.067166293264521],[138.06150232797211,36.067124623279454],[138.06150232783321,36.067082953294303],[138.06150232769437,36.0670412933096],[138.06156482777772,36.0670412934073],[138.06162732786106,36.067041293505177],[138.06162732772214,36.066999623519933],[138.06168982780548,36.066999623617725],[138.06168982766656,36.066957953632574],[138.06168982752774,36.066916293647424],[138.06175232761106,36.066916293744946],[138.06175232747216,36.066874623759617],[138.06175232733324,36.066832953774465],[138.06181482741667,36.066832953871987],[138.06181482727774,36.066791293886567],[138.06181482713885,36.06674962390133],[138.06187732722216,36.066749623998675],[138.06193982730551,36.066749624096019],[138.06193982716658,36.066707954110512],[138.06200232725001,36.066707954207857],[138.06200232711109,36.066666294222259],[138.06206482719435,36.066666294319603],[138.06206482705596,36.066624624346801],[138.06212732713919,36.06662462444406],[138.06212732700072,36.066582954471343],[138.06212732686228,36.06654129449889],[138.06212732672381,36.066499624526173],[138.06218982680687,36.066499624623695],[138.06218982666832,36.066457954651156],[138.06218982652976,36.066416294678532],[138.06218982639129,36.066374624705901],[138.06218982625273,36.066332954733454],[138.06218982611418,36.066291294760823],[138.06218982597562,36.066249624788107],[138.06225232605834,36.066249624886069],[138.0622523259197,36.066207954913708],[138.06225232578103,36.066166294941262],[138.06225232564248,36.066124624968722],[138.06225232550383,36.066082954996183],[138.06225232536519,36.066041295023737],[138.06225232522664,36.065999625051191],[138.06218982514437,36.065999624952873],[138.06212732506211,36.065999624854463],[138.06206482497993,36.065999624756145],[138.06206482484146,36.065957954783336],[138.06200232475948,36.065957954684926],[138.06200232489775,36.06599962465782],[138.06193982481557,36.065999624559495],[138.06193982495387,36.066041294532397],[138.06187732487152,36.066041294434157],[138.06187732500973,36.066082954406966],[138.06181482492735,36.066082954308825],[138.06181482506548,36.066124624281805],[138.06175232498305,36.066124624183658],[138.06175232512106,36.066166294156822],[138.06168982503863,36.066166294058768],[138.06162732495608,36.066166293960713],[138.06156482487356,36.066166293862658],[138.06150232479101,36.066166293764603],[138.06143982470866,36.066166293666548],[138.06137732462614,36.066166293568493],[138.06137732476373,36.06620795354192],[138.06131482468118,36.066207953443865],[138.06131482454362,36.066166293470438],[138.06131482440603,36.066124623496833],[138.06125232432359,36.066124623398693],[138.06125232418609,36.066082953425081],[138.06118982410374,36.066082953326855],[138.0611273240213,36.066082953228708],[138.06106482393895,36.066082953130476],[138.06106482407625,36.066124623104344],[138.06100232399382,36.066124623006203],[138.06093982391135,36.066124622908063],[138.060877323829,36.066124622809916],[138.06087732396614,36.066166292784054],[138.06081482388362,36.066166292685999],[138.06081482402067,36.066207952660051],[138.0608148241576,36.066249622634004],[138.06081482429465,36.066291292608142],[138.06075232421196,36.066291292510272],[138.060752324075,36.066249622536041],[138.06068982399239,36.066249622438164],[138.06062732390967,36.066249622340194],[138.06056482382704,36.066249622242324],[138.06056482369027,36.066207952268094],[138.06050232360775,36.066207952170039],[138.06043982352512,36.066207952072077],[138.06037732344259,36.066207951974107],[138.06037732330606,36.066166291999615],[138.06037732316946,36.066124622024944],[138.06037732303295,36.066082952050365],[138.06031482295069,36.066082951952126],[138.06031482281426,36.066041291977548],[138.06031482267784,36.065999622002877],[138.06031482254133,36.065957952028114],[138.06037732262342,36.065957952126524],[138.06037732248691,36.065916292152039],[138.06043982256898,36.065916292250535],[138.06043982243239,36.065874622275956],[138.0605023225144,36.065874622374452],[138.06050232237769,36.065832952400136],[138.06050232224109,36.065791292425558],[138.06056482232302,36.065791292524231],[138.06056482218622,36.065749622549916],[138.06056482204946,36.0657079525756],[138.06056482191275,36.065666292601108],[138.06056482177598,36.065624622626792],[138.06056482163928,36.065582952652392],[138.06056482150251,36.065541292678162],[138.0605648213658,36.065499622703669],[138.06056482122904,36.065457952729261],[138.06050232114774,36.06545795262997],[138.06050232101106,36.065416292655655],[138.06043982092984,36.06541629255635],[138.06043982106638,36.065457952530757],[138.06037732098508,36.065457952431544],[138.06037732112159,36.065499622406222],[138.0603773212581,36.065541292380885],[138.06031482117683,36.065541292281765],[138.06031482131326,36.065582952256349],[138.06031482144968,36.06562462223102],[138.06025232136813,36.065624622132077],[138.06025232150444,36.065666292106656],[138.0601898214228,36.065666292007805],[138.06018982155905,36.065707951982652],[138.06012732147732,36.065707951883887],[138.06012732134107,36.065666291908862],[138.06012732120482,36.065624621934106],[138.06006482112326,36.065624621835155],[138.06006482098704,36.065582951860222],[138.06006482085087,36.065541291885374],[138.0600648207147,36.065499621910348],[138.06000232063334,36.065499621811227],[138.06000232049718,36.065457951836109],[138.06000232036109,36.065416291861268],[138.06000232022495,36.06537462188615],[138.06000232008887,36.065332951911216],[138.06000231995273,36.065291291936191],[138.06000231981665,36.065249621961158],[138.06000231968051,36.065207951986224],[138.06000231954442,36.065166292011114],[138.06000231940837,36.065124622036265],[138.0600023192722,36.065082952061147],[138.06000231913612,36.065041292086299],[138.06000231899998,36.064999622111188],[138.06000231886381,36.064957952136155],[138.05993981878333,36.06495795203606],[138.05993981864734,36.064916292061127],[138.05987731856686,36.064916291960941],[138.05987731843098,36.064874621985737],[138.05981481835056,36.064874621885551],[138.05981481848647,36.06491629186084],[138.05975231840614,36.064916291760738],[138.05975231854194,36.064957951735856],[138.05975231867785,36.064999621711237],[138.05968981859726,36.064999621611229],[138.05968981873298,36.06504129158661],[138.05962731865239,36.065041291486693],[138.05962731878802,36.065082951461982],[138.05962731892373,36.06512462143754],[138.05956481884297,36.065124621337709],[138.0595648189786,36.065166291313091],[138.05956481911423,36.065207951288649],[138.05956481924986,36.06524962126403],[138.05950231916884,36.065249621164469],[138.05950231930447,36.065291291140028],[138.05950231943999,36.065332951115671],[138.05950231957553,36.065374621091138],[138.05943981949434,36.065374620991754],[138.05943981962986,36.065416290967491],[138.05943981976532,36.065457950942957],[138.05943981990086,36.0654996209187],[138.05937731981939,36.065499620819487],[138.05937731995482,36.065541290795309],[138.05937732009019,36.065582950770875],[138.05943982017175,36.065582950869903],[138.05943982030729,36.065624620845554],[138.05943982044272,36.065666290821113],[138.05943982057826,36.065707950796849],[138.05943982071372,36.065749620772408],[138.05937732063188,36.065749620673643],[138.05937732076734,36.065791290649372],[138.05931482068542,36.065791290550699],[138.05931482082079,36.065832950526527],[138.05931482095616,36.065874620502171],[138.05925232087407,36.065874620403676],[138.05925232100941,36.06591629037959],[138.05918982092743,36.065916290281088],[138.05912732084533,36.065916290182585],[138.05912732098042,36.065957950158413],[138.0591273211156,36.065999620134505],[138.05906482103333,36.06599962003618],[138.05906482116842,36.066041290012279],[138.05900232108615,36.06604128991404],[138.05900232122107,36.066082949890045],[138.05900232135608,36.06612461986623],[138.05900232149108,36.066166289842407],[138.05900232162608,36.066207949818406],[138.05906482170872,36.066207949916375],[138.05906482184372,36.06624961989229],[138.05912732192641,36.066249619990259],[138.05912732206161,36.066291289966259],[138.0591898221443,36.066291290064136],[138.05918982227951,36.066332950040135],[138.05925232236211,36.066332950137927]],[[138.0627523254721,36.065874625966956],[138.06268982538879,36.065874625857177],[138.06262732530544,36.065874625747398],[138.06262732544437,36.065916295719845],[138.06262732558318,36.065957955692028],[138.06268982566652,36.065957955801991],[138.06268982552768,36.065916295829716],[138.06275232561103,36.065916295939587],[138.0627523254721,36.065874625966956]]]},"properties":{"FID":115,"A31_201":"8505050720","A31_202":"横河川","A31_203":20,"A31_204":"長野県","A31_205":1,"A31_206":" ","A31_207":" ","A31_208":" "}},{"type":"Feature","id":116,"geometry":{"type":"Polygon","coordinates":[[[138.05731484917152,36.075166282888873],[138.05725234908792,36.075166282777758],[138.05725234895488,36.075124612805581],[138.05725234882175,36.075082942833305],[138.05725234868876,36.075041282861207],[138.05731484877219,36.075041282972322],[138.05731484863907,36.074999613000045],[138.05731484850006,36.074957943019605],[138.05731484836124,36.074916283039428],[138.05731484822232,36.074874613058896],[138.05737734830566,36.074874613169825],[138.05737734816674,36.074832943189563],[138.05743984825017,36.074832943300407],[138.05743984811124,36.074791283319783],[138.05743984797235,36.07474961333925],[138.05750234805566,36.07474961345001],[138.05750234791677,36.074707943469477],[138.057564848,36.074707943580144],[138.05756484786119,36.074666283599434],[138.05756484772226,36.074624613618724],[138.05762734780561,36.074624613729213],[138.05762734766668,36.07458294374868],[138.05768984775003,36.074582943858992],[138.05768984761119,36.07454128387846],[138.05768984747229,36.074499613897572],[138.05775234755561,36.074499614007792],[138.05775234741671,36.074457944026904],[138.05775234727787,36.074416284046194],[138.05781484736121,36.074416284156328],[138.05781484722229,36.074374614175355],[138.05781484708339,36.074332944194552],[138.05781484694458,36.074291284213487],[138.0578773470279,36.074291284323536],[138.057877346889,36.07424961434247],[138.05787734675008,36.074207944361582],[138.05787734661126,36.074166284380517],[138.05781484652783,36.074166284270916],[138.05781484638902,36.07412461428985],[138.05787734647234,36.074124614399452],[138.05787734633344,36.074082944418649],[138.05787734619452,36.074041284437584],[138.05787734605562,36.073999614456696],[138.05793984613902,36.073999614566119],[138.05793984600012,36.073957944585146],[138.05800234608344,36.07395794469457],[138.05800234594454,36.073916284713505],[138.05800234580562,36.073874614732262],[138.05806484588896,36.073874614841415],[138.05806484575015,36.073832944860172],[138.05812734583338,36.073832944969332],[138.05812734569446,36.073791284988268],[138.05812734555556,36.073749615006932],[138.05818984563888,36.073749615115915],[138.05818984549998,36.073707945134672],[138.05818984536114,36.073666285153337],[138.05825234544449,36.07366628526232],[138.05825234530556,36.073624615280806],[138.05825234516666,36.073582945299478],[138.05825234502785,36.073541285318058],[138.05831484511117,36.073541285426771],[138.05831484497227,36.07349961544535],[138.05831484483335,36.073457945463929],[138.05837734491678,36.073457945572372],[138.05837734477785,36.073416285590952],[138.0584398448612,36.073416285699402],[138.05843984472227,36.073374615717711],[138.0585023448057,36.073374615826161],[138.05850234466678,36.073332945844385],[138.05856484475012,36.073332945952743],[138.0585648446112,36.073291285971145],[138.05862734469454,36.07329128607941],[138.05862734483344,36.0733329460611],[138.05862734497236,36.073374616043054],[138.05862734511126,36.07341628602483],[138.0586273452501,36.073457946006513],[138.058627345389,36.073499615988382],[138.05862734552792,36.073541285970066],[138.05862734566674,36.073582945951934],[138.05862734580566,36.07362461593371],[138.05862734594456,36.073666285915664],[138.05856484586124,36.073666285806681],[138.05856484600005,36.073707945788456],[138.05850234591674,36.07370794567948],[138.05850234605563,36.073749615661079],[138.05843984597232,36.073749615552188],[138.05837734588897,36.07374961544312],[138.0583773460279,36.073791285424718],[138.05831484594455,36.07379128531565],[138.05831484608336,36.073832945296893],[138.05825234600005,36.073832945187647],[138.05825234613894,36.073874615169245],[138.05818984605563,36.073874615059907],[138.05818984619452,36.07391628504142],[138.05812734611121,36.073916284931997],[138.05812734625002,36.073957944913147],[138.05806484616679,36.073957944803816],[138.05806484630568,36.073999614785059],[138.05800234622237,36.073999614675543],[138.05800234636126,36.074041284656701],[138.0580023465001,36.074082944637766],[138.058002346639,36.074124614618739],[138.05800234677793,36.074166284599983],[138.05800234691674,36.07420794458114],[138.05800234705566,36.074249614562206],[138.05800234719456,36.074291284543449],[138.05800234733348,36.074332944524514],[138.0580023474723,36.074374614505579],[138.05800234761119,36.07441628448673],[138.05800234775012,36.07445794446771],[138.05800234788904,36.074499614448953],[138.05793984780561,36.074499614338642],[138.05793984794462,36.074541284319707],[138.05787734786119,36.074541284209396],[138.05787734800009,36.074582944190283],[138.05781484791677,36.074582944079879],[138.05781484805567,36.074624614060681],[138.05775234797227,36.074624613950192],[138.05775234811117,36.07466628393108],[138.05768984802785,36.074666283820591],[138.05768984816675,36.074707943801386],[138.05762734808334,36.074707943690811],[138.05762734822224,36.074749613671344],[138.05762734836117,36.074791283652054],[138.05762734850006,36.074832943632941],[138.05762734863899,36.074874613613474],[138.0576273487778,36.074916283594185],[138.05756484869448,36.074916283483248],[138.05750234861122,36.074916283372318],[138.05743984852791,36.074916283261295],[138.05737734844456,36.074916283150358],[138.05737734858349,36.074957943130627],[138.05737734872238,36.07499961311116],[138.05737734885562,36.075041283083436],[138.05737734898875,36.075082943055527],[138.05737734912196,36.075124613027796],[138.05731484903839,36.075124612916689],[138.05731484917152,36.075166282888873]]]},"properties":{"FID":116,"A31_201":"8505050720","A31_202":"横河川","A31_203":20,"A31_204":"長野県","A31_205":1,"A31_206":" ","A31_207":" ","A31_208":" "}},{"type":"Feature","id":117,"geometry":{"type":"Polygon","coordinates":[[[138.05775235069206,36.075457943472287],[138.05775235082564,36.075499613444478],[138.0576898507415,36.075499613333363],[138.05768985060791,36.07545794336118],[138.05775235069206,36.075457943472287]]]},"properties":{"FID":117,"A31_201":"8505050720","A31_202":"横河川","A31_203":20,"A31_204":"長野県","A31_205":1,"A31_206":" ","A31_207":" ","A31_208":" "}},{"type":"Feature","id":118,"geometry":{"type":"Polygon","coordinates":[[[138.05393984582085,36.075541276638972],[138.05387734573665,36.075541276527858],[138.05387734560733,36.075499606555582],[138.05387734547801,36.075457936583405],[138.0538773453487,36.075416276611129],[138.05387734521938,36.07537460663886],[138.05387734509006,36.075332936666669],[138.05387734496082,36.075291276694401],[138.05387734483151,36.075249606722124],[138.05387734470219,36.075207936750033],[138.05387734457287,36.075166276777672],[138.05387734444355,36.075124606805574],[138.05387734431423,36.075082936833304],[138.05393984439775,36.075082936944412],[138.05393984426843,36.075041276972321],[138.05400234435183,36.075041277083429],[138.05400234422234,36.074999607111067],[138.05406484430566,36.074999607222267],[138.054127344389,36.074999607333382],[138.05412734425008,36.074957937356402],[138.05418984433334,36.074957937467602],[138.05418984419441,36.0749162774908],[138.05425234427784,36.07491627760173],[138.05425234413892,36.074874607624665],[138.05425234400002,36.074832937647862],[138.05425234386109,36.074791277670883],[138.0542523437222,36.074749607693903],[138.05425234358336,36.074707937717008],[138.05425234344446,36.074666277739944],[138.05425234330556,36.074624607762964],[138.05425234316664,36.074582937786161],[138.05425234302783,36.074541277809359],[138.0542523428889,36.074499607832202],[138.05425234275,36.074457937855222],[138.05425234261108,36.07441627787842],[138.05431484269451,36.074416277988554],[138.05437734277783,36.074416278098688],[138.05437734263893,36.074374608121531],[138.0543773425,36.074332938144551],[138.05443984258335,36.074332938254507],[138.05443984244451,36.074291278277258],[138.05450234252785,36.074291278387307],[138.05450234266667,36.074332938364549],[138.05450234280559,36.074374608341621],[138.05450234294449,36.074416278318957],[138.05450234308341,36.074457938296021],[138.05450234322231,36.074499608273356],[138.05450234336124,36.074541278250607],[138.05450234350005,36.074582938227763],[138.05450234363897,36.074624608204829],[138.05450234377787,36.074666278182164],[138.05450234391668,36.074707938159591],[138.05450234405561,36.074749608136656],[138.05450234419453,36.074791278113906],[138.05450234433334,36.074832938091149],[138.05450234447224,36.074874608068399],[138.05450234461117,36.074916278045734],[138.05450234475006,36.074957938022713],[138.05450234488899,36.074999607999956],[138.05450234501902,36.075041277972318],[138.05450234514896,36.075082937944416],[138.05450234527899,36.075124607916692],[138.05443984519547,36.075124607805577],[138.05443984532542,36.075166277777761],[138.05443984545528,36.075207937750037],[138.05437734537159,36.075207937638922],[138.05437734550151,36.075249607611013],[138.05431484541774,36.075249607499906],[138.05431484554751,36.075291277472175],[138.05425234546365,36.075291277361067],[138.0542523455934,36.075332937333343],[138.05418984550946,36.075332937222313],[138.05418984563914,36.075374607194412],[138.05412734555526,36.075374607083305],[138.05412734568486,36.075416277055574],[138.05406484560081,36.075416276944466],[138.0540648457303,36.075457936916735],[138.05400234564618,36.07545793680562],[138.05400234577567,36.075499606777811],[138.05393984569153,36.075499606666696],[138.05393984582085,36.075541276638972]]]},"properties":{"FID":118,"A31_201":"8505050720","A31_202":"横河川","A31_203":20,"A31_204":"長野県","A31_205":1,"A31_206":" ","A31_207":" ","A31_208":" "}},{"type":"Feature","id":119,"geometry":{"type":"Polygon","coordinates":[[[138.05706484936843,36.075332942333432],[138.0570648495013,36.075374612305524],[138.05706484963409,36.0754162822778],[138.05706484976696,36.075457942250068],[138.05706484989983,36.075499612222252],[138.0570648500327,36.075541282194521],[138.05700234994839,36.075541282083414],[138.0570023498156,36.075499612111145],[138.05700234968282,36.075457942138954],[138.05700234955006,36.075416282166685],[138.05700234941727,36.075374612194409],[138.05700234928449,36.075332942222317],[138.05706484936843,36.075332942333432]]]},"properties":{"FID":119,"A31_201":"8505050720","A31_202":"横河川","A31_203":20,"A31_204":"長野県","A31_205":1,"A31_206":" ","A31_207":" ","A31_208":" "}},{"type":"Feature","id":120,"geometry":{"type":"Polygon","coordinates":[[[138.05750235155571,36.075832942777851],[138.05750235168904,36.075874612749949],[138.05743985160427,36.075874612638842],[138.05743985147097,36.075832942666743],[138.05750235155571,36.075832942777851]]]},"properties":{"FID":120,"A31_201":"8505050720","A31_202":"横河川","A31_203":20,"A31_204":"長野県","A31_205":1,"A31_206":" ","A31_207":" ","A31_208":" "}},{"type":"Feature","id":121,"geometry":{"type":"Polygon","coordinates":[[[138.05387734754692,36.076124606138876],[138.05387734767623,36.076166276111238],[138.05381484759096,36.076166276000123],[138.05375234750559,36.076166275889008],[138.05368984742029,36.076166275777901],[138.05362734733501,36.076166275666793],[138.05362734720597,36.076124605694432],[138.05368984729125,36.076124605805539],[138.0536898471621,36.07608293583327],[138.0537523472473,36.076082935944378],[138.05375234711818,36.076041275972287],[138.05381484720328,36.076041276083394],[138.05381484707397,36.075999606111125],[138.05387734715896,36.075999606222233],[138.05387734728828,36.076041276194502],[138.0538773474176,36.0760829361666],[138.05387734754692,36.076124606138876]]]},"properties":{"FID":121,"A31_201":"8505050720","A31_202":"横河川","A31_203":20,"A31_204":"長野県","A31_205":1,"A31_206":" ","A31_207":" ","A31_208":" "}},{"type":"Feature","id":122,"geometry":{"type":"Polygon","coordinates":[[[138.06431485436116,36.073916295455312],[138.06431485422232,36.073874625471134],[138.06431485408342,36.073832955486964],[138.06437735416674,36.073832955586084],[138.06437735402784,36.073791295602177],[138.064377353889,36.073749625618092],[138.06443985397235,36.07374962571739],[138.06443985383342,36.073707955733482],[138.06450235391677,36.073707955832873],[138.06450235377793,36.073666295848966],[138.06450235363903,36.073624625865051],[138.06456485372235,36.073624625964527],[138.06462735380569,36.073624626064003],[138.06462735394462,36.073666296047826],[138.06468985402793,36.073666296147302],[138.06475235411125,36.073666296246685],[138.06481485419459,36.073666296346161],[138.06487735427783,36.073666296445552],[138.06487735413893,36.073624626462092],[138.06493985422236,36.073624626561653],[138.06500235430568,36.073624626661129],[138.06500235416678,36.073582956677839],[138.0650648542501,36.0735829567775],[138.0650648541112,36.073541296794119],[138.0651273541946,36.073541296893779],[138.06518985427795,36.073541296993426],[138.06518985413902,36.073499627010406],[138.06525235422237,36.073499627110067],[138.06525235408344,36.073457957127047],[138.06525235394463,36.073416297144021],[138.06531485402795,36.073416297243945],[138.06537735411129,36.073416297343776],[138.06543985419452,36.073416297443607],[138.06543985405563,36.07337462746068],[138.06550235413894,36.073374627560597],[138.06550235427787,36.073416297543531],[138.06556485436118,36.073416297643362],[138.06556485422229,36.073374627660606],[138.06562735430569,36.073374627760529],[138.06568985438903,36.073374627860446],[138.06575235447235,36.073374627960362],[138.0658148545557,36.073374628060286],[138.06587735463901,36.073374628160209],[138.06593985472236,36.073374628260126],[138.06600235480559,36.073374628360042],[138.06606485488894,36.073374628459966],[138.06612735497234,36.073374628559975],[138.06618985505568,36.073374628659892],[138.06618985491676,36.073332958677767],[138.0662523550001,36.073332958777769],[138.066252355139,36.073374628759815],[138.06631485522234,36.073374628859739],[138.06631485536124,36.073416298841693],[138.06637735544459,36.073416298941524],[138.06637735558348,36.073457958923299],[138.06643985566683,36.073457959023038],[138.0664398555279,36.07341629904144],[138.06650235561125,36.073416299141272],[138.06656485569448,36.073416299241103],[138.06656485555558,36.073374629259419],[138.06662735563899,36.073374629359336],[138.06662735550009,36.073332959377737],[138.06668985558341,36.073332959477746],[138.06675235566675,36.073332959577755],[138.06681485575007,36.073332959677764],[138.06681485561126,36.073291299696606],[138.06687735569457,36.073291299796708],[138.06693985577792,36.073291299896717],[138.06693985563899,36.073249629915473],[138.06700235572234,36.073249630015567],[138.06706485580577,36.073249630115754],[138.06706485566684,36.073207960134781],[138.06712735575007,36.073207960234967],[138.06718985583342,36.073207960335239],[138.06725235591674,36.073207960435425],[138.06725235577784,36.073166300454453],[138.06731485586124,36.073166300554817],[138.06737735594459,36.073166300655089],[138.06743985602793,36.073166300755368],[138.06750235611125,36.073166300855647],[138.06756485619456,36.073166300955918],[138.06762735627791,36.07316630105619],[138.06768985636114,36.073166301156469],[138.06775235644449,36.073166301256748],[138.06781485652789,36.07316630135702],[138.06787735661123,36.073166301457292],[138.06793985669458,36.073166301557571],[138.0680023567779,36.073166301657849],[138.06806485686121,36.073166301758121],[138.06812735694456,36.073166301858393],[138.06812735708348,36.073207961838307],[138.06812735722238,36.073249631818129],[138.0681898573057,36.07324963191823],[138.06818985744462,36.073291301898138],[138.06825235752785,36.073291301998239],[138.0683148576112,36.073291302098241],[138.06837735769452,36.073291302198342],[138.06837735755562,36.073249632218698],[138.06843985763894,36.073249632318792],[138.06850235772228,36.073249632418893],[138.06856485780571,36.073249632519079],[138.06856485766679,36.07320796253979],[138.06862735775013,36.073207962639977],[138.06868985783345,36.073207962740163],[138.06875235791676,36.073207962840442],[138.06881485800002,36.073207962940629],[138.06887735808334,36.073207963040815],[138.06893985816669,36.073207963141002],[138.06893985830558,36.073249633119929],[138.06900235838893,36.07324963322003],[138.06906485847236,36.073249633320216],[138.06906485861117,36.073291303299058],[138.06912735869457,36.073291303399159],[138.06918985877792,36.073291303499261],[138.06918985891673,36.073332963477746],[138.06925235900007,36.073332963577755],[138.06925235886126,36.073291303599262],[138.06931485894458,36.073291303699364],[138.06937735902781,36.073291303799465],[138.06937735888891,36.073249633820879],[138.06943985897223,36.07324963392098],[138.06950235905558,36.073249634021167],[138.06956485913901,36.073249634121268],[138.06956485900008,36.07320796414313],[138.06956485886116,36.073166304164729],[138.06956485872226,36.073124634186506],[138.06956485858336,36.073082964208282],[138.06956485844452,36.073041304229974],[138.06962735852787,36.073041304330424],[138.06962735838894,36.0729996343522],[138.06962735825005,36.072957964374069],[138.06968985833345,36.072957964474696],[138.06968985819455,36.072916304496559],[138.06975235827787,36.072916304597193],[138.06975235813897,36.072874634619239],[138.06975235800013,36.072832964641194],[138.06981485808348,36.072832964741998],[138.06981485794455,36.072791304764131],[138.0698773580279,36.072791304865028],[138.06987735788908,36.072749634886982],[138.06993985797223,36.072749634987971],[138.06993985783339,36.072707965010011],[138.06993985769449,36.072666305032321],[138.07000235777781,36.072666305133481],[138.07006485786115,36.072666305234563],[138.07012735794456,36.07266630533563],[138.0701898580279,36.072666305436798],[138.07025235811125,36.072666305537872],[138.07031485819456,36.072666305639032],[138.07037735827788,36.072666305740114],[138.07037735813898,36.072624635762686],[138.0704398582223,36.072624635863846],[138.07050235830556,36.072624635965013],[138.07050235844446,36.072666305942349],[138.07050235858338,36.07270796591942],[138.07050235872228,36.072749635896756],[138.07056485880562,36.072749635997738],[138.07056485894452,36.072791305974896],[138.07056485908336,36.07283296595196],[138.07062735916668,36.072832966052857],[138.0706273593056,36.07287463602993],[138.0706273594445,36.07291630600691],[138.07068985952785,36.072916306107629],[138.07075235961116,36.072916306208349],[138.07081485969451,36.072916306309068],[138.07087735977791,36.072916306409695],[138.07093985986126,36.072916306510422],[138.07093986000007,36.072957966487223],[138.07093986013899,36.072999636463848],[138.07093986027789,36.073041306440643],[138.07100236036123,36.0730413065411],[138.07100236050013,36.073082966517902],[138.07100236063906,36.073124636494441],[138.07100236077795,36.073166306471151],[138.0710648608611,36.073166306571423],[138.07106486100002,36.073207966548139],[138.07106486113895,36.073249636524586],[138.07106486127785,36.073291306501304],[138.07106486141666,36.07333296647775],[138.07106486155558,36.07337463645446],[138.0711273616389,36.073374636554377],[138.0711273615,36.073332966577752],[138.07118986158343,36.073332966677768],[138.07118986144451,36.073291306701492],[138.07125236152785,36.073291306801508],[138.07125236138893,36.073249636825054],[138.07131486147227,36.073249636925155],[138.07131486133343,36.073207966948971],[138.07137736141678,36.073207967049157],[138.0714398615001,36.073207967149344],[138.07150236158344,36.07320796724953],[138.07156486166676,36.073207967349809],[138.07162736175002,36.073207967449996],[138.07168986183333,36.073207967550182],[138.07168986169452,36.073166307574184],[138.07175236177784,36.073166307674455],[138.07175236163894,36.073124637698626],[138.07181486172226,36.073124637798998],[138.07181486158336,36.073082967823254],[138.07187736166676,36.07308296792371],[138.07187736152787,36.073041307947975],[138.07187736138894,36.072999637972146],[138.07181486130563,36.072999637871604],[138.07175236122228,36.072999637771062],[138.07175236108338,36.072957967795332],[138.07175236094454,36.072916307819412],[138.07175236080565,36.072874637843682],[138.07175236066672,36.072832967867853],[138.07175236052782,36.072791307892118],[138.07168986044448,36.072791307791221],[138.07168986030558,36.072749637815221],[138.07162736022224,36.072749637714232],[138.07162736008334,36.07270796773814],[138.0716273599445,36.072666307762319],[138.07156485986127,36.072666307661237],[138.07156485972237,36.07262463768506],[138.07150235963903,36.0726246375839],[138.07150235950013,36.072582967607893],[138.07156485958345,36.072582967709145],[138.07156485944455,36.072541307733054],[138.07162735952778,36.072541307834307],[138.07162735938886,36.0724996378583],[138.07168985947229,36.072499637959737],[138.07168985933339,36.072457967983908],[138.07175235941671,36.072457968085338],[138.07175235955563,36.07249963806116],[138.07175235969453,36.072541308036989],[138.07181485977787,36.072541308138327],[138.07187735986119,36.072541308239579],[138.07193985994454,36.072541308340924],[138.07193986008343,36.072582968316659],[138.07200236016678,36.072582968417912],[138.07206486025009,36.072582968519164],[138.0720648601112,36.072541308543606],[138.0721273601946,36.072541308644858],[138.07212736033344,36.072582968620416],[138.07218986041667,36.072582968721669],[138.07218986055557,36.072624638696873],[138.07218986069449,36.072666308672339],[138.0721898608333,36.072707968647549],[138.07225236091665,36.072707968748617],[138.07231486100005,36.072707968849606],[138.0723773610834,36.072707968950681],[138.07243986116674,36.072707969051663],[138.07250236125006,36.072707969152745],[138.07256486133338,36.072707969253813],[138.07262736141681,36.072707969354802],[138.07262736155565,36.072749639329743],[138.07268986163905,36.072749639430725],[138.07268986150015,36.072707969455877],[138.07275236158338,36.072707969556951],[138.0728148616667,36.072707969657941],[138.07281486180563,36.072749639632697],[138.07281486194455,36.072791309607453],[138.07281486208336,36.072832969582038],[138.07287736216668,36.07283296968285],[138.0728773623056,36.072874639657428],[138.07293986238892,36.07287463975824],[138.07300236247227,36.072874639858952],[138.07300236261116,36.07291630983336],[138.07306486269451,36.072916309933987],[138.07306486283341,36.072957969908487],[138.07312736291675,36.072957970009114],[138.07312736305565,36.072999639983252],[138.07318986313899,36.072999640083793],[138.07318986327789,36.073041310058109],[138.07318986341673,36.073082970032424],[138.07318986355563,36.073124640006654],[138.07325236363897,36.073124640106926],[138.0733148637222,36.07312464020729],[138.07331486358331,36.07308297023333],[138.07337736366671,36.073082970333694],[138.07337736352781,36.073041310359642],[138.07343986361113,36.073041310460098],[138.07343986347223,36.072999640486046],[138.07343986333339,36.072957970512263],[138.07350236341674,36.072957970612897],[138.07350236327781,36.072916310638846],[138.07356486336116,36.072916310739572],[138.07356486322232,36.072874640765875],[138.07362736330566,36.072874640866594],[138.07368986338901,36.072874640967399],[138.07368986325008,36.072832970993709],[138.07375236333343,36.072832971094513],[138.07381486341674,36.072832971195325],[138.07387736349997,36.072832971296137],[138.07387736336116,36.072791311322796],[138.07393986344448,36.072791311423693],[138.07400236352782,36.07279131152459],[138.0740023633889,36.072749641551162],[138.07406486347224,36.072749641652152],[138.07412736355559,36.072749641753134],[138.07418986363899,36.072749641854116],[138.0741898635001,36.072707971880874],[138.07425236358341,36.072707971981941],[138.07425236344451,36.072666312008963],[138.07425236330567,36.07262464203589],[138.07425236316678,36.072582972062904],[138.07431486325009,36.072582972164156],[138.0743148631112,36.072541312191092],[138.0743773631946,36.072541312292429],[138.0743773630557,36.072499642319443],[138.07443986313893,36.07249964242088],[138.07443986300004,36.072457972448071],[138.07450236308335,36.0724579725495],[138.07450236322228,36.072499642522217],[138.07450236336118,36.072541312495019],[138.07450236350002,36.072582972467913],[138.07450236363891,36.072624642440545],[138.07450236377784,36.072666312413439],[138.07450236391665,36.07270797238607],[138.07450236405555,36.072749642358957],[138.07450236419447,36.072791312331766],[138.0745023643334,36.072832972304482],[138.07450236447221,36.072874642277284],[138.07450236461111,36.072916312250001],[138.07450236475003,36.07295797222281],[138.07450236488893,36.072999642195526],[138.07450236502785,36.073041312168328],[138.07443986494451,36.073041312067879],[138.07437736486128,36.073041311967337],[138.07431486477793,36.073041311866888],[138.07425236469453,36.073041311766431],[138.07418986461118,36.073041311665889],[138.07418986475002,36.073082971639138],[138.07412736466668,36.073082971538682],[138.07412736480561,36.073124641511846],[138.07406486472226,36.073124641411482],[138.07400236463894,36.073124641311118],[138.07400236477784,36.073166311284453],[138.07393986469452,36.073166311184181],[138.07393986483333,36.0732079711577],[138.07387736475002,36.073207971057514],[138.07381486466676,36.073207970957235],[138.07375236458344,36.073207970857048],[138.0736898645001,36.073207970756862],[138.07362736441669,36.073207970656675],[138.07362736455568,36.07324964063028],[138.07356486447227,36.073249640530179],[138.07350236438893,36.073249640430085],[138.07350236452785,36.073291310404045],[138.07343986444451,36.073291310303944],[138.07343986458335,36.073332970277733],[138.0733773645,36.073332970177717],[138.07337736463893,36.073374640151854],[138.07331486455558,36.073374640051938],[138.07331486469451,36.073416310026161],[138.07325236461125,36.073416309926245],[138.07325236475009,36.073457969900382],[138.07325236488899,36.07349963987452],[138.07325236502788,36.073541309848657],[138.07325236516681,36.07358296982288],[138.07325236530573,36.073624639796932],[138.07325236544455,36.073666309771156],[138.07325236558344,36.073707969745385],[138.07325236572237,36.073749639719438],[138.07325236586126,36.073791309693746],[138.0732523660001,36.073832969667706],[138.073252366139,36.073874639642028],[138.07318986605569,36.073874639542908],[138.07318986619458,36.073916309517216],[138.07312736611118,36.073916309418188],[138.07312736625008,36.07395796939241],[138.07306486616676,36.073957969293474],[138.07306486630566,36.073999639267875],[138.07300236622223,36.073999639168932],[138.07300236636115,36.07404130914334],[138.07293986627781,36.074041309044482],[138.07287736619449,36.074041308945716],[138.07281486611117,36.074041308846859],[138.07275236602783,36.074041308748008],[138.0726898659446,36.074041308649242],[138.07262736586125,36.074041308550392],[138.07262736600006,36.074082968525325],[138.07256486591675,36.074082968426652],[138.07256486605564,36.074124638401408],[138.07250236597233,36.074124638302735],[138.07250236611122,36.074166308277754],[138.07243986602782,36.074166308179173],[138.07243986616672,36.074207968154369],[138.07243986630564,36.074249638129309],[138.0723773662223,36.074249638030807],[138.07237736636122,36.074291308006011],[138.07231486627788,36.0742913079076],[138.07225236619448,36.07429130780919],[138.07218986611113,36.07429130771078],[138.0721273660279,36.07429130761237],[138.07206486594455,36.07429130751396],[138.07200236586124,36.074291307415642],[138.07193986577789,36.074291307317232],[138.07187736569449,36.074291307218822],[138.07181486561115,36.074291307120411],[138.07175236552783,36.074291307022001],[138.07168986544448,36.074291306923591],[138.07162736536117,36.074291306825181],[138.07156486527791,36.074291306726771],[138.07150236519459,36.074291306628361],[138.07143986511124,36.07429130652995],[138.07137736502784,36.07429130643154],[138.0713148649445,36.07429130633313],[138.07125236486118,36.074291306234812],[138.07118986477784,36.074291306136402],[138.07112736469452,36.074291306037992],[138.07106486461117,36.074291305939582],[138.07100236452794,36.074291305841172],[138.0709398644446,36.074291305742761],[138.07087736436119,36.074291305644351],[138.07081486427785,36.074291305545941],[138.07075236419453,36.074291305447531],[138.07068986411119,36.074291305349121],[138.07062736402787,36.074291305250711],[138.07056486394453,36.074291305152386],[138.07050236386112,36.074291305053976],[138.07050236372228,36.074249635076725],[138.07050236358339,36.074207965099575],[138.07050236344446,36.074166305122233],[138.07050236330556,36.074124635144898],[138.07050236316672,36.074082965167833],[138.07050236302783,36.07404130519059],[138.07043986294457,36.074041305091733],[138.07037736286125,36.074041304992875],[138.07031486277793,36.074041304894109],[138.07025236269459,36.074041304795259],[138.07018986261124,36.074041304696493],[138.07012736252784,36.074041304597642],[138.0700648624445,36.074041304498785],[138.07000236236118,36.074041304400019],[138.06993986227783,36.074041304301161],[138.0698773621946,36.074041304202396],[138.06981486211129,36.074041304103545],[138.06975236202794,36.074041304004695],[138.0696898619446,36.074041303905929],[138.06962736186119,36.074041303807071],[138.06956486177785,36.074041303708306],[138.06950236169453,36.074041303609448],[138.06950236155561,36.073999633631232],[138.06950236141671,36.07395796365283],[138.0695023612779,36.073916303674608],[138.06950236113897,36.073874633696207],[138.06950236100005,36.073832963717713],[138.06943986091673,36.073832963618592],[138.06937736083341,36.073832963519379],[138.06931486075015,36.073832963420259],[138.06925236066672,36.073832963321053],[138.06918986058341,36.073832963221932],[138.0691898604446,36.073791303243354],[138.06912736036125,36.073791303144148],[138.06912736022235,36.073749633165299],[138.06906486013901,36.073749633066001],[138.06900236005561,36.073749632966702],[138.06900235991677,36.073707962987854],[138.06893985983334,36.073707962888562],[138.06893985969452,36.073666302909444],[138.06887735961121,36.073666302810061],[138.06881485952786,36.073666302710585],[138.06875235944463,36.073666302611109],[138.06868985936129,36.073666302511725],[138.06862735927788,36.073666302412249],[138.06856485919454,36.073666302312859],[138.06850235911122,36.073666302213383],[138.06843985902788,36.073666302113907],[138.06837735894456,36.073666302014516],[138.06831485886121,36.07366630191504],[138.06825235877778,36.073666301815564],[138.06818985869464,36.07366630171618],[138.06812735861124,36.073666301616704],[138.06806485852789,36.073666301517228],[138.06800235844457,36.073666301417845],[138.06793985836123,36.073666301318369],[138.06787735827791,36.073666301218893],[138.06781485819457,36.073666301119502],[138.06775235811114,36.073666301020026],[138.06768985802782,36.07366630092055],[138.06762735794459,36.073666300821159],[138.06756485786124,36.073666300721683],[138.06750235777793,36.0736663006223],[138.06743985769458,36.073666300522824],[138.06737735761126,36.073666300423348],[138.06737735775008,36.07370796040415],[138.06737735788897,36.073749630384768],[138.0673773580279,36.073791300365571],[138.06737735816682,36.073832960346095],[138.06731485808339,36.073832960246889],[138.06725235800005,36.073832960147769],[138.06718985791673,36.073832960048563],[138.06712735783339,36.073832959949442],[138.06706485775015,36.073832959850229],[138.06700235766681,36.073832959751108],[138.06700235780573,36.073874629732259],[138.06693985772239,36.073874629633231],[138.06693985786123,36.073916299614474],[138.06687735777788,36.073916299515446],[138.06687735791681,36.073957959496596],[138.06681485783346,36.073957959397653],[138.0668148579723,36.073999629378989],[138.06675235788896,36.073999629280131],[138.06675235802788,36.074041299261374],[138.06668985794454,36.074041299162609],[138.06662735786122,36.074041299063751],[138.06656485777788,36.0740412989649],[138.06650235769465,36.074041298866135],[138.0664398576113,36.074041298767284],[138.0663773575279,36.074041298668519],[138.06637735766679,36.074082958650379],[138.06637735780572,36.074124628632063],[138.06637735794462,36.074166298613932],[138.06637735808346,36.074207958595792],[138.06637735822235,36.074249628577483],[138.06637735836128,36.074291298559345],[138.06637735850009,36.074332958541213],[138.06631485841677,36.074332958442895],[138.06625235833343,36.07433295834457],[138.06625235847235,36.074374628326439],[138.06625235861125,36.074416298308478],[138.06618985852793,36.074416298210245],[138.06618985866675,36.074457958192113],[138.0661273585834,36.074457958094058],[138.06612735872233,36.074499628076182],[138.06606485863898,36.074499627978128],[138.06606485877791,36.074541297960351],[138.06600235869456,36.074541297862382],[138.0660023588334,36.074582957844513],[138.06593985875014,36.074582957746642],[138.06593985888907,36.074624627728767],[138.06587735880572,36.074624627630897],[138.06587735894465,36.074666297613376],[138.0658148588613,36.074666297515591],[138.06581485900014,36.074707957498077],[138.0657523589168,36.074707957400378],[138.06568985883348,36.074707957302678],[138.06562735875013,36.074707957204978],[138.06556485866673,36.074707957107279],[138.06550235858339,36.074707957009579],[138.06543985850007,36.07470795691188],[138.06537735841681,36.074707956814095],[138.06531485833349,36.074707956716395],[138.06525235825015,36.074707956618695],[138.06518985816683,36.074707956520996],[138.06512735808349,36.074707956423296],[138.06506485800008,36.074707956325597],[138.06500235791674,36.074707956227897],[138.06493985783342,36.074707956130197],[138.06487735775008,36.074707956032498],[138.064877357889,36.074749626015873],[138.0648773580279,36.074791295999333],[138.06487735816671,36.074832955982885],[138.06487735830564,36.07487462596626],[138.06487735844456,36.074916295949812],[138.0648148583613,36.074916295852468],[138.06475235827799,36.074916295755123],[138.06468985819464,36.074916295657779],[138.06462735811124,36.074916295560435],[138.06456485802789,36.074916295462998],[138.06450235794455,36.074916295365654],[138.06443985786123,36.074916295268309],[138.06437735777791,36.074916295170965],[138.06431485769457,36.074916295073621],[138.06425235761134,36.074916294976276],[138.06418985752799,36.074916294878847],[138.0641898576668,36.074957954862931],[138.06412735758349,36.074957954765679],[138.06412735772238,36.074999624750028],[138.06406485763907,36.074999624652861],[138.06400235755575,36.074999624555602],[138.06400235769624,36.075041294529569],[138.06393985761284,36.075041294432225],[138.06393985775333,36.075082954406],[138.06387735766984,36.07508295430857],[138.06381485758632,36.075082954211226],[138.06375235750281,36.075082954113881],[138.06368985741949,36.075082954016537],[138.06362735733597,36.075082953919193],[138.06362735747612,36.075124623892705],[138.06356485739261,36.075124623795276],[138.0635648575327,36.075166293768525],[138.0635023574491,36.075166293671089],[138.06350235758907,36.07520795364443],[138.06343985750539,36.075207953546908],[138.06343985764528,36.075249623520065],[138.06337735756148,36.075249623422366],[138.06337735770137,36.075291293395708],[138.06331485761751,36.075291293297923],[138.06331485775732,36.075332953271172],[138.06325235767343,36.07533295317338],[138.06318985758949,36.075332953075588],[138.06312735750572,36.075332952977803],[138.06306485742186,36.075332952880103],[138.06300235733789,36.075332952782318],[138.06293985725404,36.075332952684526],[138.06293985739339,36.075374622657151],[138.06287735730945,36.075374622559281],[138.06287735744871,36.075416292531905],[138.06281485736474,36.075416292434028],[138.06281485750392,36.075457952406651],[138.06275235741981,36.075457952308689],[138.06275235755899,36.075499622281143],[138.06268985747485,36.075499622183088],[138.06268985761395,36.075541292155535],[138.06262735752964,36.07554129205748],[138.06262735766873,36.075582952029663],[138.0625648575845,36.07558295193143],[138.0625648577234,36.075624621903884],[138.06250235763912,36.075624621805559],[138.06250235777802,36.075666291777743],[138.06243985769353,36.075666291666636],[138.06243985783235,36.075707951638904],[138.06237735774786,36.075707951527789],[138.06237735788659,36.075749621499888],[138.06237735802534,36.075791291472157],[138.06237735816407,36.075832951444525],[138.0623773583028,36.075874621416617],[138.06237735844161,36.075916291388893],[138.06237735858036,36.075957951361161],[138.06231485849534,36.075957951250047],[138.0622523584104,36.075957951138939],[138.06218985832547,36.075957951027831],[138.06212735824056,36.075957950916717],[138.06206485815562,36.075957950805602],[138.06200235807077,36.075957950694495],[138.06193985798586,36.075957950583387],[138.06187735790093,36.075957950472272],[138.0618148578159,36.075957950361158],[138.06175235773097,36.07595795025005],[138.06168985764603,36.075957950138942],[138.06162735756112,36.075957950027828],[138.06156485747618,36.075957949916713],[138.06150235739125,36.075957949805606],[138.06143985730642,36.075957949694498],[138.06137735722149,36.075957949583383],[138.06131485713647,36.075957949472269],[138.06125235705153,36.075957949361161],[138.06118985696659,36.075957949250054],[138.06112735688168,36.075957949138939],[138.06106485679675,36.075957949027824],[138.06100235671181,36.075957948916717],[138.06093985662687,36.075957948805609],[138.06087735654205,36.075957948694494],[138.06081485645703,36.07595794858338],[138.06075235637209,36.075957948472272],[138.06075235650906,36.075999618444456],[138.06068985642403,36.075999618333341],[138.06068985656091,36.076041288305618],[138.06062735647589,36.076041288194503],[138.06062735661266,36.076082948166601],[138.06056485652746,36.076082948055486],[138.06056485666426,36.076124618027762],[138.06050235657904,36.076124617916648],[138.06050235671574,36.076166287889009],[138.06043985663035,36.076166287777902],[138.06043985676698,36.076207947749992],[138.06037735668167,36.076207947638885],[138.06037735681821,36.076249617611154],[138.06031485673282,36.076249617500046],[138.06025235664745,36.076249617388939],[138.06025235651103,36.076207947416663],[138.06031485659639,36.076207947527777],[138.06031485645997,36.076166287555679],[138.06031485632346,36.076124617583318],[138.06031485618703,36.076082947611042],[138.06031485605061,36.076041287638951],[138.06037735613555,36.076041287750058],[138.06043985622065,36.076041287861173],[138.06043985608397,36.075999617888897],[138.06050235616908,36.075999618000012],[138.06050235603237,36.075957948027828],[138.06056485611731,36.075957948138935],[138.0605648559806,36.075916288166667],[138.06062735606545,36.075916288277782],[138.0606273559286,36.075874618305505],[138.06068985601343,36.07587461841662],[138.06068985587655,36.075832948444521],[138.0606898557397,36.075791288472161],[138.06075235582435,36.075791288583275],[138.06075235568738,36.075749618610999],[138.06081485577198,36.075749618722114],[138.06081485590903,36.075791288694383],[138.06081485604608,36.075832948666744],[138.06081485618301,36.075874618638835],[138.06087735626787,36.07587461874995],[138.06093985635252,36.075874618861064],[138.06100235643737,36.075874618972172],[138.06106485652219,36.07587461908328],[138.06112735660696,36.075874619194394],[138.06112735646957,36.075832949222303],[138.06118985655431,36.07583294933341],[138.06118985641692,36.07579128936105],[138.06125235650157,36.075791289472164],[138.06125235636409,36.075749619499888],[138.06131485644866,36.075749619611003],[138.06131485631107,36.075707949638904],[138.06131485617351,36.075666289666628],[138.06137735625799,36.075666289777743],[138.06137735612032,36.075624619805559],[138.06143985620471,36.075624619916667],[138.06150235628903,36.075624620027781],[138.06156485637342,36.075624620138896],[138.06156485623558,36.07558295016662],[138.06162735631989,36.075582950277735],[138.0616898564042,36.075582950388842],[138.06168985626624,36.075541290416751],[138.06175235635047,36.075541290527859],[138.06175235621237,36.07549962055559],[138.06175235607435,36.075457950583399],[138.06175235593631,36.07541629061113],[138.06168985585228,36.075416290500016],[138.06168985571426,36.075374620527747],[138.06168985557633,36.075332950555648],[138.06168985543829,36.075291290583294],[138.06168985530027,36.075249620611018],[138.06168985516234,36.075207950638926],[138.06168985502433,36.075166290666651],[138.06168985488637,36.075124620694467],[138.06168985474835,36.075082950722191],[138.06175235483187,36.075082950833306],[138.0618148549153,36.07508295094442],[138.06187735499878,36.075082951055528],[138.0619398550823,36.075082951166635],[138.06200235516582,36.07508295127775],[138.06206485524913,36.075082951388865],[138.06206485511078,36.075041291416767],[138.06212735519418,36.075041291527882],[138.06212735505571,36.074999621555605],[138.06218985513905,36.07499962166672],[138.06225235522237,36.074999621777827],[138.06231485530571,36.074999621888935],[138.06231485516679,36.074957951902988],[138.06237735525013,36.074957952013918],[138.06243985533345,36.074957952125033],[138.06243985519464,36.074916292139079],[138.06250235527796,36.074916292250194],[138.0625648553613,36.074916292347453],[138.06256485522238,36.074874622361321],[138.06262735530564,36.074874622458751],[138.0626273551668,36.074832952472889],[138.06268985525014,36.074832952570418],[138.06275235533349,36.074832952667933],[138.0628148554168,36.074832952765369],[138.06281485527791,36.074791292779594],[138.06287735536131,36.074791292877123],[138.06293985544465,36.07479129297473],[138.06300235552797,36.074791293072252],[138.06300235538907,36.07474962308666],[138.06306485547239,36.07474962318436],[138.06306485533349,36.074707953198939],[138.0631273554169,36.074707953296638],[138.063127355278,36.074666293311132],[138.06318985536123,36.074666293408924],[138.06325235544458,36.074666293506709],[138.06325235530565,36.074624623521288],[138.063314855389,36.074624623619172],[138.06331485525007,36.074582953634106],[138.06337735533342,36.074582953731984],[138.06337735519458,36.074541293747011],[138.06343985527792,36.074541293844973],[138.06343985513899,36.074499623859822],[138.06350235522234,36.074499623957877],[138.0635023550835,36.074457953972725],[138.0635023549446,36.074416293987937],[138.06350235480568,36.074374624002871],[138.06350235466678,36.074332954017898],[138.06356485475021,36.074332954116215],[138.06356485461129,36.074291294131243],[138.06356485447236,36.074249624146276],[138.06362735455571,36.074249624244771],[138.06362735441678,36.074207954259975],[138.06368985450021,36.074207954358471],[138.06368985436131,36.074166294373683],[138.06375235444455,36.074166294472263],[138.06375235430562,36.074124624487467],[138.06375235416672,36.074082954502856],[138.06381485425004,36.074082954601622],[138.06381485411123,36.074041294616912],[138.06387735419457,36.074041294715677],[138.06387735405565,36.073999624731236],[138.06387735391675,36.073957954746618],[138.06393985400007,36.073957954845561],[138.06400235408341,36.073957954944504],[138.06406485416682,36.073957955043447],[138.06406485402792,36.073916295059185],[138.06412735411124,36.073916295158213],[138.06418985419458,36.073916295257249],[138.06425235427798,36.073916295356284],[138.06431485436116,36.073916295455312],[138.06431485450005,36.073957955439312],[138.0643773545834,36.073957955538248],[138.06437735444456,36.073916295554341],[138.06431485436116,36.073916295455312]],[[138.07137736238897,36.073499636882872],[138.07143986247229,36.073499636982611],[138.07143986233339,36.073457967006341],[138.07150236241682,36.073457967106172],[138.0715023622779,36.073416307130174],[138.07156486236124,36.073416307230005],[138.07156486222232,36.073374637253906],[138.07156486208339,36.073332967277729],[138.07162736216665,36.073332967377738],[138.07162736202781,36.073291307401917],[138.07156486194458,36.073291307301901],[138.07150236186126,36.073291307201806],[138.07150236172234,36.073249637225629],[138.07143986163902,36.073249637125443],[138.07137736155568,36.073249637025341],[138.07137736169449,36.073291307001696],[138.07131486161117,36.073291306901602],[138.07131486175007,36.073332966877786],[138.07125236166675,36.07333296677777],[138.07125236180565,36.073374636754224],[138.07125236194449,36.073416306730664],[138.07118986186114,36.073416306630833],[138.07118986200007,36.073457966607194],[138.07125236208338,36.073457966707025],[138.07131486216673,36.073457966806771],[138.07137736225005,36.073457966906602],[138.07137736238897,36.073499636882872]],[[138.07243986505563,36.073874638353722],[138.07237736497228,36.073874638254601],[138.07237736483339,36.073832968279397],[138.07237736469455,36.073791308304465],[138.07231486461114,36.073791308205159],[138.07231486475004,36.073832968180277],[138.07231486488897,36.073874638155573],[138.07231486502786,36.073916308130862],[138.07225236494446,36.073916308031826],[138.07225236508336,36.073957968007036],[138.07225236522225,36.073999637982325],[138.07218986513894,36.073999637883382],[138.07218986527783,36.074041307858678],[138.0721273651946,36.074041307759821],[138.07212736533342,36.074082967735379],[138.07218986541668,36.074082967834144],[138.07225236549999,36.074082967932824],[138.07225236563892,36.074124637908028],[138.07231486572223,36.074124638006701],[138.07237736580558,36.074124638105374],[138.07237736566674,36.074082968130355],[138.07243986575008,36.074082968229121],[138.07243986561116,36.074041308253911],[138.0725023656945,36.074041308352768],[138.07250236555558,36.073999638377828],[138.07250236541677,36.073957968402809],[138.07250236527787,36.073916308427954],[138.07243986519453,36.073916308328926],[138.07243986505563,36.073874638353722]]]},"properties":{"FID":122,"A31_201":"8505050720","A31_202":"横河川","A31_203":20,"A31_204":"長野県","A31_205":1,"A31_206":" ","A31_207":" ","A31_208":" "}},{"type":"Feature","id":123,"geometry":{"type":"Polygon","coordinates":[[[138.0571898531268,36.076457941805586],[138.05718985325984,36.07649961177777],[138.05712735317402,36.076499611666662],[138.05712735304107,36.076457941694471],[138.0571898531268,36.076457941805586]]]},"properties":{"FID":123,"A31_201":"8505050720","A31_202":"横河川","A31_203":20,"A31_204":"長野県","A31_205":1,"A31_206":" ","A31_207":" ","A31_208":" "}},{"type":"Feature","id":124,"geometry":{"type":"Polygon","coordinates":[[[138.05750236222238,36.079166280555476],[138.05750236235571,36.079207940527837],[138.05743986226534,36.079207940416723],[138.05743986213213,36.079166280444369],[138.05750236222238,36.079166280555476]]]},"properties":{"FID":124,"A31_201":"8505050720","A31_202":"横河川","A31_203":20,"A31_204":"長野県","A31_205":1,"A31_206":" ","A31_207":" ","A31_208":" "}},{"type":"Feature","id":125,"geometry":{"type":"Polygon","coordinates":[[[138.05718986270182,36.079457939805472],[138.05718986283486,36.079499609777741],[138.05712736274398,36.079499609666634],[138.05712736261103,36.079457939694365],[138.05718986270182,36.079457939805472]]]},"properties":{"FID":125,"A31_201":"8505050720","A31_202":"横河川","A31_203":20,"A31_204":"長野県","A31_205":1,"A31_206":" ","A31_207":" ","A31_208":" "}},{"type":"Feature","id":126,"geometry":{"type":"Polygon","coordinates":[[[138.05331486093488,36.080707932083335],[138.05325236084204,36.080707931972228],[138.05325236071343,36.08066627200013],[138.05325236058482,36.080624602027768],[138.05325236045621,36.080582932055492],[138.0532523603276,36.080541272083401],[138.05318986023505,36.080541271972294],[138.05312736014247,36.080541271861179],[138.05306486004983,36.080541271750064],[138.05300235995742,36.080541271638957],[138.05300235982901,36.080499601666688],[138.05300235970066,36.080457931694497],[138.05300235957242,36.080416271722228],[138.05300235944406,36.080374601749952],[138.05300235931571,36.080332931777775],[138.05300235918739,36.0802912718055],[138.05300235905904,36.080249601833231],[138.05300235893071,36.080207931861132],[138.05300235880236,36.080166271888771],[138.05300235867401,36.08012460191668],[138.05300235854568,36.080082931944403],[138.05300235841742,36.080041271972306],[138.05300235828906,36.079999601999944],[138.05300235816065,36.079957932027853],[138.05300235803239,36.079916272055584],[138.05300235790406,36.079874602083308],[138.05300235777571,36.079832932111124],[138.05300235764736,36.079791272138849],[138.05300235751903,36.079749602166579],[138.05300235739068,36.079707932194481],[138.05300235726236,36.079666272222127],[138.05300235713401,36.079624602250028],[138.05300235700565,36.079582932277759],[138.05300235687741,36.079541272305661],[138.05300235674906,36.0794996023333],[138.05300235662071,36.079457932361024],[138.05300235649239,36.079416272388933],[138.05300235636403,36.079374602416664],[138.05300235623571,36.079332932444473],[138.05300235610736,36.079291272472204],[138.053002355979,36.079249602499928],[138.05300235585068,36.079207932527837],[138.05300235572241,36.079166272555476],[138.053002355594,36.079124602583207],[138.05300235546565,36.079082932611108],[138.05300235533738,36.079041272638833],[138.05300235520906,36.078999602666656],[138.05300235508071,36.078957932694379],[138.05300235495235,36.078916272722282],[138.05300235482403,36.078874602750012],[138.05300235469568,36.078832932777829],[138.05300235456735,36.07879127280556],[138.0530648546569,36.078791272916668],[138.05312735474661,36.078791273027775],[138.05312735461808,36.078749603055506],[138.05312735448959,36.078707933083408],[138.05318985457913,36.078707933194522],[138.05318985445061,36.078666273222161],[138.05325235454006,36.078666273333269],[138.05325235441146,36.078624603361],[138.05325235428285,36.078582933388901],[138.05325235415424,36.078541273416633],[138.05325235402563,36.078499603444449],[138.05325235389702,36.078457933472265],[138.05325235376841,36.078416273500082],[138.05318985367941,36.078416273388967],[138.05312735359038,36.07841627327786],[138.05306485350127,36.078416273166752],[138.05300235341235,36.078416273055637],[138.053002353284,36.078374603083361],[138.05306485337286,36.078374603194476],[138.05306485324451,36.078332933222114],[138.05312735333334,36.078332933333229],[138.05312735320493,36.078291273361216],[138.05318985329376,36.078291273472246],[138.05318985316524,36.07824960349997],[138.05325235325398,36.078249603611084],[138.05325235312537,36.078207933638986],[138.05331485321403,36.078207933750093],[138.05331485308542,36.07816627377774],[138.053377353174,36.078166273888847],[138.05337735304522,36.078124603916663],[138.0534398531338,36.078124604027778],[138.05350235322237,36.078124604138885],[138.05350235309348,36.078082934166702],[138.05356485318197,36.078082934277816],[138.05356485305299,36.078041274305541],[138.05362735314131,36.078041274416648],[138.05362735301225,36.077999604444287],[138.05362735288321,36.077957934472195],[138.05362735275423,36.077916274499927],[138.0536273526252,36.077874604527828],[138.05362735249614,36.077832934555467],[138.05356485240819,36.077832934444359],[138.05350235232015,36.077832934333244],[138.05343985223203,36.07783293422213],[138.05337735214397,36.077832934111022],[138.05331485205593,36.077832933999915],[138.05325235196781,36.0778329338888],[138.05325235183929,36.077791273916702],[138.0532523517106,36.077749603944433],[138.05325235158199,36.077707933972334],[138.05325235145338,36.077666273999981],[138.05325235132477,36.077624604027704],[138.05325235119616,36.077582934055613],[138.05331485128386,36.07758293416672],[138.05331485115516,36.077541274194445],[138.05337735124274,36.07754127430556],[138.05337735111397,36.077499604333198],[138.05343985120155,36.077499604444313],[138.05350235128896,36.07749960455542],[138.05350235116009,36.077457934583322],[138.05356485124759,36.077457934694436],[138.05356485111864,36.077416274722168],[138.05362735120588,36.077416274833276],[138.05362735107681,36.077374604861177],[138.05362735094778,36.077332934888908],[138.0536273508188,36.077291274916725],[138.05362735068977,36.077249604944456],[138.0536273505607,36.077207934972179],[138.05362735043173,36.077166275000081],[138.05362735030269,36.07712460502772],[138.05362735017363,36.077082935055628],[138.05362735004468,36.07704127508336],[138.05362734991562,36.076999605111084],[138.05362734978655,36.0769579351389],[138.05362734965752,36.076916275166624],[138.05362734952854,36.076874605194355],[138.05362734939951,36.076832935222257],[138.05362734927044,36.076791275249903],[138.05356484918428,36.076791275138788],[138.05350234909793,36.076791275027674],[138.05343984901157,36.076791274916566],[138.05337734892521,36.076791274805458],[138.05331484883888,36.076791274694344],[138.05325234875261,36.076791274583229],[138.053252348624,36.076749604611138],[138.05331484871016,36.076749604722252],[138.05337734879652,36.07674960483336],[138.05337734866774,36.076707934861091],[138.0534398487539,36.076707934972106],[138.05343984862512,36.076666275000107],[138.05350234871122,36.076666275111215],[138.05350234858233,36.076624605138853],[138.05356484866843,36.076624605249961],[138.05356484853945,36.07658293527787],[138.05362734862527,36.076582935388984],[138.05362734849632,36.076541275416616],[138.05368984858222,36.076541275527731],[138.05368984845308,36.076499605555547],[138.05375234853898,36.076499605666655],[138.05375234840974,36.076457935694478],[138.05381484849556,36.076457935805585],[138.05381484836633,36.07641627583331],[138.0538148482371,36.076374605860948],[138.05387734832274,36.076374605972063],[138.05387734845206,36.076416275944425],[138.0538773485813,36.076457935916693],[138.05387734871061,36.076499605888884],[138.05387734883993,36.076541275861061],[138.05387734896925,36.076582935833429],[138.05387734909857,36.07662460580552],[138.05387734922789,36.076666275777882],[138.05387734935721,36.07670793574998],[138.05387734948644,36.076749605722249],[138.05387734961576,36.076791275694347],[138.05387734974508,36.076832935666701],[138.0538773498744,36.0768746056388],[138.05387735000372,36.076916275611069],[138.05387735013304,36.076957935583344],[138.05393985021965,36.076957935694452],[138.05400235030626,36.076957935805567],[138.05406485039279,36.076957935916681],[138.0541273504794,36.076957936027789],[138.05418985056593,36.076957936138896],[138.05418985069562,36.076999606111087],[138.05418985082528,36.077041276083357],[138.05412735073867,36.077041275972249],[138.05412735086816,36.077082935944517],[138.05406485078137,36.077082935833403],[138.05406485091086,36.077124605805501],[138.05400235082399,36.077124605694394],[138.05400235095348,36.077166275666755],[138.05393985086653,36.077166275555641],[138.05393985099585,36.077207935527738],[138.05387735090886,36.077207935416624],[138.05387735103818,36.0772496053889],[138.0538773511675,36.077291275361169],[138.05387735129673,36.077332935333352],[138.05387735142605,36.077374605305621],[138.05387735155537,36.07741627527772],[138.05393985164278,36.077416275388828],[138.05400235173011,36.077416275499942],[138.05406485181751,36.077416275611057],[138.05412735190487,36.077416275722165],[138.05418985199208,36.077416275833272],[138.05425235207952,36.077416275944387],[138.05425235194974,36.077374605972295],[138.05431485203707,36.077374606083403],[138.05431485190732,36.077332936111134],[138.05437735199456,36.077332936222241],[138.0543773518647,36.077291276250058],[138.05443985195186,36.077291276361166],[138.05443985182191,36.077249606388897],[138.05450235190898,36.077249606500004],[138.05450235177904,36.077207936527735],[138.05450235164901,36.077166276555644],[138.05450235151898,36.077124606583283],[138.05450235138903,36.077082936611184],[138.054502351259,36.077041276638909],[138.05450235112897,36.076999606666639],[138.05450235099903,36.076957936694455],[138.05443985091242,36.076957936583341],[138.0543773508258,36.076957936472233],[138.05431485073919,36.076957936361126],[138.05425235065258,36.076957936250011],[138.05425235052289,36.076916276277743],[138.05431485060942,36.07691627638885],[138.05437735069594,36.076916276499958],[138.05437735056609,36.076874606527689],[138.05437735043625,36.07683293655559],[138.05443985052258,36.076832936666705],[138.05443985039264,36.076791276694344],[138.054502350479,36.076791276805452],[138.05450235034897,36.07674960683336],[138.05450235021902,36.076707936861084],[138.054502350089,36.076666276888993],[138.05450234995897,36.076624606916631],[138.05450234982902,36.076582936944533],[138.05450234969899,36.076541276972179],[138.05450234956896,36.076499606999988],[138.05450234943902,36.076457937027811],[138.05450234930902,36.076416277055536],[138.05450234917896,36.076374607083174],[138.05450234904896,36.076332937111168],[138.05450234891902,36.076291277138807],[138.05450234878899,36.076249607166716],[138.05450234865896,36.07620793719444],[138.05450234852901,36.076166277222342],[138.05450234839898,36.07612460724998],[138.05450234826895,36.076082937277711],[138.05450234813901,36.07604127730562],[138.05450234800898,36.075999607333344],[138.05450234787895,36.07595793736116],[138.05450234774901,36.075916277388885],[138.05450234761898,36.075874607416615],[138.05450234748895,36.075832937444517],[138.054502347359,36.075791277472163],[138.05450234722898,36.075749607499887],[138.05450234709903,36.075707937527795],[138.05456484718351,36.075707937638903],[138.05456484705348,36.075666277666627],[138.05462734713797,36.075666277777742],[138.05462734700777,36.075624607805558],[138.05468984709216,36.075624607916666],[138.05475234717647,36.07562460802778],[138.05475234704619,36.075582938055504],[138.0548148471305,36.075582938166619],[138.0548148470001,36.075541278194521],[138.05487734708441,36.075541278305636],[138.05493984716864,36.07554127841675],[138.05500234725287,36.075541278527858],[138.05506484733715,36.075541278638966],[138.05512734742138,36.07554127875008],[138.05512734729072,36.075499608777804],[138.05518984737486,36.075499608888919],[138.05525234745897,36.075499609000033],[138.05525234732823,36.075457939027842],[138.05531484741221,36.075457939138957],[138.05531484728129,36.075416279166689],[138.05537734736532,36.075416279277796],[138.05537734749635,36.075457939250072],[138.05537734762726,36.075499609222248],[138.05537734775825,36.075541279194525],[138.05537734788925,36.075582939166623],[138.05543984797356,36.07558293927773],[138.05543984810458,36.075624609249999],[138.05550234818898,36.075624609361114],[138.05556484827338,36.075624609472229],[138.05562734835777,36.075624609583336],[138.05562734848905,36.07566627955552],[138.05568984857342,36.075666279666635],[138.05575234865793,36.075666279777742],[138.05581484874241,36.07566627988885],[138.05581484887387,36.075707939861125],[138.05581484900532,36.075749609833224],[138.05581484913677,36.075791279805493],[138.05587734922133,36.075791279916601],[138.05587734935287,36.075832939888969],[138.0558773494844,36.07587460986106],[138.05587734961594,36.075916279833336],[138.05593984970079,36.075916279944444],[138.05593984983233,36.075957939916719],[138.05593984996395,36.075999609888896],[138.0559398500956,36.076041279861172],[138.05600235018062,36.076041279972287],[138.05606485026573,36.076041280083395],[138.05612735035083,36.076041280194502],[138.05618985043594,36.076041280305617],[138.05625235052105,36.076041280416732],[138.05625235065293,36.076082940388822],[138.05631485073803,36.07608294049993],[138.05637735082323,36.076082940611045],[138.05643985090825,36.076082940722159],[138.05650235099344,36.076082940833267],[138.0565023511256,36.076124610805536],[138.05643985104041,36.076124610694428],[138.05643985117257,36.07616628066679],[138.05637735108738,36.076166280555682],[138.0563148510021,36.076166280444568],[138.05625235091679,36.076166280333453],[138.05618985083152,36.076166280222346],[138.05612735074624,36.076166280111238],[138.05606485066096,36.076166280000123],[138.05600235057568,36.076166279889009],[138.05593985049038,36.076166279777901],[138.0558773504051,36.076166279666793],[138.0558148503199,36.076166279555679],[138.05575235023463,36.076166279444564],[138.05575235036599,36.076207939416662],[138.05575235049741,36.076249609388938],[138.05575235062878,36.07629127936103],[138.05575235076014,36.07633293933339],[138.05575235089151,36.076374609305489],[138.05568985080586,36.076374609194289],[138.05568985093723,36.076416279166651],[138.05568985106851,36.076457939138919],[138.05562735098277,36.076457939027804],[138.05562735111405,36.076499608999995],[138.05556485102815,36.076499608888881],[138.05556485115932,36.076541278861065],[138.05550235107341,36.076541278749957],[138.05550235120452,36.076582938722311],[138.05550235133569,36.076624608694409],[138.0555023514668,36.076666278666771],[138.05550235159788,36.076707938638862],[138.05550235172899,36.076749608611138],[138.05550235186007,36.076791278583229],[138.05550235199118,36.076832938555597],[138.05550235212235,36.076874608527689],[138.05550235225346,36.076916278499965],[138.05550235238456,36.076957938472233],[138.05550235251565,36.076999608444417],[138.05550235264673,36.077041278416687],[138.05550235277784,36.077082938388962],[138.05550235290895,36.077124608361061],[138.05550235304011,36.077166278333422],[138.05550235317122,36.077207938305513],[138.0555023533023,36.077249608277782],[138.05550235343341,36.077291278250058],[138.05550235356449,36.077332938222241],[138.05550235369569,36.077374608194518],[138.05550235382677,36.077416278166609],[138.05550235395788,36.077457938138878],[138.05550235408896,36.077499608110976],[138.05550235422007,36.077541278083338],[138.05550235435123,36.077582938055613],[138.05550235448234,36.077624608027705],[138.05550235461342,36.077666277999981],[138.05550235474453,36.077707937972335],[138.05550235487561,36.077749607944433],[138.05550235500681,36.077791277916702],[138.05550235513789,36.0778329378888],[138.05543985504977,36.077832937777686],[138.05543985518088,36.077874607750047],[138.05537735509273,36.07787460763894],[138.05537735522367,36.077916277611038],[138.05531485513552,36.077916277499924],[138.05531485526637,36.077957937472192],[138.05525235517823,36.077957937361084],[138.05525235530905,36.077999607333183],[138.05518985522068,36.077999607222068],[138.0551898553515,36.07804127719443],[138.0551273552631,36.078041277083315],[138.05512735539375,36.078082937055591],[138.05512735552441,36.078124607027775],[138.05512735565515,36.078166276999958],[138.0551273557858,36.078207936972319],[138.05512735591654,36.078249606944411],[138.05512735604719,36.078291276916772],[138.05512735617793,36.078332936888785],[138.05512735630859,36.078374606861146],[138.05512735643933,36.078416276833416],[138.05512735656998,36.078457936805599],[138.05506485648087,36.078457936694491],[138.05506485661152,36.078499606666668],[138.05500235652232,36.07849960655556],[138.05500235665289,36.078541276527744],[138.05493985656361,36.07854127641663],[138.05493985669409,36.078582936388905],[138.05493985682463,36.078624606361004],[138.05487735673526,36.078624606249889],[138.05487735686566,36.078666276222165],[138.0548148567762,36.078666276111051],[138.05481485690649,36.078707936083411],[138.05475235681703,36.078707935972304],[138.05475235694732,36.078749605944395],[138.05468985685778,36.078749605833281],[138.05462735676824,36.078749605722173],[138.05462735689835,36.078791275694442],[138.05456485680872,36.078791275583335],[138.05456485693875,36.07883293555561],[138.05450235684901,36.078832935444495],[138.05450235697904,36.078874605416679],[138.05450235710899,36.078916275388949],[138.05450235723902,36.078957935361046],[138.05450235736905,36.078999605333323],[138.05450235749899,36.079041275305499],[138.05450235762902,36.079082935277775],[138.05443985753885,36.079082935166667],[138.0544398576688,36.079124605138759],[138.05437735757863,36.079124605027644],[138.05437735770846,36.07916627499992],[138.05431485761812,36.079166274888806],[138.0543148577479,36.079207934861174],[138.05431485787773,36.079249604833265],[138.05425235778731,36.07924960472215],[138.05425235791705,36.079291274694427],[138.05418985782654,36.079291274583312],[138.05418985795612,36.079332934555588],[138.0541273578657,36.07933293444448],[138.05412735799527,36.079374604416657],[138.05406485790465,36.079374604305549],[138.05400235781406,36.079374604194442],[138.05400235794346,36.079416274166711],[138.05393985785275,36.079416274055603],[138.05393985798216,36.079457934027694],[138.05387735789137,36.079457933916586],[138.05387735802069,36.079499603888856],[138.05387735815,36.079541273861217],[138.05387735827924,36.079582933833308],[138.05387735840856,36.079624603805584],[138.05387735853787,36.079666273777676],[138.05387735866719,36.079707933750043],[138.05387735879651,36.079749603722135],[138.05387735892583,36.079791273694411],[138.05387735905506,36.07983293366668],[138.05387735918438,36.079874603638864],[138.0538773593137,36.079916273611133],[138.05387735944302,36.079957933583408],[138.05387735957234,36.079999603555507],[138.05387735970166,36.080041273527868],[138.05387735983089,36.080082933499959],[138.05387735996021,36.080124603472228],[138.05387736008953,36.080166273444419],[138.05387736021885,36.080207933416688],[138.05387736034817,36.080249603388779],[138.05387736047749,36.080291273361055],[138.05381486038527,36.080291273249941],[138.05381486051459,36.080332933222309],[138.0538148606438,36.0803746031944],[138.0537523605515,36.080374603083285],[138.05375236068065,36.080416273055562],[138.0537523608098,36.08045793302783],[138.05368986071738,36.080457932916723],[138.05368986084645,36.080499602888906],[138.05362736075398,36.080499602777792],[138.05362736088301,36.080541272750068],[138.05356486079054,36.080541272638953],[138.05356486091949,36.080582932611051],[138.05350236082677,36.080582932499937],[138.05350236095572,36.080624602472213],[138.05343986086297,36.080624602361098],[138.05337736077024,36.080624602249991],[138.05337736089902,36.080666272222352],[138.05331486080627,36.080666272111245],[138.05331486093488,36.080707932083335]]]},"properties":{"FID":126,"A31_201":"8505050720","A31_202":"横河川","A31_203":20,"A31_204":"長野県","A31_205":1,"A31_206":" ","A31_207":" ","A31_208":" "}},{"type":"Feature","id":127,"geometry":{"type":"Polygon","coordinates":[[[138.05450236282903,36.080749604166719],[138.05450236295906,36.080791274138818],[138.05443986286605,36.080791274027703],[138.0544398627361,36.080749604055612],[138.05450236282903,36.080749604166719]]]},"properties":{"FID":127,"A31_201":"8505050720","A31_202":"横河川","A31_203":20,"A31_204":"長野県","A31_205":1,"A31_206":" ","A31_207":" ","A31_208":" "}},{"type":"Feature","id":128,"geometry":{"type":"Polygon","coordinates":[[[138.05443986286605,36.080791274027703],[138.05443986299591,36.080832933999972],[138.0543773629029,36.080832933888956],[138.05437736277304,36.080791273916589],[138.05443986286605,36.080791274027703]]]},"properties":{"FID":128,"A31_201":"8505050720","A31_202":"横河川","A31_203":20,"A31_204":"長野県","A31_205":1,"A31_206":" ","A31_207":" ","A31_208":" "}},{"type":"Feature","id":129,"geometry":{"type":"Polygon","coordinates":[[[138.0521898692032,36.083957927916678],[138.05218986933065,36.083999597888948],[138.05212736923232,36.08399959777784],[138.05212736910494,36.083957927805571],[138.0521898692032,36.083957927916678]]]},"properties":{"FID":129,"A31_201":"8505050720","A31_202":"横河川","A31_203":20,"A31_204":"長野県","A31_205":1,"A31_206":" ","A31_207":" ","A31_208":" "}},{"type":"Feature","id":130,"geometry":{"type":"Polygon","coordinates":[[[138.05212736923232,36.08399959777784],[138.05212736935968,36.084041267750024],[138.05206486926124,36.084041267638909],[138.05206486913397,36.083999597666732],[138.05212736923232,36.08399959777784]]]},"properties":{"FID":130,"A31_201":"8505050720","A31_202":"横河川","A31_203":20,"A31_204":"長野県","A31_205":1,"A31_206":" ","A31_207":" ","A31_208":" "}},{"type":"Feature","id":131,"geometry":{"type":"Polygon","coordinates":[[[138.05206486926124,36.084041267638909],[138.05206486938852,36.084082927611185],[138.05200236929011,36.084082927500077],[138.05200236916281,36.084041267527802],[138.05206486926124,36.084041267638909]]]},"properties":{"FID":131,"A31_201":"8505050720","A31_202":"横河川","A31_203":20,"A31_204":"長野県","A31_205":1,"A31_206":" ","A31_207":" ","A31_208":" "}},{"type":"Feature","id":132,"geometry":{"type":"Polygon","coordinates":[[[138.05450236282903,36.080749604166719],[138.054502362699,36.08070793419445],[138.05456486279184,36.080707934305558],[138.05456486266181,36.080666274333467],[138.05462736275464,36.080666274444575],[138.0546898628474,36.080666274555682],[138.05475236294004,36.080666274666797],[138.05475236280975,36.080624604694435],[138.0548148629025,36.08062460480555],[138.05487736299523,36.080624604916657],[138.05493986308798,36.080624605027765],[138.05500236318065,36.08062460513888],[138.0550648632734,36.080624605249994],[138.05512736336613,36.080624605361102],[138.05518986345879,36.08062460547221],[138.05518986332805,36.08058293549994],[138.05518986319731,36.08054127552785],[138.05518986306657,36.080499605555573],[138.05525236315904,36.080499605666688],[138.05525236302822,36.080457935694497],[138.05525236289739,36.080416275722229],[138.05531486298969,36.080416275833343],[138.05531486285878,36.080374605861067],[138.05537736295108,36.080374605972182],[138.05537736282008,36.080332936000083],[138.05543986291229,36.080332936111191],[138.05543986278127,36.080291276138837],[138.05537736268917,36.080291276027722],[138.05537736255815,36.080249606055446],[138.05543986265019,36.080249606166561],[138.05550236274232,36.080249606277675],[138.05550236261121,36.080207936305577],[138.05550236248013,36.080166276333301],[138.05556486257206,36.080166276444331],[138.05556486244089,36.080124606472232],[138.05556486230969,36.080082936499963],[138.05556486217853,36.080041276527865],[138.05550236208674,36.08004127641675],[138.05550236195566,36.079999606444389],[138.05550236182455,36.079957936472297],[138.05550236169347,36.079916276500029],[138.05550236156236,36.079874606527753],[138.05543986147086,36.079874606416638],[138.05543986160188,36.079916276388914],[138.05537736151035,36.0799162762778],[138.05531486141888,36.079916276166692],[138.05525236132735,36.079916276055584],[138.0552523614582,36.079957936027853],[138.05518986136661,36.079957935916738],[138.055127361275,36.079957935805631],[138.05506486118341,36.079957935694523],[138.05506486131398,36.0799996056667],[138.05500236122231,36.0799996055555],[138.05493986113061,36.079999605444485],[138.05487736103893,36.079999605333285],[138.05487736090856,36.079957935361186],[138.05487736077816,36.079916275388911],[138.05487736064771,36.079874605416641],[138.05493986073921,36.079874605527749],[138.05493986060873,36.079832935555572],[138.05493986047824,36.079791275583297],[138.05500236056957,36.079791275694404],[138.055002360439,36.079749605722135],[138.05506486053025,36.079749605833243],[138.0550648603996,36.079707935861151],[138.05512736049084,36.079707935972266],[138.05512736036019,36.079666275999898],[138.05512736022945,36.079624606027807],[138.05512736009871,36.07958293605553],[138.05512735996805,36.07954127608344],[138.0551273598374,36.079499606111078],[138.05512735970666,36.079457936138809],[138.05518985979745,36.079457936249916],[138.05518985966671,36.079416276277826],[138.05525235975742,36.079416276388933],[138.05525235962659,36.079374606416664],[138.0553148597171,36.079374606527772],[138.05537735980772,36.079374606638879],[138.05537735967673,36.079332936666702],[138.05543985976726,36.07933293677781],[138.05543985963624,36.079291276805534],[138.05550235972677,36.079291276916649],[138.05550235959566,36.079249606944373],[138.0555023594645,36.079207936972281],[138.05550235933347,36.079166276999921],[138.05550235920231,36.079124607027651],[138.0555023590712,36.079082937055553],[138.05550235894012,36.079041277083277],[138.0555648590302,36.079041277194392],[138.05562735912028,36.079041277305507],[138.05568985921036,36.079041277416614],[138.05575235930044,36.079041277527722],[138.05575235916908,36.078999607555545],[138.05575235903763,36.078957937583269],[138.05575235890626,36.078916277611171],[138.0557523587749,36.078874607638902],[138.05575235864345,36.078832937666718],[138.05581485873319,36.078832937777833],[138.05581485860171,36.078791277805557],[138.05587735869136,36.078791277916665],[138.05587735855983,36.078749607944395],[138.05593985864937,36.078749608055503],[138.05600235873899,36.078749608166618],[138.05600235860729,36.078707938194526],[138.05606485869683,36.078707938305634],[138.05606485856512,36.078666278333273],[138.05612735865458,36.078666278444388],[138.05612735852276,36.078624608472111],[138.05612735839097,36.07858293850002],[138.05612735825918,36.078541278527744],[138.05612735812736,36.07849960855556],[138.05612735799554,36.078457938583377],[138.05612735786374,36.078416278611193],[138.05612735773195,36.078374608638924],[138.05612735760013,36.078332938666563],[138.05612735746831,36.07829127869455],[138.05612735733652,36.078249608722189],[138.05612735720473,36.078207938750097],[138.05612735707291,36.078166278777736],[138.05618985716157,36.078166278888844],[138.05618985702966,36.078124608916667],[138.05625235711824,36.078124609027775],[138.05625235698625,36.078082939055591],[138.05631485707474,36.078082939166706],[138.05631485694278,36.07804127919443],[138.05637735703115,36.078041279305538],[138.05637735689908,36.077999609333176],[138.056377356767,36.077957939361085],[138.05637735663493,36.077916279388816],[138.05637735650276,36.077874609416718],[138.05637735637072,36.077832939444356],[138.05643985645867,36.077832939555464],[138.0565023565467,36.077832939666578],[138.05656485663482,36.077832939777693],[138.05662735672286,36.0778329398888],[138.05668985681098,36.077832939999908],[138.05675235689904,36.077832940111023],[138.05675235676651,36.077791280138925],[138.05675235663398,36.077749610166656],[138.05675235650148,36.077707940194557],[138.05675235636906,36.077666280222203],[138.05675235623653,36.077624610249927],[138.05675235610403,36.077582940277836],[138.0567523559715,36.07754128030556],[138.056752355839,36.077499610333199],[138.05675235570655,36.0774579403611],[138.05675235557405,36.077416280388832],[138.05675235544152,36.07737461041674],[138.05675235530902,36.077332940444464],[138.05675235517657,36.077291280472281],[138.05675235504398,36.077249610500004],[138.05675235491154,36.077207940527735],[138.05675235477904,36.077166280555645],[138.05675235464651,36.077124610583283],[138.056752354514,36.077082940611184],[138.05675235438156,36.077041280638909],[138.05675235424906,36.07699961066664],[138.05675235411655,36.076957940694456],[138.05675235398402,36.076916280722187],[138.05681485407055,36.076916280833295],[138.05687735415708,36.076916280944403],[138.05693985424369,36.076916281055517],[138.05693985411091,36.076874611083241],[138.05700235419727,36.076874611194356],[138.05706485428379,36.07687461130547],[138.05712735437024,36.076874611416578],[138.05718985445668,36.076874611527685],[138.05718985432372,36.076832941555594],[138.05718985419077,36.076791281583233],[138.0572523542771,36.076791281694341],[138.05725235414405,36.076749611722249],[138.05725235401093,36.076707941749973],[138.05731485409717,36.076707941861002],[138.05731485396404,36.07666628188899],[138.0573773540502,36.076666282000105],[138.05737735418336,36.076707941972202],[138.05743985426952,36.076707942083218],[138.05750235435571,36.076707942194417],[138.05756485444178,36.076707942305447],[138.05756485430845,36.076666282333434],[138.05762735439455,36.076666282444549],[138.05768985448071,36.076666282555664],[138.05775235456682,36.076666282666771],[138.05775235443315,36.07662461269441],[138.05781485451922,36.076624612805517],[138.0578773546053,36.076624612916632],[138.05793985469131,36.076624613027747],[138.05800235477739,36.076624613138854],[138.05800235464346,36.076582943166756],[138.05806485472945,36.07658294327787],[138.05812735481535,36.076582943388985],[138.05818985490134,36.076582943500092],[138.05818985476722,36.076541283527732],[138.05825235485315,36.076541283638846],[138.05831485493906,36.076541283749954],[138.05837735502504,36.076541283861062],[138.05837735489067,36.076499613888885],[138.05843985497657,36.076499613999992],[138.05850235506239,36.0764996141111],[138.05856485514821,36.076499614222215],[138.05862735523411,36.076499614333329],[138.05868985531984,36.076499614444437],[138.05875235540566,36.076499614555544],[138.05875235527091,36.076457944583368],[138.05881485535673,36.076457944694475],[138.05887735544246,36.076457944805583],[138.05893985552828,36.076457944916697],[138.05900235561401,36.076457945027812],[138.05906485569983,36.07645794513892],[138.05912735578556,36.076457945250027],[138.05912735592074,36.076499615222218],[138.05912735605591,36.076541285194395],[138.05918985614181,36.07654128530551],[138.05918985627702,36.07658294527787],[138.05918985641219,36.076624615249969],[138.05918985654745,36.076666285222331],[138.05918985668265,36.076707945194421],[138.05918985681782,36.07674961516669],[138.05925235690398,36.076749615277805],[138.05925235676872,36.076707945305529],[138.05925235663346,36.076666285333438],[138.05931485671954,36.076666285444546],[138.05931485658419,36.076624615472184],[138.05931485644882,36.076582945500093],[138.05931485631356,36.076541285527732],[138.05931485617819,36.076499615555548],[138.05937735626401,36.076499615666663],[138.05937735612855,36.076457945694472],[138.0594398562144,36.076457945805586],[138.05943985607894,36.076416285833318],[138.05950235616459,36.076416285944426],[138.05950235602904,36.076374615972156],[138.05956485611469,36.076374616083172],[138.05956485597906,36.076332946111165],[138.0596273560646,36.07633294622228],[138.05962735592897,36.076291286249919],[138.05956485584343,36.076291286138812],[138.05956485570781,36.076249616166713],[138.05956485557218,36.076207946194444],[138.05950235548681,36.076207946083329],[138.05950235535127,36.076166286111231],[138.05950235521573,36.07612461613887],[138.05956485530092,36.076124616249984],[138.05962735538611,36.076124616361099],[138.05968985547133,36.076124616472207],[138.05975235555661,36.076124616583314],[138.05981485564172,36.076124616694429],[138.05981485550575,36.076082946722153],[138.05987735559094,36.076082946833267],[138.05987735572691,36.076124616805544],[138.05987735586288,36.076166286777905],[138.05987735599888,36.076207946749996],[138.05993985608424,36.076207946861103],[138.05993985622024,36.07624961683338],[138.05993985635629,36.076291286805471],[138.05993985649235,36.076332946777839],[138.06000235657791,36.076332946888947],[138.06000235671399,36.076374616861045],[138.06006485679973,36.07637461697206],[138.06006485693587,36.076416286944422],[138.0601273570216,36.076416287055537],[138.06012735715777,36.076457947027805],[138.06012735729411,36.076499616999996],[138.06012735743033,36.076541286972173],[138.06012735756659,36.076582946944541],[138.0600648574806,36.076582946833426],[138.06000235739458,36.076582946722311],[138.05993985730859,36.076582946611204],[138.0598773572226,36.076582946500096],[138.05987735735857,36.076624616472188],[138.05987735749457,36.076666286444549],[138.05987735763054,36.076707946416647],[138.05987735776654,36.076749616388916],[138.05987735790251,36.076791286361015],[138.05987735803848,36.076832946333369],[138.05987735817439,36.076874616305467],[138.05987735831044,36.076916286277736],[138.05987735844633,36.076957946250012],[138.05987735858233,36.076999616222196],[138.05981485849571,36.076999616111081],[138.0598148586316,36.077041286083272],[138.05975235854487,36.077041285972243],[138.05975235868078,36.077082945944518],[138.05968985859397,36.077082945833411],[138.05968985872968,36.077124615805502],[138.05962735864281,36.077124615694387],[138.05962735877853,36.077166285666749],[138.05956485869154,36.077166285555641],[138.05956485882717,36.077207945527732],[138.0595023587401,36.077207945416625],[138.05950235887573,36.077249615388894],[138.05950235901128,36.07729128536117],[138.05950235914682,36.077332945333353],[138.05950235928236,36.077374615305629],[138.05950235941796,36.077416285277721],[138.05950235955351,36.077457945249989],[138.05950235968905,36.077499615222088],[138.05950235982459,36.077541285194449],[138.05950235996011,36.077582945166725],[138.05943985987253,36.07758294505561],[138.05937735978483,36.077582944944496],[138.05931485969717,36.077582944833388],[138.05925235960956,36.07758294472228],[138.05925235974485,36.077624614694372],[138.05918985965724,36.077624614583257],[138.05918985979241,36.077666284555534],[138.05912735970463,36.077666284444419],[138.05912735983975,36.077707944416787],[138.05906485975189,36.077707944305672],[138.05906485988697,36.077749614277764],[138.05900235979902,36.077749614166656],[138.05900235993403,36.077791284138925],[138.05893985984608,36.07779128402791],[138.058939859981,36.077832943999908],[138.05887735989285,36.077832943888801],[138.05887736002776,36.077874613861162],[138.05887736016268,36.077916283833261],[138.05887736029752,36.077957943805615],[138.05887736043235,36.077999613777621],[138.05887736056727,36.078041283749982],[138.05887736070207,36.078082943722258],[138.0588773608369,36.078124613694442],[138.05887736097182,36.078166283666626],[138.05887736110665,36.078207943638986],[138.05887736124146,36.078249613611078],[138.05881486115283,36.07824961349997],[138.05881486128754,36.07829128347224],[138.05875236119871,36.078291283361224],[138.05875236133346,36.078332943333223],[138.05868986124452,36.078332943222115],[138.05868986137918,36.078374613194477],[138.05862736129032,36.078374613083369],[138.0586273614249,36.078416283055638],[138.05862736155945,36.078457943027821],[138.05862736169411,36.078499613000005],[138.05862736182866,36.078541282972189],[138.0586273619632,36.078582942944465],[138.05862736209787,36.078624612916556],[138.05862736223241,36.078666282888832],[138.05856486214296,36.078666282777718],[138.0585023620535,36.078666282666603],[138.05843986196405,36.078666282555496],[138.05837736187459,36.078666282444388],[138.05831486178514,36.078666282333273],[138.05825236169568,36.078666282222159],[138.05825236182986,36.078707942194526],[138.05825236196398,36.078749612166618],[138.05825236209819,36.078791282138894],[138.05825236223231,36.078832942111163],[138.05818986214257,36.078832942000048],[138.05812736205286,36.07883294188894],[138.0580648619632,36.078832941777833],[138.05800236187349,36.078832941666718],[138.05793986178375,36.078832941555603],[138.05787736169404,36.078832941444496],[138.0578148616043,36.078832941333388],[138.05775236151459,36.078832941222274],[138.05768986142485,36.078832941111159],[138.05762736133505,36.078832941000051],[138.05762736146855,36.078874610972235],[138.05762736160204,36.078916280944512],[138.05762736173551,36.078957940916602],[138.05762736186901,36.078999610888872],[138.05762736200251,36.079041280861063],[138.05762736213592,36.079082940833331],[138.05756486204575,36.079082940722216],[138.05756486217916,36.079124610694315],[138.05750236208905,36.079124610583207],[138.05743986199889,36.079124610472093],[138.05743986186559,36.079082940500001],[138.05737736177542,36.079082940388886],[138.05731486168526,36.079082940277772],[138.05731486181838,36.07912461024987],[138.05725236172822,36.079124610138763],[138.05725236186126,36.079166280111032],[138.05718986177092,36.079166279999924],[138.05718986190396,36.079207939972278],[138.05712736181363,36.07920793986117],[138.05712736194647,36.079249609833269],[138.05706486185605,36.079249609722154],[138.05706486198892,36.079291279694431],[138.05706486212171,36.079332939666699],[138.05706486225458,36.079374609638883],[138.05706486238745,36.079416279611152],[138.05706486252032,36.07945793958325],[138.05700236242953,36.079457939472135],[138.05700236256232,36.079499609444412],[138.0570023626951,36.079541279416773],[138.05700236282786,36.079582939388871],[138.05700236296065,36.07962460936114],[138.05700236309343,36.079666279333239],[138.05700236322622,36.079707939305592],[138.057002363359,36.079749609277691],[138.05700236349179,36.07979127924996],[138.05700236362449,36.079832939222236],[138.05700236375725,36.07987460919442],[138.05700236389015,36.079916279166696],[138.05700236402282,36.079957939138964],[138.05700236415561,36.079999609111056],[138.05700236428839,36.080041279083417],[138.05700236442118,36.080082939055515],[138.05700236455397,36.080124609027791],[138.05693986446218,36.080124608916677],[138.05693986459488,36.080166278888861],[138.05687736450295,36.080166278777753],[138.05687736463554,36.080207938750021],[138.05681486454358,36.080207938638907],[138.05681486467611,36.080249608611005],[138.05675236458399,36.080249608499898],[138.05675236471652,36.080291278472167],[138.05675236484902,36.080332938444442],[138.05675236498155,36.080374608416619],[138.05675236511405,36.080416278388896],[138.0567523652465,36.080457938361164],[138.056752365379,36.080499608333355],[138.0567523655115,36.080541278305624],[138.05668986541895,36.080541278194517],[138.05668986555136,36.080582938166607],[138.05662736545872,36.0805829380555],[138.05662736559105,36.080624608027769],[138.05656486549839,36.080624607916661],[138.05650236540566,36.080624607805547],[138.05650236553791,36.080666277777908],[138.05643986544507,36.080666277666793],[138.05643986557723,36.080707937638891],[138.05637736548448,36.080707937527777],[138.05637736561656,36.080749607500053],[138.05637736574863,36.080791277472144],[138.05637736588071,36.080832937444512],[138.05637736601278,36.080874607416519],[138.05637736614494,36.08091627738888],[138.05631486605174,36.080916277277765],[138.05625236595847,36.080916277166651],[138.05618986586526,36.080916277055543],[138.05612736577208,36.080916276944436],[138.05606486567891,36.080916276833321],[138.05606486581061,36.080957936805589],[138.05600236571735,36.080957936694482],[138.05600236584897,36.080999606666666],[138.05593986575568,36.080999606555551],[138.05593986588721,36.081041276527742],[138.05587736579386,36.081041276416627],[138.05587736592531,36.081082936388988],[138.05581486583193,36.08108293627788],[138.05581486596347,36.081124606249972],[138.05581486609492,36.081166276222334],[138.05575236600129,36.081166276111219],[138.05575236613265,36.081207936083231],[138.05575236626402,36.081249606055593],[138.05575236639547,36.081291276027684],[138.05575236652683,36.081332936000045],[138.0557523666582,36.081374605972144],[138.05575236678965,36.081416275944413],[138.05575236692101,36.081457935916688],[138.05575236705238,36.081499605888865],[138.0557523671838,36.081541275861056],[138.05575236731516,36.08158293583341],[138.05575236744653,36.081624605805509],[138.05575236757798,36.08166627577787],[138.05575236770935,36.081707935749961],[138.05575236784071,36.081749605722237],[138.05575236797208,36.081791275694513],[138.05575236810344,36.081832935666696],[138.05575236823489,36.081874605638873],[138.05575236836626,36.081916275611064],[138.05575236849762,36.081957935583333],[138.05575236862904,36.081999605555424],[138.05568986853399,36.081999605444317],[138.05568986866535,36.082041275416678],[138.05568986879663,36.082082935388954],[138.05562736870149,36.082082935277839],[138.05562736883277,36.08212460524993],[138.05556486873752,36.082124605138823],[138.05556486886871,36.082166275111092],[138.05550236877349,36.082166274999985],[138.05550236890457,36.08220793497226],[138.05550236903568,36.082249604944437],[138.05550236916676,36.082291274916713],[138.05550236929787,36.082332934888811],[138.05550236942906,36.082374604861172],[138.05550236956014,36.082416274833264],[138.05543986946438,36.082416274722149],[138.05543986959549,36.082457934694425],[138.05537736949969,36.082457934583317],[138.05537736963063,36.082499604555409],[138.05531486953478,36.082499604444294],[138.05525236943902,36.082499604333186],[138.05525236956993,36.082541274305548],[138.05518986947399,36.08254127419444],[138.05518986960473,36.082582934166709],[138.05512736950877,36.082582934055594],[138.05512736963942,36.082624604027785],[138.05512736977016,36.082666273999962],[138.05512736990082,36.08270793397233],[138.05512737003156,36.082749603944421],[138.05512737016221,36.082791273916698],[138.05512737029295,36.082832933888788],[138.05512737042361,36.08287460386115],[138.05512737055435,36.082916273833419],[138.055127370685,36.082957933805602],[138.05512737081574,36.082999603777793],[138.05512737094639,36.08304127374997],[138.05512737107705,36.083082933722245],[138.05512737120779,36.083124603694344],[138.05512737133853,36.083166273666613],[138.05512737146915,36.083207933638974],[138.05512737159989,36.083249603611065],[138.05506487150279,36.083249603499958],[138.05506487163345,36.083291273472227],[138.05506487176402,36.083332933444503],[138.05500237166675,36.08333293333348],[138.05500237179731,36.083374603305664],[138.05493987170004,36.083374603194557],[138.0549398718305,36.083416273166826],[138.05487737173314,36.083416273055718],[138.05487737186354,36.083457933027809],[138.054877371994,36.083499603000078],[138.05487737212439,36.083541272972269],[138.05487737225477,36.083582932944537],[138.05487737238516,36.083624602916629],[138.05487737251562,36.083666272888905],[138.05487737264602,36.083707932861266],[138.05487737277647,36.083749602833365],[138.05487737290687,36.083791272805634],[138.05487737303724,36.083832932777909],[138.05487737316773,36.083874602750086],[138.0548773732981,36.083916272722362],[138.0548773734285,36.08395793269446],[138.05487737355898,36.083999602666729],[138.05487737368935,36.084041272638913],[138.05487737381975,36.084082932611182],[138.05487737395021,36.084124602583458],[138.0548773740806,36.084166272555549],[138.05487737421106,36.084207932527917],[138.05487737434146,36.084249602500009],[138.05487737447191,36.084291272472285],[138.05487737460231,36.084332932444553],[138.05487737473271,36.084374602416737],[138.05487737486317,36.084416272388921],[138.05487737499357,36.084457932361282],[138.05481487489442,36.084457932250174],[138.05475237479527,36.08445793213906],[138.05468987469632,36.084457932027945],[138.05462737459717,36.084457931916837],[138.05456487449811,36.08445793180573],[138.05450237439896,36.084457931694615],[138.05450237452902,36.084499601666707],[138.05450237465902,36.084541271639068],[138.05450237478897,36.084582931611166],[138.054502374919,36.084624601583442],[138.05450237504903,36.084666271555534],[138.05450237517897,36.084707931527895],[138.054502375309,36.084749601499993],[138.05450237543903,36.084791271472263],[138.05450237556897,36.084832931444538],[138.054502375699,36.084874601416715],[138.05450237582903,36.084916271388991],[138.05450237595898,36.084957931361259],[138.054502376089,36.084999601333358],[138.05450237621903,36.08504127130572],[138.05450237634898,36.08508293127781],[138.05443987624886,36.085082931166703],[138.05437737614864,36.085082931055595],[138.05431487604852,36.08508293094448],[138.05425237594841,36.085082930833366],[138.0542523760781,36.085124600805642],[138.05425237620784,36.085166270777826],[138.05425237633753,36.085207930750101],[138.05425237646728,36.085249600722371],[138.05425237659705,36.085291270694469],[138.05425237672674,36.085332930666738],[138.05425237685648,36.085374600638829],[138.05425237698617,36.085416270611191],[138.05425237711592,36.085457930583466],[138.0542523772456,36.08549960055565],[138.05425237737535,36.085541270527834],[138.05418987727444,36.085541270416726],[138.05418987740404,36.08558293038908],[138.05412737730319,36.085582930277972],[138.05412737743279,36.085624600250071],[138.05406487733177,36.085624600138956],[138.05400237723069,36.085624600027842],[138.05400237736009,36.085666270000118],[138.05393987725901,36.085666269889003],[138.05393987738833,36.085707929861101],[138.05387737728714,36.085707929749987],[138.05387737741646,36.085749599722348],[138.05381487731526,36.085749599611241],[138.05381487744449,36.085791269583339],[138.05381487757364,36.085832929555693],[138.05375237747228,36.085832929444585],[138.05375237760143,36.085874599416591],[138.05368987749998,36.085874599305484],[138.05368987762913,36.085916269277845],[138.05362737752756,36.085916269166731],[138.05362737765654,36.085957929138999],[138.0536273777856,36.08599959911119],[138.05362737791464,36.086041269083367],[138.05362737804361,36.086082929055735],[138.05362737817265,36.086124599027826],[138.05362737830171,36.086166269000188],[138.05362737843069,36.086207928972193],[138.05362737855981,36.086249598944555],[138.05362737868879,36.086291268916654],[138.05362737881782,36.086332928889007],[138.05362737894689,36.086374598861198],[138.05368987904913,36.086374598972306],[138.05368987917828,36.08641626894449],[138.05375237928061,36.086416269055604],[138.05375237940976,36.086457929027873],[138.05381487951226,36.086457929138987],[138.05381487964149,36.086499599111079],[138.05387737974402,36.086499599222194],[138.05387737987334,36.086541269194463],[138.05387738000258,36.086582929166823],[138.05381487989996,36.086582929055709],[138.05381488002919,36.086624599027807],[138.05375237992649,36.0866245989167],[138.05375238005564,36.086666268888969],[138.05368987995286,36.086666268777861],[138.05368988008192,36.08670792875013],[138.05368988021104,36.086749598722314],[138.05362738010808,36.086749598611206],[138.05362738023715,36.086791268583475],[138.05362738036621,36.086832928555566],[138.05362738049516,36.086874598527842],[138.05362738062422,36.086916268500026],[138.05362738075326,36.086957928472302],[138.05362738088223,36.086999598444393],[138.05362738101127,36.087041268416755],[138.05362738114033,36.087082928389023],[138.05362738126939,36.087124598361122],[138.05362738139843,36.087166268333391],[138.05356488129485,36.087166268222283],[138.05350238119127,36.087166268111176],[138.0534398810876,36.087166268000061],[138.05337738098402,36.087166267888946],[138.05331488088035,36.087166267777839],[138.05325238077677,36.087166267666731],[138.05325238090538,36.087207927639085],[138.05318988080163,36.087207927527977],[138.05318988093023,36.087249597500076],[138.05312738082648,36.087249597388961],[138.05312738095498,36.087291267361238],[138.05306488085114,36.087291267250123],[138.05306488097949,36.087332927222221],[138.0530648811079,36.087374597194582],[138.05300238100406,36.087374597083468],[138.05300238113242,36.087416267055559],[138.05293988102838,36.087416266944452],[138.05287738092434,36.087416266833344],[138.05281488082025,36.087416266722229],[138.05275238071621,36.087416266611115],[138.05268988061218,36.087416266500007],[138.05262738050817,36.0874162663889],[138.05262738063607,36.087457926361168],[138.05256488053195,36.087457926250053],[138.05250238042782,36.087457926138946],[138.05250238055564,36.087499596111215],[138.05250238068336,36.087541266083406],[138.05243988057924,36.087541265972291],[138.05243988070697,36.08758292594456],[138.05237738060259,36.087582925833452],[138.0523148804983,36.087582925722344],[138.05231488062591,36.087624595694436],[138.05225238052154,36.087624595583321],[138.05225238064901,36.087666265555598],[138.05218988054452,36.087666265444483],[138.05218988067199,36.087707925416851],[138.05212738056741,36.087707925305736],[138.0521273806948,36.087749595277828],[138.05206488059022,36.08774959516672],[138.0520648807175,36.087791265138989],[138.05200238061286,36.087791265027882],[138.05200238074005,36.087832925000157],[138.0519398806353,36.087832924889042],[138.05193988076249,36.087874594861226],[138.05187738065777,36.087874594750119],[138.05187738078484,36.087916264722388],[138.05181488068004,36.08791626461128],[138.05181488080706,36.087957924583371],[138.05181488093405,36.08799959455564],[138.05175238082904,36.087999594444533],[138.05175238095597,36.088041264416717],[138.05175238108291,36.088082924388985],[138.05175238120989,36.088124594361084],[138.05175238133683,36.088166264333353],[138.05175238146376,36.088207924305721],[138.05175238159066,36.088249594277812],[138.05168988148523,36.088249594166697],[138.05162738137986,36.08824959405559],[138.05162738150671,36.088291264027859],[138.05156488140116,36.088291263916751],[138.0515648815279,36.088332923889027],[138.05150238142227,36.088332923777912],[138.05150238154891,36.088374593750096],[138.05143988144332,36.088374593638989],[138.05143988156996,36.088416263611258],[138.05137738146425,36.08841626350015],[138.05137738159073,36.088457923472241],[138.05137738171729,36.08849959344451],[138.05137738184385,36.088541263416701],[138.05137738197033,36.088582923388969],[138.05137738209689,36.088624593361246],[138.05137738222336,36.088666263333337],[138.05137738234993,36.088707923305698],[138.05137738247652,36.088749593277797],[138.05137738260299,36.088791263250066],[138.05137738272947,36.088832923222341],[138.05137738285603,36.088874593194518],[138.05137738298259,36.088916263166794],[138.05137738310907,36.088957923138892],[138.05137738323563,36.088999593111161],[138.05137738336219,36.089041263083523],[138.05131488325551,36.089041262972415],[138.05125238314881,36.089041262861301],[138.05118988304204,36.089041262750186],[138.05112738293525,36.089041262639078],[138.05106488282857,36.089041262527971],[138.05106488295468,36.089082922500062],[138.05100238284791,36.089082922388954],[138.05100238297402,36.089124592361223],[138.05093988286708,36.089124592250116],[138.05093988274103,36.089082922277839],[138.05093988261501,36.089041262305741],[138.05093988248899,36.08899959233338],[138.05093988236294,36.088957922361111],[138.05093988223692,36.08891626238902],[138.05093988211087,36.088874592416744],[138.05093988198476,36.08883292244456],[138.05100238209118,36.088832922555667],[138.05100238196513,36.088791262583399],[138.05100238183903,36.088749592611123],[138.05100238171292,36.088707922639031],[138.05106488181906,36.088707922750146],[138.05106488169287,36.088666262777778],[138.05106488156673,36.088624592805687],[138.05106488144051,36.08858292283341],[138.05106488131432,36.088541262861142],[138.05106488118818,36.088499592888958],[138.05112738129398,36.088499593000066],[138.05112738116779,36.088457923027796],[138.05112738104148,36.088416263055706],[138.05112738091526,36.088374593083429],[138.05112738078898,36.088332923111246],[138.05112738066276,36.08829126313897],[138.05112738053654,36.088249593166701],[138.05112738041026,36.088207923194602],[138.05112738028404,36.088166263222249],[138.05106488017867,36.088166263111134],[138.05106488005256,36.088124593138858],[138.05100237994731,36.08812459302775],[138.05100237982117,36.088082923055651],[138.05093987971608,36.088082922944544],[138.05093987959006,36.088041262972268],[138.05087737948497,36.088041262861161],[138.05087737935892,36.087999592888977],[138.05087737923299,36.087957922916701],[138.05087737910705,36.08791626294461],[138.05081487900213,36.087916262833502],[138.05081487887617,36.087874592861226],[138.05075237877153,36.087874592750111],[138.05075237864568,36.087832922777935],[138.05075237851992,36.087791262805659],[138.05081487862446,36.087791262916767],[138.05081487849853,36.087749592944498],[138.05081487837259,36.087707922972399],[138.05087737847714,36.087707923083514],[138.0508773783512,36.087666263111153],[138.05093987845567,36.08766626322226],[138.05093987832956,36.087624593249991],[138.05093987820351,36.087582923277893],[138.05093987807749,36.087541263305624],[138.05093987795146,36.08749959333344],[138.05093987782541,36.087457923361171],[138.05087737772129,36.087457923250057],[138.05087737759536,36.087416263277788],[138.05081487749135,36.087416263166674],[138.05081487736538,36.087374593194582],[138.05081487723945,36.08733292322222],[138.0508148771136,36.087291263250123],[138.05081487698766,36.087249593277846],[138.0508773770915,36.087249593388961],[138.05087737696547,36.087207923416777],[138.05087737683951,36.087166263444502],[138.05087737671357,36.087124593472232],[138.05093987681707,36.08712459358334],[138.05093987669105,36.087082923611248],[138.05100237679454,36.087082923722363],[138.05100237666841,36.087041263750088],[138.05106487677182,36.087041263861195],[138.05106487664568,36.086999593888834],[138.05112737674901,36.086999593999948],[138.0511273766227,36.086957924027857],[138.05112737649648,36.086916264055581],[138.05118987659972,36.086916264166689],[138.05118987647342,36.086874594194597],[138.05118987634702,36.086832924222236],[138.05125237645009,36.086832924333351],[138.05125237632379,36.086791264361253],[138.0512523761974,36.086749594388976],[138.05125237607092,36.0867079244168],[138.05125237594461,36.086666264444524],[138.05125237581822,36.086624594472255],[138.05125237569183,36.086582924500156],[138.05118987558916,36.086582924389049],[138.05118987546285,36.086541264416681],[138.05118987533655,36.086499594444412],[138.05112737523396,36.086499594333304],[138.05112737510774,36.086457924361206],[138.05112737498152,36.08641626438893],[138.05112737485524,36.086374594416753],[138.05112737472902,36.086332924444562],[138.0511273746028,36.086291264472209],[138.05112737447652,36.08624959450011],[138.05112737435022,36.086207924527749],[138.051127374224,36.086166264555743],[138.05112737409769,36.086124594583382],[138.0511273739715,36.08608292461129],[138.05112737384528,36.086041264638922],[138.05118987394701,36.086041264750037],[138.0511898738207,36.085999594777853],[138.05125237392232,36.08599959488896],[138.05125237379593,36.085957924916784],[138.05131487389758,36.085957925027891],[138.0513148737711,36.085916265055616],[138.05131487364463,36.085874595083254],[138.05131487351815,36.085832925111248],[138.05125237341679,36.08583292500014],[138.0512523732904,36.08579126502778],[138.05131487339176,36.085791265138894],[138.05131487326528,36.085749595166796],[138.05137737336645,36.085749595277903],[138.05137737323989,36.085707925305542],[138.05137737311341,36.085666265333451],[138.05137737298685,36.085624595361182],[138.05137737286029,36.085582925389083],[138.05137737273381,36.085541265416722],[138.05143987283472,36.085541265527837],[138.05143987270807,36.085499595555561],[138.05143987258151,36.085457925583469],[138.05150237268225,36.085457925694577],[138.0515023725556,36.085416265722301],[138.05156487265634,36.085416265833416],[138.05156487252958,36.085374595861055],[138.05156487240285,36.085332925888963],[138.05162737250339,36.085332926000071],[138.05168987260396,36.085332926111178],[138.05175237270453,36.085332926222293],[138.0517523725776,36.085291266250024],[138.05181487267816,36.085291266361132],[138.05181487255106,36.085249596389033],[138.05187737265155,36.085249596500148],[138.05187737252444,36.085207926527872],[138.05193987262464,36.085207926638986],[138.05193987249754,36.085166266666626],[138.05193987237035,36.085124596694527],[138.05200237247058,36.085124596805642],[138.0520023723434,36.085082926833365],[138.05200237221621,36.085041266861275],[138.05200237208891,36.084999596888913],[138.05200237196175,36.084957926916815],[138.05200237183453,36.084916266944546],[138.05200237170726,36.08487459697227],[138.05200237158007,36.084832927000093],[138.0520023714528,36.084791267027818],[138.05200237132561,36.084749597055549],[138.05200237119834,36.08470792708345],[138.05200237107115,36.084666267111089],[138.05200237094397,36.084624597138998],[138.05200237081669,36.084582927166721],[138.05200237068951,36.084541267194624],[138.05200237056224,36.084499597222262],[138.05200237043505,36.08445792725017],[138.05200237030786,36.08441626727781],[138.05200237018059,36.084374597305626],[138.0520023700534,36.084332927333442],[138.05200236992613,36.084291267361166],[138.05200236979894,36.084249597388897],[138.05200236967164,36.084207927416799],[138.05206486977036,36.084207927527913],[138.05206486964306,36.084166267555553],[138.05212736974178,36.08416626766666],[138.0521273696144,36.084124597694569],[138.05218986971292,36.084124597805683],[138.05218986958548,36.084082927833407],[138.052252369684,36.084082927944522],[138.05225236955653,36.084041267972246],[138.052252369429,36.083999598000062],[138.05225236930144,36.083957928027786],[138.0521898692032,36.083957927916678],[138.05218986907573,36.083916267944588],[138.052252369174,36.083916268055695],[138.05225236904647,36.083874598083426],[138.05231486914462,36.083874598194534],[138.05231486901707,36.08383292822235],[138.05237736911505,36.083832928333464],[138.05237736898752,36.083791268361189],[138.05237736885988,36.08374959838892],[138.05237736873218,36.083707928416821],[138.05237736860454,36.08366626844446],[138.0523773684769,36.083624598472184],[138.05243986857462,36.083624598583299],[138.0524398684469,36.083582928611207],[138.05250236854445,36.083582928722315],[138.05250236841673,36.083541268750039],[138.05256486851428,36.083541268861154],[138.05256486838647,36.08349959888897],[138.05262736848391,36.083499599000078],[138.05262736835601,36.083457929027809],[138.05262736822812,36.083416269055718],[138.05262736810022,36.083374599083442],[138.05262736797232,36.083332929111258],[138.05262736784442,36.083291269138897],[138.05262736771644,36.083249599166621],[138.05262736758854,36.083207929194529],[138.05268986768556,36.083207929305644],[138.05268986755758,36.083166269333276],[138.05275236765456,36.083166269444391],[138.05275236752649,36.083124599472114],[138.05281486762343,36.083124599583229],[138.05287736772024,36.083124599694344],[138.05287736759209,36.083082929722245],[138.05293986768891,36.083082929833353],[138.05293986756067,36.083041269861084],[138.0530023676574,36.083041269972199],[138.05300236752907,36.082999600000008],[138.05300236740072,36.082957930027739],[138.05300236727237,36.082916270055648],[138.05300236714405,36.082874600083372],[138.05300236701569,36.08283293011101],[138.05300236688737,36.082791270138912],[138.05306486698365,36.082791270250027],[138.05306486685521,36.082749600277751],[138.05312736695143,36.082749600388865],[138.05312736682299,36.082707930416774],[138.05318986691921,36.082707930527882],[138.05318986679069,36.082666270555521],[138.05318986666208,36.082624600583337],[138.0532523667581,36.082624600694444],[138.05325236662952,36.082582930722268],[138.05325236650089,36.082541270749992],[138.05331486659685,36.0825412708611],[138.05331486646816,36.082499600888738],[138.05337736656401,36.082499600999853],[138.0533773664352,36.082457931027761],[138.05343986653099,36.082457931138869],[138.05343986640227,36.082416271166593],[138.05350236649795,36.082416271277708],[138.053502366369,36.082374601305617],[138.05350236624011,36.082332931333255],[138.05350236611125,36.082291271361157],[138.05350236598238,36.082249601388881],[138.05356486607778,36.082249601499996],[138.05356486594883,36.082207931527904],[138.05362736604405,36.082207931638919],[138.05362736591508,36.082166271666651],[138.05362736578604,36.082124601694375],[138.05362736565698,36.082082931722283],[138.05362736552803,36.082041271750015],[138.05362736539897,36.081999601777653],[138.0536273652699,36.081957931805555],[138.05362736514087,36.081916271833279],[138.05362736501189,36.081874601861102],[138.05362736488286,36.081832931888911],[138.05362736475379,36.081791271916728],[138.05362736462484,36.081749601944459],[138.05368986471936,36.081749602055567],[138.0536898645903,36.081707932083205],[138.05368986446126,36.081666272111207],[138.05375236455569,36.081666272222314],[138.05375236442646,36.081624602249953],[138.05381486452089,36.08162460236106],[138.05381486439165,36.081582932388969],[138.05387736448591,36.081582932500083],[138.05387736435668,36.081541272527716],[138.05387736422736,36.081499602555539],[138.05387736409804,36.081457932583348],[138.05387736396872,36.081416272611079],[138.0538773638394,36.081374602638803],[138.05387736371009,36.081332932666712],[138.05387736358085,36.081291272694351],[138.05387736345153,36.081249602722252],[138.05387736332221,36.081207932749891],[138.0538773631929,36.081166272777892],[138.05393986328653,36.081166272889],[138.05400236338016,36.081166273000107],[138.0540648634738,36.081166273111222],[138.05412736356743,36.081166273222337],[138.05418986366089,36.081166273333444],[138.05425236375453,36.081166273444552],[138.05425236388419,36.081207933416565],[138.05425236401396,36.081249603388926],[138.05425236414374,36.081291273361018],[138.0542523642734,36.081332933333378],[138.05431486436731,36.081332933444486],[138.05431486423754,36.081291273472132],[138.05437736433134,36.08129127358324],[138.05437736420149,36.081249603611141],[138.0544398642952,36.081249603722256],[138.05450236438904,36.081249603833371],[138.05450236425901,36.081207933861009],[138.05456486435273,36.081207933972117],[138.05462736444636,36.081207934083224],[138.05462736431625,36.081166274111226],[138.05468986440988,36.081166274222333],[138.05468986427968,36.081124604249972],[138.05475236437312,36.081124604361079],[138.05475236424283,36.081082934388988],[138.05475236411252,36.081041274416627],[138.05481486420598,36.081041274527735],[138.05481486407561,36.080999604555558],[138.05487736416896,36.080999604666665],[138.05487736403859,36.080957934694482],[138.05493986413185,36.080957934805596],[138.0549398640014,36.080916274833321],[138.05493986387083,36.080874604860959],[138.05500236396401,36.080874604972067],[138.05500236383347,36.080832935000061],[138.05506486392648,36.080832935111175],[138.05506486379591,36.080791275138814],[138.0550023637029,36.080791275027707],[138.05493986360989,36.080791274916592],[138.05487736351688,36.080791274805478],[138.05481486342387,36.08079127469437],[138.05475236333092,36.080791274583262],[138.05468986323802,36.080791274472148],[138.05462736314499,36.080791274361033],[138.05456486305206,36.080791274249925],[138.05456486292195,36.080749604277827],[138.05450236282903,36.080749604166719]],[[138.05850235936464,36.077832943222134],[138.05850235949902,36.077874613194496],[138.05856485958722,36.07787461330561],[138.05862735967537,36.077874613416718],[138.05862735954071,36.077832943444356],[138.05862735940616,36.077791283472266],[138.05862735927158,36.077749613499989],[138.05862735913695,36.077707943527898],[138.05868985922473,36.077707943638913],[138.05868985909007,36.077666283666645],[138.0586898589554,36.077624613694368],[138.05868985882077,36.077582943722277],[138.05868985868614,36.077541283750008],[138.05875235877372,36.077541283861116],[138.05875235863897,36.077499613888754],[138.05875235850425,36.077457943916656],[138.05868985841681,36.077457943805548],[138.05868985828218,36.077416283833273],[138.05862735819494,36.077416283722165],[138.05862735806028,36.077374613750067],[138.05868985814755,36.077374613861181],[138.05868985801288,36.077332943888905],[138.05868985787822,36.077291283916722],[138.05862735779118,36.077291283805614],[138.0586273576566,36.077249613833345],[138.05856485756948,36.07724961372223],[138.05856485770403,36.077291283694507],[138.05856485783849,36.07733294366669],[138.05850235775125,36.077332943555575],[138.05850235788571,36.077374613527851],[138.05850235802021,36.077416283499943],[138.05843985793277,36.077416283388828],[138.05843985806717,36.077457943361104],[138.05837735797974,36.077457943249996],[138.05837735811403,36.077499613222088],[138.05831485802653,36.077499613110973],[138.05831485816074,36.077541283083335],[138.05831485829495,36.07758294305561],[138.05825235820734,36.077582942944503],[138.05825235834146,36.077624612916594],[138.05831485842924,36.077624613027709],[138.05831485856345,36.077666282999978],[138.05837735865128,36.077666283111085],[138.05843985873906,36.0776662832222],[138.05843985887344,36.077707943194468],[138.05843985900782,36.07774961316666],[138.05850235909568,36.077749613277767],[138.05850235923015,36.077791283250036],[138.05850235936464,36.077832943222134]],[[138.05362737107612,36.083832930555687],[138.05368987117419,36.083832930666794],[138.05375237127225,36.083832930777902],[138.05381487137035,36.083832930889017],[138.05387737146842,36.083832931000131],[138.05393987156648,36.083832931111239],[138.05393987143717,36.083791271138963],[138.05400237153515,36.083791271250078],[138.05400237140566,36.083749601277802],[138.05406487150364,36.083749601388917],[138.05412737160154,36.083749601500031],[138.05412737147196,36.083707931527933],[138.05418987156969,36.08370793163904],[138.05418987144009,36.083666271666686],[138.05418987131043,36.08362460169441],[138.05412737121279,36.083624601583296],[138.05412737108321,36.083582931611204],[138.05406487098557,36.083582931500089],[138.05406487085608,36.083541271527821],[138.05400237075844,36.083541271416706],[138.05400237062904,36.08349960144453],[138.05393987053151,36.083499601333415],[138.05393987040208,36.083457931361139],[138.05387737030463,36.083457931250031],[138.0538773701754,36.08341627127794],[138.05387737004608,36.083374601305664],[138.05387736991676,36.08333293133348],[138.05387736978753,36.083291271361119],[138.05387736965821,36.083249601388843],[138.05387736952889,36.083207931416752],[138.05381486943179,36.083207931305637],[138.0537523693348,36.083207931194529],[138.05368986923779,36.083207931083422],[138.05362736914077,36.083207930972307],[138.05356486904384,36.083207930861192],[138.05350236894677,36.083207930750085],[138.05343986884975,36.083207930638977],[138.05337736875273,36.083207930527863],[138.05331486865572,36.083207930416748],[138.05325236855873,36.08320793030564],[138.05325236868734,36.083249600277739],[138.05318986859024,36.083249600166624],[138.05318986871876,36.083291270138901],[138.05318986884726,36.083332930111169],[138.0531273687501,36.083332930000147],[138.05312736887851,36.083374599972331],[138.05306486878123,36.083374599861216],[138.05306486890959,36.083416269833492],[138.0530023688124,36.083416269722377],[138.05300236894064,36.083457929694475],[138.05300236906899,36.083499599666752],[138.05300236919732,36.083541269638928],[138.05300236932567,36.083582929611204],[138.05300236945402,36.083624599583302],[138.05300236958234,36.083666269555572],[138.05306486968007,36.083666269666679],[138.0531273697778,36.083666269777794],[138.05318986987561,36.083666269888909],[138.05325236997342,36.083666270000016],[138.05331487007123,36.083666270111124],[138.05337737016902,36.083666270222238],[138.05343987026683,36.083666270333353],[138.05350237036455,36.083666270444461],[138.05356487046237,36.083666270555568],[138.05362737055998,36.083666270666683],[138.05362737068904,36.083707930639044],[138.05362737081811,36.083749600611142],[138.05362737094714,36.083791270583411],[138.05362737107612,36.083832930555687],[138.05356487097822,36.083832930444572],[138.05350237088015,36.083832930333458],[138.05343987078206,36.08383293022235],[138.05337737068399,36.083832930111242],[138.05331487058592,36.083832930000128],[138.05325237048785,36.083832929889013],[138.05318987038976,36.083832929777905],[138.05312737029169,36.083832929666798],[138.05306487019362,36.083832929555683],[138.05300237009564,36.083832929444569],[138.05300237022408,36.08387459941676],[138.0529398701259,36.083874599305645],[138.05293987025416,36.083916269277921],[138.05287737015598,36.083916269166807],[138.05287737028416,36.083957929138904],[138.05281487018581,36.08395792902779],[138.05281487031397,36.083999599000066],[138.05275237021564,36.083999598888951],[138.05275237034371,36.084041268861135],[138.05268987024527,36.084041268750028],[138.05268987037326,36.084082928722296],[138.05262737027476,36.084082928611181],[138.05262737040266,36.084124598583458],[138.05262737053064,36.084166268555549],[138.05262737065854,36.084207928527917],[138.05262737078644,36.084249598500008],[138.05262737091434,36.084291268472285],[138.05262737104223,36.084332928444553],[138.05262737117022,36.084374598416737],[138.05262737129812,36.084416268388921],[138.05262737142601,36.084457928361282],[138.05262737155391,36.08449959833338],[138.05262737168189,36.084541268305742],[138.05262737180979,36.084582928277833],[138.05262737193769,36.084624598250102],[138.05262737206567,36.0846662682222],[138.05262737219357,36.084707928194561],[138.05262737232147,36.084749598166653],[138.05262737244936,36.084791268138929],[138.05262737257726,36.084832928111197],[138.05262737270525,36.084874598083388],[138.05262737283314,36.084916268055657],[138.05262737296104,36.084957928027933],[138.05262737308894,36.084999598000024],[138.05262737321692,36.085041267972386],[138.05262737334482,36.085082927944484],[138.05262737347272,36.085124597916753],[138.05262737360061,36.085166267888937],[138.05262737372851,36.085207927861205],[138.0526273738565,36.085249597833482],[138.05262737398439,36.085291267805573],[138.05262737411229,36.085332927777849],[138.05268987421286,36.085332927888956],[138.05275237431343,36.085332928000071],[138.052814874414,36.085332928111185],[138.05287737451454,36.085332928222293],[138.05293987461511,36.085332928333401],[138.05300237471567,36.085332928444515],[138.05306487481613,36.08533292855563],[138.0531273749167,36.085332928666737],[138.05318987501727,36.085332928777845],[138.05325237511784,36.08533292888896],[138.0533148752184,36.085332929000074],[138.05331487508977,36.085291269027799],[138.05337737519025,36.085291269138907],[138.05337737506147,36.085249599166815],[138.05343987516193,36.08524959927793],[138.05343987503306,36.085207929305653],[138.05350237513346,36.085207929416768],[138.05350237500457,36.085166269444493],[138.05356487510488,36.085166269555515],[138.0535648749759,36.085124599583423],[138.05356487484696,36.085082929611147],[138.05362737494698,36.085082929722262],[138.05362737481801,36.085041269750164],[138.05362737468897,36.084999599777802],[138.05362737455991,36.084957929805711],[138.05362737443085,36.084916269833435],[138.0535648743311,36.084916269722328],[138.05350237423124,36.084916269611213],[138.05343987413139,36.084916269500098],[138.05337737403153,36.084916269388991],[138.05331487393158,36.084916269277883],[138.053314873803,36.084874599305607],[138.05337737390275,36.084874599416722],[138.05337737377397,36.084832929444531],[138.05343987387374,36.084832929555645],[138.05343987374494,36.084791269583377],[138.05350237384462,36.084791269694485],[138.05350237371565,36.084749599722215],[138.05356487381525,36.084749599833323],[138.05356487368635,36.084707929861224],[138.05362737378576,36.084707929972339],[138.05362737365672,36.084666269999978],[138.05362737352766,36.08462460002788],[138.05362737339863,36.08458293005561],[138.05362737326965,36.08454127008352],[138.05362737314059,36.084499600111158],[138.05362737301155,36.08445793013906],[138.05362737288257,36.084416270166699],[138.05368987298155,36.084416270277899],[138.05368987285249,36.084374600305622],[138.05375237295146,36.084374600416737],[138.05375237282232,36.084332930444553],[138.05381487292118,36.084332930555661],[138.05381487279195,36.084291270583392],[138.05387737289084,36.084291270694507],[138.05387737276152,36.084249600722231],[138.0538773726322,36.084207930750139],[138.05387737250288,36.084166270777772],[138.05387737237356,36.08412460080568],[138.05387737224424,36.084082930833404],[138.05387737211493,36.084041270861135],[138.05381487201657,36.084041270750021],[138.05381487188734,36.083999600777844],[138.0537523717889,36.083999600666729],[138.05375237165978,36.083957930694453],[138.05368987156152,36.083957930583345],[138.05368987143237,36.083916270611255],[138.05368987130333,36.083874600638978],[138.05362737120515,36.083874600527864],[138.05362737107612,36.083832930555687]],[[138.05325237576096,36.085541268750056],[138.05318987566005,36.085541268638949],[138.05312737555911,36.085541268527834],[138.0530648754582,36.085541268416719],[138.05300237535738,36.085541268305612],[138.05293987525647,36.085541268194504],[138.05287737515556,36.085541268083389],[138.05281487505462,36.085541267972275],[138.05275237495371,36.085541267861167],[138.0526898748528,36.08554126775006],[138.05262737475186,36.085541267638945],[138.05262737487976,36.085582927611306],[138.05256487477877,36.085582927500198],[138.05256487490666,36.08562459747229],[138.05250237480558,36.085624597361175],[138.0525023749334,36.085666267333451],[138.05243987483237,36.085666267222429],[138.0524398749601,36.085707927194434],[138.05237737485891,36.08570792708332],[138.05231487475766,36.085707926972212],[138.05231487488527,36.085749596944574],[138.05231487501283,36.085791266916672],[138.05225237491155,36.085791266805558],[138.05225237503899,36.085832926777918],[138.05218987493762,36.085832926666811],[138.05218987506501,36.085874596638817],[138.05212737496356,36.085874596527702],[138.05212737509092,36.085916266500064],[138.05206487498938,36.085916266388949],[138.05206487511666,36.085957926361225],[138.05200237501504,36.085957926250117],[138.05200237514231,36.085999596222294],[138.0520023752695,36.086041266194485],[138.05200237539668,36.086082926166839],[138.05200237552395,36.086124596138937],[138.05200237565114,36.086166266111299],[138.05200237577841,36.086207926083304],[138.0520023759056,36.086249596055666],[138.05200237603287,36.086291266027757],[138.05200237616006,36.086332926000125],[138.05200237628725,36.086374595972302],[138.05200237641452,36.086416265944493],[138.05200237654171,36.086457925916761],[138.05200237666898,36.086499595888853],[138.05200237679617,36.086541265861129],[138.05206487689878,36.086541265972244],[138.05212737700128,36.086541266083351],[138.0521898771039,36.086541266194459],[138.05225237720651,36.086541266305574],[138.0523148773091,36.086541266416688],[138.05237737741172,36.086541266527796],[138.05237737728399,36.086499596555527],[138.05243987738652,36.086499596666634],[138.05243987725879,36.086457926694536],[138.05250237736112,36.08645792680565],[138.0525023772334,36.086416266833382],[138.05256487733575,36.086416266944489],[138.05256487720794,36.086374596972306],[138.05262737731019,36.08637459708342],[138.05262737718229,36.086332927111229],[138.05262737705439,36.086291267138876],[138.05262737692649,36.086249597166777],[138.05262737679851,36.086207927194415],[138.05262737667061,36.08616626722241],[138.0526898767726,36.086166267333525],[138.05268987664459,36.086124597361163],[138.0527523767465,36.086124597472271],[138.05275237661843,36.086082927500172],[138.05281487672022,36.086082927611287],[138.05281487659215,36.086041267638926],[138.05287737669386,36.086041267750034],[138.0528773765657,36.085999597777857],[138.05293987666732,36.085999597888964],[138.05293987653909,36.08595792791678],[138.05300237664071,36.085957928027895],[138.05300237651238,36.08591626805562],[138.0530648766138,36.085916268166727],[138.05306487648539,36.085874598194366],[138.05312737658684,36.08587459830548],[138.05312737645841,36.085832928333474],[138.05318987655977,36.085832928444589],[138.05318987643125,36.085791268472221],[138.05318987630272,36.085749598500129],[138.053252376404,36.085749598611244],[138.05325237627531,36.085707928638882],[138.05325237614679,36.085666268666785],[138.05325237601818,36.085624598694508],[138.05325237588949,36.085582928722417],[138.05325237576096,36.085541268750056]]]},"properties":{"FID":132,"A31_201":"8505050720","A31_202":"横河川","A31_203":20,"A31_204":"長野県","A31_205":1,"A31_206":" ","A31_207":" ","A31_208":" "}},{"type":"Feature","id":133,"geometry":{"type":"Polygon","coordinates":[[[138.05087738301219,36.08920792208346],[138.05087738313813,36.089249592055552],[138.05081488303108,36.089249591944437],[138.05081488290514,36.089207921972346],[138.05087738301219,36.08920792208346]]]},"properties":{"FID":133,"A31_201":"8505050720","A31_202":"横河川","A31_203":20,"A31_204":"長野県","A31_205":1,"A31_206":" ","A31_207":" ","A31_208":" "}},{"type":"Feature","id":134,"geometry":{"type":"Polygon","coordinates":[[[138.05118988544206,36.089832922222385],[138.05118988531578,36.089791262250031],[138.05118988518947,36.089749592277933],[138.05118988506308,36.089707922305664],[138.05118988493689,36.089666262333388],[138.05125238504462,36.089666262444496],[138.05131488515238,36.08966626255561],[138.05137738526005,36.089666262666725],[138.05137738538662,36.089707922638993],[138.05137738551309,36.08974959261127],[138.05137738563965,36.089791262583361],[138.05131488553181,36.089791262472247],[138.05125238542379,36.089791262361139],[138.05125238555019,36.0898329223335],[138.05118988544206,36.089832922222385]]]},"properties":{"FID":134,"A31_201":"8505050720","A31_202":"横河川","A31_203":20,"A31_204":"長野県","A31_205":1,"A31_206":" ","A31_207":" ","A31_208":" "}},{"type":"Feature","id":135,"geometry":{"type":"Polygon","coordinates":[[[138.05187738650366,36.08979126347225],[138.05187738663068,36.089832923444611],[138.05181488652266,36.089832923333503],[138.05181488639565,36.089791263361136],[138.05187738650366,36.08979126347225]]]},"properties":{"FID":135,"A31_201":"8505050720","A31_202":"横河川","A31_203":20,"A31_204":"長野県","A31_205":1,"A31_206":" ","A31_207":" ","A31_208":" "}},{"type":"Feature","id":136,"geometry":{"type":"Polygon","coordinates":[[[138.05118988544206,36.089832922222385],[138.05118988556845,36.089874592194391],[138.05112738546026,36.089874592083284],[138.05112738533404,36.089832922111277],[138.05118988544206,36.089832922222385]]]},"properties":{"FID":136,"A31_201":"8505050720","A31_202":"横河川","A31_203":20,"A31_204":"長野県","A31_205":1,"A31_206":" ","A31_207":" ","A31_208":" "}},{"type":"Feature","id":137,"geometry":{"type":"Polygon","coordinates":[[[138.05181488664965,36.08987459330551],[138.05181488677667,36.089916263277871],[138.05175238666845,36.089916263166756],[138.05175238654155,36.089874593194395],[138.05181488664965,36.08987459330551]]]},"properties":{"FID":137,"A31_201":"8505050720","A31_202":"横河川","A31_203":20,"A31_204":"長野県","A31_205":1,"A31_206":" ","A31_207":" ","A31_208":" "}},{"type":"Feature","id":138,"geometry":{"type":"Polygon","coordinates":[[[138.05112738748025,36.090541261638933],[138.05112738760653,36.090582921611293],[138.05112738773275,36.090624591583392],[138.05112738785905,36.090666261555754],[138.05112738798528,36.090707921527844],[138.05106488787573,36.090707921416644],[138.0510023877662,36.090707921305622],[138.05093988765665,36.090707921194507],[138.05087738754713,36.0907079210834],[138.05081488743761,36.0907079209722],[138.05075238732826,36.090707920861178],[138.05075238720238,36.09066626088908],[138.05075238707653,36.090624590916718],[138.05075238695076,36.090582920944627],[138.05075238682491,36.090541260972266],[138.05075238669906,36.090499591000082],[138.05075238657321,36.090457921027898],[138.05075238644744,36.090416261055623],[138.05075238632159,36.090374591083354],[138.05075238619574,36.090332921111255],[138.05075238606986,36.090291261138901],[138.05075238594412,36.090249591166803],[138.05075238581824,36.090207921194441],[138.0508148859268,36.090207921305549],[138.05081488580095,36.09016626133355],[138.05081488567501,36.090124591361189],[138.05087738578356,36.090124591472296],[138.05087738565754,36.090082921500027],[138.05087738553169,36.090041261527844],[138.05087738540564,36.089999591555653],[138.05087738527962,36.089957921583476],[138.05093988538789,36.089957921694584],[138.05100238549619,36.089957921805691],[138.05106488560449,36.089957921916806],[138.05112738571276,36.089957922027921],[138.05112738583898,36.089999592000098],[138.05112738596529,36.090041261972289],[138.05118988607376,36.090041262083396],[138.05118988620004,36.090082922055579],[138.05125238630851,36.090082922166687],[138.0512523864349,36.090124592138963],[138.05125238656129,36.090166262111325],[138.05131488666993,36.090166262222439],[138.05131488679632,36.090207922194438],[138.05137738690496,36.090207922305552],[138.05137738703144,36.090249592277914],[138.051377387158,36.090291262250005],[138.05137738728448,36.090332922222373],[138.05137738741104,36.090374592194465],[138.05131488730223,36.090374592083265],[138.05131488742862,36.090416262055626],[138.05125238731961,36.090416261944512],[138.051252387446,36.090457921916787],[138.0511898873369,36.09045792180568],[138.05118988746321,36.090499591777856],[138.05112738735403,36.090499591666749],[138.05112738748025,36.090541261638933]]]},"properties":{"FID":138,"A31_201":"8505050720","A31_202":"横河川","A31_203":20,"A31_204":"長野県","A31_205":1,"A31_206":" ","A31_207":" ","A31_208":" "}},{"type":"Feature","id":139,"geometry":{"type":"Polygon","coordinates":[[[138.05062738748632,36.090832920555684],[138.05062738736052,36.090791260583323],[138.05068988747024,36.090791260694431],[138.05068988759601,36.090832920666799],[138.05062738748632,36.090832920555684]]]},"properties":{"FID":139,"A31_201":"8505050720","A31_202":"横河川","A31_203":20,"A31_204":"長野県","A31_205":1,"A31_206":" ","A31_207":" ","A31_208":" "}},{"type":"Feature","id":140,"geometry":{"type":"Polygon","coordinates":[[[138.05050238739238,36.090874590305731],[138.05043988728258,36.090874590194531],[138.0504398871571,36.090832920222354],[138.05043988703159,36.090791260249986],[138.05050238714131,36.090791260361101],[138.05050238726679,36.090832920333462],[138.05050238739238,36.090874590305731]]]},"properties":{"FID":140,"A31_201":"8505050720","A31_202":"横河川","A31_203":20,"A31_204":"長野県","A31_205":1,"A31_206":" ","A31_207":" ","A31_208":" "}},{"type":"Feature","id":141,"geometry":{"type":"Polygon","coordinates":[[[138.05062738748632,36.090832920555684],[138.05062738761197,36.09087459052796],[138.05056488750219,36.090874590416846],[138.05056488737651,36.090832920444569],[138.05062738748632,36.090832920555684]]]},"properties":{"FID":141,"A31_201":"8505050720","A31_202":"横河川","A31_203":20,"A31_204":"長野県","A31_205":1,"A31_206":" ","A31_207":" ","A31_208":" "}},{"type":"Feature","id":142,"geometry":{"type":"Polygon","coordinates":[[[138.05056488750219,36.090874590416846],[138.05056488762776,36.090916260388937],[138.05050238751789,36.09091626027783],[138.05050238739238,36.090874590305731],[138.05056488750219,36.090874590416846]]]},"properties":{"FID":142,"A31_201":"8505050720","A31_202":"横河川","A31_203":20,"A31_204":"長野県","A31_205":1,"A31_206":" ","A31_207":" ","A31_208":" "}},{"type":"Feature","id":143,"geometry":{"type":"Polygon","coordinates":[[[138.05693977937506,36.053999622753842],[138.05687727930558,36.053999622650011],[138.05687727916666,36.053957952670189],[138.05693977923613,36.05395795277402],[138.05693977937506,36.053999622753842]]]},"properties":{"FID":143,"A31_201":"8505050720","A31_202":"横河川","A31_203":20,"A31_204":"長野県","A31_205":2,"A31_206":" ","A31_207":" ","A31_208":" "}},{"type":"Feature","id":144,"geometry":{"type":"Polygon","coordinates":[[[138.05750228152783,36.054457953475037],[138.05756478159719,36.054457953579757],[138.05762728166658,36.054457953684384],[138.05768978173606,36.054457953789012],[138.05768978187498,36.0544996237699],[138.05768978201388,36.054541293750518],[138.05768978215272,36.05458295373132],[138.0576897822917,36.05462462371203],[138.05768978243054,36.054666293692833],[138.05775228250002,36.054666293797901],[138.05781478256949,36.054666293902883],[138.05787728263897,36.054666294007866],[138.05793978270836,36.054666294112849],[138.05800228277784,36.054666294217832],[138.05800228291673,36.054707954198804],[138.05793978284726,36.054707954093736],[138.05787728277778,36.054707953988668],[138.05781478270831,36.054707953883593],[138.05775228263892,36.054707953778518],[138.05768978256944,36.05470795367345],[138.05762728249996,36.054707953568382],[138.05762728236107,36.054666293587843],[138.05762728222223,36.05462462360714],[138.05762728208333,36.054582953626515],[138.05762728194441,36.054541293645713],[138.05756478187493,36.054541293540908],[138.05750228180565,36.054541293436102],[138.05750228166673,36.054499623455662],[138.05743978159725,36.054499623350949],[138.05743978145836,36.054457953370417],[138.05750228152783,36.054457953475037]]]},"properties":{"FID":144,"A31_201":"8505050720","A31_202":"横河川","A31_203":20,"A31_204":"長野県","A31_205":2,"A31_206":" ","A31_207":" ","A31_208":" "}},{"type":"Feature","id":145,"geometry":{"type":"Polygon","coordinates":[[[138.0626897928889,36.056124631583458],[138.06268979302774,36.056166301569405],[138.0626272929444,36.056166301472146],[138.0626272928055,36.056124631486199],[138.0626897928889,36.056124631583458]]]},"properties":{"FID":145,"A31_201":"8505050720","A31_202":"横河川","A31_203":20,"A31_204":"長野県","A31_205":2,"A31_206":" ","A31_207":" ","A31_208":" "}},{"type":"Feature","id":146,"geometry":{"type":"Polygon","coordinates":[[[138.06331479552779,36.056666302375142],[138.06331479566663,36.05670796236118],[138.06331479580552,36.056749632347305],[138.06337729588887,36.056749632444564],[138.06337729602777,36.056791302430511],[138.06331479594445,36.056791302333259],[138.0632522958611,36.056791302236093],[138.06325229572221,36.056749632250146],[138.06325229558328,36.056707962263928],[138.06325229544447,36.05666630227789],[138.06331479552779,36.056666302375142]]]},"properties":{"FID":146,"A31_201":"8505050720","A31_202":"横河川","A31_203":20,"A31_204":"長野県","A31_205":2,"A31_206":" ","A31_207":" ","A31_208":" "}},{"type":"Feature","id":147,"geometry":{"type":"Polygon","coordinates":[[[138.06118979936628,36.058582958064413],[138.06118979922888,36.058541298090631],[138.06125229929862,36.058541298201476],[138.06125229943612,36.058582958175165],[138.06118979936628,36.058582958064413]]]},"properties":{"FID":147,"A31_201":"8505050720","A31_202":"横河川","A31_203":20,"A31_204":"長野県","A31_205":2,"A31_206":" ","A31_207":" ","A31_208":" "}},{"type":"Feature","id":148,"geometry":{"type":"Polygon","coordinates":[[[138.06250229861112,36.057916300694487],[138.06243979854173,36.057916300584083],[138.06237729847226,36.057916300473593],[138.06231479840278,36.057916300363189],[138.06231479854159,36.057957960349228],[138.06225229847223,36.057957960238738],[138.06225229861113,36.05799963022443],[138.06218979854165,36.05799963011394],[138.06212729847218,36.057999630003359],[138.0621272986111,36.058041299989128],[138.06212729874991,36.058082959974641],[138.06206479868052,36.058082959863967],[138.06206479881934,36.058124629849658],[138.06206479895826,36.058166299835428],[138.06206479909719,36.058207959820933],[138.0620022990278,36.058207959710003],[138.06200229916669,36.058249629695595],[138.06200229930562,36.058291299681279],[138.06206479937489,36.058291299792302],[138.06206479951382,36.058332959777808],[138.06206479965229,36.058374629750617],[138.06206479979068,36.058416299723241],[138.06206479992903,36.058457959696042],[138.06206480006742,36.058499629668589],[138.06206480020589,36.058541299641391],[138.06206480034427,36.058582959614199],[138.06200230027451,36.05858295950344],[138.06200230013616,36.058541299530631],[138.06200229999786,36.058499629557829],[138.06200229985947,36.058457959585112],[138.0620022997212,36.058416299612219],[138.06193979965161,36.058416299501289],[138.06193979951334,36.058374629528572],[138.06187729944378,36.058374629417543],[138.06187729930556,36.058332959444563],[138.06181479923609,36.058332959333363],[138.06181479909728,36.058291299348127],[138.0617522990278,36.058291299237098],[138.06168979895833,36.058291299126083],[138.0616897988194,36.058249629140747],[138.06162729875001,36.058249629029817],[138.06162729861111,36.05820795904458],[138.06162729847219,36.058166299059607],[138.06162729833329,36.058124629074364],[138.06168979840277,36.058124629185116],[138.06168979826384,36.058082959199794],[138.06168979812503,36.058041299214729],[138.06168979798611,36.057999629229485],[138.06162729791663,36.05799962911891],[138.06162729777773,36.057957959133844],[138.06162729763884,36.057916299148609],[138.0616272975,36.057874629163635],[138.0616272973611,36.057832959178398],[138.06162729722217,36.057791299193333],[138.06168979729165,36.05779129930356],[138.06168979715275,36.057749629318316],[138.06175229722223,36.05774962942845],[138.0617522970833,36.057707959443121],[138.06181479715278,36.05770795955317],[138.06187729722225,36.057707959663212],[138.06187729736118,36.057749629648718],[138.06187729750008,36.057791299634225],[138.06187729763889,36.057832959619553],[138.06187729777781,36.05787462960506],[138.06181479770834,36.057874629494663],[138.06181479784726,36.057916299479899],[138.06181479798607,36.057957959465313],[138.06187729805555,36.057957959575802],[138.06193979812502,36.057957959686291],[138.0620022981945,36.057957959796781],[138.0620647982638,36.05795795990727],[138.06206479812496,36.057916299921587],[138.06212729819444,36.057916300031991],[138.06212729805554,36.057874630046399],[138.06212729791662,36.057832960060622],[138.06218979798609,36.057832960170934],[138.0621897978472,36.057791300185251],[138.06218979770827,36.057749630199389],[138.06225229777775,36.057749630309523],[138.06225229763885,36.057707960323661],[138.06225229750001,36.057666300337885],[138.06225229736111,36.057624630352024],[138.06225229722219,36.057582960366076],[138.06225229708338,36.057541300380393],[138.06231479715277,36.057541300490172],[138.06231479729166,36.057582960475941],[138.06237729736114,36.057582960585812],[138.06237729749998,36.057624630571851],[138.06237729763888,36.057666300557891],[138.06243979770835,36.057666300667933],[138.06243979784728,36.057707960653886],[138.06243979798617,36.057749630639925],[138.06250229805556,36.05774963075006],[138.06256479813899,36.057749630847226],[138.0625647982778,36.057791300833443],[138.06262729836106,36.057791300930703],[138.06268979844438,36.057791301027862],[138.06268979858328,36.057832961013901],[138.06275229866662,36.05783296111116],[138.06275229880555,36.057874631097377],[138.06281479888887,36.057874631194544],[138.0628772989723,36.057874631291796],[138.06287729911111,36.05791630127775],[138.06293979919454,36.057916301375002],[138.06293979933335,36.057957961361133],[138.06300229941667,36.057957961458385],[138.06300229955559,36.057999631444432],[138.06306479963894,36.057999631541591],[138.06306479977783,36.058041301527808],[138.06300229969452,36.058041301430649],[138.06300229983333,36.058082961416595],[138.06300229997223,36.058124631402812],[138.06293979988891,36.05812463130556],[138.06287729980556,36.058124631208301],[138.06281479972225,36.058124631111134],[138.0627522996389,36.058124631013882],[138.0626897995555,36.058124630916623],[138.06262729947215,36.058124630819457],[138.06256479938892,36.058124630722205],[138.06256479925,36.058082960735987],[138.06250229916668,36.058082960638814],[138.06250229902787,36.058041300652867],[138.06250229888894,36.05799963066665],[138.06250229875002,36.057957960680611],[138.06250229861112,36.057916300694487],[138.06256479869455,36.057916300791646],[138.06256479855563,36.057874630805699],[138.06250229847231,36.057874630708532],[138.06250229861112,36.057916300694487]]]},"properties":{"FID":148,"A31_201":"8505050720","A31_202":"横河川","A31_203":20,"A31_204":"長野県","A31_205":2,"A31_206":" ","A31_207":" ","A31_208":" "}},{"type":"Feature","id":149,"geometry":{"type":"Polygon","coordinates":[[[138.06218980062258,36.058624629808065],[138.06225230069248,36.058624629918647],[138.06231480076241,36.058624630029314],[138.06237730083242,36.058624630139889],[138.06237730097115,36.058666300112343],[138.06237730110988,36.058707960084526],[138.06231480103978,36.058707959974036],[138.06231480090113,36.058666300001761],[138.06225230083112,36.058666299891271],[138.06218980076113,36.058666299780697],[138.06212730069112,36.058666299670122],[138.06212730055256,36.058624629697405],[138.06218980062258,36.058624629808065]]]},"properties":{"FID":149,"A31_201":"8505050720","A31_202":"横河川","A31_203":20,"A31_204":"長野県","A31_205":2,"A31_206":" ","A31_207":" ","A31_208":" "}},{"type":"Feature","id":150,"geometry":{"type":"Polygon","coordinates":[[[138.06175230234194,36.059291298602638],[138.06175230247996,36.059332958575624],[138.06168980240889,36.0593329584662],[138.06168980227088,36.059291298493122],[138.06162730219989,36.059291298383613],[138.06162730206194,36.059249628410363],[138.06156480199095,36.059249628300762],[138.06156480185311,36.05920795832742],[138.06156480171526,36.059166298354263],[138.06150230164437,36.059166298244577],[138.06150230150661,36.05912462827115],[138.06143980143591,36.059124628161371],[138.06143980129823,36.059082958188029],[138.06143980116056,36.05904129821451],[138.06150230123112,36.059041298324473],[138.06156480130173,36.059041298434423],[138.06156480116388,36.058999628461088],[138.06162730123444,36.058999628571129],[138.06168980130496,36.058999628681093],[138.06175230137552,36.058999628791135],[138.06181480144613,36.058999628901091],[138.06187730151669,36.05899962901114],[138.0618773013785,36.058957959038239],[138.06193980144894,36.058957959148373],[138.06200230151947,36.058957959258422],[138.06206480158986,36.05895795936847],[138.0620648017283,36.058999629341095],[138.06206480186668,36.059041299313812],[138.06212730193732,36.059041299423768],[138.06212730207579,36.059082959396484],[138.06212730221426,36.059124629369023],[138.06206480214345,36.059124629259244],[138.06206480228192,36.059166299232047],[138.0620023022112,36.05916629912236],[138.06200230234947,36.059207959094991],[138.06193980227857,36.059207958985297],[138.06187730220768,36.059207958875696],[138.06187730234589,36.059249628848676],[138.06181480227482,36.059249628739082],[138.06175230220393,36.059249628629473],[138.06175230234194,36.059291298602638]]]},"properties":{"FID":150,"A31_201":"8505050720","A31_202":"横河川","A31_203":20,"A31_204":"長野県","A31_205":2,"A31_206":" ","A31_207":" ","A31_208":" "}},{"type":"Feature","id":151,"geometry":{"type":"Polygon","coordinates":[[[138.07050231733336,36.060332972093306],[138.07056481741668,36.060332972193848],[138.07056481755561,36.060374642175091],[138.07050231747226,36.060374642074457],[138.07050231733336,36.060332972093306]]]},"properties":{"FID":151,"A31_201":"8505050720","A31_202":"横河川","A31_203":20,"A31_204":"長野県","A31_205":2,"A31_206":" ","A31_207":" ","A31_208":" "}},{"type":"Feature","id":152,"geometry":{"type":"Polygon","coordinates":[[[138.07493982505571,36.060874649051343],[138.0749398251946,36.060916319037474],[138.07487732511129,36.060916318935952],[138.07487732497236,36.06087464894992],[138.07493982505571,36.060874649051343]]]},"properties":{"FID":152,"A31_201":"8505050720","A31_202":"横河川","A31_203":20,"A31_204":"長野県","A31_205":2,"A31_206":" ","A31_207":" ","A31_208":" "}},{"type":"Feature","id":153,"geometry":{"type":"Polygon","coordinates":[[[138.07487732511129,36.060916318935952],[138.0748773252501,36.06095797892182],[138.07481482516675,36.060957978820213],[138.07481482502794,36.060916318834437],[138.07487732511129,36.060916318935952]]]},"properties":{"FID":153,"A31_201":"8505050720","A31_202":"横河川","A31_203":20,"A31_204":"長野県","A31_205":2,"A31_206":" ","A31_207":" ","A31_208":" "}},{"type":"Feature","id":154,"geometry":{"type":"Polygon","coordinates":[[[138.07331482386121,36.06116631630303],[138.07337732394453,36.061166316404993],[138.07337732408337,36.061207976389433],[138.07331482400002,36.061207976287378],[138.07331482386121,36.06116631630303]]]},"properties":{"FID":154,"A31_201":"8505050720","A31_202":"横河川","A31_203":20,"A31_204":"長野県","A31_205":2,"A31_206":" ","A31_207":" ","A31_208":" "}},{"type":"Feature","id":155,"geometry":{"type":"Polygon","coordinates":[[[138.07493982505571,36.060874649051343],[138.07493982491678,36.060832979065395],[138.07500232500001,36.060832979166825],[138.0750023248612,36.060791319180524],[138.07506482494861,36.060791319277776],[138.07506482480971,36.060749649291651],[138.07512732489704,36.060749649388811],[138.07512732475794,36.060707979402778],[138.07512732461905,36.060666319416647],[138.07512732447995,36.060624649430693],[138.07512732434094,36.060582979444476],[138.07518982442801,36.06058297954165],[138.07518982428891,36.060541319555696],[138.07525232437598,36.060541319652863],[138.0752523242368,36.060499649666646],[138.07518982414985,36.060499649569479],[138.07518982401075,36.060457979583347],[138.07525232409762,36.060457979680521],[138.07525232395847,36.060416319694482],[138.07531482404525,36.060416319791734],[138.07531482390598,36.060374649805517],[138.07537732399277,36.060374649902769],[138.07543982407958,36.060374650000028],[138.07543982394012,36.060332980013811],[138.07543982380076,36.060291320027858],[138.07543982366141,36.060249650041641],[138.07543982352198,36.060207980055608],[138.07543982338271,36.060166320069385],[138.07543982324327,36.06012465008326],[138.07543982310392,36.060082980097221],[138.07550232319016,36.06008298019448],[138.07550232305073,36.060041320208256],[138.0755648231368,36.060041320305515],[138.07556482299728,36.059999650319476],[138.07562732308344,36.059999650416728],[138.07562732294383,36.059957980430511],[138.07568982302982,36.05995798052777],[138.0756898228903,36.059916320541731],[138.0757523229762,36.05991632063899],[138.07575232283648,36.059874650652773],[138.07575232269679,36.059832980666556],[138.07575232255707,36.059791320680603],[138.07575232241734,36.059749650694471],[138.07581482250299,36.059749650791645],[138.07581482236318,36.059707980805598],[138.07575232227757,36.059707980708438],[138.07575232213784,36.059666320722215],[138.07581482222349,36.059666320819389],[138.07581482208369,36.059624650833257],[138.07587732216916,36.059624650930516],[138.07587732202927,36.059582980944469],[138.07593982211472,36.059582981041729],[138.07593982197483,36.059541321055512],[138.07600232206022,36.059541321152764],[138.07600232192016,36.059499651166732],[138.07606482200543,36.059499651263984],[138.07606482186537,36.059457981277767],[138.07612732195048,36.059457981375019],[138.07618982203567,36.059457981472193],[138.07625232212087,36.059457981569444],[138.07631482220614,36.059457981666696],[138.07637732229134,36.05945798176387],[138.07643982237653,36.059457981861122],[138.07650232246183,36.059457981958374],[138.07656482254703,36.059457982055548],[138.07662732263222,36.0594579821528],[138.07668982271733,36.059457982250052],[138.0766898228581,36.059499652236184],[138.07668982299887,36.059541322222223],[138.07668982313965,36.059582982208354],[138.07668982328042,36.059624652194387],[138.07662732319497,36.059624652097135],[138.07662732333574,36.059666322083352],[138.07662732347634,36.059707982069483],[138.07662732361712,36.059749652055515],[138.0766273237578,36.059791322041733],[138.07662732389849,36.059832982027686],[138.07662732403918,36.059874652013903],[138.07662732417987,36.05991632200012],[138.07662732432055,36.059957981986074],[138.07656482423457,36.0599579818889],[138.07656482437517,36.059999651875032],[138.07662732446124,36.059999651972291],[138.07662732460193,36.060041321958238],[138.07662732474262,36.060082981944454],[138.0766898248288,36.060082982041706],[138.07668982496958,36.060124652027753],[138.07668982511035,36.060166322013878],[138.07675232519679,36.060166322111044],[138.07675232533757,36.060207982097261],[138.07675232547842,36.0602496520833],[138.0767523256192,36.060291322069517],[138.07675232576005,36.060332982055471],[138.07675232590094,36.060374652041688],[138.0767523260418,36.060416322027905],[138.07675232618257,36.060457982013851],[138.07675232632343,36.060499651999976],[138.0767523264642,36.060541321986193],[138.07675232660509,36.060582981972232],[138.07675232674595,36.060624651958449],[138.07675232688672,36.060666321944403],[138.07675232702758,36.060707981930619],[138.07675232716835,36.060749651916659],[138.07675232730924,36.060791321902784],[138.07675232745009,36.060832981888915],[138.07675232759087,36.060874651874954],[138.07675232773173,36.060916321861171],[138.07675232787261,36.060957981847125],[138.07675232801338,36.060999651833342],[138.07675232815424,36.061041321819559],[138.07675232829502,36.061082981805598],[138.07675232843587,36.061124651791722],[138.07675232857673,36.061166321777762],[138.07675232871753,36.061207981763886],[138.07675232885839,36.061249651749932],[138.07675232899925,36.061291321736057],[138.07675232914002,36.061332981722273],[138.07675232928091,36.061374651708313],[138.07675232942177,36.06141632169453],[138.07668982933328,36.061416321597278],[138.07668982947396,36.061457981583224],[138.07662732938556,36.061457981486058],[138.07656482929701,36.061457981388799],[138.07650232920844,36.061457981291547],[138.07650232906792,36.0614163213056],[138.07643982897943,36.061416321208426],[138.07637732889094,36.061416321111174],[138.07631482880248,36.061416321013922],[138.0763148289428,36.061457980999869],[138.07625232885422,36.061457980902702],[138.07618982876565,36.061457980805443],[138.0761273286771,36.061457980708283],[138.0760648285887,36.061457980611024],[138.07600232850012,36.061457980513765],[138.07593982841155,36.061457980416606],[138.07593982827166,36.061416320430652],[138.0758773281832,36.061416320333393],[138.07587732832297,36.061457980319346],[138.07581482823451,36.061457980222087],[138.07581482837429,36.061499650208305],[138.07575232828563,36.061499650111145],[138.07568982819706,36.061499650013886],[138.0756273281084,36.061499649916627],[138.07556482801974,36.061499649819467],[138.07550232793128,36.061499649722208],[138.07550232807071,36.061541319708425],[138.07543982798205,36.061541319611166],[138.07537732789339,36.061541319514006],[138.07531482780465,36.061541319416747],[138.07525232771599,36.061541319319488],[138.07525232785508,36.061582979305527],[138.07518982776631,36.061582979208367],[138.0751898279054,36.061624649194492],[138.07525232799424,36.061624649291659],[138.07525232813342,36.061666319277876],[138.0752523282726,36.061707979263915],[138.07531482836151,36.061707979361174],[138.07531482850078,36.061749649347298],[138.07531482864005,36.061791319333338],[138.07537732872916,36.061791319430505],[138.07537732886843,36.061832979416721],[138.07537732900778,36.06187464940276],[138.07537732914705,36.061916319388885],[138.0753773292864,36.061957979375109],[138.07543982937577,36.061957979472268],[138.07543982951512,36.061999649458315],[138.07543982965458,36.062041319444532],[138.07543982979394,36.062082979430478],[138.07543982993329,36.062124649416695],[138.07543983007264,36.062166319402913],[138.07543983021199,36.062207979388859],[138.07537733012219,36.062207979291699],[138.07537733026155,36.062249649277824],[138.07531483017164,36.062249649180572],[138.0753148303109,36.062291319166604],[138.07525233022091,36.062291319069445],[138.075189830131,36.062291318972186],[138.07518983027009,36.062332978958402],[138.07512733018009,36.06233297886115],[138.07506483009001,36.062332978763891],[138.07500233000002,36.062332978666724],[138.07493982991679,36.062332978562893],[138.07487732983344,36.062332978458983],[138.07481482975012,36.062332978355059],[138.07481482988902,36.062374648340921],[138.07475232980562,36.062374648236919],[138.07468982972227,36.062374648133002],[138.07462732963896,36.062374648028992],[138.07456482955561,36.062374647925083],[138.0745023294723,36.062374647821159],[138.07443982938895,36.062374647717157],[138.07443982925005,36.062332977731742],[138.07437732916679,36.062332977627911],[138.07431482908348,36.062332977523994],[138.07425232900016,36.062332977420077],[138.07425232886123,36.062291317434749],[138.07418982877789,36.062291317330917],[138.07418982863899,36.062249647345766],[138.07412732855568,36.062249647242027],[138.07406482847233,36.062249647138287],[138.07406482833341,36.062207977153228],[138.07400232825009,36.062207977049489],[138.07400232811119,36.062166317064609],[138.07393982802785,36.062166316960955],[138.0738773279445,36.062166316857393],[138.0738773278056,36.062124646872419],[138.07381482772237,36.062124646768858],[138.07381482758345,36.062082976783969],[138.07375232750013,36.0620829766805],[138.07375232736121,36.062041316695968],[138.07381482744464,36.062041316799352],[138.07381482730571,36.061999646814471],[138.07381482716681,36.06195797682976],[138.07375232708347,36.061957976726561],[138.07375232694457,36.061916316741673],[138.07375232680565,36.061874646756962],[138.07368982672233,36.061874646653848],[138.0736898265834,36.06183297666923],[138.07362732650009,36.061832976566201],[138.07362732636125,36.061791316581584],[138.07356482627785,36.061791316478555],[138.0735023261945,36.061791316375619],[138.07350232633343,36.061832976360144],[138.07343982625008,36.061832976257023],[138.07337732616676,36.061832976153994],[138.07331482608333,36.061832976050965],[138.0732523260001,36.061832975947851],[138.07318982591676,36.061832975844823],[138.07318982577786,36.061791315860646],[138.07312732569451,36.061791315757617],[138.0730648256112,36.061791315654681],[138.07306482547227,36.061749645670858],[138.07306482533338,36.061707975686772],[138.07300232525003,36.061707975583928],[138.07300232538896,36.061749645567922],[138.07293982530561,36.061749645464985],[138.07287732522229,36.061749645362127],[138.07281482513895,36.061749645259191],[138.07281482527787,36.061791315242743],[138.07275232519444,36.061791315139715],[138.07268982511121,36.061791315036771],[138.07268982525011,36.061832975020415],[138.07262732516679,36.061832974917294],[138.07256482508345,36.061832974814266],[138.07256482522237,36.061874644797555],[138.07250232513894,36.061874644694441],[138.07243982505562,36.06187464459132],[138.07237732497228,36.061874644488199],[138.07237732483338,36.061832974505094],[138.07231482475004,36.061832974402066],[138.07231482461123,36.061791314418869],[138.0722523245278,36.06179131431584],[138.07225232438898,36.061749644332906],[138.07225232424997,36.061707974349801],[138.0723148243334,36.061707974452652],[138.07231482419448,36.061666314469633],[138.07231482405558,36.061624644486436],[138.07237732413898,36.061624644589109],[138.072377324,36.061582974605912],[138.07237732386116,36.061541314622801],[138.07231482377784,36.06154131452022],[138.07231482363892,36.061499644537022],[138.0722523235556,36.061499644434527],[138.07225232341668,36.061457974451329],[138.07225232327778,36.061416314468488],[138.07218982319444,36.061416314366085],[138.07218982305554,36.061374644383065],[138.07212732297239,36.061374644280747],[138.07212732283347,36.061332974297898],[138.07212732269457,36.061291314314886],[138.0721898227778,36.061291314417019],[138.0721898226389,36.061249644434],[138.07212732255564,36.061249644331951],[138.07206482247233,36.061249644229903],[138.0720648223334,36.061207974247054],[138.07200232225009,36.061207974145091],[138.07193982216674,36.061207974043043],[138.07193982202793,36.061166314060287],[138.071939821889,36.061124644077623],[138.07187732180569,36.061124643975752],[138.07187732166676,36.061082973993088],[138.07181482158336,36.061082973891303],[138.07181482144452,36.061041313908817],[138.0717523213612,36.061041313807124],[138.07168982127777,36.061041313705331],[138.07168982113896,36.060999643722852],[138.07162732105553,36.060999643621152],[138.0715648209723,36.060999643519544],[138.07156482083346,36.060957973537143],[138.07150232075006,36.060957973435535],[138.07150232061122,36.060916313453497],[138.07156482069456,36.060916313555012],[138.07156482055564,36.060874643572618],[138.0716273206389,36.060874643674047],[138.07162732049997,36.060832973691831],[138.07168982058332,36.060832973793168],[138.07168982044448,36.060791313810682],[138.07175232052782,36.06079131391202],[138.07175232066672,36.060832973894598],[138.07175232080556,36.060874643877],[138.07175232094446,36.060916313859572],[138.07175232108338,36.060957973841965],[138.0718148211667,36.060957973943488],[138.07187732125004,36.060957974045095],[138.07193982133336,36.060957974146703],[138.07193982119455,36.060916314164132],[138.07200232127786,36.060916314265647],[138.07206482136121,36.060916314367162],[138.07212732144461,36.06091631446877],[138.07218982152779,36.060916314570292],[138.07225232161119,36.060916314671815],[138.07231482169453,36.06091631477333],[138.07237732177785,36.060916314874845],[138.07237732191669,36.060957974857871],[138.07237732205559,36.060999644841154],[138.07237732219451,36.061041314824436],[138.07237732233341,36.061082974807547],[138.07237732247233,36.061124644790745],[138.07243982255565,36.061124644892615],[138.072502322639,36.061124644994578],[138.07256482272231,36.061124645096371],[138.07262732280566,36.061124645198241],[138.07268982288898,36.061124645300112],[138.07275232297224,36.061124645402074],[138.07281482305555,36.061124645503867],[138.07287732313898,36.06112464560583],[138.0729398232223,36.0611246457077],[138.07300232330564,36.061124645809571],[138.07306482338896,36.061124645911448],[138.07312732347231,36.061124646013326],[138.07318982355571,36.061124646115196],[138.07325232363905,36.061124646217067],[138.07331482372228,36.061124646318945],[138.07331482386121,36.06116631630303],[138.07325232377795,36.061166316201152],[138.07318982369455,36.06116631609919],[138.0731273236112,36.061166315997227],[138.07306482352789,36.061166315895264],[138.07306482366678,36.061207975879356],[138.07312732375013,36.061207975981318],[138.07312732388903,36.061249645965312],[138.07318982397237,36.061249646067367],[138.07325232405569,36.061249646169415],[138.07325232391679,36.061207976185329],[138.07331482400002,36.061207976287378],[138.07331482413895,36.061249646271555],[138.07337732422226,36.061249646373611],[138.07337732408337,36.061207976389433],[138.07343982416668,36.061207976491396],[138.07343982430561,36.061249646475659],[138.07350232438893,36.061249646577799],[138.07350232452785,36.06129131656224],[138.07356482461117,36.061291316664381],[138.07356482475009,36.061332976648998],[138.07362732483341,36.061332976751231],[138.07368982491676,36.061332976853457],[138.07375232500007,36.061332976955683],[138.0738148250835,36.061332977057916],[138.07387732516665,36.061332977160149],[138.07387732530566,36.061374647144852],[138.07393982538898,36.06137464724717],[138.07393982525008,36.061332977262374],[138.0740023253334,36.0613329773646],[138.07406482541674,36.061332977466748],[138.07412732550006,36.061332977568973],[138.07418982558349,36.061332977671199],[138.07425232566681,36.061332977773432],[138.07425232552791,36.061291317788104],[138.07431482561122,36.061291317890245],[138.07431482547233,36.06124964790483],[138.07437732555573,36.061249648006964],[138.07437732541683,36.061207978021642],[138.07443982550006,36.061207978123605],[138.07450232558341,36.061207978225653],[138.07450232544448,36.06116631823997],[138.07450232530559,36.061124648254548],[138.07456482538899,36.061124648356426],[138.07462732547233,36.061124648458303],[138.07468982555565,36.061124648560174],[138.074752325639,36.061124648662044],[138.07481482572231,36.061124648763922],[138.07481482586124,36.061166318749699],[138.07475232577789,36.061166318647821],[138.07468982569458,36.061166318545858],[138.07462732561123,36.061166318443895],[138.07456482552783,36.061166318341932],[138.07456482566673,36.061207978327616],[138.07462732575007,36.061207978429664],[138.07468982583339,36.061207978531719],[138.07475232591673,36.061207978633682],[138.07481482600014,36.061207978735737],[138.07487732608348,36.0612079788377],[138.07487732622238,36.061249648823647],[138.07493982630572,36.061249648925696],[138.07493982644462,36.061291318911742],[138.07500232652788,36.061291319013876],[138.07500232666669,36.061332979000099],[138.0750648267551,36.061332979097259],[138.07506482689399,36.061374649083305],[138.075064827033,36.061416319069522],[138.0750648271719,36.061457979055469],[138.07512732726047,36.061457979152721],[138.07512732739949,36.061499649138852],[138.07512732753858,36.06154131912507],[138.07518982762724,36.061541319222329],[138.07518982748815,36.061499649236112],[138.07518982734905,36.061457979249894],[138.07518982720995,36.061416319263941],[138.07525232729844,36.0614163193612],[138.07525232715926,36.061374649374983],[138.07525232702008,36.061332979388936],[138.07525232688101,36.061291319402727],[138.07518982679269,36.061291319305553],[138.0751898266536,36.061249649319429],[138.07518982651442,36.061207979333389],[138.07518982637544,36.061166319347173],[138.07512732628732,36.061166319249921],[138.0751273261483,36.061124649263874],[138.07506482606027,36.061124649166715],[138.07506482592126,36.061082979180583],[138.0750023258334,36.061082979083416],[138.07493982575016,36.061082978981631],[138.07493982561124,36.061041318995677],[138.07493982547234,36.06099964900946],[138.07493982533353,36.060957979023428],[138.07500232541668,36.060957979124943],[138.07500232527786,36.060916319138997],[138.07500232513894,36.060874649152865],[138.07493982505571,36.060874649051343]],[[138.07487732927791,36.062166318515182],[138.07487732913899,36.062124648529135],[138.07487732900017,36.06208297854301],[138.07487732886125,36.062041318557235],[138.07487732872235,36.061999648571202],[138.07487732858343,36.061957978585248],[138.07487732844461,36.061916318599209],[138.07487732830569,36.06187464861317],[138.07487732816679,36.061832978627308],[138.07487732802798,36.061791318641269],[138.07481482794455,36.061791318538326],[138.07475232786121,36.061791318435297],[138.07468982777789,36.061791318332268],[138.07462732769454,36.061791318229332],[138.07456482761123,36.061791318126303],[138.07450232752788,36.061791318023367],[138.07450232766672,36.061832978008958],[138.07443982758338,36.061832977905929],[138.0744398277223,36.061874647891344],[138.07437732763904,36.06187464778823],[138.07437732777797,36.061916317773651],[138.07431482769462,36.061916317670438],[138.07431482783346,36.061957977655858],[138.07425232775012,36.061957977552652],[138.07425232788904,36.061999647537803],[138.07425232802794,36.062041317523224],[138.07425232816678,36.062082977508283],[138.07425232830568,36.062124647493704],[138.0742523284446,36.062166317479026],[138.07425232858341,36.062207977464269],[138.07431482866684,36.062207977567923],[138.07437732875016,36.062207977671569],[138.07443982883342,36.062207977775309],[138.07450232891674,36.062207977878955],[138.07456482900005,36.062207977982609],[138.0746273290834,36.062207978086349],[138.07468982916674,36.062207978190003],[138.07475232925006,36.06220797829365],[138.07481482933349,36.062207978397389],[138.07487732941681,36.062207978501036],[138.07487732927791,36.062166318515182]]]},"properties":{"FID":155,"A31_201":"8505050720","A31_202":"横河川","A31_203":20,"A31_204":"長野県","A31_205":2,"A31_206":" ","A31_207":" ","A31_208":" "}},{"type":"Feature","id":156,"geometry":{"type":"Polygon","coordinates":[[[138.07893983710272,36.062749654652791],[138.07893983724597,36.062791324639008],[138.07900233733676,36.062791324736267],[138.07906483742747,36.062791324833434],[138.07906483757091,36.062832984819472],[138.07900233748003,36.06283298472222],[138.07893983738924,36.062832984625047],[138.07887733729845,36.062832984527795],[138.07881483720766,36.062832984430543],[138.07881483706447,36.062791324444589],[138.0788148369214,36.062749654458372],[138.0788773370121,36.062749654555631],[138.07887733686883,36.062707984569414],[138.07887733672575,36.062666324583461],[138.07887733658248,36.062624654597244],[138.07887733643932,36.062582984611026],[138.07893983652957,36.062582984708285],[138.07893983667293,36.06262465469441],[138.07893983681618,36.062666324680627],[138.07893983695945,36.062707984666666],[138.07893983710272,36.062749654652791]]]},"properties":{"FID":156,"A31_201":"8505050720","A31_202":"横河川","A31_203":20,"A31_204":"長野県","A31_205":2,"A31_206":" ","A31_207":" ","A31_208":" "}},{"type":"Feature","id":157,"geometry":{"type":"Polygon","coordinates":[[[138.07931483779063,36.062791325222364],[138.07937733788134,36.062791325319537],[138.07943983797213,36.062791325416789],[138.07950233806284,36.062791325514041],[138.07950233820671,36.062832985499995],[138.07950233835061,36.062874655486212],[138.07943983825982,36.062874655388953],[138.07937733816885,36.062874655291793],[138.07937733802513,36.062832985305576],[138.07931483793425,36.062832985208317],[138.07925233784346,36.06283298511115],[138.07925233769984,36.062791325125112],[138.07931483779063,36.062791325222364]]]},"properties":{"FID":157,"A31_201":"8505050720","A31_202":"横河川","A31_203":20,"A31_204":"長野県","A31_205":2,"A31_206":" ","A31_207":" ","A31_208":" "}},{"type":"Feature","id":158,"geometry":{"type":"Polygon","coordinates":[[[138.07956484031297,36.063416325402684],[138.07956484045692,36.063457985388908],[138.07950234036508,36.063457985291734],[138.07950234022118,36.063416325305525],[138.07956484031297,36.063416325402684]]]},"properties":{"FID":158,"A31_201":"8505050720","A31_202":"横河川","A31_203":20,"A31_204":"長野県","A31_205":2,"A31_206":" ","A31_207":" ","A31_208":" "}},{"type":"Feature","id":159,"geometry":{"type":"Polygon","coordinates":[[[138.07662733627961,36.063499650805532],[138.07662733613893,36.063457980819493],[138.07662733599824,36.063416320833277],[138.07662733585755,36.063374650847237],[138.07662733571678,36.063332980861105],[138.07668983580837,36.063332980958364],[138.07668983566768,36.063291320972326],[138.07668983552691,36.063249650986108],[138.0766273354354,36.063249650888942],[138.07662733529472,36.063207980902725],[138.07662733515403,36.063166320916778],[138.07662733501334,36.063124650930561],[138.07662733487265,36.063082980944515],[138.07662733473197,36.063041320958305],[138.07656483464072,36.063041320861132],[138.07656483450012,36.062999650874914],[138.07656483435952,36.062957980888967],[138.07662733445059,36.062957980986134],[138.0766273343099,36.062916321000003],[138.07662733416922,36.062874651013971],[138.07668983426001,36.062874651111223],[138.07668983411924,36.062832981125005],[138.07668983397843,36.062791321138967],[138.07668983383766,36.062749651152842],[138.07675233392837,36.062749651250002],[138.07675233406923,36.062791321236219],[138.07675233421003,36.062832981222257],[138.07675233435089,36.062874651208475],[138.07675233449174,36.062916321194429],[138.07675233463252,36.062957981180645],[138.0767523347734,36.062999651166592],[138.07675233491426,36.063041321152809],[138.07675233505503,36.06308298113894],[138.07675233519589,36.06312465112498],[138.07675233533675,36.063166321111197],[138.07675233547752,36.06320798109715],[138.07675233561841,36.063249651083368],[138.07675233575927,36.063291321069585],[138.07675233590004,36.063332981055531],[138.0767523360409,36.063374651041748],[138.07675233618178,36.063416321027702],[138.07675233632256,36.063457981013912],[138.07668983623068,36.063457980916752],[138.07668983637146,36.063499650902699],[138.07662733627961,36.063499650805532]]]},"properties":{"FID":159,"A31_201":"8505050720","A31_202":"横河川","A31_203":20,"A31_204":"長野県","A31_205":2,"A31_206":" ","A31_207":" ","A31_208":" "}},{"type":"Feature","id":160,"geometry":{"type":"Polygon","coordinates":[[[138.07662733627961,36.063499650805532],[138.0766273364203,36.063541320791657],[138.07656483632826,36.063541320694405],[138.07656483618766,36.06349965070828],[138.07662733627961,36.063499650805532]]]},"properties":{"FID":160,"A31_201":"8505050720","A31_202":"横河川","A31_203":20,"A31_204":"長野県","A31_205":2,"A31_206":" ","A31_207":" ","A31_208":" "}},{"type":"Feature","id":161,"geometry":{"type":"Polygon","coordinates":[[[138.07656483632826,36.063541320694405],[138.07656483646886,36.063582980680621],[138.07650233637673,36.063582980583362],[138.07650233623622,36.063541320597238],[138.07656483632826,36.063541320694405]]]},"properties":{"FID":161,"A31_201":"8505050720","A31_202":"横河川","A31_203":20,"A31_204":"長野県","A31_205":2,"A31_206":" ","A31_207":" ","A31_208":" "}},{"type":"Feature","id":162,"geometry":{"type":"Polygon","coordinates":[[[138.06643982302785,36.063666303685117],[138.06650232311119,36.063666303791251],[138.06650232325001,36.06370796376779],[138.06643982316669,36.063707963661564],[138.06643982302785,36.063666303685117]]]},"properties":{"FID":162,"A31_201":"8505050720","A31_202":"横河川","A31_203":20,"A31_204":"長野県","A31_205":2,"A31_206":" ","A31_207":" ","A31_208":" "}},{"type":"Feature","id":163,"geometry":{"type":"Polygon","coordinates":[[[138.06650232325001,36.06370796376779],[138.06656482333327,36.063707963873924],[138.06656482347216,36.063749633850733],[138.06650232338893,36.063749633744507],[138.06650232325001,36.06370796376779]]]},"properties":{"FID":163,"A31_201":"8505050720","A31_202":"横河川","A31_203":20,"A31_204":"長野県","A31_205":2,"A31_206":" ","A31_207":" ","A31_208":" "}},{"type":"Feature","id":164,"geometry":{"type":"Polygon","coordinates":[[[138.06656482347216,36.063749633850733],[138.06662732355551,36.063749633957045],[138.06662732369441,36.06379130393394],[138.06656482361109,36.063791303827529],[138.06656482347216,36.063749633850733]]]},"properties":{"FID":164,"A31_201":"8505050720","A31_202":"横河川","A31_203":20,"A31_204":"長野県","A31_205":2,"A31_206":" ","A31_207":" ","A31_208":" "}},{"type":"Feature","id":165,"geometry":{"type":"Polygon","coordinates":[[[138.06662732369441,36.06379130393394],[138.06668982377775,36.063791304040251],[138.06668982391665,36.063832964016967],[138.06662732383333,36.063832963910649],[138.06662732369441,36.06379130393394]]]},"properties":{"FID":165,"A31_201":"8505050720","A31_202":"横河川","A31_203":20,"A31_204":"長野県","A31_205":2,"A31_206":" ","A31_207":" ","A31_208":" "}},{"type":"Feature","id":166,"geometry":{"type":"Polygon","coordinates":[[[138.08237734635631,36.063957989597256],[138.08231484626356,36.063957989499997],[138.082252346171,36.06395798940283],[138.08218984607825,36.063957989305578],[138.0821273459855,36.063957989208319],[138.08212734583879,36.063916329222366],[138.08212734569187,36.063874659236149],[138.08212734554513,36.063832989250024],[138.08218984563763,36.063832989347191],[138.0822523457301,36.06383298944445],[138.08231484582251,36.063832989541702],[138.08237734591506,36.063832989638868],[138.08237734576798,36.06379132965283],[138.08243984586045,36.063791329750089],[138.08243984600753,36.063832989736127],[138.08250234610011,36.063832989833287],[138.08256484619258,36.063832989930546],[138.08256484633984,36.063874659916678],[138.08250234624728,36.063874659819504],[138.08243984615473,36.063874659722252],[138.0824398463019,36.063916329708469],[138.08237734620923,36.063916329611217],[138.08237734635631,36.063957989597256]]]},"properties":{"FID":166,"A31_201":"8505050720","A31_202":"横河川","A31_203":20,"A31_204":"長野県","A31_205":2,"A31_206":" ","A31_207":" ","A31_208":" "}},{"type":"Feature","id":167,"geometry":{"type":"Polygon","coordinates":[[[138.08175234557558,36.063999658611181],[138.08168984548283,36.063999658514014],[138.08168984533646,36.063957988527797],[138.0816273452439,36.063957988430545],[138.08162734509762,36.063916328444591],[138.08156484500495,36.063916328347332],[138.08156484485875,36.063874658361115],[138.08156484471266,36.06383298837499],[138.08162734480513,36.063832988472242],[138.08168984489754,36.063832988569416],[138.08175234499001,36.063832988666668],[138.08181484508256,36.06383298876392],[138.08187734517506,36.063832988861094],[138.0818773453216,36.063874658847219],[138.08181484522902,36.063874658750052],[138.0818148453755,36.063916328736269],[138.08181484552196,36.063957988722223],[138.08175234542921,36.063957988625049],[138.08175234557558,36.063999658611181]]]},"properties":{"FID":167,"A31_201":"8505050720","A31_202":"横河川","A31_203":20,"A31_204":"長野県","A31_205":2,"A31_206":" ","A31_207":" ","A31_208":" "}},{"type":"Feature","id":168,"geometry":{"type":"Polygon","coordinates":[[[138.08150234564292,36.064124658180546],[138.08143984554991,36.064124658083287],[138.0813773454569,36.064124657986028],[138.08131484536386,36.064124657888868],[138.08125234527085,36.064124657791609],[138.08118984517785,36.064124657694443],[138.08112734508501,36.064124657597191],[138.08112734493926,36.064082987611144],[138.08106484484634,36.064082987513984],[138.08100234475341,36.064082987416725],[138.08093984466049,36.064082987319466],[138.080939844515,36.064041327333342],[138.08100234460795,36.064041327430509],[138.08106484470076,36.064041327527761],[138.0810648445551,36.063999657541814],[138.08112734464794,36.063999657638981],[138.08118984474061,36.063999657736233],[138.08118984459486,36.063957987750015],[138.0812523446875,36.063957987847274],[138.08131484478025,36.063957987944441],[138.08131484463442,36.063916327958495],[138.08137734472706,36.063916328055655],[138.08143984481964,36.063916328152914],[138.08143984496576,36.063957988138952],[138.0815023450584,36.063957988236119],[138.08150234520451,36.063999658222336],[138.08156484529735,36.063999658319588],[138.08162734539007,36.063999658416762],[138.08162734553636,36.064041328402709],[138.08168984562911,36.064041328499968],[138.0816898457754,36.064082988486177],[138.08162734568265,36.064082988388925],[138.08156484558964,36.064082988291759],[138.08150234549672,36.0640829881945],[138.08150234564292,36.064124658180546]]]},"properties":{"FID":168,"A31_201":"8505050720","A31_202":"横河川","A31_203":20,"A31_204":"長野県","A31_205":2,"A31_206":" ","A31_207":" ","A31_208":" "}},{"type":"Feature","id":169,"geometry":{"type":"Polygon","coordinates":[[[138.08381484848866,36.063957991833334],[138.08387734858141,36.063957991930586],[138.08393984867396,36.063957992027838],[138.08393984882284,36.06399966201397],[138.08400234891559,36.063999662111229],[138.08400234906452,36.064041332097176],[138.08406484915736,36.064041332194435],[138.08406484930632,36.064082992180644],[138.08406484945525,36.064124662166599],[138.0840648496042,36.064166332152723],[138.0840023495112,36.064166332055564],[138.0839398494181,36.064166331958305],[138.08387734932518,36.064166331861138],[138.08387734917639,36.064124661875013],[138.08381484908338,36.064124661777754],[138.08381484893471,36.064082991791715],[138.08375234884178,36.064082991694463],[138.0837523486932,36.064041331708331],[138.08375234854452,36.063999661722292],[138.0837523483959,36.06395799173616],[138.08381484848866,36.063957991833334]]]},"properties":{"FID":169,"A31_201":"8505050720","A31_202":"横河川","A31_203":20,"A31_204":"長野県","A31_205":2,"A31_206":" ","A31_207":" ","A31_208":" "}},{"type":"Feature","id":170,"geometry":{"type":"Polygon","coordinates":[[[138.07487733719458,36.064541317715417],[138.07487733733342,36.064582977701455],[138.07481483725007,36.064582977593808],[138.07475233716676,36.064582977486253],[138.07475233702792,36.0645413175003],[138.07475233688902,36.064499647514523],[138.07475233675009,36.064457977528662],[138.0747523366112,36.064416317542978],[138.0748148366946,36.06441631765027],[138.0748148365557,36.064374647664323],[138.07481483641681,36.064332977678283],[138.07487733650012,36.064332977785575],[138.07487733663902,36.064374647771615],[138.07493983672236,36.064374647878907],[138.07493983686129,36.064416317865039],[138.0749398370001,36.064457977850985],[138.074939837139,36.064499647837025],[138.07487733705568,36.064499647729555],[138.07487733719458,36.064541317715417]]]},"properties":{"FID":170,"A31_201":"8505050720","A31_202":"横河川","A31_203":20,"A31_204":"長野県","A31_205":2,"A31_206":" ","A31_207":" ","A31_208":" "}},{"type":"Feature","id":171,"geometry":{"type":"Polygon","coordinates":[[[138.07375233611128,36.064666315733398],[138.0738148361946,36.064666315841137],[138.07387733627786,36.064666315948955],[138.07393983636118,36.064666316056694],[138.07393983650002,36.06470797604176],[138.07387733641667,36.064707975933842],[138.07381483633344,36.064707975826018],[138.0737523362501,36.064707975718193],[138.07368983616678,36.064707975610368],[138.07368983602785,36.064666315625573],[138.07375233611128,36.064666315733398]]]},"properties":{"FID":171,"A31_201":"8505050720","A31_202":"横河川","A31_203":20,"A31_204":"長野県","A31_205":2,"A31_206":" ","A31_207":" ","A31_208":" "}},{"type":"Feature","id":172,"geometry":{"type":"Polygon","coordinates":[[[138.08706485863971,36.065416336402876],[138.08706485879193,36.06545799638883],[138.08706485894427,36.065499666375047],[138.08706485909659,36.065541336361179],[138.08706485924881,36.065582996347217],[138.08700235915342,36.065582996250043],[138.08700235900119,36.065541336264005],[138.08700235884893,36.065499666277788],[138.08700235869671,36.06545799629157],[138.08700235854457,36.065416336305624],[138.08700235839234,36.065374666319407],[138.08700235824008,36.065332996333368],[138.08700235808786,36.065291336347244],[138.08693985799289,36.065291336249985],[138.086877357898,36.065291336152725],[138.08687735774586,36.065249666166601],[138.08687735759381,36.065207996180561],[138.08687735744175,36.065166336194437],[138.08687735728961,36.065124666208483],[138.08687735713755,36.065082996222266],[138.0868773569855,36.065041336236227],[138.08687735683336,36.06499966625001],[138.08693985692787,36.064999666347262],[138.08693985677564,36.064957996361137],[138.0868773566813,36.064957996263885],[138.08681485658687,36.064957996166626],[138.08675235649261,36.06495799606946],[138.08675235634072,36.064916336083421],[138.08668985624638,36.064916335986169],[138.08668985609452,36.064874666000037],[138.08675235618875,36.064874666097204],[138.08681485628284,36.064874666194456],[138.08681485613087,36.064832996208239],[138.08687735622505,36.064832996305498],[138.08693985631922,36.064832996402664],[138.08693985647136,36.064874666388882],[138.08700235656562,36.064874666486133],[138.08700235671785,36.064916336472351],[138.08706485681219,36.064916336569524],[138.08706485696442,36.064957996555563],[138.08712735705885,36.064957996652815],[138.08712735721127,36.06499966663894],[138.08712735736358,36.065041336625157],[138.08712735751593,36.06508299661111],[138.08712735766832,36.065124666597328],[138.08712735782063,36.065166336583275],[138.08712735797297,36.065207996569498],[138.08712735812537,36.06524966655553],[138.0871273582778,36.065291336541662],[138.08712735843011,36.065332996527879],[138.08712735858253,36.065374666513918],[138.08706485848739,36.065374666416659],[138.08706485863971,36.065416336402876]]]},"properties":{"FID":172,"A31_201":"8505050720","A31_202":"横河川","A31_203":20,"A31_204":"長野県","A31_205":2,"A31_206":" ","A31_207":" ","A31_208":" "}},{"type":"Feature","id":173,"geometry":{"type":"Polygon","coordinates":[[[138.06268982566652,36.065957955801991],[138.06262732558318,36.065957955692028],[138.06262732544437,36.065916295719845],[138.06262732530544,36.065874625747398],[138.06268982538879,36.065874625857177],[138.0627523254721,36.065874625966956],[138.06275232561103,36.065916295939587],[138.06268982552768,36.065916295829716],[138.06268982566652,36.065957955801991]]]},"properties":{"FID":173,"A31_201":"8505050720","A31_202":"横河川","A31_203":20,"A31_204":"長野県","A31_205":2,"A31_206":" ","A31_207":" ","A31_208":" "}},{"type":"Feature","id":174,"geometry":{"type":"Polygon","coordinates":[[[138.07500234194453,36.065916317472315],[138.07506484204046,36.065916317569481],[138.07512734213648,36.065916317666733],[138.07518984223245,36.065916317763993],[138.07518984237151,36.065957977749946],[138.07518984251061,36.065999647736163],[138.0751273424145,36.065999647638904],[138.07512734227549,36.065957977652687],[138.07506484217936,36.06595797755552],[138.07500234208334,36.065957977458353],[138.07493984200011,36.065957977348397],[138.07493984186127,36.065916317362451],[138.07500234194453,36.065916317472315]]]},"properties":{"FID":174,"A31_201":"8505050720","A31_202":"横河川","A31_203":20,"A31_204":"長野県","A31_205":2,"A31_206":" ","A31_207":" ","A31_208":" "}},{"type":"Feature","id":175,"geometry":{"type":"Polygon","coordinates":[[[138.06668983238882,36.06637463260634],[138.06668983252771,36.066416302583228],[138.0666273324444,36.066416302472561],[138.06662733230547,36.066374632495759],[138.06668983238882,36.06637463260634]]]},"properties":{"FID":175,"A31_201":"8505050720","A31_202":"横河川","A31_203":20,"A31_204":"長野県","A31_205":2,"A31_206":" ","A31_207":" ","A31_208":" "}},{"type":"Feature","id":176,"geometry":{"type":"Polygon","coordinates":[[[138.0666273324444,36.066416302472561],[138.06662733258329,36.066457962449448],[138.06656483249998,36.066457962338696],[138.06656483236105,36.066416302361894],[138.0666273324444,36.066416302472561]]]},"properties":{"FID":176,"A31_201":"8505050720","A31_202":"横河川","A31_203":20,"A31_204":"長野県","A31_205":2,"A31_206":" ","A31_207":" ","A31_208":" "}},{"type":"Feature","id":177,"geometry":{"type":"Polygon","coordinates":[[[138.06600233661109,36.067916300688864],[138.06600233647217,36.067874630706733],[138.06606483655551,36.067874630815894],[138.06606483641659,36.06783296083367],[138.06612733650002,36.067832960942823],[138.06612733663891,36.067874630924962],[138.06612733677775,36.067916300906916],[138.06606483669441,36.067916300797933],[138.06600233661109,36.067916300688864]]]},"properties":{"FID":177,"A31_201":"8505050720","A31_202":"横河川","A31_203":20,"A31_204":"長野県","A31_205":2,"A31_206":" ","A31_207":" ","A31_208":" "}},{"type":"Feature","id":178,"geometry":{"type":"Polygon","coordinates":[[[138.06600233661109,36.067916300688864],[138.06600233674999,36.067957960671173],[138.06593983666676,36.067957960562282],[138.06593983652783,36.067916300579881],[138.06600233661109,36.067916300688864]]]},"properties":{"FID":178,"A31_201":"8505050720","A31_202":"横河川","A31_203":20,"A31_204":"長野県","A31_205":2,"A31_206":" ","A31_207":" ","A31_208":" "}},{"type":"Feature","id":179,"geometry":{"type":"Polygon","coordinates":[[[138.06593983666676,36.067957960562282],[138.06593983680565,36.067999630544413],[138.06587733672225,36.067999630435523],[138.06587733658341,36.067957960453299],[138.06593983666676,36.067957960562282]]]},"properties":{"FID":179,"A31_201":"8505050720","A31_202":"横河川","A31_203":20,"A31_204":"長野県","A31_205":2,"A31_206":" ","A31_207":" ","A31_208":" "}},{"type":"Feature","id":180,"geometry":{"type":"Polygon","coordinates":[[[138.06762734266675,36.069082962975372],[138.06762734280568,36.069124632955734],[138.06762734294458,36.069166302936175],[138.06756484286126,36.069166302829238],[138.06756484272233,36.069124632848705],[138.06756484258341,36.069082962868265],[138.06762734266675,36.069082962975372]]]},"properties":{"FID":180,"A31_201":"8505050720","A31_202":"横河川","A31_203":20,"A31_204":"長野県","A31_205":2,"A31_206":" ","A31_207":" ","A31_208":" "}},{"type":"Feature","id":181,"geometry":{"type":"Polygon","coordinates":[[[138.06775234533336,36.069832962834568],[138.06775234519446,36.069791302854213],[138.06775234505554,36.069749632873865],[138.06775234491664,36.069707962893688],[138.06781484500004,36.069707962999729],[138.06781484486115,36.069666303019467],[138.06781484472225,36.069624633039197],[138.06787734480557,36.069624633145338],[138.06787734466667,36.069582963165338],[138.06787734452783,36.069541303185161],[138.06781484444451,36.06954130307885],[138.06781484430559,36.069499633098673],[138.06781484416669,36.069457963118495],[138.06787734425001,36.069457963224892],[138.0678773441112,36.069416303244893],[138.06793984419451,36.069416303351389],[138.06793984405562,36.069374633371211],[138.06800234413893,36.069374633477793],[138.06800234427786,36.069416303457885],[138.06800234441675,36.069457963437792],[138.0680648445001,36.069457963544281],[138.06812734458342,36.069457963650777],[138.06818984466676,36.069457963757181],[138.06825234474999,36.06945796386367],[138.06831484483334,36.069457963970081],[138.06831484497224,36.06949963394981],[138.06831484511116,36.06954130392937],[138.06837734519448,36.069541304035681],[138.06837734533332,36.069582964015325],[138.06843984541672,36.069582964121636],[138.06843984555553,36.069624634101018],[138.06837734547221,36.069624633994792],[138.06837734561111,36.069666303974437],[138.06831484552779,36.069666303868388],[138.06825234544448,36.069666303762247],[138.06825234530555,36.069624633782425],[138.06818984522232,36.069624633676291],[138.06812734513898,36.069624633570065],[138.0681273452779,36.06966630354998],[138.06812734541671,36.069707963529979],[138.06806484533337,36.069707963423923],[138.06800234525005,36.069707963317882],[138.06800234538895,36.069749633297789],[138.06793984530563,36.069749633191833],[138.06793984544453,36.069791303171918],[138.06787734536113,36.069791303066047],[138.06781484527778,36.069791302960084],[138.06781484541671,36.069832962940438],[138.06775234533336,36.069832962834568]]]},"properties":{"FID":181,"A31_201":"8505050720","A31_202":"横河川","A31_203":20,"A31_204":"長野県","A31_205":2,"A31_206":" ","A31_207":" ","A31_208":" "}},{"type":"Feature","id":182,"geometry":{"type":"Polygon","coordinates":[[[138.06775234533336,36.069832962834568],[138.0677523454722,36.069874632814745],[138.06768984538886,36.069874632708967],[138.06768984524996,36.069832962728697],[138.06775234533336,36.069832962834568]]]},"properties":{"FID":182,"A31_201":"8505050720","A31_202":"横河川","A31_203":20,"A31_204":"長野県","A31_205":2,"A31_206":" ","A31_207":" ","A31_208":" "}},{"type":"Feature","id":183,"geometry":{"type":"Polygon","coordinates":[[[138.07425235705566,36.070749643248277],[138.074314857139,36.070749643352556],[138.0743148572779,36.070791313325628],[138.07425235719458,36.070791313221441],[138.07425235705566,36.070749643248277]]]},"properties":{"FID":183,"A31_201":"8505050720","A31_202":"横河川","A31_203":20,"A31_204":"長野県","A31_205":2,"A31_206":" ","A31_207":" ","A31_208":" "}},{"type":"Feature","id":184,"geometry":{"type":"Polygon","coordinates":[[[138.07056481755561,36.060374642175091],[138.07062731763892,36.060374642275718],[138.07062731777785,36.060416312257047],[138.07068981786117,36.060416312357773],[138.07068981800009,36.060457972339009],[138.07075231808341,36.060457972439735],[138.07075231822233,36.060499642421149],[138.07081481830565,36.060499642522046],[138.07087731838899,36.060499642622858],[138.07093981847231,36.06049964272367],[138.07100231855566,36.060499642824567],[138.07106481863889,36.060499642925372],[138.07112731872223,36.060499643026176],[138.07112731886113,36.06054131300813],[138.07106481877781,36.060541312907148],[138.07100231869455,36.060541312806251],[138.07100231883348,36.060582972787849],[138.07106481891662,36.060582972888838],[138.07106481905552,36.060624642870607],[138.07112731913887,36.060624642971689],[138.0711898192223,36.060624643072757],[138.07118981936119,36.060666313054448],[138.07125231944451,36.060666313155608],[138.07131481952786,36.060666313256689],[138.0713773196112,36.060666313357757],[138.0713773197501,36.06070797333998],[138.07143981983342,36.06070797344114],[138.07150231991676,36.060707973542307],[138.07150232005569,36.060749643524439],[138.07143981997234,36.060749643423186],[138.07143982011127,36.060791313405403],[138.07137732002784,36.060791313304065],[138.07137732016673,36.060832973286196],[138.07131482008342,36.060832973184858],[138.07131482022231,36.060874643166812],[138.07125232013891,36.06087464306529],[138.07118982005557,36.06087464296386],[138.07112731997225,36.06087464286243],[138.0710648198889,36.060874642760908],[138.07106481975001,36.060832972779309],[138.07100231966675,36.060832972677886],[138.07100231952793,36.060791312696196],[138.07093981944462,36.060791312594858],[138.07087731936119,36.060791312493514],[138.07081481927784,36.060791312392169],[138.07075231919453,36.060791312290917],[138.07068981911118,36.060791312189579],[138.07062731902778,36.060791312088242],[138.07056481894443,36.060791311986897],[138.07050231886112,36.060791311885552],[138.07043981877786,36.0607913117843],[138.07037731869454,36.060791311682962],[138.07037731855561,36.060749641701989],[138.0703148184723,36.060749641600736],[138.07031481833337,36.060707971619934],[138.07025231825006,36.060707971518681],[138.07025231811122,36.060666311537794],[138.07018981802781,36.060666311436719],[138.07012731794447,36.060666311335552],[138.07012731780557,36.06062464135502],[138.07006481772223,36.060624641253952],[138.07000231763891,36.060624641152963],[138.07000231749998,36.060582971172337],[138.06993981741667,36.060582971071355],[138.06987731733341,36.060582970970373],[138.06981481725009,36.060582970869383],[138.06981481711119,36.060541310889121],[138.06975231702785,36.060541310788224],[138.06975231688892,36.060499640807862],[138.06975231675003,36.060457970827514],[138.06975231661121,36.06041631084733],[138.06975231647229,36.060374640866982],[138.06968981638897,36.060374640766348],[138.06962731630563,36.060374640665714],[138.06962731644455,36.060416310645984],[138.06956481636112,36.060416310545264],[138.06950231627781,36.060416310444545],[138.0695023164167,36.060457970424451],[138.06943981633339,36.060457970323739],[138.06937731624996,36.060457970222927],[138.06937731638885,36.060499640202835],[138.06931481630562,36.06049964010203],[138.06931481644455,36.060541310081945],[138.06931481658344,36.060582970061589],[138.06937731666667,36.060582970162571],[138.06937731680551,36.060624640142478],[138.06937731694441,36.060666310122215],[138.06937731708334,36.060707970102214],[138.06937731722223,36.060749640081951],[138.069314817139,36.060749639980699],[138.0693148172779,36.060791309960521],[138.06931481741674,36.060832969940428],[138.06925231733339,36.060832969838998],[138.06925231747232,36.060874639818643],[138.06918981738897,36.060874639717213],[138.0691898175279,36.06091630969695],[138.06912731744447,36.060916309595427],[138.06912731758339,36.060957969574801],[138.06906481750005,36.060957969473286],[138.06906481763897,36.060999639452845],[138.06900231755554,36.060999639351145],[138.0689398174722,36.060999639249538],[138.06893981761112,36.061041309229005],[138.06887731752778,36.061041309127219],[138.06881481744446,36.061041309025526],[138.06881481758327,36.06108296900463],[138.06875231750004,36.061082968902852],[138.06868981741673,36.06108296880106],[138.06862731733338,36.061082968699282],[138.06856481725004,36.061082968597404],[138.06856481711114,36.061041308618556],[138.06850231702782,36.061041308516778],[138.0685023168889,36.060999638537837],[138.06850231675008,36.06095796855891],[138.06850231661116,36.060916308580147],[138.06850231647226,36.060874638601128],[138.06843981638892,36.060874638499698],[138.06843981625002,36.060832968520941],[138.06843981611109,36.060791308542093],[138.06843981597228,36.060749638563252],[138.06843981583336,36.060707968584495],[138.06837731575004,36.060707968483328],[138.06837731561112,36.060666308504487],[138.0683148155278,36.060666308403327],[138.06831481538887,36.060624638424834],[138.06831481524998,36.060582968446077],[138.06825231516663,36.060582968345088],[138.0681898150834,36.060582968244105],[138.06812731500005,36.060582968143123],[138.06806481491674,36.060582968042134],[138.06800231483339,36.060582967941144],[138.0680023146945,36.060541307962922],[138.06793981461115,36.060541307862024],[138.06793981474999,36.060582967840247],[138.06787731466665,36.060582967739265],[138.06787731480557,36.060624637717488],[138.06781481472223,36.060624637616499],[138.06781481486115,36.06066630759446],[138.06781481499996,36.060707967572682],[138.06787731508339,36.060707967673849],[138.0678773152222,36.06074963765198],[138.06781481513889,36.060749637550728],[138.06781481527779,36.060791307528859],[138.06781481541671,36.060832967507082],[138.06781481555552,36.060874637485128],[138.06787731563895,36.060874637586565],[138.06787731577776,36.060916307564874],[138.06787731591669,36.060957967542919],[138.06787731605559,36.060999637521142],[138.06787731619448,36.061041307499451],[138.06787731633332,36.061082967477589],[138.06787731647222,36.061124637455812],[138.06793981655557,36.061124637557683],[138.06793981669446,36.061166307535821],[138.0679398168333,36.061207967514221],[138.0680023169167,36.061207967616184],[138.06800231705554,36.0612496375945],[138.06806481713895,36.061249637696548],[138.06806481727787,36.061291307674949],[138.06812731736119,36.06129130777709],[138.06812731750003,36.061332967755668],[138.06818981758343,36.061332967857894],[138.06818981772227,36.061374637836387],[138.06818981786117,36.061416307814966],[138.06818981800009,36.061457967793366],[138.06825231808332,36.061457967895777],[138.06825231822225,36.061499637874533],[138.06825231836106,36.061541307853197],[138.06825231849996,36.061582967831683],[138.0683148185833,36.061582967934356],[138.06837731866665,36.06158296803703],[138.06837731880555,36.061624638015786],[138.06843981888886,36.06162463811846],[138.06850231897221,36.061624638221225],[138.06850231911113,36.061666308200159],[138.06850231925003,36.061707968179007],[138.06856481933335,36.061707968281851],[138.06856481947227,36.061749638260878],[138.06862731955562,36.061749638363821],[138.06862731969451,36.061791308342663],[138.06868981977783,36.061791308445606],[138.06868981991676,36.061832968424802],[138.0687523200001,36.061832968527924],[138.06881482008333,36.061832968630952],[138.06881482022223,36.061874638610064],[138.06887732030557,36.061874638713178],[138.06887732044447,36.06191630869256],[138.06893982052782,36.061916308795759],[138.06900232061113,36.061916308898972],[138.06900232074997,36.061957968878431],[138.06906482083338,36.06195796898173],[138.06912732091672,36.061957969085029],[138.06918982100004,36.061957969188228],[138.06918982113896,36.061999639167787],[138.06912732105562,36.061999639064496],[138.06906482097222,36.061999638961197],[138.06906482111111,36.062041308940749],[138.0690023210278,36.062041308837365],[138.06900232116669,36.062082968816654],[138.06893982108338,36.062082968713185],[138.06893982122219,36.062124638692652],[138.06887732113887,36.06212463858909],[138.06887732099995,36.062082968609715],[138.06881482091663,36.062082968506239],[138.06875232083337,36.062082968402763],[138.06868982075005,36.062082968299293],[138.06862732066671,36.062082968195824],[138.06856482058339,36.062082968092348],[138.06850232050004,36.062082967988871],[138.06850232036115,36.062041308010123],[138.0684398202778,36.062041307906739],[138.06843982013891,36.061999637927798],[138.06837732005556,36.061999637824506],[138.06831481997224,36.061999637721122],[138.06831481983332,36.061957967742543],[138.06825231975,36.061957967639337],[138.06825231988881,36.061999637617831],[138.06818981980558,36.061999637514532],[138.06818981994448,36.062041307493111],[138.06812731986116,36.062041307389727],[138.06812732000006,36.062082967368042],[138.06806481991674,36.062082967264566],[138.06806482005555,36.062124637243059],[138.06800231997224,36.06212463713949],[138.06800232011113,36.062166307117892],[138.06800232025006,36.062207967096207],[138.06793982016663,36.062207966992467],[138.06793982030553,36.062249636970776],[138.06787732022221,36.062249636867037],[138.06787732036111,36.062291306845175],[138.06781482027779,36.062291306741344],[138.06775232019447,36.062291306637519],[138.06775232033328,36.062332966615656],[138.06768982024994,36.062332966511732],[138.06768982038886,36.062374636489693],[138.06762732030563,36.062374636385684],[138.06762732044453,36.062416306363644],[138.06762732058334,36.062457966341597],[138.06762732072227,36.062499636319473],[138.06762732086116,36.062541306297518],[138.067627321,36.062582966275293],[138.06762732113899,36.062624636253247],[138.06768982122225,36.062624636357612],[138.06768982136106,36.062666306335657],[138.06775232144449,36.062666306440107],[138.0678148215278,36.062666306544557],[138.06781482166664,36.062707966522602],[138.06787732174996,36.062707966627144],[138.06787732188889,36.062749636605361],[138.0679398219722,36.062749636709903],[138.06793982211113,36.062791306688304],[138.06793982225003,36.062832966666434],[138.06787732216671,36.062832966561722],[138.06787732230552,36.06287463654003],[138.0678148222222,36.062874636435225],[138.0678148223611,36.062916306413186],[138.0678148225,36.062957966391409],[138.0677523224166,36.062957966286518],[138.06775232255549,36.062999636264472],[138.06768982247218,36.062999636159489],[138.06768982261107,36.06304130613745],[138.06775232269442,36.063041306242518],[138.06775232283331,36.063082966220648],[138.06781482291666,36.063082966325808],[138.06781482305556,36.063124636303854],[138.0678773231389,36.063124636409107],[138.0678773232778,36.06316630638733],[138.06793982336114,36.063166306492668],[138.06793982349996,36.063207966470713],[138.0680023235833,36.063207966576051],[138.06800232344446,36.063166306597921],[138.06800232330556,36.06312463661952],[138.06800232316664,36.063082966641204],[138.06806482324998,36.063082966746364],[138.06806482311117,36.063041306767872],[138.06806482297225,36.062999636789471],[138.06806482283332,36.062957966811162],[138.06800232275,36.062957966706179],[138.06800232261119,36.062916306727779],[138.06800232247227,36.06287463674964],[138.06800232233337,36.062832966771154],[138.06806482241669,36.062832966875874],[138.06812732250003,36.062832966980679],[138.06812732263893,36.062874636959165],[138.06818982272227,36.06287463706397],[138.06825232280551,36.062874637168775],[138.06831482288885,36.06287463727358],[138.06837732297217,36.062874637378386],[138.0684398230556,36.062874637483191],[138.0684398231945,36.062916307461862],[138.06850232327784,36.062916307566667],[138.06856482336116,36.062916307671557],[138.06856482350008,36.062957967650576],[138.0686273235834,36.062957967755565],[138.06868982366674,36.062957967860456],[138.06868982352782,36.062916307881252],[138.06875232361125,36.06291630798615],[138.06875232375006,36.062957967965346],[138.06881482383329,36.062957968070336],[138.06881482397222,36.062999638049448],[138.06881482411114,36.06304130802873],[138.06887732419446,36.063041308133805],[138.06887732433327,36.063082968113179],[138.0688773244722,36.063124638092383],[138.06887732461109,36.063166308071757],[138.06887732474993,36.063207968050961],[138.06887732488883,36.063249638030342],[138.06893982497218,36.063249638135765],[138.06893982483334,36.063207968156298],[138.06893982469444,36.063166308177102],[138.06893982455551,36.063124638197635],[138.06893982441662,36.063082968218339],[138.06893982427778,36.06304130823888],[138.06900232436112,36.063041308343948],[138.0690023242222,36.062999638364481],[138.06906482430554,36.062999638469464],[138.06906482416673,36.062957968489997],[138.06912732425005,36.062957968594979],[138.06918982433339,36.062957968699877],[138.06918982419447,36.062916308720141],[138.0692523242779,36.062916308825038],[138.06931482436121,36.062916308929843],[138.06937732444447,36.062916309034733],[138.06937732430555,36.062874639054996],[138.06943982438889,36.062874639159801],[138.06943982452779,36.062916309139624],[138.06950232461114,36.062916309244429],[138.06956482469445,36.062916309349326],[138.06956482483338,36.062957969329503],[138.06962732491669,36.062957969434393],[138.06962732505562,36.062999639414485],[138.06962732519452,36.063041309394663],[138.06968982527786,36.063041309499738],[138.06968982541667,36.06308296948],[138.0696898255556,36.063124639460085],[138.06975232563892,36.063124639565338],[138.06975232577781,36.063166309545693],[138.06981482586116,36.063166309650939],[138.06981482600008,36.063207969631208],[138.0698773260834,36.063207969736546],[138.06987732594459,36.063166309756284],[138.06993982602773,36.063166309861529],[138.06993982616663,36.063207969841883],[138.06993982630556,36.063249639822416],[138.06993982644445,36.063291309803034],[138.06993982658329,36.063332969783389],[138.07000232666661,36.063332969888997],[138.07006482674996,36.063332969994512],[138.07012732683336,36.063332970100028],[138.0701898269167,36.063332970205636],[138.07018982677778,36.063291310224926],[138.07025232686121,36.063291310330442],[138.07025232672231,36.063249640349554],[138.07031482680563,36.063249640454885],[138.07037732688894,36.063249640560315],[138.07037732675005,36.063207970579342],[138.07037732661124,36.063166310598447],[138.07037732647231,36.063124640617389],[138.07037732633341,36.063082970636501],[138.07043982641673,36.063082970741661],[138.07043982627792,36.063041310760504],[138.07043982613899,36.062999640779438],[138.0704398260001,36.06295797079855],[138.07050232608333,36.06295797090344],[138.07050232594443,36.062916310922205],[138.07050232580551,36.062874640941317],[138.07050232566669,36.062832970960073],[138.07050232552777,36.062791310979094],[138.07050232538887,36.062749640997851],[138.07050232524995,36.062707971016692],[138.07050232511114,36.06266631103572],[138.07050232497221,36.062624641054477],[138.07056482505556,36.062624641158834],[138.07062732513887,36.062624641263284],[138.07062732499998,36.062582971281955],[138.07056482491663,36.062582971177591],[138.07056482477782,36.062541311196618],[138.07050232469447,36.062541311092346],[138.07050232455558,36.062499641111103],[138.07050232441668,36.062457971130129],[138.07043982433342,36.062457971026035],[138.0703773242501,36.06245797092194],[138.070377324389,36.062499640902828],[138.07031482430568,36.062499640798642],[138.07031482444449,36.062541310779622],[138.07025232436115,36.062541310675435],[138.07025232450007,36.062582970656052],[138.07018982441673,36.062582970551787],[138.07018982455557,36.062624640532675],[138.070252324639,36.062624640637033],[138.07025232477781,36.062666310617921],[138.07018982469447,36.062666310513471],[138.07012732461115,36.062666310409021],[138.07012732447222,36.062624640428226],[138.07006482438891,36.062624640323861],[138.0700648245278,36.062666310304571],[138.07000232444449,36.062666310200122],[138.06993982436114,36.062666310095672],[138.06993982449998,36.062707970076119],[138.06987732441672,36.062707969971576],[138.06981482433341,36.062707969867034],[138.06975232425006,36.062707969762585],[138.06968982416666,36.062707969658049],[138.06968982430556,36.062749639638312],[138.06962732422224,36.062749639533692],[138.06962732408331,36.062707969553514],[138.0696273239445,36.062666309573515],[138.06956482386116,36.062666309469066],[138.06956482372226,36.062624639488888],[138.06956482358333,36.062582969508711],[138.06950232350002,36.062582969404431],[138.06950232336109,36.062541309424525],[138.06943982327778,36.062541309320338],[138.06943982313885,36.062499639340345],[138.06943982299995,36.06245796936043],[138.06937732291661,36.062457969256336],[138.0693773227778,36.062416309276429],[138.06931482269457,36.06241630917242],[138.06931482255564,36.062374639192598],[138.06931482241674,36.062332969212861],[138.0693148222779,36.062291309232954],[138.06925232219459,36.062291309129215],[138.06925232205566,36.06224963914957],[138.06925232191676,36.062207969169748],[138.06931482200008,36.062207969273487],[138.06937732208334,36.062207969377141],[138.06937732194442,36.062166309397405],[138.06931482186118,36.062166309293758],[138.06931482172226,36.062124639313936],[138.06931482158336,36.062082969334021],[138.06931482144452,36.062041309354377],[138.0692523213612,36.062041309250993],[138.06925232122228,36.061999639271171],[138.06925232108338,36.061957969291527],[138.06925232094454,36.061916309311705],[138.06925232080565,36.061874639331975],[138.06931482088896,36.061874639435089],[138.06931482075007,36.061832969455352],[138.06931482061125,36.061791309475538],[138.0693773206944,36.061791309578474],[138.06937732055559,36.061749639598744],[138.06943982063891,36.061749639701681],[138.06943982050001,36.061707969721681],[138.06950232058333,36.061707969824532],[138.06950232044451,36.061666309844625],[138.06956482052783,36.061666309947384],[138.06956482066664,36.061707969927383],[138.06962732074999,36.061707970030234],[138.06962732088891,36.061749640010412],[138.06968982097223,36.061749640113348],[138.06975232105566,36.061749640216291],[138.06975232119456,36.061791310196384],[138.06968982111124,36.06179131009344],[138.06962732102781,36.061791309990411],[138.06956482094449,36.061791309887468],[138.0695648210833,36.061832969867652],[138.0695648212222,36.061874639847559],[138.06962732130555,36.061874639950673],[138.06962732144456,36.061916309930851],[138.06962732158337,36.06195796991112],[138.06962732172227,36.061999639891212],[138.06962732186119,36.06204130987139],[138.069627322,36.062082969851389],[138.06962732213893,36.062124639831566],[138.06956482205558,36.06212463972809],[138.06956482219451,36.062166309708175],[138.06962732227782,36.062166309811829],[138.06962732241675,36.062207969791913],[138.06968982250007,36.062207969895567],[138.06968982263899,36.06224963987583],[138.06975232272231,36.062249639979569],[138.06981482280565,36.062249640083309],[138.06981482294455,36.062291310063578],[138.0698773230279,36.06229131016741],[138.06987732316671,36.06233297014785],[138.06993982324997,36.062332970251767],[138.07000232333328,36.062332970355683],[138.07000232347218,36.062374640336131],[138.07006482355553,36.062374640440041],[138.07012732363896,36.06237464054405],[138.07018982372227,36.062374640647967],[138.07025232380562,36.062374640751969],[138.07031482388894,36.062374640855893],[138.07037732397237,36.062374640959895],[138.07043982405568,36.062374641063812],[138.07043982391679,36.062332971082839],[138.07043982377786,36.062291311101774],[138.07043982363896,36.062249641120793],[138.07043982350004,36.062207971139728],[138.07043982336123,36.062166311158748],[138.07050232344446,36.062166311262402],[138.07050232330556,36.062124641281159],[138.07056482338888,36.06212464138472],[138.07056482324998,36.062082971403477],[138.0706273233333,36.062082971506953],[138.07062732319449,36.062041311525796],[138.0706898232778,36.062041311629272],[138.07068982313891,36.061999641647844],[138.07068982299998,36.061957971666601],[138.07075232308333,36.061957971769814],[138.07081482316676,36.061957971873106],[138.07087732325007,36.061957971976398],[138.07093982333339,36.061957972079611],[138.07100232341674,36.061957972182903],[138.07106482349997,36.061957972286194],[138.07112732358331,36.061957972389408],[138.07118982366671,36.061957972492699],[138.07118982380555,36.061999642474476],[138.07118982394445,36.062041312456429],[138.07118982408338,36.062082972438205],[138.07118982422227,36.062124642420159],[138.07125232430562,36.06212464252372],[138.07125232416669,36.062082972541674],[138.07131482425004,36.06208297264515],[138.07137732433335,36.062082972748627],[138.0714398244167,36.062082972852096],[138.0714398245556,36.06212464283432],[138.07150232463894,36.062124642937874],[138.07156482472237,36.062124643041351],[138.07162732480552,36.062124643144912],[138.0716273249445,36.062166313127399],[138.07168982502785,36.062166313230961],[138.07175232511116,36.062166313334615],[138.07181482519451,36.062166313438169],[138.07187732527782,36.062166313541823],[138.07193982536117,36.062166313645477],[138.0720023254446,36.062166313749032],[138.07200232558341,36.062207973731702],[138.07200232572231,36.062249643714537],[138.07200232586123,36.062291313697202],[138.07193982577789,36.062291313593377],[138.07193982591673,36.062332973576218],[138.07193982605563,36.062374643558798],[138.07193982619455,36.062416313541547],[138.07193982633336,36.062457973524388],[138.07187732625005,36.062457973420294],[138.07187732638894,36.062499643402781],[138.07193982647229,36.062499643506968],[138.07200232655561,36.062499643611147],[138.07206482663904,36.062499643715327],[138.07212732672235,36.062499643819514],[138.07212732658346,36.062457973836672],[138.07218982666669,36.062457973940766],[138.07218982652779,36.062416313957655],[138.07225232661111,36.062416314061664],[138.0722523264723,36.062374644078645],[138.07218982638886,36.062374643974636],[138.07218982625005,36.062332973991801],[138.07218982611113,36.062291314008689],[138.07218982597223,36.062249644025755],[138.07212732588897,36.062249643922016],[138.07212732575007,36.062207973939088],[138.07206482566673,36.062207973835442],[138.07206482552792,36.062166313852686],[138.07212732561123,36.062166313956247],[138.07218982569449,36.062166314059894],[138.07225232577781,36.062166314163463],[138.07231482586116,36.06216631426711],[138.07237732594447,36.062166314370671],[138.0723773260834,36.062207974353782],[138.07243982616671,36.062207974457522],[138.07243982630564,36.062249644440804],[138.07250232638896,36.062249644544544],[138.07250232652788,36.062291314527826],[138.0725648266112,36.062291314631565],[138.07256482675004,36.062332974615117],[138.07262732683344,36.062332974718949],[138.07262732697237,36.062374644702416],[138.07268982705568,36.062374644806326],[138.07268982719461,36.062416314789886],[138.07268982733342,36.062457974773523],[138.07268982747235,36.062499644756983],[138.07268982761124,36.062541314740628],[138.07268982775017,36.062582974724002],[138.07268982788898,36.06262464470764],[138.0726898280279,36.062666314691285],[138.0726898281668,36.062707974674751],[138.07268982830573,36.062749644658297],[138.07275232838887,36.062749644762839],[138.07275232852777,36.062791314746569],[138.0727523286667,36.062832974730121],[138.07268982858346,36.062832974625316],[138.07268982872236,36.062874644608954],[138.07268982886126,36.062916314592421],[138.07262732877786,36.062916314487524],[138.07256482869451,36.062916314382633],[138.07250232861119,36.062916314277828],[138.07243982852785,36.062916314172938],[138.07243982838895,36.062874644189826],[138.07243982825003,36.062832974206451],[138.07237732816671,36.062832974101738],[138.07237732802787,36.062791314118627],[138.07243982811121,36.062791314223347],[138.07243982797229,36.062749644239972],[138.07250232805563,36.062749644344507],[138.07250232791671,36.062707974361132],[138.0725023277779,36.062666314377935],[138.07243982769458,36.062666314273486],[138.07243982755566,36.062624644290111],[138.07237732747234,36.062624644185746],[138.07237732733341,36.062582974202464],[138.07237732719452,36.062541314219445],[138.07231482711117,36.062541314115172],[138.07231482725001,36.062582974098191],[138.07231482738891,36.062624644081389],[138.07225232730559,36.062624643977031],[138.07218982722225,36.062624643872667],[138.07218982736117,36.062666313855686],[138.07212732727791,36.062666313751237],[138.07212732741675,36.062707973734078],[138.07212732755565,36.062749643717012],[138.07218982763888,36.062749643821633],[138.07218982777781,36.062791313804652],[138.0721898279167,36.062832973787586],[138.07212732783347,36.062832973682873],[138.07206482775013,36.062832973578153],[138.07206482788897,36.062874643561088],[138.07200232780562,36.062874643456283],[138.07200232766672,36.062832973473434],[138.07193982758338,36.062832973368721],[138.07187732750006,36.062832973264008],[138.07187732736114,36.06279131328143],[138.07181482727782,36.062791313176803],[138.07181482713889,36.062749643194138],[138.07175232705558,36.062749643089511],[138.07175232691665,36.062707973107024],[138.07168982683334,36.062707973002489],[138.07168982669452,36.062666313020173],[138.07162732661109,36.062666312915724],[138.07156482652795,36.062666312811274],[138.07150232644452,36.062666312706824],[138.07150232658341,36.062707972688955],[138.0714398265001,36.06270797258442],[138.07137732641678,36.062707972479885],[138.07131482633335,36.062707972375435],[138.07131482619451,36.062666312393475],[138.07125232611119,36.062666312289025],[138.07118982602788,36.062666312184575],[138.07118982616669,36.062707972166351],[138.07118982630558,36.062749642148304],[138.07118982644451,36.062791312130258],[138.07125232652783,36.062791312234893],[138.07125232666667,36.062832972216754],[138.07131482675007,36.062832972321473],[138.07131482688891,36.062874642303598],[138.07131482702781,36.062916312285466],[138.07131482716673,36.062957972267512],[138.07131482730563,36.062999642249466],[138.07137732738897,36.062999642354441],[138.07137732752787,36.06304131233658],[138.07137732766671,36.063082972318711],[138.07137732780561,36.06312464230075],[138.07137732794453,36.063166312282881],[138.07137732808334,36.063207972264834],[138.07137732822224,36.063249642247058],[138.07137732836117,36.063291312229182],[138.07137732850009,36.063332972211143],[138.07143982858341,36.063332972316744],[138.0714398287223,36.063374642298875],[138.07143982886123,36.063416312281007],[138.07143982900004,36.063457972263222],[138.07143982913897,36.063499642245269],[138.07143982927786,36.063541312227485],[138.0714398294167,36.063582972209709],[138.0714398295556,36.063624642191755],[138.07143982969453,36.063666312173972],[138.07150232977784,36.063666312280105],[138.07150232991677,36.063707972262236],[138.07150233005567,36.063749642244545],[138.07150233019459,36.063791312226854],[138.0715023303334,36.0638329722089],[138.07150233047233,36.063874642191209],[138.07150233061122,36.063916312173518],[138.07143983052791,36.063916312067022],[138.07143983066672,36.063957972049067],[138.0713773305834,36.063957971942486],[138.07131483050006,36.063957971835819],[138.07125233041671,36.063957971729238],[138.07125233055555,36.063999641711277],[138.07125233069445,36.064041311693053],[138.07125233083337,36.064082971675091],[138.07118983075003,36.06408297156834],[138.07118983088887,36.064124641550109],[138.07118983102777,36.064166311531977],[138.07118983116669,36.06420797151393],[138.07118983130559,36.064249641495792],[138.07112733122227,36.064249641388685],[138.07112733136108,36.064291311370546],[138.07118983144451,36.06429131147766],[138.07118983158333,36.064332971459436],[138.07118983172225,36.06437464144139],[138.07118983186115,36.064416311423344],[138.07118983199996,36.064457971405119],[138.07118983213888,36.064499641387073],[138.07118983227781,36.064541311368849],[138.07118983241671,36.064582971350802],[138.07112733233339,36.064582971243155],[138.0711273324722,36.064624641224839],[138.0711273326111,36.064666311206707],[138.07112733275002,36.064707971188568],[138.07118983283334,36.0647079712964],[138.07118983297227,36.064749641278262],[138.07125233305558,36.064749641386172],[138.07131483313893,36.064749641494089],[138.07131483327782,36.064791311476128],[138.07137733336117,36.064791311584131],[138.07137733350007,36.064832971566091],[138.07137733363891,36.064874641548215],[138.07143983372231,36.064874641656402],[138.07150233380565,36.06487464176449],[138.07150233394455,36.064916311746799],[138.0715648340279,36.064916311854979],[138.07162733411113,36.064916311963245],[138.07168983419447,36.064916312071432],[138.07168983433328,36.064957972053733],[138.07168983447221,36.064999642036227],[138.07175233455561,36.064999642144492],[138.07181483463896,36.06499964225285],[138.07187733472227,36.064999642361208],[138.07193983480562,36.064999642469566],[138.07200233488894,36.064999642577831],[138.07206483497228,36.064999642686189],[138.07206483483344,36.064957972703354],[138.07212733491679,36.064957972811619],[138.07212733477786,36.064916312828778],[138.07218983486112,36.064916312936958],[138.0721898347222,36.064874642953853],[138.0721898345833,36.064832972970834],[138.0722523346667,36.064832973078836],[138.0722523345278,36.064791313095995],[138.07225233438888,36.064749643112791],[138.07225233424998,36.064707973129863],[138.07225233411117,36.064666313146667],[138.07231483419449,36.064666313254492],[138.07231483405559,36.064624643271294],[138.07231483391666,36.064582973288275],[138.07237733400009,36.064582973395922],[138.07243983408341,36.064582973503569],[138.07250233416676,36.064582973611216],[138.07250233430565,36.064624643594499],[138.072564834389,36.064624643702146],[138.0725648345279,36.064666313685613],[138.07256483466671,36.064707973669073],[138.07262733475005,36.064707973776905],[138.07262733488898,36.06474964376028],[138.07268983497229,36.06474964386819],[138.07268983511119,36.064791313851828],[138.07275233519445,36.06479131395983],[138.07275233533335,36.064832973943297],[138.07281483541669,36.064832974051384],[138.07281483555559,36.064874644035115],[138.07281483569443,36.064916314018937],[138.07287733577783,36.064916314127117],[138.07287733591667,36.064957974110754],[138.07293983599999,36.064957974219027],[138.07293983613891,36.064999644202842],[138.07293983627781,36.065041314186757],[138.07293983641674,36.06508297417048],[138.07293983655563,36.065124644154395],[138.07287733647232,36.065124644045852],[138.07287733661113,36.065166314029497],[138.07293983669456,36.065166314138125],[138.07293983683337,36.065207974122032],[138.07300233691672,36.065207974230653],[138.07300233677788,36.065166314246653],[138.07306483686122,36.065166314355281],[138.07312733694454,36.065166314463909],[138.07318983702788,36.065166314572529],[138.0732523371112,36.06516631468115],[138.0732523369723,36.065124644697157],[138.07331483705553,36.065124644805692],[138.07337733713896,36.065124644914228],[138.07343983722228,36.065124645022763],[138.07343983736121,36.065166315006934],[138.07350233744452,36.065166315115562],[138.07356483752787,36.065166315224189],[138.07362733761119,36.06516631533281],[138.07362733775011,36.06520797531752],[138.07362733788892,36.065249645301961],[138.07368983797235,36.065249645410759],[138.07368983811125,36.065291315395378],[138.07368983825009,36.065332975380173],[138.07368983838899,36.065374645364699],[138.07362733830567,36.065374645255723],[138.07362733844457,36.065416315240427],[138.07362733858338,36.065457975224874],[138.07356483850006,36.065457975115805],[138.07356483863896,36.065499645100331],[138.07356483877788,36.06554131508495],[138.0735648389167,36.06558297506939],[138.07356483905562,36.065624645053916],[138.07356483919452,36.065666315038357],[138.07356483933336,36.065707975022974],[138.07356483947225,36.065749645007415],[138.07356483961118,36.065791314991948],[138.07356483975008,36.065832974976473],[138.073564839889,36.065874644960914],[138.07356484002781,36.06591631494554],[138.07356484016674,36.065957974929887],[138.07356484030564,36.065999644914505],[138.07356484044456,36.066041314899124],[138.07362734052788,36.066041315009173],[138.07362734038898,36.065999645024547],[138.07362734025006,36.065957975039844],[138.07362734011124,36.065916315055404],[138.07368984019456,36.065916315165268],[138.07368984005566,36.065874645180564],[138.07368983991674,36.065832975195946],[138.07368983977784,36.065791315211243],[138.073689839639,36.065749645226532],[138.0736898395001,36.065707975242006],[138.07375233958342,36.065707975351515],[138.07375233944452,36.06566631536672],[138.07381483952793,36.065666315476143],[138.07381483938903,36.06562464549144],[138.07387733947226,36.065624645600771],[138.07387733933336,36.065582975615882],[138.07393983941668,36.065582975725221],[138.07393983955561,36.065624645710194],[138.07400233963892,36.065624645819526],[138.07400233977785,36.065666315804506],[138.07406483986117,36.06566631591393],[138.07406484000001,36.065707975899073],[138.0740648401389,36.065749645884054],[138.07412734022225,36.065749645993648],[138.07412734036114,36.0657913159788],[138.07418984044457,36.065791316088408],[138.07418984058339,36.065832976073736],[138.07418984072231,36.065874646058887],[138.07425234080563,36.065874646168666],[138.07431484088897,36.065874646278445],[138.07431484102787,36.065916316263859],[138.0743148411668,36.065957976249095],[138.07437734125011,36.065957976358966],[138.07437734138904,36.065999646344473],[138.07437734152793,36.066041316329979],[138.07437734166678,36.066082976315307],[138.07437734180567,36.066124646300814],[138.07443984188893,36.066124646411041],[138.07443984202783,36.066166316396547],[138.07443984216664,36.066207976381961],[138.07443984230557,36.066249646367289],[138.07443984244446,36.066291316352888],[138.0744398425833,36.066332976338479],[138.0744398427222,36.066374646323808],[138.07443984286112,36.0664163163094],[138.07450234294444,36.066416316420074],[138.07456484302779,36.066416316530734],[138.07462734311119,36.066416316641408],[138.07468984319453,36.066416316752161],[138.07475234327785,36.066416316862828],[138.07475234341678,36.066457976848781],[138.07481484350009,36.066457976959533],[138.07481484363902,36.066499646945303],[138.07487734372233,36.066499647056148],[138.07487734386126,36.066541317042194],[138.07493984394458,36.066541317153124],[138.07500234402784,36.066541317264054],[138.07500234416665,36.066582977250008],[138.07506484426375,36.066582977347174],[138.07506484440276,36.066624647333391],[138.07506484454174,36.066666317319608],[138.07512734463901,36.06666631741686],[138.07512734477777,36.066707977389136],[138.07518984487504,36.066707977486388],[138.07518984501402,36.066749647458842],[138.07525234511121,36.066749647556186],[138.07525234525005,36.06679131752864],[138.07525234538903,36.066832977501178],[138.07531484548622,36.066832977598693],[138.07531484562506,36.06687464757124],[138.07537734572233,36.066874647668755],[138.07537734586134,36.066916317641471],[138.07537734600007,36.066957977614194],[138.07537734613905,36.066999647586726],[138.07543984623624,36.066999647684518],[138.07550234633351,36.06699964778231],[138.07550234619453,36.066957977809594],[138.07556484629171,36.066957977907293],[138.07556484615287,36.0669163179344],[138.07556484601389,36.066874647961498],[138.07562734611116,36.066874648059027],[138.07562734597224,36.066832978086218],[138.07562734583334,36.066791318113232],[138.07568984593061,36.066791318210669],[138.07568984579171,36.066749648237774],[138.07568984565287,36.066707978264702],[138.07568984551398,36.066666318291809],[138.07568984537426,36.066624648305591],[138.07568984523465,36.066582978319374],[138.07568984509501,36.066541318333421],[138.07568984495532,36.066499648347204],[138.07562734485839,36.066499648250044],[138.07562734471875,36.066457978263998],[138.07562734457923,36.066416318277788],[138.07568984467605,36.06641631837504],[138.07568984453636,36.066374648388823],[138.07568984439672,36.066332978402869],[138.07568984425711,36.06629131841666],[138.07568984411739,36.066249648430443],[138.07562734402083,36.066249648333184],[138.07562734388131,36.066207978347236],[138.07562734374167,36.066166318361198],[138.07562734360215,36.066124648375066],[138.07562734346251,36.066082978388849],[138.07568984355882,36.066082978486108],[138.07568984341921,36.066041318500069],[138.07568984327949,36.065999648513937],[138.07568984313986,36.06595797852772],[138.07568984300016,36.065916318541767],[138.07575234309618,36.065916318638941],[138.07575234295649,36.065874648652724],[138.07581484305243,36.065874648749976],[138.07581484291254,36.065832978763936],[138.07587734300839,36.065832978861195],[138.07587734286858,36.065791318874972],[138.07593984296435,36.065791318972231],[138.07600234306011,36.065791319069398],[138.07606484315588,36.065791319166649],[138.07612734325156,36.065791319263909],[138.07618984334732,36.065791319361075],[138.07618984320709,36.065749649374951],[138.07625234330285,36.065749649472203],[138.07625234316251,36.065707979486163],[138.07618984306694,36.065707979388904],[138.07612734297126,36.065707979291744],[138.0761273428312,36.065666319305521],[138.07612734269102,36.065624649319489],[138.07612734255088,36.065582979333357],[138.07612734241073,36.065541319347318],[138.07612734227058,36.065499649361101],[138.07606484217541,36.065499649263934],[138.07606484203535,36.065457979277717],[138.07600234194013,36.065457979180465],[138.07600234180015,36.065416319194512],[138.07593984170501,36.065416319097345],[138.07593984156503,36.065374649111128],[138.07587734146998,36.065374649013876],[138.07587734133008,36.065332979027829],[138.07581484123503,36.06533297893067],[138.07581484109534,36.065291318944446],[138.07581484095553,36.065249648958321],[138.07581484081572,36.065207978972282],[138.07575234072092,36.065207978875023],[138.07568984062615,36.065207978777863],[138.07568984048643,36.06516631879164],[138.07562734039175,36.065166318694388],[138.07562734025211,36.065124648708434],[138.07562734011259,36.065082978722216],[138.07562733997295,36.06504131873627],[138.07562733983343,36.064999648750053],[138.07568983992786,36.06499964884722],[138.07568983978814,36.064957978861088],[138.0756273396938,36.064957978763928],[138.07562733955419,36.06491631877789],[138.07562733941467,36.064874648791672],[138.07556483932041,36.064874648694413],[138.07556483918086,36.064832978708282],[138.0755023390868,36.06483297861103],[138.07550233894733,36.064791318625083],[138.07550233880789,36.064749648638866],[138.07543983871392,36.064749648541607],[138.07543983857445,36.06470797855566],[138.0754398384351,36.064666318569436],[138.07543983829575,36.064624648583312],[138.07550233838955,36.064624648680478],[138.07550233852902,36.06466631866661],[138.07550233866846,36.06470797865282],[138.07556483876235,36.064707978750079],[138.07562733885635,36.064707978847245],[138.07562733899587,36.064749648833285],[138.07568983908996,36.064749648930544],[138.07575233918394,36.064749649027796],[138.07575233932366,36.064791319013921],[138.07581483941783,36.06479131911118],[138.07581483955761,36.064832979097133],[138.07587733965178,36.064832979194385],[138.07587733979159,36.064874649180602],[138.07593983988593,36.064874649277769],[138.07593984002582,36.064916319263986],[138.07593984016572,36.064957979250025],[138.07600234026015,36.064957979347191],[138.07606484035449,36.064957979444443],[138.07606484021451,36.064916319458405],[138.07612734030869,36.064916319555664],[138.076189840403,36.064916319652831],[138.07625234049726,36.064916319750083],[138.07631484059161,36.064916319847342],[138.07637734068595,36.064916319944508],[138.07637734054555,36.064874649958384],[138.07637734040503,36.064832979972167],[138.07637734026468,36.064791319986213],[138.07637734012428,36.064749649999996],[138.07637733998385,36.064707980013957],[138.07637733984345,36.06466632002774],[138.07637733970301,36.064624650041608],[138.07637733956258,36.064582980055576],[138.07637733942218,36.064541320069445],[138.07637733928175,36.064499650083405],[138.07637733914135,36.064457980097274],[138.07637733900091,36.064416320111235],[138.07637733886048,36.064374650125018],[138.07637733872008,36.064332980138801],[138.07637733857965,36.064291320152854],[138.07637733843922,36.064249650166637],[138.07637733829881,36.064207980180598],[138.07637733815847,36.064166320194474],[138.07637733801806,36.064124650208342],[138.07637733787755,36.064082980222302],[138.0763773377372,36.064041320236086],[138.0763773375968,36.063999650250139],[138.07637733745636,36.063957980263922],[138.07637733731593,36.063916320277883],[138.07637733717553,36.063874650291666],[138.0763773370351,36.063832980305534],[138.07637733689469,36.063791320319496],[138.07637733675426,36.063749650333364],[138.07643983684665,36.063749650430537],[138.07643983698716,36.063791320416755],[138.07643983712759,36.063832980402793],[138.07643983726808,36.063874650388918],[138.0764398374086,36.063916320375135],[138.07643983754903,36.063957980361174],[138.07643983768952,36.063999650347299],[138.07643983783004,36.064041320333345],[138.07643983797047,36.064082980319469],[138.07643983811099,36.064124650305509],[138.07643983825147,36.064166320291633],[138.07643983839199,36.064207980277857],[138.07643983853251,36.064249650263889],[138.07643983867291,36.064291320250106],[138.07643983881343,36.06433298023606],[138.07643983895395,36.064374650222277],[138.07643983909446,36.064416320208409],[138.07643983923487,36.064457980194447],[138.07643983937538,36.064499650180572],[138.0764398395159,36.064541320166612],[138.0764398396563,36.064582980152828],[138.07643983979682,36.064624650138867],[138.07643983993734,36.064666320124999],[138.07643984007785,36.064707980111208],[138.07643984021826,36.064749650097163],[138.07643984035877,36.06479132008338],[138.07643984049929,36.064832980069326],[138.07643984063981,36.064874650055543],[138.07643984078021,36.06491632004176],[138.07643984092073,36.064957980027799],[138.07643984106124,36.064999650013931],[138.07643984120176,36.065041320000148],[138.07643984134216,36.065082979986101],[138.07643984148268,36.065124649972319],[138.0764398416232,36.065166319958266],[138.0764398417636,36.065207979944482],[138.07643984190412,36.065249649930522],[138.07637734180923,36.065249649833262],[138.07637734194967,36.065291319819394],[138.0763773420901,36.065332979805611],[138.0763773422305,36.06537464979165],[138.07643984232556,36.065374649888909],[138.07643984246607,36.065416319875126],[138.07643984260659,36.065457979861073],[138.07643984274699,36.065499649847197],[138.07643984288751,36.065541319833414],[138.07643984302803,36.065582979819453],[138.07643984316854,36.065624649805585],[138.07643984330903,36.065666319791625],[138.07643984344946,36.065707979777841],[138.07643984358998,36.06574964976388],[138.07643984373047,36.065791319750005],[138.0764398438709,36.065832979736228],[138.07643984401142,36.065874649722176],[138.07643984415193,36.065916319708393],[138.07637734405589,36.065916319611134],[138.07637734419632,36.065957979597172],[138.07631484410027,36.06595797949992],[138.07631484424061,36.065999649486137],[138.07625234414448,36.065999649388885],[138.07625234428482,36.066041319375103],[138.07625234442506,36.066082979361141],[138.07618984432878,36.066082979263882],[138.07618984446901,36.066124649250014],[138.07612734437262,36.06612464915284],[138.07612734451286,36.066166319139057],[138.07618984460925,36.066166319236231],[138.07618984474942,36.06620797922227],[138.0762523448459,36.066207979319429],[138.07625234498613,36.066249649305476],[138.07631484508269,36.066249649402636],[138.07631484522312,36.066291319388853],[138.07631484536336,36.066332979375076],[138.07637734546009,36.066332979472236],[138.07637734560052,36.066374649458282],[138.07637734574095,36.066416319444407],[138.07637734588135,36.066457979430623],[138.0764398459782,36.066457979527883],[138.07643984611872,36.066499649513915],[138.07643984625921,36.066541319500132],[138.07643984639964,36.066582979486085],[138.07643984654015,36.066624649472217],[138.07643984668073,36.06666631945852],[138.07643984681948,36.066707979432209],[138.07643984695846,36.066749649406084],[138.0764398470973,36.066791319379774],[138.07643984723612,36.066832979353734],[138.07643984737513,36.066874649327431],[138.07643984751402,36.066916319301299],[138.07643984765286,36.066957979275173],[138.07643984779176,36.066999649248956],[138.07643984793069,36.067041319222824],[138.0764398480695,36.06708297919652],[138.07643984820839,36.067124649170395],[138.07643984834732,36.067166319144349],[138.07643984848625,36.067207979118045],[138.07643984862506,36.06724964909192],[138.07643984876404,36.067291319065788],[138.07643984890288,36.06733297903957],[138.07643984904178,36.067374649013175],[138.07643984918062,36.067416318987135],[138.0764398493196,36.067457978961002],[138.07643984945844,36.067499648934785],[138.07643984959734,36.067541318908567],[138.07643984973618,36.067582978882527],[138.07643984987507,36.067624648856224],[138.076439850014,36.067666318830184],[138.07643985015281,36.067707978803789],[138.07643985029171,36.067749648777749],[138.07643985043063,36.067791318751617],[138.07643985056956,36.067832978725313],[138.07643985070845,36.067874648699188],[138.07643985084735,36.067916318672971],[138.07643985098619,36.067957978646838],[138.0764398511252,36.067999648620621],[138.07643985126401,36.068041318594403],[138.07643985140291,36.068082978568363],[138.07643985154175,36.068124648542053],[138.07643985168073,36.068166318515928],[138.07643985181949,36.068207978489625],[138.07643985195838,36.068249648463578],[138.07643985209731,36.068291318437453],[138.07643985223629,36.068332978411149],[138.07643985237502,36.068374648385017],[138.07643985251394,36.068416318358715],[138.07643985265287,36.068457978332674],[138.07637735255565,36.068457978232487],[138.07637735269449,36.068499648206085],[138.0763773528335,36.068541318179868],[138.07637735297232,36.068582978153742],[138.07637735311121,36.06862464812744],[138.07637735325005,36.06866631810113],[138.07637735338903,36.068707978074997],[138.07637735352787,36.068749648048694],[138.07637735366669,36.068791318022477],[138.07637735380561,36.068832977996081],[138.07637735394459,36.068874647969949],[138.07637735408343,36.068916317943732],[138.07637735422225,36.068957977917428],[138.07637735436117,36.068999647891211],[138.07637735450007,36.069041317864901],[138.07637735463896,36.06908297783869],[138.07631485454181,36.069082977737438],[138.07625235444451,36.069082977636185],[138.07618985434732,36.069082977534933],[138.07612735424996,36.069082977433681],[138.07612735438889,36.069124647407108],[138.07612735452787,36.069166317380621],[138.0761273546666,36.069207977354139],[138.07612735480552,36.069249647327567],[138.07612735494445,36.069291317301079],[138.07612735508334,36.069332977274414],[138.07612735522224,36.069374647248026],[138.07612735536117,36.069416317221538],[138.07612735550009,36.069457977194965],[138.07618985559725,36.069457977296835],[138.07625235569446,36.069457977398713],[138.07631485579174,36.069457977500591],[138.07637735588892,36.069457977602461],[138.0763773560279,36.069499647576244],[138.07637735616674,36.069541317549849],[138.07637735630564,36.069582977523723],[138.07637735644448,36.069624647497321],[138.07637735658338,36.069666317471103],[138.07637735672228,36.069707977444978],[138.0763773568612,36.069749647418675],[138.07637735700013,36.069791317392458],[138.07637735713894,36.069832977366232],[138.07637735727792,36.06987464733993],[138.07637735741676,36.069916317313798],[138.07637735755566,36.069957977287316],[138.0763773576945,36.069999647261184],[138.07637735783348,36.070041317235059],[138.07637735797223,36.070082977208664],[138.07637735811122,36.070124647182446],[138.07637735825006,36.070166317156136],[138.07637735838895,36.070207977129925],[138.07637735852779,36.070249647103616],[138.07637735866669,36.070291317077398],[138.07637735880559,36.070332977051265],[138.07631485870843,36.070332976947881],[138.07631485884724,36.070374646921493],[138.07625235875005,36.070374646818109],[138.07625235888895,36.0704163167918],[138.07625235902779,36.070457976765226],[138.07618985893052,36.070457976661757],[138.0761898590695,36.070499646635355],[138.07618985920834,36.070541316608967],[138.07625235930561,36.070541316712614],[138.07625235944451,36.070582976686126],[138.07625235958335,36.070624646659823],[138.07625235972225,36.070666316633336],[138.07625235986109,36.070707976607032],[138.07625235999998,36.070749646580552],[138.0761898599028,36.070749646476457],[138.07618986004172,36.070791316450055],[138.07618986018053,36.070832976423752],[138.07618986031952,36.070874646397179],[138.07618986045836,36.070916316370784],[138.07618986059725,36.070957976344388],[138.07612736050007,36.070957976240024],[138.07612736063891,36.070999646213366],[138.07606486054181,36.070999646108916],[138.07600236044453,36.070999646004466],[138.07600236058352,36.071041315977894],[138.07593986048616,36.071041315873444],[138.07587736038906,36.071041315768909],[138.07587736052778,36.071082975741973],[138.07581486043063,36.071082975637353],[138.07575236033341,36.071082975532811],[138.07568986023614,36.071082975428183],[138.07568986009724,36.071041315455375],[138.07562736000006,36.07104131535084],[138.07556485990278,36.071041315246305],[138.07550235980568,36.071041315141855],[138.07550235966687,36.070999645168953],[138.07550235952786,36.070957975196237],[138.07550235938902,36.070916315223435],[138.07543985929186,36.070916315119078],[138.07537735919456,36.070916315014799],[138.07531485909738,36.070916314910441],[138.07531485895839,36.070874644937902],[138.07525235886112,36.07087464483363],[138.07525235872228,36.070832974861268],[138.07525235858338,36.070791314888638],[138.07525235844454,36.070749644916106],[138.07518985834727,36.070749644812011],[138.07518985820838,36.070707974839735],[138.0751273581111,36.070707974735818],[138.07506485801392,36.070707974631816],[138.07506485787499,36.070666314659448],[138.07500235777789,36.070666314555538],[138.07493985769457,36.070666314451088],[138.07487735761123,36.070666314346639],[138.07481485752791,36.070666314242189],[138.07475235744457,36.070666314137739],[138.07475235730567,36.070624644165378],[138.07468985722232,36.070624644060835],[138.07462735713892,36.070624643956293],[138.07456485705558,36.070624643851843],[138.07450235697226,36.070624643747308],[138.07450235711116,36.070666313720025],[138.07443985702784,36.070666313615575],[138.07437735694458,36.070666313511126],[138.07437735708342,36.070707973484105],[138.07431485700008,36.070707973379747],[138.07425235691676,36.07070797327539],[138.07425235705566,36.070749643248277],[138.07418985697234,36.07074964314392],[138.07418985683341,36.07070797317094],[138.0741273567501,36.070707973066575],[138.07406485666675,36.070707972962211],[138.07400235658332,36.070707972857853],[138.07400235644451,36.070666312884427],[138.07393985636119,36.070666312779977],[138.07393985622227,36.070624642806635],[138.07393985608337,36.070582972833208],[138.07393985594453,36.070541312859959],[138.07387735586113,36.070541312755246],[138.07381485577795,36.070541312650619],[138.07381485591679,36.070582972624045],[138.07375235583345,36.070582972519503],[138.07368985575005,36.070582972414883],[138.0736273556667,36.070582972310341],[138.07362735580563,36.070624642284123],[138.07356485572228,36.070624642179581],[138.07356485558338,36.070582972205713],[138.07356485544454,36.070541312232024],[138.07350235536114,36.070541312127389],[138.0734398552778,36.070541312022677],[138.07337735519448,36.070541311918049],[138.07331485511114,36.070541311813422],[138.0732523550279,36.070541311708794],[138.07318985494456,36.070541311604075],[138.07312735486124,36.070541311499454],[138.0730648547779,36.07054131139482],[138.07306485491674,36.070582971369049],[138.07300235483339,36.070582971264514],[138.07300235469449,36.070541311290107],[138.07293985461115,36.07054131118548],[138.07293985447225,36.070499641210901],[138.07293985433341,36.070457971236316],[138.07293985419452,36.070416311261909],[138.07293985405559,36.07037464128733],[138.07293985391669,36.070332971312922],[138.07293985377785,36.070291311338252],[138.07287735369454,36.070291311233184],[138.07287735355561,36.070249641258599],[138.07287735341671,36.070207971284105],[138.07281485333337,36.070207971178945],[138.07275235324997,36.0702079710737],[138.07268985316682,36.070207970968454],[138.07262735308339,36.070207970863294],[138.07262735294455,36.070166310888354],[138.07262735280565,36.07012464091359],[138.07262735266676,36.070082970938657],[138.07256485258341,36.070082970833226],[138.07250235250007,36.070082970727803],[138.07243985241675,36.070082970622465],[138.07237735233343,36.070082970517035],[138.07231485225,36.070082970411612],[138.07231485211116,36.070041310436494],[138.07237735219451,36.070041310541924],[138.07237735205558,36.069999640566721],[138.07237735191669,36.069957970591517],[138.072439852,36.069957970697118],[138.07243985186119,36.069916310722185],[138.07237735177787,36.069916310616492],[138.07237735163895,36.069874640641288],[138.07237735150005,36.069832970666262],[138.07237735136121,36.069791310691059],[138.07237735122231,36.069749640715855],[138.07237735108339,36.069707970740829],[138.07237735094449,36.069666310765541],[138.07237735080565,36.069624640790337],[138.07237735066667,36.069582970815397],[138.07231485058333,36.069582970709078],[138.07231485044451,36.06954131073379],[138.07231485030559,36.069499640758679],[138.07225235022227,36.069499640652268],[138.07225235008335,36.069457970676979],[138.07225234994445,36.069416310701776],[138.0721898498611,36.069416310595287],[138.07218984972221,36.069374640619813],[138.07218984958337,36.069332970644432],[138.07212734950014,36.069332970537758],[138.07212734936124,36.06929131056247],[138.07212734922231,36.069249640587003],[138.072064849139,36.069249640480152],[138.07206484900007,36.06920797050477],[138.07206484886126,36.069166310529212],[138.07206484872233,36.069124640553653],[138.07200234863902,36.069124640446717],[138.07200234850009,36.069082970471158],[138.0720023483612,36.069041310495599],[138.07200234822236,36.068999640520133],[138.07200234808337,36.068957970544481],[138.07200234794453,36.068916310569008],[138.07200234780564,36.068874640593364],[138.07206484788895,36.068874640700834],[138.07206484775006,36.068832970725275],[138.07206484761122,36.068791310749894],[138.07206484747232,36.068749640774335],[138.07212734755564,36.068749640881983],[138.07212734741674,36.068707970906686],[138.07212734727793,36.068666310931135],[138.072127347139,36.068624640955747],[138.07212734700011,36.068582970980373],[138.07218984708334,36.068582971088283],[138.07218984694441,36.068541311112902],[138.07212734686127,36.0685413110049],[138.07212734672237,36.068499641029341],[138.07212734658344,36.068457971054137],[138.07212734644455,36.068416311078579],[138.07212734630571,36.06837464110329],[138.07218984638888,36.068374641211555],[138.07218984625004,36.068332971236174],[138.07225234633339,36.068332971344532],[138.07225234619446,36.068291311369329],[138.07225234605556,36.068249641393948],[138.07225234591672,36.068207971418566],[138.07225234577783,36.068166311443449],[138.0722523456389,36.068124641468074],[138.0722523455,36.068082971492871],[138.07225234536116,36.06804131151749],[138.07231484544451,36.068041311626374],[138.07231484530558,36.067999641651085],[138.07231484516669,36.067957971675966],[138.07225234508337,36.06795797156699],[138.07225234494445,36.067916311591702],[138.07225234480552,36.067874641616498],[138.07225234466671,36.067832971641202],[138.07225234452781,36.067791311665999],[138.07225234438889,36.067749641690618],[138.07225234424999,36.067707971715237],[138.07231484433339,36.06770797182466],[138.07231484419449,36.06766631184955],[138.07231484405557,36.067624641874254],[138.07225234397225,36.067624641764738],[138.07218984388891,36.067624641655229],[138.07212734380568,36.06762464154572],[138.07206484372233,36.067624641436204],[138.07200234363901,36.067624641326688],[138.07193984355567,36.067624641217179],[138.07193984341677,36.06758297124162],[138.07187734333343,36.067582971132111],[138.07181484325002,36.067582971022503],[138.07181484311118,36.067541311046682],[138.07175234302787,36.067541310936988],[138.07175234288894,36.067499640961167],[138.07175234275005,36.067457970985345],[138.07175234261112,36.067416311009424],[138.07175234247222,36.06737464103351],[138.07175234233341,36.067332971057866],[138.07168984224998,36.067332970947817],[138.07168984211114,36.067291310972081],[138.07168984197224,36.067249640996081],[138.07162734188893,36.067249640885947],[138.07162734175,36.067207970909948],[138.07162734161108,36.067166310934027],[138.07162734147227,36.067124640957942],[138.07156484138903,36.067124640847624],[138.07156484125011,36.067082970871446],[138.07150234116679,36.067082970761049],[138.07143984108345,36.067082970650645],[138.07143984094455,36.067041310674639],[138.0713773408612,36.06704131056415],[138.07137734100004,36.067082970540241],[138.0713148409167,36.067082970429844],[138.07125234083338,36.067082970319447],[138.07125234097228,36.067124640295887],[138.07118984088885,36.06712464018549],[138.07118984075004,36.067082970208958],[138.07118984061114,36.067041310232682],[138.07118984047221,36.066999640256149],[138.07125234055556,36.066999640366731],[138.07125234041672,36.066957970390369],[138.07118984033332,36.066957970279788],[138.07112734024997,36.066957970169128],[138.07112734011116,36.066916310192497],[138.07112733997224,36.066874640215964],[138.07112733983334,36.066832970239517],[138.0711273396945,36.066791310262893],[138.0711273395556,36.066749640286446],[138.07106483947226,36.066749640175516],[138.07100233938903,36.066749640064486],[138.07093983930571,36.066749639953557],[138.07087733922228,36.066749639842627],[138.07081483913893,36.066749639731597],[138.07081483900004,36.066707969754709],[138.07081483886122,36.066666309777908],[138.07081483872221,36.066624639796402],[138.07081483858337,36.066582969814888],[138.07081483844448,36.066541309833553],[138.07081483830558,36.066499639852047],[138.07081483816665,36.066457969870626],[138.07081483802784,36.066416309889121],[138.07081483788892,36.066374639907608],[138.07081483775002,36.066332969926187],[138.07081483761118,36.066291309944674],[138.07075233752786,36.066291309834185],[138.07068983744443,36.066291309723695],[138.07062733736112,36.066291309613206],[138.07062733722219,36.066249639631877],[138.07062733708338,36.066207969650812],[138.07056483699995,36.066207969540415],[138.07056483686114,36.06616630955935],[138.07056483672221,36.066124639578106],[138.07056483658332,36.066082969596863],[138.07056483644448,36.066041309615798],[138.07050233636107,36.066041309505664],[138.07050233622223,36.065999639524506],[138.07050233608325,36.065957969543348],[138.07043983600011,36.065957969433398],[138.07043983613892,36.065999639414549],[138.07037733605557,36.065999639304508],[138.07031483597225,36.065999639194544],[138.07025233588891,36.065999639084502],[138.07025233602783,36.06604130906539],[138.07018983594449,36.066041308955349],[138.07012733586109,36.0660413088453],[138.07012733599998,36.066082968825924],[138.07012733613891,36.066124638806627],[138.07006483605556,36.066124638696408],[138.07006483619449,36.066166308677118],[138.0700648363333,36.06620796865765],[138.07000233624998,36.066207968547339],[138.07000233638888,36.066249638527694],[138.07000233652781,36.066291308508404],[138.06993983644438,36.066291308397915],[138.06993983658327,36.066332968378447],[138.0699398367222,36.066374638358894],[138.06993983686112,36.066416308339335],[138.06987733677786,36.066416308228668],[138.0698773369167,36.0664579682092],[138.0698773370556,36.06649963818947],[138.0698773371945,36.066541308170002],[138.06981483711118,36.066541308059065],[138.06981483724999,36.066582968039327],[138.06981483738892,36.06662463801969],[138.06981483752793,36.06666630800013],[138.06981483766674,36.06670796797809],[138.06987733775006,36.066707968089105],[138.06987733788898,36.066749638067066],[138.06987733802788,36.066791308044841],[138.06987733816672,36.066832968022894],[138.06993983824995,36.066832968133738],[138.06993983838888,36.066874638111429],[138.06993983852777,36.06691630808929],[138.07000233861112,36.066916308200049],[138.07000233875002,36.066957968177917],[138.07000233888886,36.066999638155607],[138.06993983880551,36.066999638045033],[138.06987733872228,36.066999637934451],[138.06987733886118,36.067041307912497],[138.06981483877786,36.067041307802008],[138.06981483891676,36.067082967779783],[138.06975233883333,36.067082967669386],[138.06975233897225,36.067124637647524],[138.06968983888891,36.067124637537205],[138.06968983902783,36.067166307515436],[138.06968983916676,36.067207967493474],[138.06962733908333,36.067207967383254],[138.06956483899998,36.067207967273035],[138.06956483913891,36.067249637251344],[138.06950233905556,36.067249637141209],[138.06950233919449,36.067291307119611],[138.06943983911114,36.067291307009569],[138.06937733902774,36.067291306899435],[138.06937733916664,36.067332966877828],[138.0693148390834,36.067332966767879],[138.06925233900006,36.06733296665783],[138.06925233913898,36.067374636636316],[138.06918983905564,36.067374636526367],[138.06912733897224,36.067374636416496],[138.06906483888889,36.067374636306539],[138.06900233880557,36.067374636196583],[138.06900233894447,36.067416306175602],[138.06893983886116,36.067416306065738],[138.06893983899997,36.067457966044756],[138.06887733891665,36.067457965934977],[138.06887733905555,36.067499635913919],[138.06881483897223,36.06749963580414],[138.06875233888897,36.067499635694446],[138.06868983880565,36.067499635584753],[138.06868983894455,36.067541305563957],[138.06862733886115,36.067541305454355],[138.0685648387778,36.067541305344662],[138.06856483891673,36.067582965324135],[138.06856483905563,36.067624635303417],[138.06850233897222,36.067624635193908],[138.06850233911112,36.067666305173461],[138.0684398390278,36.067666305064037],[138.0684398391667,36.067707965043418],[138.06837733908338,36.067707964933994],[138.06831483899995,36.067707964824663],[138.06831483913885,36.067749634804393],[138.06825233905553,36.067749634695062],[138.06825233919443,36.067791304674884],[138.06825233933327,36.067832964654528],[138.06825233947217,36.067874634634258],[138.06818983938894,36.067874634525189],[138.06818983952783,36.067916304504834],[138.06818983966676,36.067957964484748],[138.06818983980565,36.067999634464478],[138.06812733972225,36.067999634355587],[138.06812733986123,36.068041304335409],[138.06806483977783,36.068041304226611],[138.06806483991673,36.06808296420661],[138.06800233983333,36.068082964097897],[138.06800233997222,36.068124634077805],[138.06793983988891,36.068124633969092],[138.06787733980556,36.068124633860464],[138.06781483972225,36.068124633751751],[138.06781483986114,36.068166303732021],[138.06775233977771,36.068166303623485],[138.0676898396944,36.068166303514857],[138.06762733961116,36.068166303406237],[138.06762733947232,36.068124633425704],[138.06756483938892,36.068124633317083],[138.06750233930558,36.06812463320837],[138.06743983922226,36.068124633099657],[138.06737733913891,36.068124632991029],[138.0673148390556,36.068124632882316],[138.06725233897225,36.068124632773603],[138.06718983888885,36.068124632664976],[138.06712733880551,36.068124632556263],[138.06712733894443,36.068166302537335],[138.06706483886117,36.068166302428708],[138.06700233877785,36.06816630232008],[138.06700233863893,36.068124632338929],[138.06700233850003,36.068082962357863],[138.06700233836119,36.068041302376713],[138.0670023382223,36.067999632395555],[138.06700233808337,36.067957962414489],[138.06700233794447,36.067916302433332],[138.06700233780563,36.067874632452273],[138.06700233766674,36.067832962471201],[138.06700233752781,36.067791302490136],[138.06700233738891,36.067749632508985],[138.06700233725007,36.067707962527741],[138.06700233711118,36.067666302546769],[138.06700233697228,36.067624632565611],[138.06700233683335,36.067582962584545],[138.06700233669454,36.067541302603388],[138.06700233655562,36.067499632622237],[138.06700233641672,36.067457962641171],[138.06700233627788,36.067416302660021],[138.0670023361389,36.067374632678778],[138.06700233600006,36.06733296269789],[138.06700233586116,36.067291302716825],[138.06700233572224,36.067249632735667],[138.06700233558334,36.067207962754509],[138.0670023354445,36.067166302773444],[138.0670023353056,36.067124632792293],[138.06700233516668,36.06708296281105],[138.06700233502787,36.067041302830077],[138.06700233488897,36.066999632848919],[138.06700233475004,36.066957962867853],[138.06700233461112,36.066916302886696],[138.06700233447231,36.066874632905545],[138.06700233433332,36.066832962924565],[138.06700233419448,36.066791302943329],[138.06700233405559,36.066749632962349],[138.06700233391666,36.066707962981198],[138.06700233377785,36.066666303000133],[138.06700233363892,36.066624633022883],[138.06700233350003,36.066582963045548],[138.0670023333611,36.066541303068476],[138.06700233322221,36.066499633091141],[138.06700233308337,36.06645796311399],[138.06700233294447,36.066416303136741],[138.06700233280554,36.066374633159498],[138.06693983272223,36.066374633048824],[138.06687733263888,36.066374632938249],[138.06681483255556,36.066374632827582],[138.06675233247222,36.066374632717],[138.06668983238882,36.06637463260634],[138.06668983224998,36.066332962629531],[138.06668983211108,36.066291302652559],[138.06668983197216,36.066249632675664],[138.06668983183326,36.066207962698954],[138.06668983169442,36.066166302722152],[138.06668983155552,36.066124632745172],[138.06668983141662,36.066082962768277],[138.0666898312777,36.066041302791476],[138.06668983113889,36.065999632814496],[138.06668983099996,36.065957962837516],[138.06668983086107,36.065916302860799],[138.06668983072214,36.065874632883819],[138.06668983058333,36.065832962907109],[138.0666898304444,36.06579130293013],[138.06668983030551,36.065749632953242],[138.06668983016658,36.065707962976433],[138.06668983002777,36.06566630299946],[138.06668982988884,36.065624633022651],[138.06668982974995,36.065582963045763],[138.06668982961111,36.065541303068962],[138.06668982947221,36.065499633091981],[138.06668982933331,36.065457963115094],[138.06668982919439,36.065416303138377],[138.06668982905558,36.065374633161397],[138.06668982891665,36.065332963184595],[138.06668982877775,36.065291303207616],[138.06668982863883,36.065249633230721],[138.06668982849993,36.065207963253926],[138.06668982836109,36.065166303276939],[138.0666898282222,36.065124633300229],[138.06668982808327,36.065082963323249],[138.06668982794437,36.065041303346533],[138.06668982780553,36.064999633369553],[138.06668982766664,36.064957963392665],[138.06668982752771,36.064916303415863],[138.06668982738881,36.064874633438883],[138.06668982725,36.064832963461903],[138.06668982711108,36.064791303485194],[138.06668982697215,36.064749633508214],[138.06668982683325,36.064707963531404],[138.06668982669444,36.064666303554517],[138.06668982655552,36.064624633577623],[138.06668982641662,36.064582963600827],[138.06668982627778,36.064541303623841],[138.06675232636113,36.064541303731403],[138.0667523262222,36.064499633754508],[138.0667523260833,36.064457963777528],[138.06675232594446,36.064416303800726],[138.06675232580557,36.064374633823661],[138.06668982572222,36.064374633716369],[138.06668982558324,36.064332963739474],[138.0666898254444,36.064291303762673],[138.0666898253055,36.064249633785785],[138.06668982516658,36.064207963808983],[138.06668982502777,36.064166303832003],[138.06668982488884,36.064124633855116],[138.06668982474994,36.064082963878306],[138.06668982461113,36.064041303901334],[138.06668982447221,36.063999633924617],[138.06668982433331,36.063957963947637],[138.06668982419438,36.063916303970835],[138.06668982405557,36.063874633993947],[138.06668982391665,36.063832964016967],[138.06675232399999,36.063832964123364],[138.06681482408331,36.063832964229775],[138.06687732416665,36.063832964336171],[138.06693982424997,36.063832964442582],[138.06700232433332,36.063832964548979],[138.06700232419448,36.063791304571822],[138.06700232405558,36.063749634594487],[138.06700232391665,36.063707964617151],[138.06700232377784,36.063666304640087],[138.06700232363892,36.063624634662844],[138.06700232350002,36.063582964685679],[138.06700232336121,36.063541304708352],[138.06700232322228,36.063499634731102],[138.06700232308339,36.063457964753944],[138.06700232294446,36.063416304776695],[138.06700232280565,36.063374634799544],[138.06700232266672,36.063332964822294],[138.06700232252783,36.063291304845137],[138.0670023223889,36.063249634867887],[138.06700232225,36.063207964890552],[138.06700232211116,36.063166304913487],[138.06700232197227,36.063124634936152],[138.06700232183334,36.063082964958994],[138.06700232169453,36.063041304981752],[138.06700232155561,36.062999635004502],[138.06700232141671,36.062957965027344],[138.06700232127781,36.06291630505001],[138.06700232113889,36.062874635072944],[138.06700232100007,36.062832965095609],[138.06700232086115,36.062791305118537],[138.06700232072225,36.062749635141202],[138.06700232058333,36.062707965163952],[138.06700232044452,36.062666305186795],[138.06700232030559,36.06262463520946],[138.06700232016669,36.062582965232217],[138.06700232002785,36.062541305255152],[138.06700231988896,36.062499635277817],[138.06700231975003,36.062457965300652],[138.06700231961113,36.06241630532341],[138.06700231947229,36.06237463534616],[138.0670023193334,36.062332965369009],[138.0670023191945,36.062291305391668],[138.06700231905558,36.062249635414517],[138.06700231891676,36.062207965437267],[138.06700231877784,36.062166305460195],[138.06700231863894,36.06212463548286],[138.06700231850002,36.062082965505525],[138.0670023183612,36.06204130552846],[138.06700231822228,36.061999635551125],[138.06700231808338,36.061957965574052],[138.0670648181667,36.061957965677266],[138.0670648180278,36.061916305699924],[138.06712731811103,36.061916305803138],[138.06712731797222,36.06187463582571],[138.06718981805554,36.061874635928831],[138.06718981791664,36.061832965951496],[138.06725231799996,36.061832966054524],[138.06725231786106,36.06179130607692],[138.06731481794446,36.061791306179948],[138.06731481780557,36.061749636202521],[138.06731481766664,36.06170796622483],[138.06731481752774,36.06166630624741],[138.06731481738893,36.06162463626972],[138.06731481725001,36.061582966292121],[138.06731481711108,36.061541306314695],[138.06731481697219,36.061499636337004],[138.06731481683337,36.061457966359313],[138.06731481669445,36.061416306381886],[138.06731481655555,36.061374636404288],[138.06731481641663,36.061332966426775],[138.06731481627781,36.061291306449178],[138.06731481613889,36.061249636471572],[138.06731481599999,36.061207966494059],[138.06731481586115,36.06116630651637],[138.0673773159445,36.061166306618333],[138.06737731580557,36.06112463664082],[138.06743981588892,36.06112463674269],[138.06743981574999,36.061082966764914],[138.06750231583334,36.061082966866699],[138.06750231569453,36.06104130688901],[138.06756481577784,36.061041306990795],[138.06756481563895,36.060999637012841],[138.06762731572226,36.060999637114534],[138.06762731558345,36.060957967136488],[138.06762731544453,36.060916307158706],[138.06762731530563,36.060874637180753],[138.0676273151667,36.060832967202884],[138.06762731502789,36.060791307224932],[138.06762731488897,36.060749637246971],[138.06762731475007,36.060707967269103],[138.06762731461123,36.060666307291143],[138.06762731447225,36.060624637313367],[138.06762731433341,36.060582967335321],[138.06762731419451,36.060541307357539],[138.06762731405558,36.060499637379493],[138.06762731391669,36.06045796740154],[138.06762731377785,36.060416307423765],[138.06762731363895,36.060374637445719],[138.06762731350005,36.060332967467758],[138.06762731336121,36.060291307489976],[138.06762731322232,36.06024963751193],[138.06762731308339,36.060207967534154],[138.06762731294458,36.060166307556109],[138.06762731280566,36.060124637578241],[138.06762731266676,36.060082967600373],[138.06768981274999,36.060082967700467],[138.06768981261109,36.060041307722429],[138.06775231269441,36.060041307822523],[138.0677523125556,36.05999963784457],[138.06781481263891,36.059999637944571],[138.06781481250002,36.059957967966355],[138.06787731258333,36.059957968066357],[138.06787731244444,36.059916308088226],[138.06793981252784,36.059916308188058],[138.06793981238894,36.059874638209749],[138.06793981225002,36.059832968231348],[138.06793981211112,36.05979130825321],[138.06793981197228,36.059749638274894],[138.06793981183338,36.059707968296763],[138.06793981169449,36.059666308318363],[138.06793981155556,36.059624638340054],[138.06793981141675,36.059582968361916],[138.06793981127782,36.059541308383601],[138.06793981113893,36.05949963840547],[138.067939811,36.059457968427068],[138.06793981086119,36.059416308448931],[138.06793981072227,36.05937463847053],[138.06793981058337,36.059332968492313],[138.06793981044444,36.059291308514091],[138.06793981030555,36.059249638535775],[138.06800231038895,36.05924963863454],[138.06800231025005,36.059207968656054],[138.06806481033337,36.059207968754727],[138.06806481019447,36.059166308776504],[138.06812731027787,36.059166308875092],[138.06812731013898,36.059124638896513],[138.06818981022229,36.059124638995101],[138.0681898100834,36.059082969016615],[138.06825231016663,36.05908296911511],[138.06831481024997,36.059082969213605],[138.06831481038887,36.059124639192191],[138.0683148105278,36.059166309170948],[138.06831481066669,36.059207969149526],[138.06831481080553,36.059249639128282],[138.06831481094443,36.059291309107039],[138.06831481108335,36.059332969085617],[138.06831481122225,36.059374639064281],[138.06831481136118,36.059416309043129],[138.06831481149999,36.059457969021707],[138.06837731158333,36.059457969120736],[138.06843981166665,36.059457969219856],[138.06850231175008,36.059457969318977],[138.0685648118334,36.059457969418098],[138.06862731191674,36.059457969517126],[138.06862731205564,36.059499639496238],[138.06862731219456,36.059541309475179],[138.06862731233338,36.059582969454283],[138.0686273124723,36.059624639433224],[138.0686273126112,36.059666309412243],[138.06862731275004,36.059707969391354],[138.06868981283336,36.059707969490916],[138.06875231291679,36.059707969590391],[138.06875231277786,36.059666309611195],[138.06881481286109,36.059666309710579],[138.06887731294444,36.059666309810055],[138.06887731308336,36.059707969789436],[138.06893981316668,36.059707969888912],[138.06893981330558,36.059749639868201],[138.0689398134445,36.059791309847668],[138.06893981358331,36.059832969826957],[138.06893981372224,36.059874639806424],[138.06900231380556,36.05987463990617],[138.0690648138889,36.059874640006001],[138.06912731397233,36.05987464010574],[138.06918981405565,36.059874640205571],[138.06925231413896,36.05987464030531],[138.06925231427789,36.059916310285132],[138.06918981419454,36.059916310185301],[138.06912731411114,36.05991631008547],[138.06912731425004,36.059957970064943],[138.06918981433338,36.059957970164859],[138.0692523144167,36.059957970264776],[138.06925231455563,36.059999640244513],[138.06925231469452,36.060041310224157],[138.06925231483336,36.060082970203979],[138.06931481491677,36.06008297030408],[138.06937731500003,36.060082970404267],[138.06943981508334,36.060082970504361],[138.06950231516669,36.060082970604547],[138.06956481525,36.060082970704642],[138.06962731533335,36.060082970804828],[138.06962731547225,36.060124640784835],[138.06962731561117,36.060166310765013],[138.06968981569449,36.060166310865284],[138.06968981583341,36.060207970845639],[138.06975231591673,36.06020797094591],[138.06975231605566,36.060249640926088],[138.06981481613897,36.060249641026545],[138.06987731622232,36.060249641127001],[138.06987731636121,36.060291311107441],[138.06993981644447,36.060291311207983],[138.07000231652779,36.060291311308433],[138.07006481661114,36.060291311408974],[138.07012731669445,36.060291311509431],[138.07018981677788,36.060291311609888],[138.0702523168612,36.060291311710429],[138.07031481694455,36.060291311810879],[138.07037731702786,36.060291311911328],[138.07043981711121,36.06029131201187],[138.07050231719444,36.060291312112327],[138.07050231733336,36.060332972093306],[138.0704398172501,36.060332971992764],[138.07037731716679,36.060332971892223],[138.07037731730568,36.060374641873281],[138.07043981738903,36.060374641973915],[138.07043981752793,36.060416311954981],[138.07050231761119,36.0604163120557],[138.0705648176945,36.06041631215642],[138.07056481755561,36.060374642175091]],[[138.07018983400002,36.065457969224511],[138.07018983386118,36.065416309243894],[138.07012733377778,36.065416309134825],[138.07012733391667,36.065457969115442],[138.0701273340556,36.06549963909616],[138.0701273341945,36.065541309076956],[138.07018983427784,36.065541309186202],[138.07018983413892,36.065499639205314],[138.07018983400002,36.065457969224511]]]},"properties":{"FID":184,"A31_201":"8505050720","A31_202":"横河川","A31_203":20,"A31_204":"長野県","A31_205":2,"A31_206":" ","A31_207":" ","A31_208":" "}},{"type":"Feature","id":185,"geometry":{"type":"Polygon","coordinates":[[[138.07456485913897,36.071249643442414],[138.07456485927781,36.071291313415045],[138.07450235919447,36.071291313311661],[138.07443985911115,36.071291313208278],[138.07437735902789,36.071291313104894],[138.07431485894458,36.07129131300151],[138.07431485880565,36.071249643028523],[138.07431485866675,36.071207973055543],[138.07431485852791,36.071166313082649],[138.07425235844451,36.071166312979003],[138.07425235830567,36.07112464300593],[138.07431485838902,36.071124643109577],[138.07431485825009,36.071082973136505],[138.07437735833344,36.071082973240244],[138.07437735819462,36.071041313267528],[138.07443985827777,36.071041313371268],[138.07443985813893,36.070999643398373],[138.07450235822228,36.07099964350229],[138.07450235808335,36.070957973529573],[138.0745648581667,36.07095797363349],[138.07456485830559,36.070999643606115],[138.07462735838894,36.070999643710039],[138.07468985847225,36.070999643813948],[138.07468985861118,36.07104131378658],[138.07468985875008,36.071082973759033],[138.074689858889,36.071124643731657],[138.0746898590279,36.071166313704282],[138.0746273589445,36.071166313600727],[138.07462735908339,36.071207973573266],[138.07456485900008,36.071207973469697],[138.07456485913897,36.071249643442414]]]},"properties":{"FID":185,"A31_201":"8505050720","A31_202":"横河川","A31_203":20,"A31_204":"長野県","A31_205":2,"A31_206":" ","A31_207":" ","A31_208":" "}},{"type":"Feature","id":186,"geometry":{"type":"Polygon","coordinates":[[[138.06243984491672,36.071832953172091],[138.06237734483341,36.07183295306622],[138.06237734469448,36.071791293080182],[138.06243984477791,36.071791293185875],[138.06243984491672,36.071832953172091]]]},"properties":{"FID":186,"A31_201":"8505050720","A31_202":"横河川","A31_203":20,"A31_204":"長野県","A31_205":2,"A31_206":" ","A31_207":" ","A31_208":" "}},{"type":"Feature","id":187,"geometry":{"type":"Polygon","coordinates":[[[138.06243984491672,36.071832953172091],[138.06250234500007,36.071832953277784],[138.06250234513905,36.071874623263824],[138.06243984505565,36.071874623157953],[138.06243984491672,36.071832953172091]]]},"properties":{"FID":187,"A31_201":"8505050720","A31_202":"横河川","A31_203":20,"A31_204":"長野県","A31_205":2,"A31_206":" ","A31_207":" ","A31_208":" "}},{"type":"Feature","id":188,"geometry":{"type":"Polygon","coordinates":[[[138.06250234513905,36.071874623263824],[138.0625648452224,36.071874623366227],[138.06256484536129,36.071916293352359],[138.06250234527789,36.071916293250041],[138.06250234513905,36.071874623263824]]]},"properties":{"FID":188,"A31_201":"8505050720","A31_202":"横河川","A31_203":20,"A31_204":"長野県","A31_205":2,"A31_206":" ","A31_207":" ","A31_208":" "}},{"type":"Feature","id":189,"geometry":{"type":"Polygon","coordinates":[[[138.06256484536129,36.071916293352359],[138.06262734544447,36.071916293454763],[138.06262734558337,36.071957953440801],[138.06256484550013,36.071957953338483],[138.06256484536129,36.071916293352359]]]},"properties":{"FID":189,"A31_201":"8505050720","A31_202":"横河川","A31_203":20,"A31_204":"長野県","A31_205":2,"A31_206":" ","A31_207":" ","A31_208":" "}},{"type":"Feature","id":190,"geometry":{"type":"Polygon","coordinates":[[[138.07143986247229,36.073499636982611],[138.07137736238897,36.073499636882872],[138.07137736225005,36.073457966906602],[138.07131486216673,36.073457966806771],[138.07125236208338,36.073457966707025],[138.07118986200007,36.073457966607194],[138.07118986186114,36.073416306630833],[138.07125236194449,36.073416306730664],[138.07125236180565,36.073374636754224],[138.07125236166675,36.07333296677777],[138.07131486175007,36.073332966877786],[138.07131486161117,36.073291306901602],[138.07137736169449,36.073291307001696],[138.07137736155568,36.073249637025341],[138.07143986163902,36.073249637125443],[138.07150236172234,36.073249637225629],[138.07150236186126,36.073291307201806],[138.07156486194458,36.073291307301901],[138.07162736202781,36.073291307401917],[138.07162736216665,36.073332967377738],[138.07156486208339,36.073332967277729],[138.07156486222232,36.073374637253906],[138.07156486236124,36.073416307230005],[138.0715023622779,36.073416307130174],[138.07150236241682,36.073457967106172],[138.07143986233339,36.073457967006341],[138.07143986247229,36.073499636982611]]]},"properties":{"FID":190,"A31_201":"8505050720","A31_202":"横河川","A31_203":20,"A31_204":"長野県","A31_205":2,"A31_206":" ","A31_207":" ","A31_208":" "}},{"type":"Feature","id":191,"geometry":{"type":"Polygon","coordinates":[[[138.06431485436116,36.073916295455312],[138.06437735444456,36.073916295554341],[138.0643773545834,36.073957955538248],[138.06431485450005,36.073957955439312],[138.06431485436116,36.073916295455312]]]},"properties":{"FID":191,"A31_201":"8505050720","A31_202":"横河川","A31_203":20,"A31_204":"長野県","A31_205":2,"A31_206":" ","A31_207":" ","A31_208":" "}},{"type":"Feature","id":192,"geometry":{"type":"Polygon","coordinates":[[[138.07237736580558,36.074124638105374],[138.07231486572223,36.074124638006701],[138.07225236563892,36.074124637908028],[138.07225236549999,36.074082967932824],[138.07218986541668,36.074082967834144],[138.07212736533342,36.074082967735379],[138.0721273651946,36.074041307759821],[138.07218986527783,36.074041307858678],[138.07218986513894,36.073999637883382],[138.07225236522225,36.073999637982325],[138.07225236508336,36.073957968007036],[138.07225236494446,36.073916308031826],[138.07231486502786,36.073916308130862],[138.07231486488897,36.073874638155573],[138.07231486475004,36.073832968180277],[138.07231486461114,36.073791308205159],[138.07237736469455,36.073791308304465],[138.07237736483339,36.073832968279397],[138.07237736497228,36.073874638254601],[138.07243986505563,36.073874638353722],[138.07243986519453,36.073916308328926],[138.07250236527787,36.073916308427954],[138.07250236541677,36.073957968402809],[138.07250236555558,36.073999638377828],[138.0725023656945,36.074041308352768],[138.07243986561116,36.074041308253911],[138.07243986575008,36.074082968229121],[138.07237736566674,36.074082968130355],[138.07237736580558,36.074124638105374]]]},"properties":{"FID":192,"A31_201":"8505050720","A31_202":"横河川","A31_203":20,"A31_204":"長野県","A31_205":2,"A31_206":" ","A31_207":" ","A31_208":" "}},{"type":"Feature","id":193,"geometry":{"type":"Polygon","coordinates":[[[138.0620023532224,36.074499621506774],[138.06200235336129,36.074541291492281],[138.06193985327798,36.074541291381969],[138.06193985313905,36.07449962139637],[138.0620023532224,36.074499621506774]]]},"properties":{"FID":193,"A31_201":"8505050720","A31_202":"横河川","A31_203":20,"A31_204":"長野県","A31_205":2,"A31_206":" ","A31_207":" ","A31_208":" "}},{"type":"Feature","id":194,"geometry":{"type":"Polygon","coordinates":[[[138.06587733672225,36.067999630435523],[138.06587733686115,36.068041300417917],[138.06587733700007,36.068082960400403],[138.06587733713897,36.068124630382627],[138.06593983722232,36.06812463049134],[138.06593983736121,36.068166300473735],[138.06593983750003,36.068207960455865],[138.06593983763895,36.068249630438267],[138.06593983777788,36.068291300420576],[138.06593983791669,36.068332960402799],[138.06587733783334,36.068332960294526],[138.06587733797227,36.068374630276836],[138.06587733811116,36.068416300259145],[138.06587733825009,36.068457960241631],[138.06581483816666,36.068457960133451],[138.06581483830558,36.06849963011576],[138.06587733838899,36.068499630223855],[138.06587733852783,36.068541300206249],[138.06587733866672,36.068582960188735],[138.06587733880565,36.068624630170959],[138.06587733894455,36.068666300153353],[138.06587733908339,36.068707960135839],[138.06587733922228,36.068749630118063],[138.06587733936121,36.068791300100543],[138.06587733950002,36.068832960082766],[138.06587733963892,36.068874630065167],[138.06587733977784,36.068916300047647],[138.06587733991677,36.068957960029962],[138.06587734005566,36.068999630012357],[138.06587734019456,36.069041299994581],[138.0658773403334,36.069082959977067],[138.0658773404723,36.069124629959283],[138.06587734061122,36.069166299941685],[138.06587734075003,36.069207959924171],[138.06587734088896,36.069249629906388],[138.06587734102786,36.069291299888874],[138.0658773411667,36.06933295987109],[138.06581484108335,36.069332959764424],[138.06581484122228,36.06937462974691],[138.06581484136117,36.069416299729397],[138.06581484150001,36.069457959711798],[138.06575234141667,36.069457959605302],[138.06575234155559,36.069499629587881],[138.06568984147225,36.06949962948147],[138.0656273413889,36.069499629375073],[138.06556484130559,36.069499629268662],[138.06550234122227,36.069499629162266],[138.06550234108335,36.069457959179509],[138.065439841,36.06945795907302],[138.06543984113884,36.069499629055947],[138.06543984127774,36.069541299038704],[138.06543984141666,36.069582959021631],[138.06543984155556,36.069624629004295],[138.06543984169448,36.069666298987229],[138.06537734161122,36.069666298881089],[138.06537734175006,36.069707958864107],[138.06537734188896,36.069749628846949],[138.06543984197222,36.069749628952906],[138.0654398418333,36.069707958970156],[138.06550234191664,36.069707959076204],[138.06550234205554,36.069749629058869],[138.06556484213888,36.069749629164917],[138.06556484227778,36.069791299147582],[138.06562734236113,36.069791299253538],[138.06562734250002,36.069832959236209],[138.06556484241671,36.069832959130423],[138.0655648425556,36.069874629113002],[138.0655023424722,36.069874629007217],[138.0655023426111,36.069916298990151],[138.06550234275002,36.069957958972722],[138.06550234288892,36.069999628955657],[138.06550234302773,36.070041298938492],[138.06550234316666,36.070082958921162],[138.06543984308331,36.070082958815732],[138.06537734300008,36.070082958710302],[138.06537734286118,36.070041298727553],[138.06531484277784,36.070041298622037],[138.06525234269452,36.070041298516522],[138.0652523425556,36.069999628533409],[138.06518984247228,36.069999628427809],[138.06512734238893,36.069999628322293],[138.06512734252786,36.070041298305583],[138.06512734266667,36.070082958288687],[138.06512734280557,36.070124628271884],[138.06512734294449,36.070166298254989],[138.06512734308342,36.070207958238278],[138.06512734322223,36.07024962822139],[138.06512734336121,36.07029129820458],[138.06506484327781,36.070291298099512],[138.06500234319446,36.070291297994444],[138.06493984311115,36.070291297889369],[138.0648773430278,36.070291297784294],[138.06481484294457,36.070291297679226],[138.06475234286125,36.070291297574244],[138.06468984277782,36.070291297469083],[138.06462734269448,36.070291297364101],[138.06456484261116,36.070291297259033],[138.06456484275006,36.070332957242847],[138.0645648428889,36.07037462722667],[138.06450234280555,36.07037462712168],[138.06450234294448,36.07041629710568],[138.06450234308338,36.07045795708941],[138.0645023432223,36.070499627073403],[138.0645023433612,36.070541297057403],[138.06450234350004,36.070582957041132],[138.06443984341669,36.07058295693659],[138.06443984355562,36.070624626920591],[138.06437734347227,36.070624626816056],[138.06437734361111,36.070666296799956],[138.06431484352777,36.070666296695507],[138.06431484366669,36.070707956679684],[138.06425234358343,36.070707956575319],[138.06418984350012,36.070707956470962],[138.06412734341677,36.070707956366604],[138.06406484333337,36.07070795626224],[138.06400234325002,36.070707956157875],[138.06393984316668,36.070707956053518],[138.06387734308336,36.070707955949068],[138.06381484300005,36.070707955844711],[138.0637523429167,36.070707955740346],[138.06368984283347,36.070707955635982],[138.06362734275012,36.070707955531624],[138.06362734288894,36.070749625516328],[138.06362734302786,36.070791295501309],[138.06362734316679,36.070832955486189],[138.06362734330568,36.070874625470985],[138.06362734344458,36.070916295455874],[138.06356484336118,36.070916295351864],[138.06350234327783,36.070916295247855],[138.06343984319452,36.070916295143761],[138.06337734311117,36.070916295039758],[138.06331484302785,36.070916294935756],[138.06325234294451,36.070916294831747],[138.06325234308335,36.070957954817075],[138.063189843,36.070957954713066],[138.06318984313893,36.070999624698402],[138.06312734305567,36.070999624594478],[138.06312734319459,36.071041294579985],[138.06312734333341,36.071082954565227],[138.06306484325009,36.071082954461488],[138.06306484338899,36.07112462444708],[138.06300234330567,36.071124624343433],[138.06300234344457,36.071166294329032],[138.06293984336116,36.071166294225463],[138.06293984350006,36.071207954210976],[138.06287734341674,36.071207954107408],[138.06287734355564,36.071249624093184],[138.06281484347221,36.071249623989715],[138.06281484361114,36.071291293975392],[138.06275234352779,36.071291293871923],[138.06268984344447,36.071291293768539],[138.06268984358337,36.071332953754577],[138.0626898437223,36.071374623740354],[138.06262734363887,36.071374623637055],[138.06256484355563,36.071374623533849],[138.06256484369453,36.071416293519889],[138.06250234361121,36.071416293416682],[138.06250234375011,36.071457953402899],[138.06243984366671,36.071457953297738],[138.06243984380561,36.0714996232836],[138.06237734372229,36.071499623178262],[138.06237734386119,36.071541293164387],[138.06237734400011,36.071582953150163],[138.06237734413892,36.071624623136202],[138.06237734427785,36.071666293122419],[138.06237734441675,36.071707953108188],[138.06231484433343,36.071707953002587],[138.06231484447224,36.071749622988449],[138.06225234438892,36.071749622882756],[138.06225234452782,36.071791292868525],[138.0621898444445,36.071791292762747],[138.06212734436116,36.071791292657053],[138.06206484427784,36.071791292551268],[138.06206484441665,36.071832952536951],[138.06206484455555,36.071874622522458],[138.06206484469448,36.071916292508234],[138.06206484483329,36.071957952493918],[138.06200234475006,36.071957952387777],[138.06200234488898,36.071999622373284],[138.06193984480564,36.07199962226715],[138.06187734472229,36.071999622161101],[138.06181484463897,36.07199962205496],[138.06175234455566,36.071999621948827],[138.06168984447223,36.071999621842778],[138.06168984461112,36.072041291827929],[138.06162734452781,36.072041291721789],[138.0616273446667,36.072082951707031],[138.06156484458339,36.072082951600805],[138.06150234449996,36.072082951494579],[138.06150234463888,36.07212462147946],[138.06143984455562,36.072124621373149],[138.06143984469455,36.072166291358123],[138.0613773446112,36.072166291251719],[138.06131484452789,36.072166291145315],[138.06125234444454,36.072166291038997],[138.06118984436122,36.072166290932685],[138.06112734427779,36.072166290826189],[138.06106484419448,36.072166290719878],[138.06100234411113,36.072166290613382],[138.06093984402781,36.07216629050707],[138.06087734394455,36.072166290400666],[138.06081484386124,36.072166290294263],[138.06075234377789,36.072166290187859],[138.06075234391673,36.072207950171943],[138.06075234405563,36.072249620156114],[138.06075234419455,36.07229129014047],[138.06075234433337,36.072332950124462],[138.06075234447229,36.07237462010864],[138.06075234461119,36.072416290092725],[138.06068984452787,36.072416289985966],[138.06062734444453,36.072416289879115],[138.06056484436121,36.072416289772271],[138.06050234427778,36.072416289665512],[138.06043984419443,36.07241628955866],[138.06043984433336,36.072457949542567],[138.06037734425001,36.072457949435723],[138.06037734438885,36.072499619419361],[138.06031484430571,36.072499619312424],[138.0603148444446,36.072541289296154],[138.06025234436129,36.072541289189132],[138.06018984427786,36.072541289082196],[138.06018984441675,36.072582949065747],[138.06012734433335,36.072582948958633],[138.06012734447233,36.072624618942186],[138.06006484438893,36.072624618834894],[138.06006484452783,36.072666288818354],[138.06000234444451,36.072666288711154],[138.06000234458341,36.072707948694351],[138.05993984450009,36.072707948587059],[138.0599398446389,36.072749618570434],[138.05987734455559,36.07274961846305],[138.05987734469448,36.072791288446339],[138.05981484461117,36.07279128833887],[138.05975234452791,36.072791288231485],[138.05968984444459,36.072791288124108],[138.05962734436125,36.072791288016639],[138.05956484427793,36.072791287909169],[138.05956484441674,36.07283294789201],[138.05956484455567,36.072874617874852],[138.05950234447232,36.072874617767205],[138.05950234461125,36.072916287750047],[138.05950234475006,36.072957947732888],[138.05950234488898,36.072999617715553],[138.05950234502788,36.073041287698302],[138.05943984494456,36.07304128759057],[138.05937734486113,36.073041287482567],[138.05931484477782,36.073041287374743],[138.05925234469447,36.073041287266918],[138.05918984461124,36.073041287159093],[138.05912734452789,36.073041287051268],[138.05906484444458,36.073041286943351],[138.05900234436123,36.073041286835618],[138.05893984427792,36.073041286727701],[138.05887734419449,36.073041286619791],[138.05887734433338,36.073082946602099],[138.05881484424998,36.073082946494097],[138.05881484438896,36.073124616476051],[138.05875234430556,36.073124616368048],[138.05875234444446,36.073166286350002],[138.05868984436114,36.073166286242],[138.05868984450004,36.07320794622386],[138.05862734441681,36.073207946115772],[138.0586273445557,36.073249616097456],[138.05862734469454,36.07329128607941],[138.0585648446112,36.073291285971145],[138.05856484475012,36.073332945952743],[138.05850234466678,36.073332945844385],[138.0585023448057,36.073374615826161],[138.05843984472227,36.073374615717711],[138.0584398448612,36.073416285699402],[138.05837734477785,36.073416285590952],[138.05837734491678,36.073457945572372],[138.05831484483335,36.073457945463929],[138.05831484497227,36.07349961544535],[138.05831484511117,36.073541285426771],[138.05825234502785,36.073541285318058],[138.05825234516666,36.073582945299478],[138.05825234530556,36.073624615280806],[138.05825234544449,36.07366628526232],[138.05818984536114,36.073666285153337],[138.05818984549998,36.073707945134672],[138.05818984563888,36.073749615115915],[138.05812734555556,36.073749615006932],[138.05812734569446,36.073791284988268],[138.05812734583338,36.073832944969332],[138.05806484575015,36.073832944860172],[138.05806484588896,36.073874614841415],[138.05800234580562,36.073874614732262],[138.05800234594454,36.073916284713505],[138.05800234608344,36.07395794469457],[138.05793984600012,36.073957944585146],[138.05793984613902,36.073999614566119],[138.05787734605562,36.073999614456696],[138.05787734619452,36.074041284437584],[138.05787734633344,36.074082944418649],[138.05787734647234,36.074124614399452],[138.05781484638902,36.07412461428985],[138.05781484652783,36.074166284270916],[138.05787734661126,36.074166284380517],[138.05787734675008,36.074207944361582],[138.057877346889,36.07424961434247],[138.0578773470279,36.074291284323536],[138.05781484694458,36.074291284213487],[138.05781484708339,36.074332944194552],[138.05781484722229,36.074374614175355],[138.05781484736121,36.074416284156328],[138.05775234727787,36.074416284046194],[138.05775234741671,36.074457944026904],[138.05775234755561,36.074499614007792],[138.05768984747229,36.074499613897572],[138.05768984761119,36.07454128387846],[138.05768984775003,36.074582943858992],[138.05762734766668,36.07458294374868],[138.05762734780561,36.074624613729213],[138.05756484772226,36.074624613618724],[138.05756484786119,36.074666283599434],[138.057564848,36.074707943580144],[138.05750234791677,36.074707943469477],[138.05750234805566,36.07474961345001],[138.05743984797235,36.07474961333925],[138.05743984811124,36.074791283319783],[138.05743984825017,36.074832943300407],[138.05737734816674,36.074832943189563],[138.05737734830566,36.074874613169825],[138.05731484822232,36.074874613058896],[138.05731484836124,36.074916283039428],[138.05731484850006,36.074957943019605],[138.05731484863907,36.074999613000045],[138.05731484877219,36.075041282972322],[138.05725234868876,36.075041282861207],[138.05725234882175,36.075082942833305],[138.05725234895488,36.075124612805581],[138.05725234908792,36.075166282777758],[138.05725234922096,36.075207942750033],[138.05718984913727,36.075207942638926],[138.05718984927023,36.075249612611017],[138.05712734918646,36.075249612499903],[138.05712734931944,36.075291282472179],[138.05706484923556,36.075291282361064],[138.05706484936843,36.075332942333432],[138.05700234928449,36.075332942222317],[138.05700234941727,36.075374612194409],[138.05700234955006,36.075416282166685],[138.05700234968282,36.075457942138954],[138.0570023498156,36.075499612111145],[138.05700234994839,36.075541282083414],[138.05700235008118,36.075582942055505],[138.05693984999695,36.075582941944397],[138.05693985012965,36.075624611916666],[138.05687735004534,36.075624611805559],[138.05687735017796,36.075666281777742],[138.05681485009347,36.075666281666628],[138.05681485022606,36.075707941638903],[138.05675235014149,36.075707941527796],[138.05675235027402,36.075749611499887],[138.05675235040653,36.075791281472164],[138.05675235053894,36.075832941444517],[138.05675235067156,36.075874611416616],[138.056752350804,36.075916281388885],[138.05675235093651,36.07595794136116],[138.05668985085157,36.075957941250053],[138.05668985098401,36.07599961122223],[138.05662735089899,36.075999611111122],[138.05662735103141,36.076041281083391],[138.0565648509463,36.076041280972284],[138.05656485107855,36.076082940944374],[138.05650235099344,36.076082940833267],[138.05643985090825,36.076082940722159],[138.05637735082323,36.076082940611045],[138.05631485073803,36.07608294049993],[138.05625235065293,36.076082940388822],[138.05625235052105,36.076041280416732],[138.05618985043594,36.076041280305617],[138.05612735035083,36.076041280194502],[138.05606485026573,36.076041280083395],[138.05600235018062,36.076041279972287],[138.0559398500956,36.076041279861172],[138.05593984996395,36.075999609888896],[138.05593984983233,36.075957939916719],[138.05593984970079,36.075916279944444],[138.05587734961594,36.075916279833336],[138.0558773494844,36.07587460986106],[138.05587734935287,36.075832939888969],[138.05587734922133,36.075791279916601],[138.05581484913677,36.075791279805493],[138.05581484900532,36.075749609833224],[138.05581484887387,36.075707939861125],[138.05581484874241,36.07566627988885],[138.05575234865793,36.075666279777742],[138.05568984857342,36.075666279666635],[138.05562734848905,36.07566627955552],[138.05562734835777,36.075624609583336],[138.05556484827338,36.075624609472229],[138.05550234818898,36.075624609361114],[138.05543984810458,36.075624609249999],[138.05543984797356,36.07558293927773],[138.05537734788925,36.075582939166623],[138.05537734775825,36.075541279194525],[138.05537734762726,36.075499609222248],[138.05537734749635,36.075457939250072],[138.05537734736532,36.075416279277796],[138.05537734723441,36.075374609305527],[138.05543984731835,36.075374609416635],[138.05543984718727,36.075332939444536],[138.05550234727122,36.075332939555565],[138.05550234714013,36.07529127958329],[138.05550234700902,36.075249609611021],[138.05550234687786,36.075207939638922],[138.05550234674675,36.075166279666647],[138.05556484683044,36.075166279777761],[138.05556484669924,36.075124609805577],[138.05562734678276,36.075124609916685],[138.05562734665148,36.075082939944416],[138.05568984673499,36.075082940055523],[138.05568984660371,36.075041280083433],[138.05575234668714,36.07504128019454],[138.05575234655569,36.074999610222179],[138.0557523464168,36.074957940243515],[138.05581484650011,36.074957940354537],[138.05581484636122,36.074916280376044],[138.05581484622229,36.074874610397288],[138.05581484608348,36.074832940418801],[138.05581484594455,36.074791280439868],[138.05581484580566,36.074749610461197],[138.05575234572231,36.074749610350622],[138.05575234558341,36.074707940371951],[138.05575234544457,36.074666280393288],[138.05575234530568,36.074624610414617],[138.05575234516675,36.07458294043613],[138.05575234502794,36.074541280457552],[138.05575234488902,36.074499610478881],[138.05575234475012,36.074457940500217],[138.05581484483344,36.074457940610529],[138.05581484469454,36.074416280631951],[138.05581484455561,36.074374610653194],[138.05581484441672,36.074332940674523],[138.05587734449995,36.074332940784572],[138.05587734436114,36.074291280805639],[138.05587734422221,36.074249610826882],[138.05587734408331,36.074207940848211],[138.05587734394447,36.07416628086937],[138.05587734380558,36.074124610890522],[138.05587734366668,36.074082940912035],[138.05587734352775,36.074041280933102],[138.05587734338894,36.073999610954431],[138.05587734325002,36.073957940975674],[138.05587734311112,36.073916280997011],[138.0558773429722,36.073874611018255],[138.05587734283338,36.073832941039321],[138.05587734269446,36.073791281060743],[138.05587734255556,36.073749611081894],[138.05593984263888,36.073749611190962],[138.05593984249998,36.073707941212206],[138.05593984236114,36.073666281233272],[138.05593984222224,36.073624611254431],[138.05600234230556,36.073624611363321],[138.05600234216666,36.073582941384473],[138.05600234202785,36.073541281405454],[138.05600234188893,36.073499611426698],[138.05600234175,36.073457941447764],[138.05600234161111,36.073416281469008],[138.05606484169454,36.073416281577451],[138.05606484155561,36.073374611598432],[138.05606484141671,36.073332941619498],[138.05606484127779,36.073291281640564],[138.05606484113898,36.073249611661538],[138.05612734122229,36.07324961176981],[138.0561273410834,36.073207941790784],[138.05612734094447,36.073166281811766],[138.0561898410279,36.073166281919768],[138.05618984088898,36.073124611940656],[138.05625234097232,36.073124612048659],[138.0562523408334,36.073082942069547],[138.05631484091674,36.073082942177372],[138.05631484077793,36.073041282198083],[138.056314840639,36.072999612218794],[138.05637734072235,36.072999612326527],[138.05637734058342,36.072957942347415],[138.05637734044461,36.072916282368041],[138.05643984052776,36.072916282475688],[138.05643984038892,36.072874612496307],[138.05650234047226,36.072874612603869],[138.05650234033334,36.072832942624402],[138.05656484041668,36.072832942732049],[138.05656484027787,36.07279128275249],[138.05656484013886,36.072749612772938],[138.05662734022229,36.07274961288023],[138.05662734008337,36.072707942900585],[138.05668984016671,36.072707943007877],[138.05668984002779,36.072666283028411],[138.05668983988897,36.072624613048674],[138.05675233997229,36.072624613155881],[138.05675233983339,36.072582943176144],[138.05675233969447,36.072541283196415],[138.0568148397779,36.072541283303352],[138.05681483963897,36.072499613323529],[138.05681483950008,36.072457943343885],[138.05687733958339,36.072457943450729],[138.0568773394445,36.072416283470822],[138.05687733930569,36.072374613491],[138.05687733916676,36.072332943511086],[138.05693983925011,36.072332943617759],[138.05693983911118,36.072291283637938],[138.05693983897237,36.072249613657938],[138.05700233905551,36.072249613764427],[138.05700233891667,36.072207943784342],[138.05700233877778,36.072166283804521],[138.05706483886109,36.072166283910924],[138.0570648387222,36.072124613930747],[138.05706483858339,36.072082943950747],[138.0571273386667,36.072082944056973],[138.05712733852781,36.072041284076796],[138.05718983861112,36.07204128418293],[138.05718983847231,36.071999614202753],[138.05725233855563,36.071999614308893],[138.05725233841673,36.071957944328716],[138.05725233827781,36.071916284348362],[138.05731483836124,36.071916284454232],[138.05731483822223,36.071874614473877],[138.05731483808341,36.071832944493607],[138.05731483794449,36.071791284513168],[138.05737733802783,36.071791284619039],[138.05737733788891,36.071749614638591],[138.05737733775001,36.071707944658151],[138.05737733761117,36.071666284677974],[138.05743983769452,36.07166628478349],[138.05743983755559,36.071624614802957],[138.05743983741669,36.071582944822246],[138.05750233750013,36.07158294492767],[138.0575023373612,36.071541284947315],[138.0575023372223,36.071499614966697],[138.05750233708338,36.071457944986165],[138.05756483716664,36.07145794509141],[138.0575648370278,36.071416285110701],[138.05762733711114,36.071416285215776],[138.05762733697222,36.071374615235065],[138.05762733683332,36.07133294525444],[138.05762733669448,36.07129128527373],[138.05762733655558,36.071249615293112],[138.05762733641666,36.071207945312402],[138.0576898365,36.071207945417115],[138.05768983636116,36.071166285436497],[138.05768983622227,36.071124615455609],[138.05768983608334,36.071082945474899],[138.05775233616669,36.071082945579349],[138.05775233602776,36.071041285598639],[138.05781483611111,36.071041285703174],[138.05787733619451,36.071041285807716],[138.05793983627785,36.071041285912344],[138.0580023363612,36.071041286016793],[138.05806483644452,36.071041286121243],[138.05806483630562,36.07099961614],[138.05812733638885,36.07099961624445],[138.05812733624992,36.070957946263292],[138.05818983633327,36.070957946367656],[138.05818983619446,36.070916286386236],[138.05812733611111,36.070916286281964],[138.05812733597219,36.070874616300628],[138.05812733583329,36.070832946319477],[138.05812733569448,36.070791286338235],[138.05812733555555,36.070749616356814],[138.05812733541666,36.070707946375748],[138.05812733527773,36.070666286394413],[138.05818983536116,36.070666286498245],[138.05818983522224,36.070624616517001],[138.05818983508334,36.070582946535666],[138.05825233516666,36.070582946639405],[138.05825233502784,36.070541286658255],[138.05825233488892,36.070499616676656],[138.05825233475002,36.070457946695143],[138.0582523346111,36.070416286713993],[138.0582523344722,36.070374616732479],[138.05825233433328,36.070332946751151],[138.05825233419446,36.070291286769731],[138.05818983411115,36.070291286666432],[138.05818983397222,36.070249616685103],[138.0581898338333,36.07020794670386],[138.05812733374998,36.070207946600831],[138.05812733361108,36.070166286619411],[138.05812733347216,36.070124616638253],[138.05812733333335,36.070082946656925],[138.05812733319442,36.07004128667586],[138.05812733305552,36.069999616694439],[138.0581273329166,36.069957946713103],[138.05806483283345,36.06995794661043],[138.05806483269453,36.069916286629365],[138.05806483255563,36.069874616648121],[138.05800233247228,36.06987461654554],[138.05800233233339,36.069832946564475],[138.05800233219446,36.06979128658341],[138.05800233205557,36.069749616602166],[138.05800233191673,36.069707946621278],[138.05800233177783,36.069666286639944],[138.05806483186115,36.069666286742176],[138.05806483172225,36.069624616760933],[138.05800233163893,36.069624616658793],[138.05793983155559,36.069624616556652],[138.05793983141666,36.069582946575764],[138.05787733133334,36.069582946473624],[138.05787733119453,36.069541286492559],[138.05787733105561,36.069499616511671],[138.05787733091671,36.06945794653069],[138.05787733077779,36.069416286549895],[138.05787733063889,36.069374616568737],[138.05787733049996,36.069332946587764],[138.05793983058339,36.069332946689372],[138.05793983044447,36.069291286708484],[138.05793983030557,36.069249616727419],[138.05793983016665,36.069207946746353],[138.05800233025008,36.069207946847783],[138.05800233011115,36.069166286866718],[138.0580648301945,36.069166286968056],[138.05812733027773,36.0691662870694],[138.05812733013883,36.069124617088157],[138.05818983022215,36.069124617189587],[138.05818983008334,36.069082947208344],[138.05825233016665,36.069082947309596],[138.05825233002776,36.069041287327998],[138.05831483011107,36.069041287429158],[138.05831482997218,36.06899961744783],[138.05831482983336,36.068957947466316],[138.05831482969444,36.068916287484988],[138.05837732977778,36.068916287585886],[138.05837732963886,36.068874617604287],[138.05837732950005,36.068832947622688],[138.05837732936112,36.068791287641446],[138.05837732922222,36.06874961765967],[138.0583773290833,36.068707947678249],[138.05837732894449,36.068666287696651],[138.05837732880556,36.068624617715052],[138.05837732866667,36.068582947733631],[138.05837732852774,36.068541287752033],[138.05843982861117,36.068541287852398],[138.05843982847225,36.068499617870799],[138.05843982833335,36.0684579478892],[138.05843982819442,36.068416287907603],[138.05843982805553,36.068374617926182],[138.05850232813896,36.068374618026098],[138.05850232800003,36.068332948044414],[138.05850232786111,36.068291288062817],[138.05850232772221,36.068249618081126],[138.0585023275834,36.068207948099442],[138.05850232744447,36.068166288117844],[138.05843982736116,36.06816628801819],[138.05843982722223,36.068124618036414],[138.05837732713891,36.068124617936761],[138.05837732699999,36.06808294795534],[138.05837732686109,36.068041287973742],[138.05831482677775,36.068041287874266],[138.05831482663885,36.067999617892752],[138.05831482649992,36.067957947911424],[138.05825232641661,36.067957947811948],[138.05825232627777,36.067916287830528],[138.05818982619445,36.067916287731229],[138.05812732611102,36.067916287631931],[138.05812732597221,36.067874617650688],[138.05812732583328,36.067832947669444],[138.05812732569439,36.067791287688379],[138.0581898257777,36.0677912877875],[138.05818982563889,36.067749617805987],[138.05818982549997,36.067707947824658],[138.05825232558331,36.067707947923509],[138.05825232544439,36.067666287942359],[138.05831482552773,36.06766628804121],[138.05831482538889,36.067624618059611],[138.05837732547224,36.067624618158469],[138.05837732533331,36.067582948177048],[138.05837732519441,36.067541288195358],[138.05837732505552,36.067499618213851],[138.05837732491659,36.06745794823243],[138.05843982500002,36.067457948330926],[138.0584398248611,36.067416288349243],[138.0584398247222,36.067374618367552],[138.05850232480552,36.067374618465962],[138.0585023246667,36.067332948484456],[138.05856482475002,36.067332948582774],[138.05856482461112,36.067291288601268],[138.05862732469444,36.067291288699408],[138.05862732455563,36.067249618717547],[138.0586273244167,36.067207948735771],[138.05868982449996,36.067207948833826],[138.05868982436104,36.06716628885205],[138.05875232444438,36.067166288950105],[138.05875232430546,36.067124618968151],[138.05875232416665,36.06708294898602],[138.05881482424996,36.067082949083897],[138.05881482411107,36.067041289102121],[138.05881482397214,36.06699961911999],[138.05887732405549,36.066999619217867],[138.05887732391656,36.066957949235736],[138.05887732377775,36.066916289253605],[138.05893982386107,36.066916289351212],[138.05893982372217,36.066874619368996],[138.05893982358327,36.066832949386949],[138.05893982344443,36.066791289404733],[138.05900232352778,36.066791289502163],[138.05900232338885,36.066749619520124],[138.05900232324996,36.066707949537815],[138.05900232311112,36.066666289555684],[138.05900232297611,36.0666246195795],[138.05906482305937,36.066624619676844],[138.05906482292437,36.066582949700667],[138.05912732300752,36.066582949798011],[138.05918982309075,36.066582949895448],[138.05925232317381,36.066582949992792],[138.05931482325707,36.066582950090137],[138.05937732334021,36.066582950187481],[138.05937732320484,36.066541290211916],[138.0593148231217,36.066541290114486],[138.05931482298635,36.066499620138657],[138.05931482285098,36.066457950163013],[138.059252322768,36.066457950065399],[138.05925232263274,36.066416290089492],[138.05925232249746,36.066374620113663],[138.05925232236211,36.066332950137927],[138.05931482244492,36.066332950235626],[138.05931482230963,36.066291290259798],[138.05937732239235,36.066291290357682],[138.05937732225689,36.066249620381853],[138.05943982233953,36.066249620479823],[138.05943982220407,36.066207950504349],[138.0595023222867,36.066207950602319],[138.05950232215108,36.066166290626846],[138.0595648222336,36.066166290724901],[138.05956482236923,36.066207950700282],[138.05956482250485,36.066249620675663],[138.05962732258746,36.06624962077354],[138.0596273227232,36.066291290749099],[138.05962732285889,36.066332950724572],[138.05968982294169,36.066332950822357],[138.05968982307741,36.066374620797561],[138.05962732299463,36.066374620699861],[138.05962732313031,36.066416290675335],[138.05962732326594,36.066457950650801],[138.05962732340166,36.066499620626182],[138.05962732353737,36.066541290601648],[138.05968982362054,36.066541290699085],[138.05975232370361,36.066541290796522],[138.05975232383949,36.066582950771632],[138.05981482392255,36.066582950868977],[138.05987732400581,36.066582950966406],[138.05987732386981,36.066541290991381],[138.05987732373384,36.066499621016177],[138.0599398238169,36.066499621113707],[138.05993982368082,36.066457951138673],[138.05993982354485,36.066416291163563],[138.0599398234088,36.066374621188444],[138.06000232349166,36.066374621286144],[138.06000232335552,36.06633295131121],[138.06000232321944,36.0662912913361],[138.0600023230833,36.066249621361067],[138.05993982300066,36.066249621263104],[138.05993982286461,36.066207951288163],[138.05987732278197,36.066207951190201],[138.05987732264609,36.066166291215175],[138.05981482256357,36.066166291117121],[138.05981482242765,36.066124621141824],[138.0597523223453,36.066124621043684],[138.05968982226287,36.066124620945544],[138.05962732218043,36.066124620847489],[138.05956482209797,36.066124620749342],[138.05956482196234,36.066082950773783],[138.05956482182674,36.066041290798402],[138.05956482169111,36.065999620822843],[138.05956482155548,36.065957950847285],[138.05956482141985,36.065916290871904],[138.05950232133776,36.065916290773494],[138.05943982125569,36.065916290674991],[138.0593773211736,36.065916290576496],[138.05937732130894,36.065957950552054],[138.05943982139112,36.065957950650464],[138.0595023214733,36.065957950748874],[138.05950232160885,36.065999620724526],[138.05950232174447,36.06604129070017],[138.05950232187999,36.066082950675636],[138.05950232201553,36.066124620651195],[138.05950232215108,36.066166290626846],[138.05943982206864,36.066166290528791],[138.05943982220407,36.066207950504349],[138.05937732212146,36.066207950406294],[138.05937732225689,36.066249620381853],[138.05931482217429,36.066249620283976],[138.05931482230963,36.066291290259798],[138.05925232222694,36.066291290162013],[138.05925232236211,36.066332950137927],[138.05918982227951,36.066332950040135],[138.0591898221443,36.066291290064136],[138.05912732206161,36.066291289966259],[138.05912732192641,36.066249619990259],[138.05906482184372,36.06624961989229],[138.05906482170872,36.066207949916375],[138.05900232162608,36.066207949818406],[138.05900232149108,36.066166289842407],[138.05900232135608,36.06612461986623],[138.05900232122107,36.066082949890045],[138.05900232108615,36.06604128991404],[138.05906482116842,36.066041290012279],[138.05906482103333,36.06599962003618],[138.0591273211156,36.065999620134505],[138.05912732098042,36.065957950158413],[138.05912732084533,36.065916290182585],[138.05918982092743,36.065916290281088],[138.05925232100941,36.06591629037959],[138.05925232087407,36.065874620403676],[138.05931482095616,36.065874620502171],[138.05931482082079,36.065832950526527],[138.05931482068542,36.065791290550699],[138.05937732076734,36.065791290649372],[138.05937732063188,36.065749620673643],[138.05943982071372,36.065749620772408],[138.05943982057826,36.065707950796849],[138.05943982044272,36.065666290821113],[138.05943982030729,36.065624620845554],[138.05943982017175,36.065582950869903],[138.05937732009019,36.065582950770875],[138.05937731995482,36.065541290795309],[138.05937731981939,36.065499620819487],[138.05943981990086,36.0654996209187],[138.05943981976532,36.065457950942957],[138.05943981962986,36.065416290967491],[138.05943981949434,36.065374620991754],[138.05950231957553,36.065374621091138],[138.05950231943999,36.065332951115671],[138.05950231930447,36.065291291140028],[138.05950231916884,36.065249621164469],[138.05956481924986,36.06524962126403],[138.05956481911423,36.065207951288649],[138.0595648189786,36.065166291313091],[138.05956481884297,36.065124621337709],[138.05962731892373,36.06512462143754],[138.05962731878802,36.065082951461982],[138.05962731865239,36.065041291486693],[138.05968981873298,36.06504129158661],[138.05968981859726,36.064999621611229],[138.05975231867785,36.064999621711237],[138.05975231854194,36.064957951735856],[138.05975231840614,36.064916291760738],[138.05981481848647,36.06491629186084],[138.05981481835056,36.064874621885551],[138.05987731843098,36.064874621985737],[138.05987731856686,36.064916291960941],[138.05993981864734,36.064916292061127],[138.05993981878333,36.06495795203606],[138.06000231886381,36.064957952136155],[138.06000231899998,36.064999622111188],[138.06000231913612,36.065041292086299],[138.0600023192722,36.065082952061147],[138.06000231940837,36.065124622036265],[138.06000231954442,36.065166292011114],[138.06000231968051,36.065207951986224],[138.06000231981665,36.065249621961158],[138.06000231995273,36.065291291936191],[138.06000232008887,36.065332951911216],[138.06000232022495,36.06537462188615],[138.06000232036109,36.065416291861268],[138.06000232049718,36.065457951836109],[138.06000232063334,36.065499621811227],[138.0600648207147,36.065499621910348],[138.06006482085087,36.065541291885374],[138.06006482098704,36.065582951860222],[138.06006482112326,36.065624621835155],[138.06012732120482,36.065624621934106],[138.06012732134107,36.065666291908862],[138.06012732147732,36.065707951883887],[138.06018982155905,36.065707951982652],[138.0601898214228,36.065666292007805],[138.06025232150444,36.065666292106656],[138.06025232136813,36.065624622132077],[138.06031482144968,36.06562462223102],[138.06031482131326,36.065582952256349],[138.06031482117683,36.065541292281765],[138.0603773212581,36.065541292380885],[138.06037732112159,36.065499622406222],[138.06037732098508,36.065457952431544],[138.06043982106638,36.065457952530757],[138.06043982092984,36.06541629255635],[138.06050232101106,36.065416292655655],[138.06050232114774,36.06545795262997],[138.06056482122904,36.065457952729261],[138.0605648213658,36.065499622703669],[138.06056482150251,36.065541292678162],[138.06056482163928,36.065582952652392],[138.06056482177598,36.065624622626792],[138.06056482191275,36.065666292601108],[138.06056482204946,36.0657079525756],[138.06056482218622,36.065749622549916],[138.06056482232302,36.065791292524231],[138.06050232224109,36.065791292425558],[138.06050232237769,36.065832952400136],[138.0605023225144,36.065874622374452],[138.06043982243239,36.065874622275956],[138.06043982256898,36.065916292250535],[138.06037732248691,36.065916292152039],[138.06037732262342,36.065957952126524],[138.06031482254133,36.065957952028114],[138.06031482267784,36.065999622002877],[138.06031482281426,36.066041291977548],[138.06031482295069,36.066082951952126],[138.06037732303295,36.066082952050365],[138.06037732316946,36.066124622024944],[138.06037732330606,36.066166291999615],[138.06037732344259,36.066207951974107],[138.06043982352512,36.066207952072077],[138.06050232360775,36.066207952170039],[138.06056482369027,36.066207952268094],[138.06056482382704,36.066249622242324],[138.06062732390967,36.066249622340194],[138.06068982399239,36.066249622438164],[138.060752324075,36.066249622536041],[138.06075232421196,36.066291292510272],[138.06081482429465,36.066291292608142],[138.0608148241576,36.066249622634004],[138.06081482402067,36.066207952660051],[138.06081482388362,36.066166292685999],[138.06087732396614,36.066166292784054],[138.060877323829,36.066124622809916],[138.06093982391135,36.066124622908063],[138.06100232399382,36.066124623006203],[138.06106482407625,36.066124623104344],[138.06106482393895,36.066082953130476],[138.0611273240213,36.066082953228708],[138.06118982410374,36.066082953326855],[138.06125232418609,36.066082953425081],[138.06125232432359,36.066124623398693],[138.06131482440603,36.066124623496833],[138.06131482454362,36.066166293470438],[138.06131482468118,36.066207953443865],[138.06137732476373,36.06620795354192],[138.06137732462614,36.066166293568493],[138.06143982470866,36.066166293666548],[138.06150232479101,36.066166293764603],[138.06156482487356,36.066166293862658],[138.06162732495608,36.066166293960713],[138.06168982503863,36.066166294058768],[138.06175232512106,36.066166294156822],[138.06175232498305,36.066124624183658],[138.06181482506548,36.066124624281805],[138.06181482492735,36.066082954308825],[138.06187732500973,36.066082954406966],[138.06187732487152,36.066041294434157],[138.06193982495387,36.066041294532397],[138.06193982481557,36.065999624559495],[138.06200232489775,36.06599962465782],[138.06200232475948,36.065957954684926],[138.06206482484146,36.065957954783336],[138.06206482497993,36.065999624756145],[138.06212732506211,36.065999624854463],[138.06218982514437,36.065999624952873],[138.06225232522664,36.065999625051191],[138.06225232536519,36.066041295023737],[138.06225232550383,36.066082954996183],[138.06225232564248,36.066124624968722],[138.06225232578103,36.066166294941262],[138.0622523259197,36.066207954913708],[138.06225232605834,36.066249624886069],[138.06218982597562,36.066249624788107],[138.06218982611418,36.066291294760823],[138.06218982625273,36.066332954733454],[138.06218982639129,36.066374624705901],[138.06218982652976,36.066416294678532],[138.06218982666832,36.066457954651156],[138.06218982680687,36.066499624623695],[138.06212732672381,36.066499624526173],[138.06212732686228,36.06654129449889],[138.06212732700072,36.066582954471343],[138.06212732713919,36.06662462444406],[138.06206482705596,36.066624624346801],[138.06206482719435,36.066666294319603],[138.06200232711109,36.066666294222351],[138.06200232725001,36.066707954207857],[138.06193982716658,36.066707954110512],[138.06193982730551,36.066749624096019],[138.06187732722216,36.066749623998675],[138.06181482713885,36.06674962390133],[138.06181482727774,36.066791293886567],[138.06181482741667,36.066832953871987],[138.06175232733324,36.066832953774465],[138.06175232747216,36.066874623759617],[138.06175232761106,36.066916293744946],[138.06168982752774,36.066916293647424],[138.06168982766656,36.066957953632574],[138.06168982780548,36.066999623617725],[138.06162732772214,36.066999623519933],[138.06162732786106,36.067041293505177],[138.06156482777772,36.0670412934073],[138.06150232769437,36.0670412933096],[138.06150232783321,36.067082953294303],[138.06150232797211,36.067124623279454],[138.06150232811103,36.067166293264521],[138.06150232824984,36.067207953249493],[138.06143982816661,36.067207953151261],[138.06143982830551,36.067249623136235],[138.06137732822219,36.06724962303818],[138.06137732836109,36.067291293022976],[138.06131482827777,36.067291292924743],[138.06131482841667,36.067332952909538],[138.06125232833335,36.067332952811128],[138.06118982824992,36.067332952712803],[138.06118982838885,36.067374622697336],[138.0611273283055,36.067374622598926],[138.06112732844443,36.067416292583545],[138.06106482836108,36.067416292485134],[138.06106482822219,36.067374622500516],[138.06106482808326,36.067332952516075],[138.06100232799994,36.067332952417843],[138.06100232786102,36.067291292433403],[138.06100232772212,36.06724962244887],[138.06093982763878,36.06724962235073],[138.0609398277777,36.06729129233517],[138.06087732769444,36.067291292236938],[138.06087732783337,36.067332952221108],[138.06081482774994,36.06733295212279],[138.06075232766662,36.067332952024557],[138.06075232780552,36.067374622008465],[138.0606898277222,36.067374621910055],[138.06062732763885,36.067374621811645],[138.06062732777778,36.067416291795908],[138.06056482769444,36.06741629169732],[138.06050232761112,36.067416291598818],[138.06050232774993,36.067457951582817],[138.06043982766661,36.067457951484229],[138.06043982780551,36.06749962146796],[138.06043982794444,36.067541291451867],[138.06043982808325,36.067582951435774],[138.06043982822217,36.067624621419505],[138.06037732813883,36.067624621320647],[138.06037732827775,36.067666291304469],[138.06031482819449,36.067666291205612],[138.06031482833333,36.067707951189163],[138.06031482847223,36.067749621172894],[138.06031482861113,36.067791291156716],[138.06031482874997,36.067832951140268],[138.06031482888886,36.067874621123998],[138.06025232880555,36.0678746210247],[138.06025232894444,36.067916291008252],[138.06025232908337,36.067957950991982],[138.06031482916669,36.067957951091458],[138.06031482930561,36.067999621074918],[138.06031482944451,36.068041291058648],[138.06031482958335,36.06808295104247],[138.06031482972224,36.068124621026023],[138.06031482986117,36.068166291009753],[138.06031482999998,36.068207950993305],[138.06037733008321,36.068207951093136],[138.06037733022214,36.068249621077044],[138.06031483013891,36.068249620977035],[138.0603148302778,36.068291290960943],[138.06025233019449,36.068291290860934],[138.0602523303333,36.068332950844393],[138.06025233047222,36.068374620828038],[138.06018983038888,36.068374620728029],[138.0601898305278,36.068416290711582],[138.06025233061112,36.068416290811591],[138.06031483069455,36.068416290911777],[138.0603773307777,36.068416291011872],[138.06037733091659,36.068457950995693],[138.06031483083336,36.068457950895507],[138.06025233075002,36.06845795079532],[138.0601898306667,36.068457950695134],[138.06012733058327,36.068457950594947],[138.06012733044446,36.068416290611395],[138.06006483036111,36.068416290511209],[138.06006483022222,36.068374620527834],[138.06006483008332,36.068332950544459],[138.06000232999997,36.06833295044445],[138.06000232986105,36.068291290461161],[138.05993982977773,36.068291290361245],[138.05987732969442,36.068291290261413],[138.05981482961107,36.068291290161405],[138.05975232952784,36.068291290061481],[138.05968982944449,36.068291289961564],[138.0596898293056,36.068249619978545],[138.05962732922225,36.068249619878713],[138.05956482913894,36.068249619778705],[138.0595023290555,36.068249619678873],[138.05943982897219,36.068249619579042],[138.05943982911108,36.068291289561884],[138.05937732902777,36.068291289461875],[138.05937732916658,36.068332949444539],[138.05931482908323,36.068332949344438],[138.05925232899992,36.068332949244521],[138.05925232913881,36.068374619226915],[138.05918982905558,36.068374619126999],[138.05918982919451,36.068416289109308],[138.05912732911116,36.068416289009122],[138.05912732924997,36.068457948991608],[138.0591273293889,36.068499618973739],[138.0591273295278,36.068541288956226],[138.05912732966672,36.068582948938712],[138.05906482958329,36.068582948838255],[138.0590648297223,36.068624618820479],[138.05906482986111,36.068666288802788],[138.05906483000004,36.068707948785097],[138.05906483013894,36.068749618767313],[138.05906483027786,36.068791288749715],[138.05906483041667,36.068832948731846],[138.0590648305556,36.068874618714332],[138.05912733063892,36.068874618815229],[138.05912733077784,36.068916288797624],[138.05912733091665,36.068957948779847],[138.05918983100008,36.068957948880922],[138.05918983113889,36.068999618863316],[138.05918983127782,36.069041288845717],[138.05925233136105,36.069041288946877],[138.05925233122213,36.068999618964483],[138.05931483130547,36.068999619065558],[138.05937733138887,36.068999619166718],[138.05937733152771,36.069041289149297],[138.05937733166661,36.06908294913196],[138.05943983174996,36.069082949233213],[138.05943983188885,36.069124619215877],[138.05943983202778,36.069166289198542],[138.05950233211109,36.069166289299972],[138.05950233225002,36.069207949282813],[138.05950233238892,36.069249619265477],[138.05950233252784,36.069291289248497],[138.05956483261116,36.069291289350105],[138.05956483275,36.069332949332676],[138.05962733283332,36.069332949434376],[138.05962733297224,36.069374619417395],[138.05962733311114,36.069416289400323],[138.05968983319448,36.0694162895022],[138.05968983333338,36.069457949485042],[138.05975233341672,36.069457949587004],[138.05975233355562,36.069499619570024],[138.05975233369455,36.069541289553044],[138.05975233383336,36.06958294953624],[138.05981483391662,36.069582949638203],[138.05981483405552,36.069624619621223],[138.05981483419441,36.06966628960442],[138.05981483433325,36.069707949587617],[138.05987733441668,36.069707949689935],[138.05987733455549,36.069749619673132],[138.0599398346389,36.06974961977545],[138.0599398345,36.069707949792161],[138.05987733441668,36.069707949689935],[138.05987733427776,36.069666289706646],[138.05987733413883,36.069624619723363],[138.05993983422218,36.069624619825504],[138.05993983408337,36.069582949842484],[138.05993983394444,36.069541289859018],[138.05993983380554,36.069499619875913],[138.06000233388886,36.069499619977876],[138.06000233374996,36.069457949994501],[138.06006483383328,36.069457950096286],[138.06006483369447,36.069416290112997],[138.06012733377779,36.069416290214875],[138.06018983386113,36.069416290316568],[138.06018983400003,36.069457950300034],[138.06025233408337,36.069457950401997],[138.06025233422227,36.06949962038555],[138.06025233436119,36.069541290369102],[138.06025233450001,36.069582950352832],[138.06018983441669,36.069582950250691],[138.06018983455559,36.069624620234066],[138.06018983469451,36.069666290217796],[138.06025233477783,36.069666290319937],[138.06031483486117,36.069666290422163],[138.06031483500007,36.069707950405984],[138.06025233491675,36.069707950303666],[138.06025233505557,36.069749620287219],[138.06025233519449,36.069791290270771],[138.06025233533339,36.069832950254501],[138.06025233547228,36.069874620238053],[138.06018983538888,36.069874620135465],[138.06018983552778,36.06991629011911],[138.0601898356667,36.069957950102484],[138.06012733558336,36.069957949999811],[138.06012733572229,36.069999619983363],[138.06012733586118,36.070041289966916],[138.06006483577787,36.070041289864065],[138.06006483591668,36.070082949847347],[138.0600648360556,36.070124619830814],[138.0600648361945,36.070166289814097],[138.06012733627784,36.070166289917125],[138.06018983636116,36.070166290020246],[138.06018983650009,36.070207950003976],[138.0602523365834,36.070207950107005],[138.06025233672233,36.070249620090465],[138.06031483680565,36.070249620193763],[138.06037733688891,36.070249620296877],[138.06043983697222,36.070249620400176],[138.06050233705557,36.07024962050329],[138.06056483713888,36.070249620606589],[138.06062733722223,36.070249620709703],[138.06068983730555,36.070249620812824],[138.06068983716673,36.070207950828916],[138.06075233725005,36.070207950931945],[138.06075233711115,36.070166290947682],[138.06081483719447,36.070166291050796],[138.06081483705566,36.070124621066626],[138.06087733713898,36.070124621169654],[138.06087733700008,36.070082951185299],[138.06087733686115,36.070041291201036],[138.06093983694441,36.07004129130398],[138.06093983680549,36.069999621319539],[138.06100233688892,36.069999621422212],[138.06100233674999,36.069957951437772],[138.06106483683334,36.069957951540445],[138.06106483669441,36.069916291556005],[138.06106483655552,36.069874621571472],[138.06112733663895,36.06987462167406],[138.06112733650002,36.069832951689619],[138.06118983658337,36.069832951792023],[138.06118983644444,36.06979129180732],[138.06125233652787,36.069791291909723],[138.06125233638886,36.069749621924927],[138.06131483647229,36.069749622027338],[138.06131483633337,36.06970795204272],[138.06137733641671,36.06970795214486],[138.06137733627779,36.069666292160065],[138.06137733613897,36.069624622174999],[138.06143983622229,36.069624622277232],[138.06143983608339,36.069582952292436],[138.06143983594447,36.069541292307463],[138.06143983580566,36.069499622322489],[138.0615023358888,36.069499622424452],[138.06150233574999,36.069457952439478],[138.06150233561107,36.069416292454505],[138.06156483569441,36.069416292556291],[138.06156483555549,36.069374622571139],[138.06156483541668,36.069332952585988],[138.06156483527775,36.069291292601193],[138.06156483513885,36.069249622616042],[138.06162733522217,36.069249622717471],[138.06162733508327,36.069207952732498],[138.06162733494443,36.06916629274717],[138.06168983502778,36.0691662928486],[138.06168983488885,36.069124622863356],[138.06168983474996,36.069082952878205],[138.06168983461114,36.069041292892969],[138.06175233469446,36.069041292994129],[138.06175233455556,36.068999623008892],[138.06181483463888,36.068999623110145],[138.06181483449998,36.068957953124638],[138.06181483436114,36.068916293139395],[138.06187733444449,36.068916293240385],[138.06187733430556,36.068874623254878],[138.06193983438891,36.068874623355775],[138.06193983424998,36.068832953370176],[138.06193983411117,36.068791293384848],[138.06200233419449,36.06879129348566],[138.06200233405559,36.068749623499976],[138.06200233391667,36.068707953514469],[138.06206483399993,36.068707953615188],[138.06206483386109,36.068666293629505],[138.06206483372219,36.068624623643728],[138.06212733380551,36.06862462374427],[138.06212733366661,36.068582953758678],[138.06218983374993,36.068582953859043],[138.06218983361103,36.068541293873182],[138.06225233369446,36.068541293973546],[138.06225233355553,36.068499623987591],[138.06231483363888,36.068499624088048],[138.06231483349995,36.068457954102186],[138.0623773335833,36.068457954202373],[138.06237733344446,36.068416294216334],[138.06237733330556,36.068374624230472],[138.06237733316664,36.068332954244433],[138.06243983324998,36.068332954344442],[138.06243983311114,36.068291294358488],[138.06243983297225,36.068249624372363],[138.06243983283332,36.068207954386324],[138.06250233291667,36.06820795448607],[138.06250233277783,36.068166294500116],[138.06250233263893,36.068124624513899],[138.0625023325,36.06808295452786],[138.06250233236111,36.068041294541729],[138.06250233222227,36.067999624555604],[138.06256483230561,36.067999624664409],[138.06256483216669,36.067957954678455],[138.06262733224995,36.067957954787431],[138.06262733211102,36.067916294801392],[138.06262733197212,36.067874624815531],[138.06268983205553,36.067874624924599],[138.06268983191663,36.067832954938652],[138.06268983177773,36.067791294952883],[138.06275233186105,36.067791295062037],[138.06275233172215,36.067749625076175],[138.06275233158331,36.067707955090228],[138.06281483166666,36.067707955199651],[138.06281483152773,36.067666295214053],[138.06287733161108,36.067666295323477],[138.06287733147224,36.0676246253377],[138.06287733133334,36.067582955352108],[138.06293983141666,36.067582955461617],[138.06293983127776,36.067541295475934],[138.06293983113892,36.067499625490257],[138.06300233122226,36.067499625600036],[138.06300233108334,36.067457955614529],[138.06300233094444,36.067416295628931],[138.06300233080552,36.067374625643247],[138.06300233066662,36.067332955657832],[138.06300233052781,36.067291295672412],[138.06300233038888,36.067249625686728],[138.06293983030554,36.067249625576594],[138.06293983016664,36.067207955590909],[138.06293983002774,36.067166295605404],[138.06300233011115,36.067166295715715],[138.06300232997225,36.067124625730031],[138.06300232983332,36.067082955744439],[138.06300232969443,36.067041295759019],[138.06306482977783,36.067041295869508],[138.06306482963893,36.066999625883909],[138.06306482950001,36.066957955898495],[138.06306482936111,36.066916295912904],[138.06312732944451,36.066916296023656],[138.06312732930553,36.06687462603815],[138.06312732916669,36.066832956052821],[138.06312732902779,36.066791296067315],[138.06312732888887,36.066749626081986],[138.06318982897213,36.066749626193008],[138.0631898288332,36.066707956207594],[138.06325232891655,36.066707956318702],[138.06331482899995,36.066707956429724],[138.06331482886105,36.066666296444573],[138.06337732894437,36.066666296555681],[138.06337732880547,36.066624626582438],[138.06343982888879,36.066624626693454],[138.06350232897213,36.066624626804483],[138.06350232883329,36.066582956831141],[138.06356482891664,36.066582956942071],[138.06356482905557,36.066624626915591],[138.06356482919446,36.066666296889018],[138.06356482933327,36.066707956873898],[138.0635648294722,36.066749626858787],[138.0635648296111,36.066791296843675],[138.06362732969444,36.066791296954605],[138.06368982977784,36.06679129706545],[138.06368982963895,36.066749627080739],[138.06362732955563,36.066749626969809],[138.06362732941662,36.066707956984928],[138.06362732927778,36.066666297000125],[138.06362732913888,36.066624627026613],[138.06362732899998,36.066582957053008],[138.06362732886106,36.066541297079759],[138.06356482877771,36.066541296968822],[138.06356482863882,36.066499626995309],[138.06356482850001,36.066457957021967],[138.06350232841658,36.066457956911215],[138.06350232827776,36.066416296937788],[138.06350232813884,36.066374626964446],[138.06350232799994,36.066332956991204],[138.0635023278611,36.06629129701777],[138.0635023277222,36.066249627044343],[138.06350232758328,36.066207957071185],[138.06350232744438,36.066166297097936],[138.06356482752778,36.066166297208248],[138.06356482738889,36.066124627234728],[138.06350232730554,36.066124627124509],[138.06350232716665,36.066082957151167],[138.06350232702772,36.066041297177918],[138.06350232688882,36.065999627204491],[138.0635023267499,36.065957957231063],[138.06343982666658,36.065957957121199],[138.06343982652777,36.065916297148036],[138.06337732644434,36.065916297038171],[138.0633773263055,36.065874627064922],[138.0633148262221,36.065874626955143],[138.06325232613875,36.065874626845272],[138.06318982605544,36.065874626735493],[138.06318982619433,36.065916296708565],[138.0631273261111,36.065916296598701],[138.06306482602776,36.065916296488837],[138.06300232594444,36.065916296379058],[138.06300232580554,36.065874626406156],[138.06300232566662,36.065832956433439],[138.0630023255278,36.065791296460546],[138.06300232538888,36.065749626487829],[138.06300232524998,36.065707956515112],[138.06300232511106,36.065666296542219],[138.06300232497225,36.065624626569502],[138.06300232483332,36.0655829565967],[138.06300232469442,36.065541296624076],[138.0630023245555,36.065499626651174],[138.0630023244166,36.065457956678287],[138.06300232427776,36.065416296705656],[138.06293982419444,36.06541629659668],[138.06287732411101,36.065416296487612],[138.0628148240277,36.065416296378629],[138.06275232394435,36.065416296269561],[138.06268982386104,36.065416296160578],[138.06262732377769,36.065416296051509],[138.06262732391653,36.065457956023693],[138.06262732405543,36.065499625996146],[138.06262732419435,36.0655412959686],[138.06256482411109,36.065541295859347],[138.06256482425002,36.065582955831623],[138.06256482438883,36.065624625803892],[138.06256482452775,36.065666295776083],[138.06256482466665,36.065707955748529],[138.06250232458333,36.065707955639013],[138.06250232472223,36.065749625611112],[138.06243982464042,36.065749625512346],[138.06243982477923,36.065791295484708],[138.06237732469734,36.065791295386035],[138.06231482461541,36.065791295287355],[138.06231482475414,36.065832955259808],[138.06225232467216,36.065832955161213],[138.06218982459023,36.065832955062632],[138.06218982472879,36.065874625035079],[138.06212732464672,36.065874624936583],[138.06212732450825,36.065832954964037],[138.06206482442624,36.065832954865364],[138.06206482428794,36.065791294892648],[138.06200232420613,36.065791294793883],[138.06200232406775,36.065749624821166],[138.06200232392948,36.065707954848449],[138.06200232379109,36.065666294875555],[138.06193982370945,36.065666294776705],[138.06193982357115,36.065624624803895],[138.06193982343297,36.065582954831001],[138.06187732335141,36.065582954732058],[138.0618773232132,36.065541294759164],[138.06187732307501,36.065499624786185],[138.06193982315637,36.065499624885391],[138.06193982301809,36.065457954912404],[138.06200232309948,36.065457955011617],[138.06200232296109,36.065416295038986],[138.06200232282279,36.065374625066184],[138.06206482290389,36.065374625165575],[138.06212732298502,36.065374625264958],[138.06212732284655,36.065332955292334],[138.06218982292773,36.06533295539181],[138.06225232300886,36.065332955491193],[138.06225232287022,36.065291295518655],[138.06218982278921,36.065291295419179],[138.06218982265062,36.065249625446555],[138.06212732256961,36.065249625346986],[138.06212732243114,36.065207955374447],[138.0621898225121,36.065207955474101],[138.06218982237363,36.065166295501385],[138.06218982223507,36.065124625529023],[138.06225232231583,36.065124625628769],[138.06225232217716,36.065082955656223],[138.06231482225783,36.065082955756054],[138.06231482211919,36.065041295783701],[138.06237732219986,36.065041295883617],[138.06243982228051,36.065041295983534],[138.06243982214161,36.064999626011172],[138.06250232222229,36.064999626111188],[138.0625023223611,36.06504129608355],[138.06256482244444,36.065041296191907],[138.06262732252767,36.06504129630035],[138.06262732266657,36.065082956272619],[138.06268982274992,36.065082956381069],[138.06275232283326,36.065082956489519],[138.06275232269434,36.065041296517151],[138.06281482277777,36.065041296625509],[138.06287732286108,36.065041296733959],[138.06293982294443,36.065041296842317],[138.06300232302775,36.065041296950767],[138.06300232288885,36.064999626977865],[138.06306482297217,36.064999627086223],[138.06306482283335,36.064957957113336],[138.06306482269443,36.064916297140527],[138.06306482255553,36.064874627167633],[138.06306482241661,36.064832957194739],[138.06306482227779,36.064791297222023],[138.06306482213887,36.064749627249043],[138.06306482199997,36.064707957276326],[138.06306482186113,36.06466629730334],[138.06300232177773,36.0646662971956],[138.06300232163892,36.064624627222798],[138.06300232149999,36.064582957250082],[138.06293982141665,36.064582957142434],[138.06293982155549,36.064624627115066],[138.06287732147214,36.064624627007419],[138.06281482138883,36.064624626899679],[138.06275232130548,36.064624626791939],[138.06275232116658,36.064582956819578],[138.0628148212499,36.06458295692714],[138.06281482111109,36.064541296954516],[138.06281482097216,36.064499626982062],[138.06281482083327,36.064457957009438],[138.06281482069437,36.064416297036985],[138.06281482055545,36.064374627064268],[138.06281482041663,36.064332957091636],[138.06281482027771,36.06429129711919],[138.06281482013881,36.064249627146566],[138.06287732022213,36.064249627253673],[138.06287732008332,36.064207957281141],[138.06287731994439,36.064166297308418],[138.06287731980549,36.064124627335701],[138.06287731966657,36.064082957363169],[138.06287731952776,36.064041297390446],[138.06281481944441,36.064041297283694],[138.06281481930552,36.06399962731124],[138.06281481916659,36.063957957338616],[138.06281481902769,36.063916297366163],[138.06281481888885,36.063874627393446],[138.06281481874996,36.063832957420907],[138.06281481861106,36.063791297448368],[138.06281481847213,36.063749627475744],[138.06287731855556,36.06374962758197],[138.06287731841664,36.063707957609253],[138.06287731827774,36.0636662976368],[138.06287731813882,36.063624627664083],[138.06287731799992,36.063582957691544],[138.06287731786108,36.063541297718828],[138.06287731772218,36.063499627746111],[138.06287731758326,36.063457957773572],[138.06287731744436,36.063416297800856],[138.06287731730552,36.063374627828317],[138.06287731716662,36.0633329578556],[138.0628773170277,36.063291297883062],[138.0628773168888,36.063249627910345],[138.06293981697223,36.063249628015768],[138.06293981683331,36.063207958042966],[138.06287731674996,36.063207957937628],[138.06287731661106,36.06316629796509],[138.06287731647217,36.063124627992373],[138.06287731633324,36.063082958019834],[138.06287731619443,36.063041298047118],[138.06287731605551,36.062999628074493],[138.06281481597219,36.062999627969504],[138.06281481583326,36.062957957996971],[138.06281481569445,36.062916298024341],[138.06281481555553,36.062874628051887],[138.06281481541663,36.062832958079262],[138.0628148152777,36.062791298106816],[138.06275231519439,36.062791298002097],[138.06275231505546,36.062749628029557],[138.06275231491657,36.062707958057018],[138.06275231477773,36.062666298084565],[138.06275231463883,36.062624628112033],[138.0627523144999,36.062582958139402],[138.06275231436101,36.062541298167041],[138.06281481444444,36.062541298271313],[138.06281481430551,36.062499628298681],[138.06275231422217,36.062499628194502],[138.06275231408327,36.062457958222055],[138.06275231394437,36.062416298249516],[138.06275231380545,36.06237462827697],[138.06275231366664,36.062332958304523],[138.06275231352771,36.062291298331985],[138.06275231338881,36.062249628359538],[138.06275231324989,36.062207958386992],[138.06275231311108,36.062166298414638],[138.06268981302773,36.062166298310984],[138.06268981288883,36.062124628338445],[138.06262731280549,36.062124628234884],[138.06256481272226,36.062124628131414],[138.06256481258333,36.062082958159053],[138.06250231250002,36.062082958055576],[138.06243981242432,36.062082957950679],[138.06237731234862,36.062082957845789],[138.06231481227294,36.062082957740984],[138.06225231219716,36.062082957636093],[138.06218981212146,36.062082957531196],[138.06212731204576,36.062082957426391],[138.06206481197006,36.062082957321493],[138.06206481210845,36.062124627294303],[138.06200231203286,36.062124627189498],[138.06200231189447,36.062082957216688],[138.06193981181877,36.062082957111798],[138.06187731174307,36.062082957006908],[138.0618148116674,36.062082956902103],[138.06175231159162,36.062082956797205],[138.06168981151592,36.062082956692308],[138.06162731144022,36.062082956587503],[138.06162731157815,36.06212462656076],[138.06156481150236,36.062124626455955],[138.06150231142661,36.062124626351149],[138.06143981135091,36.06212462624643],[138.06137731127512,36.062124626141625],[138.06131481119942,36.06212462603682],[138.06131481133693,36.062166296010425],[138.06125231126114,36.062166295905712],[138.06125231139862,36.062207955879224],[138.06118981132266,36.062207955774596],[138.06118981146017,36.062249625748294],[138.06118981159756,36.062291295721892],[138.06112731152152,36.062291295617356],[138.06112731165882,36.062332955591231],[138.0610648115827,36.062332955486781],[138.06106481172,36.062374625460471],[138.06100231164388,36.062374625356114],[138.0610023117811,36.062416295330067],[138.06100231191823,36.062457955304026],[138.06093981184191,36.062457955199761],[138.06093981197913,36.062499625173629],[138.06093981211626,36.062541295147682],[138.06100231219276,36.062541295251776],[138.06100231232989,36.062582955225551],[138.06106481240647,36.06258295532956],[138.06106481254378,36.062624625303428],[138.06106481268111,36.062666295277396],[138.06112731275778,36.06266629538122],[138.06118981283444,36.062666295485137],[138.06125231291111,36.062666295589054],[138.0612523127736,36.062624625615356],[138.06131481285018,36.06262462571928],[138.06137731292688,36.062624625823283],[138.06137731306444,36.062666295796802],[138.06137731320212,36.062707955770222],[138.06137731333979,36.062749625743649],[138.06137731347735,36.062791295717261],[138.06137731361503,36.062832955690595],[138.06137731375262,36.0628746256642],[138.06143981382974,36.062874625767762],[138.06143981396738,36.062916295741012],[138.06143981410506,36.062957955714438],[138.06143981424282,36.06299962568778],[138.06143981438058,36.063041295661208],[138.06143981451822,36.063082955634719],[138.0614398146559,36.063124625608054],[138.06143981479366,36.063166295581482],[138.06143981493133,36.063207955554731],[138.06143981506909,36.06324962552825],[138.06143981520677,36.06329129550177],[138.0614398153445,36.063332955475104],[138.06143981548217,36.063374625448532],[138.06143981561993,36.063416295421781],[138.06143981575761,36.063457955395293],[138.06137731567961,36.063457955292712],[138.06137731581725,36.06349962526614],[138.06131481573917,36.063499625163644],[138.06131481587676,36.063541295137156],[138.06125231579858,36.063541295034753],[138.06125231593606,36.063582955008442],[138.06118981585789,36.063582954906124],[138.06118981599536,36.063624624879644],[138.06112731591702,36.063624624777418],[138.06112731605441,36.063666294751201],[138.06106481597607,36.063666294648968],[138.06106481583876,36.0636246246751],[138.06100231576048,36.063624624572782],[138.06100231562326,36.063582954598999],[138.06093981554508,36.063582954496681],[138.06093981540795,36.063541294522629],[138.06087731532986,36.063541294420133],[138.06081481525177,36.06354129431773],[138.06081481511472,36.063499624343592],[138.06075231503672,36.063499624241089],[138.06075231489967,36.063457954267044],[138.06075231476279,36.063416294292821],[138.06068981468488,36.063416294190148],[138.06068981454803,36.06337462421601],[138.06068981441106,36.06333295424178],[138.06068981427427,36.063291294267557],[138.06062731419655,36.063291294164699],[138.06056481411881,36.063291294061855],[138.06050231404109,36.06329129395909],[138.06043981396334,36.063291293856238],[138.06043981382675,36.063249623881568],[138.06037731374909,36.063249623778717],[138.06031481367154,36.063249623675773],[138.06025231359388,36.063249623572837],[138.06025231345757,36.063207953598081],[138.06018981337991,36.063207953495052],[138.06012731330236,36.063207953392109],[138.06012731316611,36.063166293417353],[138.06012731302985,36.063124623442413],[138.0601273128936,36.063082953467656],[138.06006481281622,36.063082953364443],[138.06006481268008,36.063041293389418],[138.06006481254391,36.062999623414484],[138.06012731262112,36.062999623517783],[138.06012731248487,36.06295795354302],[138.06018981256199,36.062957953646404],[138.06018981242573,36.062916293671556],[138.06018981228939,36.062874623696885],[138.06025231236643,36.062874623800447],[138.06025231223001,36.062832953825598],[138.06025231209367,36.062791293851021],[138.06025231195724,36.062749623876172],[138.06031481203408,36.062749623979911],[138.06031481189757,36.062707954005234],[138.06025231182082,36.062707953901409],[138.06025231168448,36.062666293926824],[138.06025231154806,36.062624623951976],[138.06025231141172,36.06258295397722],[138.06025231127529,36.062541294002642],[138.06031481135179,36.062541294106737],[138.06031481121528,36.062499624131974],[138.0603773112916,36.062499624236153],[138.06043981136798,36.06249962434034],[138.0605023114444,36.062499624444435],[138.06050231130772,36.062457954470119],[138.0605648113841,36.062457954574391],[138.06062731146042,36.062457954678578],[138.06062731132366,36.062416294704171],[138.06068981139987,36.062416294808529],[138.06075231147619,36.062416294912808],[138.06075231133914,36.062374624938577],[138.06075231120218,36.062332954964532],[138.0607523110653,36.062291294990303],[138.06075231092836,36.062249625016165],[138.06081481100432,36.062249625120792],[138.06081481086727,36.062207955146654],[138.06087731094323,36.062207955251282],[138.06087731080618,36.062166295277407],[138.06093981088188,36.062166295382127],[138.06093981074474,36.062124625408075],[138.06093981060752,36.062082955434029],[138.06100231068331,36.062082955538834],[138.06100231054609,36.062041295565137],[138.06106481062167,36.062041295670035],[138.06106481048437,36.06199962569616],[138.06106481034706,36.061957955722377],[138.06112731042256,36.061957955827452],[138.06112731028526,36.061916295853671],[138.06118981036067,36.061916295958831],[138.06118981022328,36.061874625985048],[138.06125231029861,36.061874626090301],[138.06131481037397,36.061874626195547],[138.0613773104493,36.061874626300707],[138.06143981052472,36.061874626405952],[138.06143981038696,36.061832956432617],[138.06143981024928,36.061791296459106],[138.06150231032436,36.061791296564436],[138.0615023101866,36.061749626591279],[138.06150231004887,36.061707956617852],[138.06150230991111,36.061666296644603],[138.06150230977326,36.061624626671176],[138.0615023096355,36.061582956697833],[138.06150230949774,36.061541296724585],[138.06150230935989,36.061499626751157],[138.06150230922213,36.06145795677773],[138.0614398091476,36.061457956671859],[138.06143980900993,36.06141629669861],[138.06143980887217,36.061374626725097],[138.06137730879763,36.061374626619049],[138.06137730866007,36.061332956645714],[138.06131480858562,36.061332956539573],[138.06125230851109,36.061332956433432],[138.06118980843661,36.061332956327298],[138.06112730836219,36.06133295622125],[138.06106480828771,36.061332956115109],[138.06100230821329,36.061332956008975],[138.06100230835051,36.06137462598285],[138.06093980827598,36.061374625876795],[138.0609398084132,36.061416295850847],[138.06093980855033,36.061457955824629],[138.06087730847568,36.061457955718758],[138.06087730861282,36.061499625692804],[138.06081480853811,36.061499625587025],[138.06081480867508,36.061541295561163],[138.06075230860026,36.061541295455385],[138.06068980852547,36.061541295349684],[138.06062730845073,36.061541295243906],[138.06056480837586,36.061541295138127],[138.06050230830112,36.061541295032342],[138.06050230816444,36.061499625057849],[138.06043980808974,36.061499624951978],[138.06037730801492,36.061499624846192],[138.0603148079403,36.061499624740321],[138.0602523078656,36.061499624634543],[138.06025230772917,36.061457954659694],[138.06025230759283,36.061416294685117],[138.06025230745641,36.061374624710353],[138.06025230732007,36.061332954735683],[138.06018980724562,36.061332954629549],[138.06018980710928,36.061291294654694],[138.06018980697294,36.061249624679846],[138.0601898068366,36.061207954705182],[138.06018980670027,36.061166294730242],[138.06012730662619,36.061166294623931],[138.06012730648985,36.061124624649082],[138.06012730635359,36.061082954674234],[138.0600648062796,36.061082954567738],[138.06006480614343,36.06104129459289],[138.06006480600718,36.060999624617864],[138.06006480587104,36.060957954642838],[138.06006480573487,36.060916294668075],[138.06000230566113,36.060916294561231],[138.06000230552496,36.060874624586205],[138.05993980545134,36.060874624479268],[138.05993980531525,36.060832954504335],[138.0598773052416,36.060832954397306],[138.05981480516795,36.060832954290369],[138.05981480503206,36.060791294315081],[138.05975230495869,36.060791294208144],[138.05968980488512,36.060791294101115],[138.05968980474933,36.060749624125734],[138.05962730467584,36.060749624018619],[138.05956480460236,36.060749623911505],[138.05956480446676,36.060707953936124],[138.05950230439328,36.060707953829009],[138.05950230425782,36.060666293853359],[138.05950230412219,36.060624623877985],[138.05943980404891,36.060624623770693],[138.05943980391345,36.060582953794949],[138.05937730384025,36.060582953687572],[138.05931480376705,36.060582953580194],[138.0593148039024,36.060624623556109],[138.05925230382911,36.060624623448724],[138.05925230369385,36.06058295347281],[138.05925230355857,36.060541293497074],[138.05918980348554,36.06054129338969],[138.05912730341242,36.060541293282228],[138.05906480333923,36.060541293174843],[138.05900230326611,36.060541293067374],[138.058939803193,36.060541292959996],[138.05893980305808,36.060499622983727],[138.05887730298497,36.060499622876165],[138.05887730285014,36.060457952899895],[138.0588773027153,36.060416292923719],[138.05887730258038,36.06037462294745],[138.05887730244558,36.060332952971088],[138.05881480237272,36.060332952863263],[138.05875230229995,36.06033295275553],[138.05868980222721,36.060332952647791],[138.05862730215452,36.060332952539966],[138.05862730201997,36.060291292563605],[138.05862730188531,36.06024962258698],[138.05862730175076,36.06020795261054],[138.05862730161618,36.060166292633909],[138.05862730148155,36.060124622657376],[138.058627301347,36.060082952680929],[138.0585648012746,36.060082952572749],[138.05850230120228,36.060082952464569],[138.05843980112985,36.060082952356296],[138.05837730105745,36.060082952248123],[138.05831480098513,36.060082952139936],[138.05825230091273,36.060082952031763],[138.05818980084032,36.060082951923576],[138.05812730076801,36.060082951815403],[138.05812730063397,36.060041291838246],[138.05806480056185,36.060041291729974],[138.05806480042781,36.059999621752908],[138.05800230035558,36.05999962164455],[138.05793980028335,36.059999621536193],[138.05793980014951,36.059957951558857],[138.05787730007737,36.0599579514505],[138.05787729994361,36.05991629147325],[138.05781479987155,36.059916291364715],[138.0577522997994,36.059916291256272],[138.05775229966582,36.059874621278666],[138.05781479973788,36.059874621387202],[138.05781479960413,36.059832951409689],[138.05781479947046,36.059791291432447],[138.0578147993368,36.059749621454927],[138.05775229926499,36.059749621346128],[138.05768979919313,36.059749621237415],[138.05768979905963,36.059707951259902],[138.05762729898785,36.059707951151097],[138.05762729885444,36.059666291173414],[138.05768979892613,36.059666291282298],[138.05768979879255,36.0596246213047],[138.05775229886416,36.05962462141359],[138.05775229873049,36.059582951436255],[138.05775229859691,36.059541291458657],[138.05781479866843,36.059541291567726],[138.05781479853468,36.059499621590476],[138.05787729860612,36.059499621699629],[138.05787729847233,36.059457951722123],[138.0578147984011,36.059457951612963],[138.05775229832966,36.059457951503717],[138.05775229819608,36.05941629152629],[138.05768979812484,36.059416291416959],[138.05768979799134,36.059374621439268],[138.05762729792008,36.059374621329937],[138.05762729778658,36.059332951352246],[138.05756479771551,36.059332951242823],[138.0575647975821,36.059291291265218],[138.05750229751121,36.059291291155702],[138.05750229737782,36.059249621177841],[138.05743979730681,36.059249621068233],[138.0574397971736,36.059207951090279],[138.0575022972445,36.059207951199966],[138.05750229711117,36.059166291222368],[138.0575647971819,36.059166291332062],[138.05756479704849,36.059124621354279],[138.0576272971193,36.059124621464058],[138.0576272969858,36.059082951486545],[138.0576272968523,36.059041291508763],[138.05762729671892,36.058999621531072],[138.05762729658542,36.058957951553566],[138.05762729645193,36.058916291576054],[138.05762729631843,36.058874621598271],[138.05762729618493,36.05883295162058],[138.05762729605152,36.058791291643068],[138.05762729591805,36.058749621665378],[138.05762729578456,36.058707951687595],[138.05762729565106,36.058666291710082],[138.05762729551756,36.058624621732392],[138.05762729538415,36.058582951754886],[138.05762729525065,36.058541291777104],[138.0576897953205,36.058541291887863],[138.05768979518692,36.058499621910258],[138.05768979505334,36.058457951932837],[138.05775229512307,36.058457952043682],[138.0577522949894,36.05841629206617],[138.05775229485582,36.058374622088742],[138.05768979478626,36.05837462197772],[138.05768979465276,36.058332952000029],[138.05768979451386,36.058291292019405],[138.05762729444439,36.05829129190839],[138.05762729430555,36.058249621927587],[138.05762729416665,36.058207951946876],[138.05756479409717,36.058207951835939],[138.05750229402778,36.058207951725009],[138.05750229388894,36.05816629174457],[138.05743979381947,36.058166291633725],[138.05743979368057,36.058124621653192],[138.05743979354165,36.058082951672567],[138.05737729347217,36.0580829515619],[138.05737729333336,36.058041291581631],[138.05737729319446,36.057999621601098],[138.05731479312499,36.057999621490609],[138.05731479298615,36.057957951510346],[138.05725229291667,36.057957951399857],[138.05725229277778,36.057916291419502],[138.05725229263885,36.057874621439325],[138.05718979256946,36.057874621329013],[138.05712729249998,36.057874621218616],[138.05706479243051,36.057874621108297],[138.05700229236103,36.0578746209979],[138.05700229222214,36.057832951017815],[138.0570022920833,36.057791291037901],[138.05693979201391,36.057791290927767],[138.05687729194443,36.057791290817548],[138.05687729180562,36.057749620837541],[138.05681479173614,36.057749620727407],[138.05681479159725,36.057707950747584],[138.05675229152777,36.057707950637543],[138.05675229138893,36.057666290657899],[138.05668979131946,36.057666290547942],[138.05662729124998,36.057666290437894],[138.05662729111108,36.057624620458256],[138.05656479104161,36.057624620348292],[138.05650229097222,36.057624620238343],[138.05643979090274,36.057624620128472],[138.05643979076382,36.057582950149005],[138.05637729069446,36.057582950039134],[138.05631479062507,36.057582949929269],[138.05625229055559,36.057582949819405],[138.05625229041667,36.05754128984038],[138.05618979034728,36.057541289730601],[138.0561272902778,36.057541289620822],[138.05606479020832,36.057541289511043],[138.05600229013885,36.057541289401264],[138.05593979006946,36.057541289291393],[138.05593978993056,36.057499619312551],[138.05587728986109,36.057499619202773],[138.0558147897917,36.057499619093079],[138.0558147896528,36.057457949114507],[138.05575228958332,36.057457949004814],[138.05575228944448,36.05741628902615],[138.05568978937501,36.057416288916542],[138.05568978923611,36.05737461893797],[138.05568978909727,36.057332948959569],[138.05568978895838,36.057291288980899],[138.05568978881945,36.057249619002498],[138.05568978868055,36.057207949023919],[138.05562728861108,36.057207948914673],[138.05562728847224,36.057166288936273],[138.05562728833334,36.057124618957694],[138.05562728819442,36.0570829489792],[138.0556272880556,36.057041289000807],[138.05568978812508,36.057041289109783],[138.05568978798618,36.056999619131119],[138.05568978784726,36.056957949152533],[138.05568978770833,36.05691628917414],[138.05562728763886,36.056916289065335],[138.05562728750004,36.056874619086841],[138.05556478743057,36.056874618978128],[138.05556478729167,36.056832948999819],[138.0555022872222,36.056832948891198],[138.05543978715272,36.056832948782571],[138.05537728708333,36.056832948673943],[138.05537728694441,36.05679128869572],[138.05537728680551,36.056749618717674],[138.05531478673603,36.056749618609146],[138.05525228666673,36.056749618500696],[138.05525228652783,36.056707948522558],[138.05525228638899,36.056666288544605],[138.05518978631952,36.056666288436247],[138.05518978618062,36.056624618458201],[138.05518978604169,36.056582948480155],[138.05512728597222,36.056582948371975],[138.05512728583341,36.0565412883942],[138.0551897859028,36.056541288502288],[138.05518978576396,36.056499618524242],[138.05518978562506,36.056457948546111],[138.05518978548614,36.056416288568329],[138.05525228555561,36.056416288676246],[138.05525228541671,36.056374618698108],[138.05518978534724,36.056374618590198],[138.0551897852084,36.056332948612322],[138.0551897850695,36.056291288634284],[138.05518978493058,36.056249618656238],[138.05518978479168,36.056207948678363],[138.05518978465284,36.056166288700325],[138.05518978451394,36.05612461872245],[138.05518978437505,36.056082948744404],[138.05512728430557,36.056082948637027],[138.05506478423609,36.056082948529649],[138.0550022841667,36.056082948422265],[138.05493978409723,36.056082948314881],[138.05487728402775,36.056082948207589],[138.05487728388891,36.056041288229991],[138.05487728375002,36.055999618252301],[138.05487728361109,36.05595794827461],[138.05487728347219,36.055916288297098],[138.0548147834028,36.055916288189984],[138.05481478326388,36.055874618212293],[138.0547522831944,36.055874618105264],[138.05475228305551,36.055832948127758],[138.0546897829862,36.055832948020822],[138.0546897828473,36.05579128804348],[138.05462728277783,36.055791287936636],[138.0546272826389,36.055749617959208],[138.05456478256951,36.055749617852364],[138.05450228250004,36.055749617745604],[138.05450228236114,36.055707947768447],[138.05443978229167,36.055707947661688],[138.05437728222219,36.055707947554929],[138.05431478215272,36.055707947448255],[138.05425228208333,36.055707947341503],[138.05418978201385,36.055707947234737],[138.05412728194446,36.055707947127985],[138.05406478187507,36.055707947021311],[138.05400228180559,36.055707946914552],[138.05393978173612,36.055707946807793],[138.05387728166664,36.055707946701034],[138.05381478159725,36.055707946594367],[138.05375228152778,36.055707946487601],[138.0536897814583,36.055707946380849],[138.05362728138883,36.055707946274083],[138.05356478131944,36.055707946167416],[138.05350228125008,36.055707946060657],[138.05350228111115,36.055666286084474],[138.05343978104176,36.055666285977807],[138.05343978090275,36.055624616001893],[138.05337728083339,36.055624615895312],[138.05337728069446,36.05558294591922],[138.05331478062499,36.055582945812731],[138.05331478048618,36.055541285836902],[138.0532522804167,36.055541285730413],[138.05318978034722,36.055541285624003],[138.05312728027775,36.055541285517513],[138.05306478020827,36.055541285411024],[138.05300228013897,36.055541285304614],[138.05293978006949,36.055541285198125],[138.05287728000002,36.055541285091721],[138.05287728013894,36.055582945067016],[138.05281478006947,36.05558294496052],[138.05275227999999,36.055582944853938],[138.05268977993052,36.055582944747442],[138.05262727986113,36.055582944640861],[138.0526272797222,36.055541284665836],[138.05256477965273,36.055541284559347],[138.05250227958334,36.055541284452943],[138.05250227944444,36.055499614477824],[138.05243977937505,36.055499614371428],[138.05243977923612,36.055457944396487],[138.05237727916665,36.055457944290168],[138.05237727902784,36.055416284315413],[138.05231477895836,36.055416284209187],[138.05225227888897,36.055416284102876],[138.0521897788195,36.055416283996649],[138.0521897786806,36.055374614021886],[138.05212727861112,36.055374613915745],[138.05206477854165,36.055374613809519],[138.05200227847217,36.055374613703385],[138.05200227833333,36.055332943728892],[138.05193977826386,36.055332943622759],[138.05193977812496,36.055291283648529],[138.05187727805566,36.055291283542481],[138.05181477798618,36.055291283436432],[138.05175227791671,36.055291283330384],[138.05175227777778,36.055249613356153],[138.0516897777083,36.055249613250197],[138.05168977784723,36.055291283224335],[138.05162727777784,36.055291283118287],[138.05156477770836,36.055291283012238],[138.05150227763889,36.05529128290619],[138.05143977756941,36.055291282800141],[138.05143977770834,36.05533294277383],[138.05137727763886,36.055332942667789],[138.05131477756947,36.055332942561648],[138.05131477770837,36.055374612535431],[138.05125227763898,36.055374612429205],[138.0511897775695,36.055374612323064],[138.05112727750003,36.055374612216838],[138.05112727763895,36.05541628219045],[138.05106477756948,36.055416282084131],[138.0510022775,36.055416281977905],[138.05093977743053,36.055416281871679],[138.05087727736114,36.055416281765361],[138.05081477729166,36.055416281659134],[138.05075227722227,36.055416281552908],[138.05068977715288,36.055416281446682],[138.05062727708341,36.055416281340371],[138.05056477701393,36.055416281234145],[138.05050227694446,36.055416281127918],[138.05043977687498,36.055416281021692],[138.05037727680559,36.055416280915381],[138.05037727694443,36.055457940887919],[138.05031477687496,36.055457940781601],[138.05025227680548,36.055457940675282],[138.05025227694438,36.055499610647828],[138.05018977687507,36.055499610541418],[138.0501272768056,36.055499610435106],[138.05006477673612,36.055499610328702],[138.05006477659722,36.055457940356341],[138.05000227652783,36.055457940250022],[138.04993977646316,36.055457940147974],[138.04987727639849,36.055457940046011],[138.04981477633379,36.055457939943963],[138.04975227626912,36.055457939842],[138.04975227640776,36.055499609814532],[138.049689776343,36.05549960971257],[138.04968977648156,36.055541279685201],[138.04962727641689,36.055541279583323],[138.04962727655533,36.055582939555862],[138.04956477649048,36.055582939454084],[138.04956477662887,36.055624609426886],[138.04950227656391,36.0556246093251],[138.0495022767023,36.055666279297725],[138.04943977663726,36.055666279196117],[138.04937727657222,36.055666279094424],[138.04937727671043,36.055707939067403],[138.0493147766453,36.055707938965796],[138.0493147767834,36.055749608938697],[138.04931477692162,36.055791278911769],[138.04925227685641,36.055791278810332],[138.04925227671828,36.055749608837175],[138.04925227658026,36.05570793886428],[138.04918977651514,36.055707938762673],[138.04912727645012,36.055707938661065],[138.04912727631216,36.055666278687724],[138.04906477624732,36.055666278586116],[138.04906477610947,36.055624608612959],[138.04900227604443,36.055624608511266],[138.04900227590667,36.055582938537839],[138.04893977584183,36.055582938436046],[138.04887727577696,36.055582938334176],[138.04887727563931,36.055541278360835],[138.04887727550172,36.055499608387237],[138.04887727536405,36.055457938413809],[138.0488772752264,36.055416278440376],[138.04887727508881,36.055374608466863],[138.04887727495114,36.055332938493258],[138.04887727481346,36.055291278519917],[138.04881477474916,36.055291278417691],[138.04875227468474,36.055291278315373],[138.04868977462033,36.055291278213055],[138.048627274556,36.055291278110829],[138.04862727441861,36.055249608136954],[138.04856477435428,36.055249608034543],[138.04850227429003,36.055249607932225],[138.04850227415281,36.055207937958443],[138.04843977408859,36.055207937855954],[138.04837727402435,36.055207937753543],[138.04831477396002,36.055207937651133],[138.0482522738958,36.05520793754873],[138.04818977383155,36.055207937446234],[138.04818977396843,36.055249607420464],[138.04812727390419,36.055249607318054],[138.04806477383977,36.055249607215735],[138.04800227377552,36.055249607113325],[138.04793977371131,36.055249607011007],[138.04787727364698,36.055249606908603],[138.04787727351047,36.05520793693411],[138.04781477344622,36.055207936831707],[138.04775227338192,36.055207936729296],[138.04768977331767,36.0552079366268],[138.04762727325343,36.055207936524397],[138.04762727338968,36.055249606499153],[138.04756477332535,36.055249606396835],[138.04750227326105,36.055249606294424],[138.0474397731968,36.055249606192106],[138.04743977333277,36.055291276167225],[138.04737727326855,36.055291276064906],[138.04731477320414,36.055291275962674],[138.0472522731398,36.055291275860355],[138.04718977307539,36.055291275758037],[138.04712727301097,36.055291275655811],[138.04706477294656,36.055291275553493],[138.04700227288225,36.055291275451175],[138.04693977281784,36.055291275348949],[138.04687727275342,36.055291275246631],[138.04681477268917,36.055291275144313],[138.04675227262476,36.055291275041995],[138.04668977256037,36.055291274939762],[138.04668977269554,36.055332934915498],[138.04662727263113,36.055332934813265],[138.04662727276622,36.055374604789364],[138.04656477270171,36.055374604687216],[138.04650227263721,36.055374604584991],[138.04650227277222,36.05541627456126],[138.04643977270763,36.05541627445912],[138.04643977284255,36.055457934435211],[138.04637727277787,36.055457934333248],[138.04637727264304,36.055416274357071],[138.04637727250812,36.05537460438071],[138.04637727237329,36.055332934404348],[138.04637727223849,36.055291274428257],[138.04637727210357,36.055249604451987],[138.04637727196874,36.05520793447581],[138.0463772718339,36.055166274499456],[138.04637727169899,36.055124604523186],[138.04637727156407,36.055082934547002],[138.04631477150011,36.055082934444329],[138.04625227143615,36.05508293434174],[138.0461897713721,36.055082934239067],[138.04612727130802,36.055082934136486],[138.04612727144269,36.055124604112933],[138.04606477137852,36.055124604010345],[138.04600227131448,36.055124603907764],[138.04600227144894,36.055166273884481],[138.0459397713847,36.055166273781978],[138.04587727132056,36.05516627367949],[138.04581477125632,36.055166273576987],[138.04581477139052,36.055207933553881],[138.04575227132631,36.05520793345147],[138.04568977126223,36.055207933349067],[138.0456272711979,36.055207933246663],[138.04556477113368,36.05520793314416],[138.04550227106944,36.055207933041757],[138.0455022709356,36.055166273064422],[138.04550227080165,36.055124603087179],[138.04550227066781,36.055082933110015],[138.04543977060376,36.055082933007434],[138.04537727053969,36.05508293290476],[138.04531477047564,36.055082932802179],[138.04525227041157,36.055082932699506],[138.0451897703476,36.055082932596832],[138.04512727028364,36.055082932494244],[138.04512727015023,36.055041272516462],[138.04512727001674,36.054999602539041],[138.04512726988324,36.054957932561265],[138.04512726974974,36.054916272583753],[138.04512726961627,36.05487460260597],[138.04512726948286,36.054832932628372],[138.04512726934936,36.054791272650768],[138.04512726921587,36.054749602673077],[138.04512726908237,36.054707932695386],[138.04518976914574,36.054707932798593],[138.04525226920916,36.054707932901891],[138.04531476927252,36.054707933005091],[138.04537726933594,36.054707933108389],[138.04543976939937,36.054707933211688],[138.04550226946282,36.054707933314887],[138.04556476952615,36.054707933418186],[138.0456272695896,36.054707933521485],[138.04568976965302,36.054707933624684],[138.0457522697163,36.054707933727983],[138.04581476977972,36.054707933831281],[138.04587726984317,36.05470793393448],[138.0459397699066,36.054707934037779],[138.04593976977222,36.054666274061155],[138.04600226983555,36.054666274164539],[138.04606476989892,36.054666274267831],[138.04612726996226,36.054666274371215],[138.0461272700968,36.054707934347576],[138.04612727023138,36.054749604324201],[138.04612727036601,36.054791274300825],[138.04612727050059,36.054832934277272],[138.04612727063514,36.054874604253811],[138.04618977069885,36.054874604356748],[138.04625227076255,36.054874604459776],[138.04631477082617,36.054874604562713],[138.04637727088976,36.054874604665741],[138.04643977095347,36.054874604768685],[138.04650227101718,36.054874604871713],[138.04656477108088,36.054874604974657],[138.04662727114459,36.054874605077686],[138.04668977120829,36.054874605180714],[138.046752271272,36.054874605283651],[138.04681477133568,36.054874605386679],[138.04687727139921,36.054874605489616],[138.04693977146292,36.054874605592644],[138.04700227152662,36.054874605695588],[138.04706477159033,36.054874605798616],[138.04712727165403,36.05487460590156],[138.04718977171774,36.054874606004589],[138.04725227178142,36.054874606107525],[138.04731477184512,36.054874606210554],[138.04737727190883,36.05487460631349],[138.04743977197236,36.054874606416519],[138.04750227203607,36.054874606519462],[138.04756477209975,36.054874606622491],[138.04762727216345,36.054874606725434],[138.04768977222716,36.054874606828463],[138.04775227229086,36.054874606931399],[138.04781477235457,36.054874607034428],[138.04787727241828,36.054874607137364],[138.0479397724819,36.054874607240393],[138.04800227254549,36.054874607343336],[138.04806477260919,36.054874607446365],[138.0481272726729,36.054874607549309],[138.04818977273661,36.054874607652337],[138.04825227280031,36.054874607755366],[138.04831477286402,36.054874607858302],[138.04837727292761,36.054874607961331],[138.04843977299132,36.054874608064267],[138.04850227305502,36.054874608167296],[138.04856477311864,36.054874608270239],[138.04862727318235,36.054874608373268],[138.04868977324605,36.054874608476212],[138.04875227330976,36.05487460857924],[138.04881477337335,36.054874608682177],[138.04887727343706,36.054874608785205],[138.04893977350076,36.054874608888142],[138.04900227356447,36.05487460899117],[138.04906477362817,36.054874609094114],[138.04912727369179,36.054874609197142],[138.04918977375547,36.054874609300086],[138.04918977361746,36.054832939326921],[138.04918977347953,36.054791279353935],[138.04918977334151,36.054749609380693],[138.04918977320349,36.054707939407528],[138.04918977306556,36.054666279434542],[138.0492522731289,36.054666279537841],[138.04931477319224,36.054666279641225],[138.0493772732556,36.054666279744524],[138.04943977331894,36.054666279847815],[138.04950227338227,36.054666279951199],[138.04950227352057,36.05470793992383],[138.049564773584,36.054707940027122],[138.04962727364745,36.054707940130328],[138.0496897737107,36.054707940233627],[138.04975227377415,36.054707940336826],[138.04981477383757,36.054707940440125],[138.04987727390093,36.054707940543423],[138.04993977396435,36.054707940646622],[138.0500022740278,36.054707940749921],[138.05006477409728,36.054707940854996],[138.05012727416675,36.054707940960064],[138.05018977423612,36.054707941065132],[138.0501897740973,36.054666281092864],[138.05018977395841,36.054624611120325],[138.05025227402768,36.054624611225307],[138.05025227388887,36.05458294125286],[138.05031477395835,36.054582941357751],[138.05031477381942,36.054541281385035],[138.0503772738889,36.05454128148984],[138.05037727375,36.054499611517386],[138.05043977381948,36.054499611622106],[138.05043977395829,36.054541281594645],[138.05050227402776,36.05454128169945],[138.05056477409724,36.054541281804255],[138.05056477395834,36.054499611831538],[138.05062727402782,36.054499611936251],[138.05068977409729,36.054499612040971],[138.05068977395837,36.054457942067899],[138.05075227402784,36.054457942172526],[138.05081477409715,36.054457942277239],[138.05087727416662,36.054457942381873],[138.0509397742361,36.054457942486493],[138.05100227430557,36.054457942591213],[138.05106477437505,36.054457942695841],[138.05112727444444,36.054457942800468],[138.05118977451392,36.054457942905188],[138.05125227458339,36.054457943009808],[138.05131477465287,36.054457943114443],[138.05137727472217,36.054457943219063],[138.05143977479165,36.054457943323783],[138.05150227486112,36.05445794342841],[138.05156477493051,36.054457943533038],[138.05162727499999,36.054457943637757],[138.05168977506946,36.054457943742378],[138.05175227513894,36.054457943847012],[138.0517522750001,36.05441628387296],[138.05181477506949,36.054416283977503],[138.05181477493059,36.05437461400318],[138.05187727500007,36.054374614107722],[138.05187727486114,36.054332944133407],[138.05193977493053,36.054332944237856],[138.05193977479161,36.054291284263542],[138.05200227486108,36.054291284367906],[138.05200227472218,36.054249614393413],[138.05206477479166,36.054249614497678],[138.05212727486114,36.054249614601957],[138.05218977493061,36.054249614706315],[138.052252275,36.054249614810587],[138.05231477506948,36.054249614914951],[138.05237727513895,36.054249615019216],[138.05243977520843,36.054249615123496],[138.05250227527773,36.054249615227853],[138.05256477534721,36.054249615332125],[138.05262727541668,36.054249615436397],[138.05262727527776,36.054207945461194],[138.05262727513886,36.054166285486261],[138.05262727500002,36.054124615510965],[138.05262727486112,36.054082945535939],[138.05268977493051,36.054082945639948],[138.05275227499999,36.054082945744042],[138.05281477506946,36.054082945848045],[138.05287727513894,36.054082945952047],[138.05293977520842,36.054082946056056],[138.05293977506949,36.054041286080498],[138.05293977493059,36.053999616105031],[138.05293977479175,36.053957946129557],[138.05293977465286,36.053916286153999],[138.05293977451393,36.053874616178703],[138.05293977437503,36.053832946203144],[138.05300227444451,36.053832946306713],[138.05306477451381,36.05383294641036],[138.05312727458329,36.053832946513921],[138.05318977465276,36.053832946617575],[138.05325227472224,36.05383294672113],[138.05331477479172,36.053832946824784],[138.05337727486108,36.053832946928438],[138.05343977493055,36.053832947031992],[138.05350227500003,36.053832947135646],[138.0535647750695,36.053832947239208],[138.05362727513889,36.053832947342855],[138.05368977520828,36.053832947446423],[138.05375227527776,36.05383294755007],[138.05381477534723,36.053832947653632],[138.05387727541671,36.053832947757286],[138.0539397754861,36.05383294786084],[138.05400227555558,36.053832947964494],[138.05406477562505,36.053832948068148],[138.05412727569453,36.053832948171703],[138.05418977576383,36.053832948275357],[138.05425227583331,36.053832948378918],[138.05431477590278,36.053832948482565],[138.05437727597226,36.053832948586134],[138.05443977604165,36.053832948689781],[138.05450227611112,36.053832948793428],[138.0545647761806,36.053832948896996],[138.05462727625007,36.053832949000643],[138.05468977631955,36.053832949104205],[138.05475227638883,36.053832949207859],[138.0548147764583,36.053832949311413],[138.05487727652778,36.053832949415067],[138.05493977659725,36.053832949518629],[138.05500227666664,36.053832949622276],[138.05506477673612,36.05383294972593],[138.05512727680559,36.053832949829491],[138.05518977687507,36.053832949933138],[138.05525227694454,36.053832950036707],[138.05531477701385,36.053832950140354],[138.05537727708332,36.053832950243915],[138.0554397771528,36.053832950347569],[138.05550227722219,36.053832950451124],[138.05556477729166,36.053832950554778],[138.05562727736114,36.053832950658432],[138.05568977743062,36.053832950761986],[138.05575227750009,36.05383295086564],[138.05581477756948,36.053832950969202],[138.05587727763887,36.053832951072849],[138.05593977770835,36.053832951176418],[138.05600227777774,36.053832951280064],[138.05606477784721,36.053832951383626],[138.05612727791669,36.05383295148728],[138.05618977798616,36.053832951590927],[138.05625227805552,36.053832951694488],[138.05625227819453,36.053874621673778],[138.05631477826392,36.053874621777425],[138.0563772783334,36.053874621881079],[138.0563772784723,36.053916291860276],[138.05643977854169,36.053916291964015],[138.05643977840279,36.053874621984818],[138.05650227847218,36.053874622088472],[138.05650227861108,36.053916292067754],[138.05656477868055,36.053916292171493],[138.05656477881939,36.053957952151137],[138.05662727888887,36.053957952254969],[138.05668977895834,36.0539579523588],[138.05668977909724,36.053999622338353],[138.05675227916672,36.053999622442177],[138.05681477923619,36.053999622546101],[138.056814779375,36.054041292525923],[138.05687727944448,36.054041292629925],[138.05693977951395,36.054041292733842],[138.05693977937506,36.053999622753842],[138.05700227944445,36.053999622857759],[138.05700227958334,36.054041292837759],[138.05700227972218,36.054082952817851],[138.05700227986108,36.054124622797843],[138.05700228000001,36.05416629277785],[138.05700228013882,36.054207952757757],[138.05700228027774,36.054249622737842],[138.05693978020844,36.054249622633485],[138.05687728013896,36.054249622529213],[138.05681478006949,36.05424962242494],[138.05681478020838,36.054291292404763],[138.05675228013891,36.054291292300405],[138.05675228027783,36.054332952280049],[138.05675228041673,36.054374622259779],[138.05675228055557,36.054416292239601],[138.05668978048618,36.054416292135059],[138.05668978062499,36.054457952114618],[138.05668978076392,36.054499622094355],[138.05675228083339,36.054499622199067],[138.05675228069447,36.054457952219245],[138.05681478076394,36.054457952323872],[138.05687728083342,36.0544579524285],[138.05687728069452,36.054416292448764],[138.056939780764,36.054416292553398],[138.05693978062507,36.054374622573306],[138.05700228069438,36.054374622677841],[138.05706478076385,36.054374622782383],[138.05706478062493,36.054332952802298],[138.05706478048612,36.054291292822299],[138.05712728055559,36.054291292926656],[138.05712728041669,36.054249622946386],[138.05712728027777,36.054207952966209],[138.05706478020829,36.054207952861944],[138.05706478006948,36.05416629288203],[138.05706477993056,36.054124622901938],[138.05706477979166,36.054082952921945],[138.05712727986113,36.054082953025947],[138.05712728000003,36.054124623006032],[138.05718978006942,36.054124623110127],[138.05718978020832,36.054166293090397],[138.05725228027779,36.054166293194584],[138.05725228041672,36.054207953174668],[138.05731478048611,36.05420795327894],[138.05731478062501,36.054249623259381],[138.05737728069448,36.05424962336366],[138.05737728083341,36.054291293344193],[138.05737728097222,36.054332953324455],[138.05737728111114,36.054374623304895],[138.05737728125004,36.054416293285428],[138.05731478118057,36.054416293180893],[138.05731478131949,36.054457953161069],[138.05725228125002,36.054457953056442],[138.05718978118054,36.054457952951815],[138.05718978131944,36.054499622932084],[138.05712728124996,36.054499622827365],[138.05712728138889,36.054541292807365],[138.05712728152778,36.054582952787626],[138.05712728166662,36.054624622767633],[138.05712728180552,36.054666292747896],[138.05712728194445,36.054707952727895],[138.05712728208334,36.054749622708073],[138.05706478201387,36.054749622602912],[138.05706478215279,36.05479129258309],[138.0570647822916,36.054832952563089],[138.05700228222221,36.054832952457843],[138.05700228236105,36.054874622437836],[138.05700228249995,36.054916292417929],[138.05706478256943,36.054916292523359],[138.0571272826389,36.054916292628782],[138.05718978270838,36.054916292734205],[138.05718978284719,36.054957952714297],[138.05725228291666,36.054957952819812],[138.05731478298614,36.054957952925236],[138.05737728305562,36.054957953030751],[138.05743978312501,36.054957953136267],[138.05750228319448,36.054957953241697],[138.05756478326387,36.054957953347213],[138.05756478340271,36.054999623327923],[138.05756478354161,36.055041293308363],[138.0575647836805,36.055082953289073],[138.05756478381943,36.055124623269606],[138.05756478395824,36.055166293250323],[138.05750228388897,36.055166293144453],[138.05750228402786,36.05520795312507],[138.05750228416667,36.055249623105603],[138.0575022843056,36.055291293086228],[138.05756478437499,36.055291293192269],[138.0575647845138,36.055332953172716],[138.05750228444452,36.055332953066667],[138.05743978437505,36.055332952960526],[138.05743978451395,36.055374622941059],[138.05737728444447,36.055374622834925],[138.05737728458337,36.055416292815366],[138.05731478451389,36.05541629270914],[138.05731478465282,36.055457952689409],[138.05725228458334,36.055457952583097],[138.05725228472227,36.055499622563445],[138.05725228486116,36.055541292543808],[138.05725228499998,36.055582952523977],[138.05731478506945,36.055582952630473],[138.05737728513893,36.055582952737055],[138.0574397852084,36.055582952843551],[138.0574397850695,36.055541292863104],[138.05737728500003,36.0555412927567],[138.0573772848611,36.055499622776168],[138.05743978493058,36.055499622882571],[138.05743978479168,36.055457952902039],[138.05750228486116,36.055457953008357],[138.05750228472223,36.055416293027911],[138.05756478479162,36.055416293134137],[138.05756478465273,36.055374623153426],[138.0576272847222,36.055374623259652],[138.05762728458328,36.05533295327885],[138.05768978465275,36.05533295338499],[138.05768978451385,36.055291293404366],[138.05768978437501,36.055249623423478],[138.05768978423612,36.055207953442775],[138.05775228430551,36.055207953548731],[138.05775228416667,36.055166293567751],[138.05775228402777,36.055124623586956],[138.05775228388885,36.05508295360616],[138.05781478395832,36.055082953711846],[138.0578772840278,36.055082953817546],[138.0578772838889,36.055041293836567],[138.05793978395837,36.055041293942168],[138.05800228402785,36.055041294047776],[138.05800228388892,36.054999624066795],[138.0580647839584,36.054999624172403],[138.0580647838195,36.054957954191067],[138.05812728388881,36.054957954296583],[138.05812728374997,36.054916294315433],[138.05806478368058,36.054916294210003],[138.05800228361119,36.054916294104579],[138.05800228347229,36.054874624123428],[138.05806478354177,36.054874624228759],[138.05812728361107,36.054874624334104],[138.05818978368055,36.054874624439435],[138.05825228375002,36.05487462454478],[138.05831478381941,36.054874624650111],[138.05831478395831,36.05491629463171],[138.05831478409723,36.054957954613045],[138.05831478423613,36.054999624594558],[138.05831478437506,36.055041294575886],[138.05831478451387,36.055082954557392],[138.05837728458334,36.055082954663177],[138.05843978465282,36.055082954768871],[138.05850228472229,36.055082954874564],[138.05856478479168,36.055082954980257],[138.05862728486116,36.05508295508595],[138.05862728500006,36.055124625067634],[138.05868978506945,36.05512462517342],[138.05868978520829,36.055166295155288],[138.05875228527776,36.055166295261159],[138.05875228541666,36.055207955243198],[138.05881478548605,36.055207955349069],[138.05881478562497,36.055249625331022],[138.05887728569445,36.055249625436986],[138.05887728583335,36.05529129541911],[138.05893978590282,36.055291295525166],[138.05893978604163,36.055332955507204],[138.05893978618056,36.055374625489421],[138.05893978631946,36.055416295471645],[138.0589397864583,36.05545795545369],[138.05893978659728,36.055499625435907],[138.05900228666667,36.055499625542311],[138.05906478673614,36.055499625648714],[138.05912728680562,36.055499625755033],[138.05918978687509,36.05549962586143],[138.0592522869444,36.05549962596784],[138.05925228708332,36.055541295950412],[138.05925228722214,36.055582955932806],[138.05925228736103,36.05562462591547],[138.05925228749996,36.05566629589778],[138.05925228763886,36.055707955880358],[138.05931478770833,36.055707955987117],[138.05937728777772,36.055707956093876],[138.0594397878472,36.05570795620055],[138.05950228791667,36.055707956307302],[138.05956478798615,36.055707956414068],[138.05962728805562,36.05570795652082],[138.05968978812501,36.055707956627494],[138.05975228819449,36.055707956734253],[138.05981478826388,36.055707956841012],[138.05981478840269,36.055749626824031],[138.05987728847217,36.055749626930876],[138.05987728861109,36.05579129691408],[138.05987728874999,36.055832956897184],[138.05987728888883,36.055874626880467],[138.05987728902772,36.055916296863757],[138.0599397890972,36.055916296970778],[138.06000228916668,36.0559162970779],[138.06000228930552,36.055957957061182],[138.06000228944441,36.055999627044471],[138.06000228958334,36.056041297027932],[138.05993978951386,36.05604129692064],[138.05993978965276,36.056082956903836],[138.06000228972223,36.056082957011128],[138.06006478979162,36.056082957118505],[138.06006478993055,36.056124627102065],[138.06012729000003,36.056124627209442],[138.06012729013892,36.056166297192817],[138.0601897902084,36.056166297300287],[138.06018979034721,36.056207957283931],[138.06018979048613,36.056249627267391],[138.06018979062503,36.056291297250944],[138.06025229069451,36.056291297358683],[138.06025229083335,36.05633295734232],[138.06025229097224,36.056374627325873],[138.06025229111117,36.056416297309511],[138.06025229125007,36.056457957293063],[138.06018979118059,36.05645795718506],[138.06018979131952,36.05649962716862],[138.06018979145841,36.056541297152258],[138.0602522915278,36.056541297260438],[138.06031479159728,36.056541297368526],[138.06037729166667,36.056541297476713],[138.06043979173606,36.056541297584801],[138.06050229180553,36.056541297692888],[138.06050229194443,36.05658295767671],[138.06050229208336,36.056624627660618],[138.06043979201388,36.056624627552353],[138.06043979215278,36.056666297536253],[138.06043979229162,36.05670795751999],[138.06037729222214,36.056707957411632],[138.06037729236104,36.056749627395448],[138.06031479229176,36.056749627287005],[138.06031479243066,36.056791297270465],[138.06031479256947,36.056832957254286],[138.0603147927084,36.056874627237832],[138.06031479284729,36.056916297221655],[138.06031479298613,36.056957957205114],[138.06031479312503,36.056999627188937],[138.06031479326396,36.057041297172667],[138.06031479340285,36.057082957156311],[138.06031479354169,36.057124627140041],[138.06031479368059,36.057166297123771],[138.06037729374998,36.057166297232925],[138.06037729388879,36.057207957216562],[138.06037729402772,36.057249627200385],[138.06043979409719,36.057249627309716],[138.06050229416667,36.057249627419054],[138.06056479423614,36.0572496275283],[138.06056479409722,36.057207957544307],[138.06062729416669,36.057207957653546],[138.06068979423608,36.057207957762799],[138.06068979409727,36.057166297778799],[138.0606272940278,36.057166297669639],[138.06062729388887,36.057124627685468],[138.06062729374997,36.057082957701382],[138.06062729361116,36.057041297717475],[138.06062729347224,36.05699962773339],[138.06068979354171,36.056999627842281],[138.06068979340279,36.056957957858103],[138.06068979326389,36.05691629787411],[138.0606272931945,36.056916297765397],[138.0606272930556,36.056874627781227],[138.06062729291668,36.056832957797312],[138.06068979298615,36.056832957905939],[138.06068979284726,36.056791297921762],[138.06068979270833,36.056749627937769],[138.06075229277781,36.056749628046305],[138.06081479284728,36.056749628154748],[138.06081479298621,36.056791298138833],[138.06081479312502,36.056832958123188],[138.06081479326394,36.056874628107273],[138.06081479340284,36.056916298091622],[138.06081479354165,36.056957958075714],[138.06087729361113,36.056957958184512],[138.06093979368052,36.05695795829331],[138.06100229374999,36.056957958402208],[138.06106479381938,36.056957958511006],[138.06112729388886,36.056957958619805],[138.06112729402778,36.056999628604515],[138.06106479395831,36.056999628495625],[138.06106479409721,36.057041298480158],[138.06100229402773,36.05704129837126],[138.06100229416666,36.057082958355615],[138.06093979409718,36.057082958246546],[138.06093979423608,36.057124628230987],[138.06087729416669,36.057124628121827],[138.06087729430561,36.057166298106267],[138.06081479423614,36.057166297997114],[138.06081479437503,36.057207957981291],[138.06087729444451,36.057207958090444],[138.06087729458335,36.057249628074885],[138.06087729472225,36.057291298059056],[138.06087729486117,36.057332958043411],[138.06093979493045,36.057332958152834],[138.06093979506937,36.057374628137183],[138.06093979520827,36.057416298121538],[138.0609397953472,36.057457958105978],[138.06100229541659,36.057457958215664],[138.06100229555548,36.05749962820002],[138.06100229569441,36.057541298184546],[138.06106479576388,36.057541298294325],[138.06106479590278,36.05758295827868],[138.06112729597217,36.057582958388551],[138.0611272961111,36.057624628373254],[138.06106479604162,36.057624628263298],[138.06106479618052,36.057666298247916],[138.06100229611113,36.057666298137875],[138.06100229624997,36.057707958122307],[138.06093979618049,36.057707958012173],[138.06093979631939,36.057749627996614],[138.06087729625008,36.05774962788648],[138.06087729638892,36.057791297870835],[138.06081479631953,36.057791297760616],[138.06081479645835,36.057832957744786],[138.06081479659727,36.057874627729134],[138.06081479673617,36.05791629771322],[138.06081479687501,36.057957957697482],[138.0608147970139,36.05799962768166],[138.06081479715283,36.058041297666009],[138.06081479729173,36.0580829576501],[138.06081479743057,36.058124627634449],[138.06081479756946,36.058166297618712],[138.06081479770836,36.058207957602889],[138.06075229763889,36.058207957491952],[138.06068979756941,36.058207957381107],[138.06062729749993,36.05820795727017],[138.06056479743057,36.05820795715924],[138.0605022973611,36.058207957048396],[138.06043979729162,36.058207956937466],[138.06043979743052,36.058249626921281],[138.06043979756944,36.058291296905189],[138.06037729749997,36.058291296794167],[138.06037729763887,36.058332956777896],[138.06037729777537,36.058374626752567],[138.06031479770598,36.058374626641452],[138.06031479784241,36.058416296615945],[138.06031479797883,36.058457956590708],[138.06031479811537,36.058499626565293],[138.0603147982518,36.058541296539957],[138.06037729832153,36.058541296650716],[138.06037729845795,36.058582956625386],[138.06043979852785,36.058582956736053],[138.06043979866448,36.058624626710547],[138.06050229873438,36.058624626821128],[138.0605022985977,36.058582956846806],[138.06056479866763,36.05858295695748],[138.06062729873744,36.05858295706814],[138.06062729860076,36.058541297093825],[138.0606897986705,36.058541297204584],[138.06075229874034,36.058541297315344],[138.06075229860338,36.058499627341114],[138.06081479867311,36.058499627451958],[138.06081479881016,36.058541297426096],[138.06087729887992,36.058541297536848],[138.06087729901702,36.058582957510993],[138.06093979908678,36.058582957621653],[138.0610022991566,36.058582957732327],[138.06106479922653,36.058582957843079],[138.06112729929634,36.058582957953746],[138.06118979936628,36.058582958064413],[138.06118979950367,36.058624628038018],[138.06112729943376,36.058624627927443],[138.06112729957107,36.058666297901226],[138.06112729970846,36.05870795787483],[138.06106479963839,36.058707957764341],[138.06106479977569,36.058749627738294],[138.06100229970551,36.058749627627805],[138.06093979963532,36.058749627517408],[138.06093979977254,36.058791297491453],[138.06087729970244,36.058791297381148],[138.06081479963217,36.058791297270744],[138.06081479976922,36.058832957244789],[138.06075229969895,36.058832957134484],[138.06068979962868,36.058832957024258],[138.06068979976553,36.058874626998488],[138.06075229983588,36.058874627108708],[138.06075229997285,36.058916297082931],[138.06075230010973,36.058957957057075],[138.06075230024669,36.05899962703112],[138.06075230038363,36.059041297005351],[138.06081480045427,36.059041297115215],[138.06081480059123,36.059082957089444],[138.06081480072837,36.059124627063397],[138.06081480086533,36.059166297037628],[138.06081480100235,36.059207957011587],[138.06081480113932,36.059249626985725],[138.0608773012103,36.059249627095326],[138.06087730107325,36.059207957121188],[138.06093980114406,36.059207957230882],[138.06100230121496,36.059207957340568],[138.06100230107774,36.059166297366787],[138.06106480114863,36.05916629747648],[138.06112730121944,36.059166297586259],[138.06112730108205,36.059124627612384],[138.06118980115286,36.059124627722163],[138.06125230122365,36.059124627831942],[138.06125230108609,36.059082957858422],[138.06131480115681,36.059082957968293],[138.06137730122751,36.059082958078164],[138.06137730136518,36.059124628051592],[138.06137730150286,36.059166298025104],[138.06137730164042,36.059207957998439],[138.06131480156952,36.059207957888752],[138.06131480170711,36.059249627862442],[138.0613148018447,36.059291297836054],[138.06137730191577,36.059291297945563],[138.06137730205336,36.059332957918897],[138.061377302191,36.059374627892417],[138.06137730232868,36.059416297866022],[138.06143980239995,36.059416297975268],[138.06143980253759,36.059457957948609],[138.06150230260886,36.059457958057848],[138.06150230274662,36.059499628031276],[138.06156480281803,36.059499628140436],[138.06162730288938,36.059499628249597],[138.06168980296081,36.059499628358751],[138.06168980309883,36.059541298331737],[138.06162730302731,36.059541298222669],[138.06162730316524,36.059582958195918],[138.06162730330317,36.059624628169075],[138.06156480323156,36.059624628060092],[138.06156480336941,36.059666298033349],[138.06156480350725,36.059707958006683],[138.0615648036451,36.059749627979933],[138.06156480378294,36.059791297953268],[138.06150230371108,36.059791297844555],[138.06150230384884,36.059832957817719],[138.06156480392079,36.059832957926346],[138.06156480405863,36.059874627899681],[138.06156480419648,36.059916297873109],[138.06150230412445,36.059916297764573],[138.06150230426221,36.059957957737822],[138.06143980419006,36.059957957629464],[138.06143980432782,36.059999627602892],[138.06143980446558,36.060041297576142],[138.06143980460322,36.060082957549653],[138.06137730453082,36.06008295744148],[138.0613773046685,36.060124627414908],[138.06131480459609,36.06012462730672],[138.06125230452361,36.060124627198633],[138.0611898044512,36.060124627090453],[138.06112730437869,36.060124626982358],[138.06112730451611,36.06016629695614],[138.06106480444359,36.060166296848053],[138.06106480458092,36.060207956822012],[138.06106480471814,36.060249626795709],[138.06100230464554,36.060249626687792],[138.06100230478279,36.060291296661752],[138.06093980471002,36.060291296553928],[138.06093980484715,36.060332956527709],[138.06100230492001,36.060332956635534],[138.06106480499275,36.060332956743267],[138.06106480513006,36.060374626717234],[138.06106480526739,36.060416296691102],[138.06106480540461,36.060457956664884],[138.06106480554192,36.060499626638666],[138.06106480567922,36.060541296612627],[138.06112730575234,36.060541296720004],[138.06112730588967,36.0605829566937],[138.06118980596287,36.060582956801085],[138.06125230603607,36.060582956908377],[138.06131480610929,36.060582957015754],[138.06131480624686,36.060624626989359],[138.06137730632014,36.060624627096651],[138.06143980639345,36.060624627203943],[138.06143980625569,36.060582957230515],[138.0615023063288,36.060582957337807],[138.061564806402,36.060582957445192],[138.06162730647523,36.060582957552569],[138.06168980654843,36.060582957659946],[138.06175230662163,36.06058295776733],[138.06181480669483,36.060582957874622],[138.06187730676805,36.060582957982007],[138.06187730662992,36.060541298009198],[138.06193980670304,36.060541298116668],[138.06193980656477,36.060499628143688],[138.06193980642647,36.060457958170787],[138.06200230649949,36.060457958278349],[138.06200230636119,36.060416298305725],[138.06206480643397,36.060416298413372],[138.06212730650691,36.060416298520927],[138.06212730636844,36.06037462854821],[138.0621898064413,36.06037462865595],[138.06218980630274,36.060332958683318],[138.06225230637551,36.060332958791051],[138.06231480644834,36.060332958898883],[138.06231480630962,36.060291298926607],[138.06231480617097,36.060249628954068],[138.06237730624363,36.060249629061985],[138.06237730610482,36.060207959089709],[138.06243980617739,36.060207959197712],[138.06250230625,36.060207959305714],[138.06250230611116,36.060166299333353],[138.0625648061945,36.060166299433632],[138.06256480605558,36.060124629461356],[138.06262730613884,36.060124629561543],[138.06262730599991,36.060082959589266],[138.06268980608326,36.060082959689367],[138.06268980622215,36.060124629661729],[138.0627523063055,36.060124629761916],[138.06281480638881,36.060124629862187],[138.06287730647216,36.060124629962374],[138.06287730661106,36.060166299935005],[138.0629398066944,36.060166300035277],[138.0630023067778,36.060166300135556],[138.06300230663891,36.060124630162747],[138.06306480672222,36.060124630263026],[138.06312730680557,36.060124630363212],[138.06312730666664,36.060082960390403],[138.06306480658333,36.060082960290217],[138.06306480644452,36.060041300317323],[138.06300230636108,36.060041300217229],[138.06293980627774,36.060041300117135],[138.06293980613884,36.059999630144503],[138.0628773060555,36.059999630044587],[138.0628773059166,36.05995796007187],[138.06287730577776,36.059916300099331],[138.06281480569444,36.0599162999995],[138.06281480555555,36.059874630026783],[138.0627523054722,36.059874629927037],[138.06275230533328,36.059832959954406],[138.06268980524987,36.059832959854667],[138.06268980511106,36.059791299882392],[138.06262730502772,36.059791299782745],[138.06262730488879,36.059749629810291],[138.0626273047499,36.059707959838022],[138.06256480466666,36.059707959738546],[138.06250230458332,36.05970795963907],[138.06250230444451,36.059666299666702],[138.06250230430558,36.059624629694433],[138.06256480438893,36.059624629793817],[138.06256480425,36.05958295982164],[138.0625648041111,36.059541299849272],[138.06256480397226,36.059499629877095],[138.06250230388886,36.059499629777974],[138.06250230375002,36.059457959805613],[138.06256480383337,36.059457959904734],[138.0626273039166,36.059457960003854],[138.06268980399994,36.059457960102975],[138.06275230408326,36.059457960202003],[138.06281480416661,36.059457960301124],[138.06287730424992,36.059457960400245],[138.06287730411111,36.059416300427706],[138.06293980419443,36.059416300526735],[138.06300230427777,36.05941630062577],[138.06300230413885,36.059374630652876],[138.06306480422219,36.059374630751819],[138.06306480408335,36.059332960778924],[138.06306480394446,36.059291300806208],[138.06312730402777,36.059291300904974],[138.06312730388888,36.059249630931987],[138.06318980397211,36.059249631030752],[138.06318980383321,36.05920796105768],[138.0631898036944,36.059166301084879],[138.06318980355547,36.059124631111807],[138.06325230363882,36.05912463121031],[138.06325230349989,36.059082961237323],[138.06325230336108,36.059041301264159],[138.06325230322216,36.058999631291087],[138.0633148033055,36.058999631389412],[138.06331480316658,36.058957961416425],[138.06331480302777,36.058916301443361],[138.06337730311108,36.058916301541586],[138.06337730297219,36.058874631568251],[138.06337730283326,36.058832961595087],[138.06343980291661,36.058832961693142],[138.06350230300001,36.058832961791197],[138.06350230286111,36.058791301817948],[138.06356480294443,36.058791301915917],[138.06356480280553,36.058749631942405],[138.06362730288896,36.058749632040367],[138.06368980297228,36.058749632138245],[138.06368980311117,36.05879130211185],[138.06375230319435,36.058791302209904],[138.06381480327775,36.058791302307867],[138.06381480341659,36.058832962281471],[138.06387730349991,36.058832962379526],[138.0638773033611,36.058791302405837],[138.06393980344441,36.058791302503806],[138.06400230352776,36.058791302601861],[138.06400230366665,36.058832962575636],[138.06393980358325,36.058832962477581],[138.06393980372223,36.058874632451456],[138.06393980386108,36.058916302425331],[138.06387730377773,36.058916302327091],[138.06387730391666,36.058957962300788],[138.06387730405555,36.058999632274478],[138.06381480397224,36.058999632176068],[138.06381480411105,36.059041302149851],[138.06381480424997,36.059082962123547],[138.06375230416663,36.059082962025137],[138.06375230430555,36.059124631998657],[138.06375230444436,36.059166301972347],[138.06381480452779,36.059166302070935],[138.06381480466661,36.059207962044454],[138.06387730474995,36.059207962143127],[138.06387730488885,36.059249632117002],[138.06393980497216,36.059249632215767],[138.06393980511109,36.059291302189635],[138.06400230519444,36.059291302288486],[138.06400230533333,36.059332962262275],[138.06400230547223,36.059374632236228],[138.06406480555557,36.059374632335178],[138.0640648056945,36.059416302309224],[138.06406480583331,36.059457962283091],[138.06406480597221,36.059499632257143],[138.06412730605555,36.059499632356264],[138.06412730619445,36.059541302330132],[138.0641898062778,36.059541302429437],[138.0642523063612,36.059541302528643],[138.06431480644437,36.059541302627849],[138.06431480658327,36.059582962602164],[138.06437730666661,36.059582962701469],[138.06437730652777,36.059541302727062],[138.06431480644437,36.059541302627849],[138.06431480630545,36.059499632653804],[138.06425230622222,36.059499632554591],[138.0642523060834,36.059457962580368],[138.06425230594448,36.059416302606323],[138.06425230580555,36.059374632632],[138.06425230566666,36.059332962657862],[138.06425230552784,36.059291302683732],[138.06425230538892,36.059249632709502],[138.06425230525002,36.059207962735272],[138.06418980516668,36.059207962636599],[138.06412730508336,36.059207962537926],[138.06406480500002,36.059207962439245],[138.06406480513894,36.059249632413298],[138.06400230505551,36.059249632314533],[138.06393980497216,36.059249632215767],[138.06393980483327,36.0592079622418],[138.0640023049167,36.059207962340565],[138.06400230477777,36.059166302366791],[138.06400230463888,36.059124632392823],[138.06406480472219,36.059124632491326],[138.06406480458338,36.059082962517451],[138.0641273046667,36.059082962615953],[138.0641273045278,36.059041302641816],[138.06418980461112,36.059041302740226],[138.06418980447222,36.058999632766088],[138.06425230455562,36.058999632864413],[138.06431480463888,36.058999632962824],[138.06431480449996,36.058957962988593],[138.0643773045833,36.058957963086911],[138.06437730444438,36.058916303112689],[138.06443980452772,36.058916303210836],[138.06443980438888,36.058874633236428],[138.06443980424999,36.05883296326202],[138.06443980411106,36.058791303287705],[138.06450230419441,36.058791303385675],[138.06450230405557,36.058749633411182],[138.06450230391667,36.058707963436689],[138.06450230377777,36.058666303462374],[138.06456480386109,36.058666303560159],[138.06456480372228,36.058624633585495],[138.06450230363885,36.058624633487796],[138.0644398035555,36.058624633390096],[138.0644398034166,36.058582963415866],[138.06437730333329,36.058582963318166],[138.06437730319445,36.058541303343759],[138.06431480311113,36.058541303246244],[138.06425230302779,36.05854130314863],[138.06425230288897,36.058499633174492],[138.06418980280554,36.05849963307697],[138.06412730272223,36.058499632979448],[138.06406480263888,36.058499632881926],[138.06406480277781,36.058541302855971],[138.06400230269446,36.058541302758364],[138.06393980261115,36.058541302660842],[138.06387730252771,36.058541302563228],[138.06381480244437,36.058541302465713],[138.06375230236105,36.058541302368099],[138.06368980227782,36.058541302270484],[138.0636898021389,36.058499632296972],[138.06362730205558,36.05849963219945],[138.06356480197223,36.058499632101928],[138.06350230188892,36.058499632004498],[138.06343980180557,36.058499631906969],[138.06343980166668,36.058457961933811],[138.06337730158333,36.058457961836382],[138.06331480149993,36.058457961738945],[138.06325230141658,36.058457961641508],[138.06325230127777,36.058416301668352],[138.06325230113885,36.058374631695457],[138.06318980105553,36.058374631598113],[138.0631898009166,36.058332961625041],[138.06318980077779,36.058291301639002],[138.06312730069453,36.058291301541743],[138.06312730055564,36.058249631555618],[138.06312730041671,36.058207961569401],[138.06318980049997,36.058207961666653],[138.06325230058329,36.058207961763912],[138.06325230044439,36.058166301777874],[138.06331480052779,36.05816630187504],[138.06337730061114,36.058166301972292],[138.06343980069445,36.058166302069552],[138.06343980083329,36.05820796205559],[138.0635023009167,36.058207962152757],[138.06350230105554,36.058249632138882],[138.06350230119452,36.058291302125099],[138.06343980111112,36.058291302027847],[138.06343980125001,36.058332962013885],[138.0633773011667,36.058332961916719],[138.06337730130551,36.058374631890061],[138.06343980138894,36.058374631987313],[138.06350230147225,36.058374632084565],[138.06350230133336,36.05833296211123],[138.06356480141667,36.058332962208397],[138.06362730150002,36.058332962305656],[138.06362730163892,36.058374632279168],[138.06368980172226,36.058374632376513],[138.06375230180549,36.058374632473772],[138.06381480188884,36.058374632571116],[138.06387730197216,36.058374632668368],[138.06387730183334,36.058332962694493],[138.06393980191666,36.058332962791752],[138.06393980205559,36.05837463276562],[138.0640023021389,36.058374632862964],[138.06406480222225,36.058374632960223],[138.06412730230556,36.058374633057483],[138.06418980238891,36.058374633154827],[138.06425230247223,36.058374633252079],[138.06431480255549,36.058374633349423],[138.0643773026388,36.058374633446675],[138.06437730249999,36.058332963472274],[138.06443980258331,36.058332963569526],[138.06450230266665,36.058332963666786],[138.06450230252781,36.058291303680662],[138.06456480261116,36.058291303777914],[138.06456480247223,36.058249633791696],[138.06462730255558,36.058249633888863],[138.06462730241665,36.058207963902731],[138.0646898025,36.05820796399999],[138.06475230258343,36.058207964097249],[138.0647523024445,36.058166304111211],[138.06481480252793,36.05816630420837],[138.06487730261108,36.05816630430563],[138.06487730247227,36.058124634319412],[138.06493980255559,36.058124634416671],[138.06493980241669,36.058082964430454],[138.06500230250001,36.058082964527706],[138.06506480258332,36.058082964624873],[138.06506480244451,36.05804130463892],[138.06500230236119,36.05804130454176],[138.06493980227776,36.058041304444501],[138.06487730219442,36.058041304347242],[138.06487730205552,36.057999634361117],[138.06493980213884,36.057999634458284],[138.06500230222227,36.057999634555543],[138.06506480230561,36.057999634652703],[138.06512730238893,36.057999634749962],[138.06518980247228,36.057999634847221],[138.06518980233335,36.057957964861174],[138.06525230241678,36.057957964958348],[138.06525230227786,36.057916304972217],[138.0653148023612,36.057916305069384],[138.06531480222228,36.057874635083436],[138.06537730230562,36.057874635180688],[138.06537730216678,36.057832965194471],[138.06543980225004,36.057832965291723],[138.06543980211111,36.057791305305685],[138.06550230219446,36.057791305402858],[138.06550230205553,36.057749635416727],[138.06556480213888,36.057749635513893],[138.06556480200004,36.057707965527769],[138.06562730208339,36.057707965625021],[138.06562730194446,36.057666305638982],[138.0656898020278,36.057666305736234],[138.06568980188899,36.057624635750017],[138.06575230197231,36.057624635847191],[138.06575230183341,36.057582965861059],[138.06581480191673,36.057582965958225],[138.06587730200005,36.057582966055477],[138.06593980208339,36.057582966152737],[138.06600230216662,36.057582966249903],[138.06606480224997,36.057582966347155],[138.06612730233337,36.057582966444329],[138.06618980241672,36.057582966541581],[138.06625230250006,36.057582966638833],[138.06631480258338,36.057582966736007],[138.06637730266669,36.057582966833259],[138.06643980275004,36.057582966930426],[138.06650230283347,36.057582967027685],[138.06656480291662,36.057582967124937],[138.06662730300002,36.057582967222103],[138.06668980308336,36.057582967319362],[138.06668980322229,36.05762463730558],[138.06675230330561,36.057624637402739],[138.0667523034445,36.057666307388956],[138.06675230358334,36.057707967374995],[138.06675230372224,36.057749637361127],[138.06675230386116,36.057791307347344],[138.06681480394448,36.057791307444603],[138.06687730402783,36.057791307541763],[138.06693980411126,36.057791307639022],[138.06700230419457,36.057791307736188],[138.06706480427789,36.05779130783344],[138.06706480441673,36.057832967819479],[138.06706480455563,36.057874637805696],[138.06706480469455,36.05791630779165],[138.06706480483345,36.057957967777867],[138.06706480497229,36.057999637763814],[138.06706480511119,36.058041307750031],[138.06706480525011,36.058082967735984],[138.06706480538901,36.058124637722202],[138.06706480552793,36.058166307708419],[138.06706480566675,36.058207967694457],[138.06712730574998,36.058207967791624],[138.06718980583332,36.058207967888876],[138.06725230591675,36.058207967986135],[138.06731480600007,36.058207968083302],[138.06737730608342,36.058207968180554],[138.06737730622231,36.058249638166686],[138.06737730636124,36.058291308152903],[138.06737730650005,36.058332968138942],[138.06737730663895,36.058374638116717],[138.06737730677779,36.058416308094145],[138.06737730691668,36.05845796807192],[138.06737730705561,36.05849963804944],[138.0673773071945,36.058541308027131],[138.06737730733335,36.058582968004814],[138.06737730747224,36.058624637982419],[138.06743980755559,36.058624638080119],[138.0675023076389,36.058624638177818],[138.06756480772225,36.058624638275518],[138.06762730780565,36.058624638373217],[138.06768980788891,36.058624638470917],[138.06768980802781,36.058666308449048],[138.06768980816665,36.05870796842683],[138.06768980830554,36.058749638404962],[138.06768980844447,36.058791308383007],[138.06768980858328,36.058832968360875],[138.06768980872221,36.058874638338921],[138.06762730863895,36.058874638240781],[138.06762730877787,36.058916308218826],[138.06756480869453,36.058916308120594],[138.06756480883345,36.058957968098369],[138.06750230875002,36.058957968000051],[138.06750230888895,36.058999637977742],[138.0674398088056,36.058999637879424],[138.06743980894453,36.0590413078572],[138.06737730886118,36.05904130775879],[138.06737730899999,36.059082967736479],[138.06737730913892,36.059124637714078],[138.06737730927782,36.059166307691768],[138.06737730941666,36.05920796766928],[138.06737730955555,36.059249637646971],[138.06737730969448,36.059291307624754],[138.06737730983338,36.059332967602266],[138.0673773099723,36.059374637579957],[138.06737731011111,36.059416307557647],[138.06737731025004,36.059457967535252],[138.06737731038893,36.059499637512943],[138.06737731052786,36.059541307490449],[138.06737731066667,36.059582967468145],[138.06737731080557,36.059624637445744],[138.06737731094449,36.059666307423342],[138.06737731108331,36.059707967401124],[138.06737731122223,36.059749637378637],[138.06737731136113,36.05979130735642],[138.06737731149997,36.05983296733384],[138.06737731163886,36.059874637311623],[138.06737731177779,36.059916307289313],[138.06731481169444,36.059916307189482],[138.06731481183337,36.059957967166902],[138.06725231174994,36.059957967066978],[138.06725231188895,36.059999637044498],[138.06718981180552,36.059999636944575],[138.06718981194444,36.06004130692191],[138.0671273118611,36.060041306821816],[138.06712731199991,36.060082966799236],[138.06706481191668,36.060082966699142],[138.06706481205561,36.060124636676292],[138.0670648121945,36.060166306653628],[138.06706481233343,36.060207966631054],[138.06706481247232,36.060249636608212],[138.06706481261125,36.06029130658564],[138.06706481275006,36.060332966562797],[138.06706481288899,36.060374636540132],[138.06706481302788,36.060416306517467],[138.0670648131667,36.06045796649471],[138.06706481330562,36.060499636472045],[138.06706481344452,36.06054130644938],[138.06706481358336,36.060582966426622],[138.06706481372225,36.060624636403958],[138.06706481386118,36.060666306381123],[138.06706481400008,36.06070796635845],[138.067064814139,36.0607496363357],[138.06706481427781,36.060791306313035],[138.06706481441674,36.06083296629037],[138.06706481455564,36.060874636267613],[138.06700231447232,36.06087463616619],[138.06700231461113,36.060916306143433],[138.06700231475003,36.060957966120498],[138.06693981466671,36.060957966018982],[138.06687731458339,36.060957965917375],[138.06681481449996,36.060957965815767],[138.06675231441662,36.060957965714159],[138.06675231455554,36.06099963569114],[138.06675231469444,36.061041305668212],[138.06675231483328,36.061082965645099],[138.06675231497218,36.061124635622079],[138.0667523151111,36.061166305598881],[138.06675231525,36.061207965575946],[138.06675231538892,36.061249635552755],[138.06675231552774,36.061291305529735],[138.06675231566666,36.0613329655068],[138.06675231580556,36.061374635483602],[138.06675231594448,36.061416305460668],[138.0667523160833,36.061457965437469],[138.06675231622222,36.061499635414542],[138.06675231636112,36.061541305391522],[138.06675231650001,36.061582965368416],[138.06675231663885,36.061624635345396],[138.06675231677775,36.061666305322376],[138.06675231691668,36.061707965299263],[138.06675231705557,36.061749635276243],[138.06675231719441,36.061791305253045],[138.06668981711107,36.061791305150109],[138.06668981724999,36.061832965127081],[138.06662731716665,36.061832965023967],[138.06662731730557,36.061874635000677],[138.06656481722214,36.061874634897563],[138.06656481736107,36.061916304874366],[138.06650231727781,36.06191630477116],[138.06650231741673,36.061957964747876],[138.06643981733339,36.061957964644662],[138.06643981747231,36.061999634621202],[138.06643981761113,36.062041304597827],[138.06643981775005,36.062082964574273],[138.06643981788895,36.062124634550983],[138.06643981802787,36.062166304527608],[138.06643981816669,36.062207964504147],[138.06643981830558,36.062249634480771],[138.06643981844451,36.062291304457304],[138.06643981858332,36.06233296443402],[138.06643981872224,36.062374634410467],[138.06643981886114,36.062416304387092],[138.06643981899998,36.062457964363801],[138.06643981913888,36.062499634340341],[138.0664398192778,36.062541304316966],[138.0664398194167,36.062582964293412],[138.06643981955563,36.062624634270122],[138.06643981969452,36.062666304246839],[138.06643981983336,36.062707964223286],[138.06643981997226,36.062749634199911],[138.06643982011119,36.062791304176628],[138.06643982025,36.062832964153159],[138.06643982038889,36.062874634129784],[138.06643982052782,36.062916304106324],[138.06643982066674,36.062957964082941],[138.06643982080556,36.06299963405948],[138.06643982094445,36.063041304036105],[138.06643982108338,36.063082964012729],[138.06643982122227,36.063124633989261],[138.06643982136112,36.063166303965978],[138.06643982150001,36.063207963942425],[138.06643982163894,36.063249633919142],[138.06643982177783,36.063291303895767],[138.06643982191667,36.063332963872298],[138.06643982205557,36.063374633848923],[138.0664398221945,36.063416303825463],[138.06643982233331,36.06345796380208],[138.0664398224722,36.063499633778619],[138.06643982261113,36.063541303755244],[138.06643982275006,36.06358296373196],[138.06643982288895,36.0636246337084],[138.06643982302785,36.063666303685117],[138.06637732294445,36.063666303578984],[138.0663148228611,36.063666303472928],[138.06625232277779,36.063666303366794],[138.06618982269444,36.063666303260661],[138.06612732261104,36.063666303154605],[138.06612732274994,36.063707963130696],[138.06612732288886,36.063749633106966],[138.06612732302776,36.063791303083327],[138.06606482294444,36.063791302977009],[138.06606482280552,36.063749633000739],[138.0660023227222,36.063749632894513],[138.06593982263894,36.063749632788287],[138.06593982277778,36.063791302764386],[138.06600232286101,36.063791302870698],[138.06600232299994,36.063832962846703],[138.06600232313883,36.063874632822881],[138.06606482322218,36.063874632929284],[138.06612732330549,36.06387463303578],[138.06612732344442,36.063916303012135],[138.06612732358332,36.063957962988312],[138.06612732372224,36.063999632964581],[138.06612732386105,36.06404130294068],[138.06612732399998,36.064082962917034],[138.06612732413888,36.064124632893211],[138.06612732427777,36.064166302869481],[138.06612732441661,36.064207962845842],[138.06612732455551,36.064249632822026],[138.06612732469443,36.064291302798296],[138.06612732483325,36.064332962774472],[138.06612732497217,36.064374632750742],[138.06612732511107,36.064416302727096],[138.06612732524999,36.06445796270328],[138.06612732538881,36.064499632679549],[138.06612732552773,36.064541302655726],[138.06612732566663,36.064582962632002],[138.06612732580555,36.064624632608179],[138.06612732594436,36.064666302584449],[138.06612732608329,36.064707962560803],[138.06612732622219,36.064749632536987],[138.06612732636108,36.064791302513342],[138.06612732649992,36.064832962489433],[138.06612732663882,36.064874632465795],[138.06612732677775,36.064916302442064],[138.06612732691664,36.064957962418248],[138.06612732705548,36.064999632394517],[138.06612732719438,36.065041302370872],[138.06612732733331,36.065082962347049],[138.0661273274722,36.065124632323318],[138.06612732761113,36.065166302299502],[138.06612732774994,36.065207962275771],[138.06612732788886,36.065249632251948],[138.06612732802776,36.065291302228218],[138.0661273281666,36.065332962204579],[138.0661273283055,36.065374632180763],[138.0661273284444,36.065416302157118],[138.06612732858324,36.065457962133209],[138.06612732872213,36.065499632109479],[138.06612732886106,36.065541302085833],[138.06612732899995,36.065582962062017],[138.06612732913879,36.065624632038286],[138.06612732927778,36.065666302014463],[138.06612732941662,36.065707961990825],[138.06612732955551,36.065749631967009],[138.06612732969444,36.065791301943278],[138.06612732983325,36.06583296191954],[138.06612732997218,36.065874631895724],[138.06612733011107,36.065916301872079],[138.06612733025,36.06595796184817],[138.06612733038881,36.065999631824532],[138.06612733052771,36.066041301800801],[138.06612733066663,36.066082961776985],[138.06612733080556,36.066124631753254],[138.06612733094437,36.066166301729609],[138.06612733108327,36.066207961705786],[138.06612733122219,36.066249631681885],[138.06612733136109,36.066291301658239],[138.06612733149993,36.0663329616346],[138.06612733163882,36.066374631610685],[138.06612733177775,36.066416301586955],[138.06612733191656,36.066457961563316],[138.06612733205549,36.0664996315395],[138.06612733219438,36.066541301515855],[138.06612733233331,36.066582961491946],[138.06618983241663,36.066582961602876],[138.06625233249997,36.066582961713905],[138.06631483258329,36.066582961824835],[138.06637733266672,36.066582961935858],[138.06643983275004,36.066582962046795],[138.06643983288896,36.066624632023505],[138.06643983302786,36.066666302000129],[138.0664398331667,36.06670796198182],[138.06643983330559,36.066749631963589],[138.06643983344452,36.066791301945187],[138.06643983358333,36.066832961927055],[138.06643983372226,36.066874631908654],[138.06643983386115,36.06691630189043],[138.06643983400005,36.066957961872291],[138.06637733391665,36.066957961761631],[138.06637733405555,36.066999631743315],[138.06637733419447,36.067041301725268],[138.06637733433337,36.067082961706866],[138.06637733447229,36.06712463168882],[138.06637733461119,36.067166301670682],[138.06637733475003,36.067207961652372],[138.06637733488893,36.06724963163424],[138.06637733502785,36.067291301616102],[138.06637733516666,36.067332961597877],[138.06637733530559,36.067374631579476],[138.06637733544449,36.06741630156143],[138.06631483536117,36.067416301451559],[138.06625233527782,36.067416301341694],[138.06618983519439,36.06741630123183],[138.06612733511108,36.067416301121959],[138.06612733524997,36.06745796110409],[138.0661273353889,36.067499631086136],[138.06612733552782,36.06754130106826],[138.06612733566664,36.067582961050391],[138.06606483558329,36.067582960940797],[138.06606483544439,36.067541300958574],[138.06600233536105,36.067541300848973],[138.06593983527782,36.067541300739279],[138.06593983513892,36.06749963075697],[138.06587733505557,36.067499630647191],[138.06587733491665,36.067457960664974],[138.06581483483333,36.067457960555195],[138.06581483469452,36.067416300572617],[138.06575233461118,36.067416300462753],[138.06568983452775,36.067416300352974],[138.06562733444443,36.06741630024311],[138.06556483436111,36.067416300133239],[138.06550233427777,36.067416300023368],[138.06550233413884,36.06737463004044],[138.06543983405552,36.067374629930569],[138.06543983391663,36.067332959947819],[138.06537733383337,36.067332959837863],[138.06531483375005,36.067332959727821],[138.06531483361113,36.06729129974498],[138.06525233352781,36.067291299634931],[138.06525233338888,36.067249629651734],[138.06518983330557,36.0672496295416],[138.06518983316664,36.067207959558402],[138.06512733308332,36.067207959448268],[138.06512733294448,36.067166299465157],[138.06512733280559,36.067124629481874],[138.06512733266666,36.067082959498592],[138.06512733252777,36.067041299515481],[138.06512733238884,36.066999629532283],[138.06512733224994,36.066957959549171],[138.0650648321666,36.066957959438511],[138.06500233208328,36.066957959327929],[138.06493983199994,36.066957959217262],[138.06487733191662,36.066957959106595],[138.06487733205552,36.066999629090063],[138.06481483197228,36.066999628979481],[138.06481483211118,36.067041298963119],[138.06475233202778,36.067041298852629],[138.06475233216668,36.067082958836096],[138.06468983208336,36.067082958725692],[138.06468983222226,36.067124628709422],[138.06462733213885,36.067124628599117],[138.06462733227775,36.067166298582933],[138.06456483219443,36.067166298472621],[138.06456483233333,36.067207958456351],[138.0645023322499,36.067207958346131],[138.06450233238883,36.067249628330032],[138.06450233252775,36.067291298314032],[138.06450233266665,36.067332958297854],[138.06450233280555,36.067374628281584],[138.06450233294447,36.067416298265577],[138.06456483302782,36.067416298375448],[138.06456483316663,36.067457958359356],[138.06462733325003,36.067457958469134],[138.06468983333338,36.067457958578913],[138.0646898334723,36.067499628562551],[138.06475233355562,36.067499628672238],[138.06475233369451,36.067541298655883],[138.06481483377786,36.067541298765484],[138.06481483391667,36.067582958749128],[138.06487733399993,36.067582958858722],[138.06493983408325,36.06758295896833],[138.06500233416659,36.067582959077924],[138.06506483424999,36.06758295918744],[138.06506483438883,36.067624629170638],[138.06500233430549,36.067624629061129],[138.06500233444442,36.067666299044589],[138.06500233458331,36.067707959027786],[138.06506483466666,36.067707959137124],[138.06512733474997,36.067707959246547],[138.06512733461116,36.067666299263436],[138.06518983469448,36.06766629937286],[138.06518983483332,36.067707959355879],[138.06525233491672,36.06770795946521],[138.06525233505556,36.067749629448414],[138.06531483513896,36.067749629557746],[138.0653148352778,36.067791299540765],[138.06537733536121,36.067791299650011],[138.06537733550005,36.067832959632852],[138.06537733563894,36.067874629615787],[138.06531483555563,36.067874629506719],[138.06531483569452,36.067916299489553],[138.06537733577787,36.067916299598622],[138.0654398358611,36.067916299707605],[138.06550233594444,36.067916299816673],[138.06550233608326,36.067957959799514],[138.06550233622215,36.067999629782264],[138.06550233636108,36.068041299765021],[138.06556483644442,36.068041299873826],[138.06562733652783,36.068041299982625],[138.06568983661117,36.068041300091515],[138.06575233669449,36.068041300200321],[138.06575233655559,36.067999630217741],[138.06581483663891,36.067999630326632],[138.06587733672225,36.067999630435523]],[[138.05968983597225,36.070249619161785],[138.05968983583344,36.070207949178858],[138.05962733575001,36.070207949075737],[138.0596273356112,36.070166289092811],[138.05956483552785,36.070166288989782],[138.05956483538895,36.07012461900694],[138.05950233530552,36.070124618903911],[138.05950233544453,36.070166288886576],[138.05950233558335,36.070207948869594],[138.05950233572227,36.070249618852259],[138.05950233586117,36.070291288835008],[138.05950233599998,36.07033294881785],[138.05950233613891,36.070374618800514],[138.05956483622225,36.070374618903898],[138.05962733630557,36.070374619007282],[138.05962733644446,36.070416288990302],[138.05968983652781,36.070416289093778],[138.059689836389,36.070374619110758],[138.05968983625007,36.070332949127916],[138.05962733616676,36.070332949024532],[138.05962733602783,36.070291289041513],[138.05968983611118,36.07029128914472],[138.05968983597225,36.070249619161785]],[[138.06000233763893,36.070624619527834],[138.06006483772225,36.070624619631573],[138.0601273378056,36.070624619735405],[138.06012733766667,36.070582949751937],[138.06018983775002,36.070582949855677],[138.06025233783345,36.070582949959416],[138.06025233769452,36.070541289975957],[138.06031483777787,36.070541290079603],[138.06031483763894,36.070499620095788],[138.06031483750002,36.070457950112058],[138.0603148373612,36.070416290128506],[138.06025233727789,36.070416290025122],[138.06018983719446,36.07041628992156],[138.06012733711111,36.070416289818084],[138.06012733725004,36.070457949801551],[138.06006483716669,36.070457949697897],[138.06006483730553,36.070499619681364],[138.06000233722219,36.070499619577802],[138.06000233736111,36.070541289561177],[138.06000233750001,36.070582949544459],[138.06000233763893,36.070624619527834],[138.05993983755559,36.070624619424009],[138.05993983769451,36.070666289407114],[138.06000233777783,36.070666289511124],[138.06000233763893,36.070624619527834]],[[138.06050234191665,36.071707949939437],[138.06050234177783,36.071666289955616],[138.06050234163891,36.071624619971622],[138.06043984155559,36.071624619866284],[138.06043984169449,36.0716662898501],[138.06043984183333,36.071707949833922],[138.06037734174998,36.071707949728228],[138.06037734188891,36.071749619711959],[138.06037734202781,36.071791289695597],[138.06031484194457,36.071791289589818],[138.06031484208339,36.071832949573633],[138.06025234200007,36.071832949467762],[138.06025234213897,36.071874619451229],[138.06031484222228,36.071874619557278],[138.06031484236121,36.071916289541008],[138.06031484250013,36.071957949524737],[138.06037734258337,36.071957949630786],[138.06037734272226,36.071999619614516],[138.06043984280561,36.071999619720472],[138.0604398429445,36.072041289704472],[138.06043984308334,36.072082949688379],[138.06043984322224,36.07212461967211],[138.06043984336117,36.072166289655925],[138.06043984349998,36.072207949639569],[138.06037734341666,36.072207949533166],[138.06037734355556,36.072249619516981],[138.0604398436389,36.072249619623477],[138.0604398437778,36.072291289607385],[138.06050234386115,36.072291289713966],[138.06050234372222,36.072249619730059],[138.06056484380565,36.07224961983664],[138.06056484366673,36.072207949852555],[138.06062734375007,36.072207949958958],[138.06062734361115,36.072166289975051],[138.06068984369458,36.072166290081455],[138.06068984355565,36.07212462009737],[138.06068984341675,36.072082950113284],[138.06068984327783,36.072041290129107],[138.06068984313893,36.071999620144936],[138.06068984300009,36.071957950160936],[138.06068984286119,36.071916290176766],[138.06062734277788,36.071916290070803],[138.06062734263895,36.071874620086717],[138.06062734250003,36.071832950102902],[138.06056484241671,36.071832949997031],[138.06056484227781,36.071791290012946],[138.06050234219447,36.071791289907253],[138.06050234205554,36.071749619923345],[138.06050234191665,36.071707949939437]],[[138.06075232586113,36.066791292230207],[138.06081482594445,36.066791292327636],[138.06081482580555,36.066749622343465],[138.06081482566663,36.066707952359202],[138.06075232558331,36.066707952262036],[138.06075232544447,36.066666292277951],[138.06075232530753,36.066624622303721],[138.06075232517057,36.066582952329412],[138.06068982508731,36.066582952232068],[138.06068982495046,36.066541292258016],[138.06068982481358,36.0664996222837],[138.06068982467673,36.066457952309477],[138.06068982453985,36.066416292335163],[138.06062732445696,36.066416292237548],[138.06056482437398,36.066416292139934],[138.06056482451078,36.066457952114341],[138.06050232442772,36.066457952016819],[138.06043982434471,36.066457951919205],[138.06043982448134,36.066499621893698],[138.06043982461793,36.066541291868283],[138.06037732453478,36.066541291770847],[138.06037732467129,36.066582951745254],[138.0603773248078,36.066624621719924],[138.06043982489115,36.066624621817269],[138.06050232497438,36.066624621914528],[138.06050232511106,36.066666291889021],[138.0605648251944,36.066666291986181],[138.06056482533322,36.066707951970088],[138.06062732541665,36.066707952067347],[138.06068982549996,36.066707952164691],[138.06068982563889,36.066749622148777],[138.06075232572221,36.066749622246121],[138.06075232586113,36.066791292230207]],[[138.06506481980557,36.06324963159993],[138.06506481994438,36.063291301575134],[138.06512732002781,36.063291301680557],[138.06518982011113,36.063291301786073],[138.06525232019447,36.063291301891589],[138.06525232033329,36.063332961866706],[138.06531482041672,36.063332961972307],[138.06531482055553,36.063374631947688],[138.06537732063896,36.063374632053296],[138.06537732077786,36.063416302028585],[138.06543982086112,36.063416302134279],[138.06543982099993,36.063457962109922],[138.06543982113882,36.063499632085311],[138.06543982127775,36.063541302060777],[138.06550232136107,36.06354130216674],[138.06550232122217,36.063499632191089],[138.06556482130549,36.06349963229696],[138.06556482116659,36.063457962321401],[138.06562732125002,36.063457962427179],[138.06562732111109,36.063416302451444],[138.06568982119444,36.063416302557144],[138.06575232127776,36.06341630266283],[138.06575232113894,36.063374632687008],[138.06581482122226,36.063374632792701],[138.06587732130561,36.063374632898302],[138.06587732116668,36.063332962922303],[138.06593982125003,36.063332963027818],[138.06593982111119,36.063291303051905],[138.06600232119445,36.06329130315742],[138.06606482127776,36.063291303262844],[138.06606482113887,36.063249633286574],[138.06612732122218,36.063249633392005],[138.06612732108329,36.06320796341565],[138.06606482099994,36.063207963310305],[138.06606482086113,36.063166303334306],[138.0660648207222,36.063124633358036],[138.06600232063889,36.063124633252784],[138.06600232049996,36.063082963276784],[138.06593982041673,36.063082963171624],[138.0659398202778,36.063041303195533],[138.06587732019449,36.063041303090458],[138.06581482011114,36.06304130298539],[138.06581481997225,36.062999633009476],[138.0657523198889,36.062999632904493],[138.0656898198055,36.062999632799418],[138.0656898199444,36.063041302775247],[138.06562731986108,36.063041302670172],[138.06556481977773,36.063041302565104],[138.06550231969442,36.063041302460036],[138.06543981961107,36.063041302354961],[138.06537731952784,36.063041302249886],[138.06537731966665,36.063082962225451],[138.06531481958334,36.063082962120291],[138.06531481972223,36.06312463209558],[138.06525231963892,36.063124631990334],[138.06525231977781,36.063166301965708],[138.0651898196945,36.063166301860377],[138.06512731961107,36.063166301755125],[138.06512731974999,36.06320796173015],[138.06506481966665,36.063207961624812],[138.06506481980557,36.06324963159993]],[[138.06137731485376,36.063207955451794],[138.06137731471611,36.063166295478453],[138.06137731457852,36.06312462550494],[138.06137731444085,36.063082955531513],[138.06131481436347,36.063082955428307],[138.06131481422591,36.063041295454703],[138.06125231414862,36.063041295351411],[138.06125231401111,36.062999625377799],[138.06118981393391,36.062999625274507],[138.06112731385662,36.062999625171123],[138.06106481377941,36.062999625067832],[138.06106481391674,36.063041295041614],[138.06100231383945,36.063041294938401],[138.06100231397659,36.06308295491236],[138.06100231411381,36.063124624886143],[138.06093981403643,36.063124624783029],[138.06093981417357,36.063166294757082],[138.0609398143107,36.063207954730856],[138.06087731423321,36.06320795462792],[138.06087731437034,36.063249624602058],[138.06087731450739,36.063291294576103],[138.06087731464444,36.063332954550063],[138.06087731478158,36.063374624524116],[138.06081481470366,36.063374624421442],[138.06081481484071,36.063416294395402],[138.06087731491863,36.063416294498076],[138.06093981499646,36.063416294600749],[138.06100231507446,36.06341629470333],[138.0610023152116,36.06345795467729],[138.0610648152896,36.063457954779878],[138.0610648154269,36.063499624753661],[138.06106481556421,36.063541294727443],[138.0611273156423,36.063541294829847],[138.06112731550499,36.063499624856156],[138.06118981558299,36.063499624958652],[138.06125231566108,36.063499625061148],[138.0612523155236,36.063457955087628],[138.06131481560161,36.063457955190131],[138.06131481546402,36.063416295216527],[138.06131481532645,36.0633746252431],[138.06131481518887,36.063332955269487],[138.06131481505136,36.063291295296068],[138.0613148149138,36.063249625322456],[138.06137731499143,36.063249625425314],[138.06137731485376,36.063207955451794]],[[138.05981479534719,36.057832955980331],[138.05981479548609,36.057874625963528],[138.05987729555548,36.057874626073925],[138.05987729541658,36.057832956090643],[138.05993979548606,36.057832956200869],[138.05993979534722,36.057791296217758],[138.05987729527774,36.057791296107538],[138.05981479520827,36.057791295997312],[138.05981479534719,36.057832955980331]],[[138.05912729236118,36.057166295049605],[138.05912729249999,36.057207955031828],[138.05918979256947,36.057207955141067],[138.05918979270839,36.057249625123646],[138.0592522927777,36.057249625232892],[138.05931479284718,36.057249625342223],[138.05937729291665,36.057249625451561],[138.05943979298613,36.057249625560807],[138.0595022930556,36.057249625670138],[138.05956479312499,36.057249625779477],[138.05956479298615,36.057207955796542],[138.05956479284725,36.057166295813794],[138.05962729291673,36.057166295922954],[138.0596272927778,36.057124625939935],[138.05968979284728,36.057124626049003],[138.05968979270838,36.057082956065983],[138.05975229277786,36.057082956175051],[138.05975229263893,36.057041296192025],[138.05975229250004,36.056999626208921],[138.0597522923612,36.056957956225816],[138.0598147924305,36.056957956334614],[138.0598147922916,36.056916296351595],[138.05987729236108,36.0569162964604],[138.05987729222215,36.056874626477111],[138.05993979229163,36.056874626585738],[138.0599397921527,36.056832956602626],[138.05993979201389,36.056791296619252],[138.06000229208337,36.056791296727788],[138.06000229194447,36.05674962674459],[138.06000229180555,36.056707956761215],[138.06000229166665,36.056666296777934],[138.06000229152781,36.056624626794559],[138.06000229138891,36.056582956811184],[138.05993979131944,36.056582956702997],[138.05993979118051,36.0565412967198],[138.05987729111112,36.056541296611627],[138.05981479104165,36.056541296503532],[138.05975229097226,36.056541296395437],[138.05968979090278,36.056541296287264],[138.05968979104171,36.056582956270191],[138.05962729097223,36.056582956162011],[138.05962729111116,36.056624626144938],[138.05956479104168,36.056624626036673],[138.0595022909722,36.056624625928407],[138.0595022911111,36.056666295911242],[138.05943979104171,36.056666295802977],[138.05937729097224,36.056666295694619],[138.05931479090276,36.056666295586261],[138.05925229083329,36.056666295477903],[138.05918979076398,36.056666295369638],[138.05918979062508,36.056624625387059],[138.05912729055561,36.056624625278786],[138.05912729041668,36.056582955296477],[138.05906479034721,36.056582955188212],[138.0590647902084,36.056541295205989],[138.05912729027787,36.056541295314176],[138.05912729013897,36.056499625331682],[138.05918979020834,36.056499625439777],[138.05918979006952,36.05645795545729],[138.05925229013883,36.056457955565207],[138.05925228999999,36.056416295582892],[138.05925228986109,36.05637462560032],[138.05925228972217,36.056332955617918],[138.05931478979164,36.056332955725658],[138.05931478965275,36.056291295742994],[138.05931478951382,36.056249625760415],[138.0593772895833,36.056249625868062],[138.0593772894444,36.05620795588549],[138.05937728930559,36.056166295902742],[138.05937728916666,36.056124625920248],[138.05931478909719,36.05612462581287],[138.05925228902771,36.056124625705401],[138.05918978895841,36.056124625598017],[138.05918978909733,36.05616629558024],[138.05912728902786,36.056166295472771],[138.05912728916667,36.056207955455257],[138.05906478909728,36.05620795534761],[138.05906478923612,36.056249625329826],[138.05912728930559,36.056249625437474],[138.05912728944449,36.056291295419875],[138.05912728958333,36.056332955402361],[138.05912728972231,36.056374625384578],[138.05906478965284,36.05637462527676],[138.05906478979165,36.056416295259154],[138.05900228972229,36.056416295151237],[138.0590022898611,36.056457955133283],[138.05893978979162,36.05645795502528],[138.05893978993055,36.056499625007589],[138.05887728986107,36.056499624899502],[138.05887728999997,36.056541294881626],[138.05887729013887,36.056582954863671],[138.05887729027779,36.056624624845803],[138.0588772904166,36.056666294827934],[138.05887729055553,36.05670795480998],[138.05887729069443,36.056749624792104],[138.05887729083335,36.056791294774058],[138.05887729097225,36.056832954756189],[138.05887729111109,36.056874624738235],[138.05887729124998,36.056916294720367],[138.05893979131946,36.056916294829165],[138.05900229138894,36.056916294937878],[138.05900229152778,36.056957954919923],[138.05906479159725,36.056957955028814],[138.05912729166673,36.056957955137619],[138.05912729180562,36.056999625120014],[138.0591897918751,36.056999625228904],[138.05918979201391,36.057041295211476],[138.05918979215284,36.057082955193792],[138.05918979229176,36.057124625176272],[138.05912729222229,36.057124625067118],[138.05912729236118,36.057166295049605]],[[138.05831478812502,36.056166294075311],[138.05831478798612,36.056124624093982],[138.0583772880556,36.05612462420136],[138.05837728791667,36.056082954219761],[138.05843978798615,36.056082954327138],[138.05850228805562,36.056082954434522],[138.05850228791672,36.056041294452925],[138.0585647879862,36.056041294560217],[138.05856478784727,36.055999624578348],[138.05862728791675,36.05599962468564],[138.05868978798605,36.055999624792847],[138.05868978784713,36.055957954810978],[138.0587522879166,36.0559579549181],[138.05875228777779,36.055916294936232],[138.0587522876389,36.055874624954185],[138.05881478770829,36.055874625061215],[138.05881478756945,36.055832955079083],[138.05887728763884,36.05583295518602],[138.05893978770831,36.055832955293042],[138.0589397875695,36.055791295311003],[138.05893978743057,36.055749625328787],[138.05900228750005,36.055749625435539],[138.05900228736115,36.055707955453414],[138.05900228722223,36.055666295471099],[138.05893978715284,36.055666295364432],[138.05893978701394,36.055624625382478],[138.05887728694447,36.055624625275811],[138.05881478687499,36.05562462516923],[138.05881478673606,36.055582955187184],[138.05875228666659,36.055582955080602],[138.05875228652778,36.055541295098735],[138.0586897864583,36.055541294992338],[138.05868978631938,36.055499625010384],[138.0586272862501,36.055499624903973],[138.05862728611118,36.055457954922112],[138.0585647860417,36.055457954815793],[138.05850228597222,36.055457954709482],[138.05850228583341,36.055416294727884],[138.05843978576394,36.055416294621658],[138.05837728569446,36.055416294515432],[138.05831478562499,36.055416294409113],[138.05831478548615,36.055374624427607],[138.05825228541667,36.055374624321473],[138.0582522855556,36.055416294302887],[138.05825228569441,36.055457954284222],[138.05818978562493,36.055457954177911],[138.05818978576386,36.055499624159239],[138.05818978590275,36.05554129414066],[138.05812728583328,36.055541294034171],[138.0581272859722,36.055582954015321],[138.0581272861111,36.05562462399665],[138.05806478604171,36.055624623890068],[138.05806478618064,36.055666293871141],[138.05806478631953,36.055707953852377],[138.05806478645837,36.055749623833449],[138.05806478659727,36.055791293814778],[138.05812728666666,36.055791293921629],[138.05812728680547,36.055832953902694],[138.0581272869444,36.055874623884023],[138.05818978701387,36.055874623991045],[138.0581897871528,36.055916293972473],[138.05818978729161,36.055957953953708],[138.05825228736109,36.05595795406083],[138.05825228749998,36.055999624042244],[138.05825228763891,36.056041294023757],[138.05825228777772,36.056082954005092],[138.05825228791664,36.056124623986506],[138.05825228805554,36.056166293967749],[138.05825228819438,36.056207953949261],[138.05831478826386,36.056207954056816],[138.05831478812502,36.056166294075311]],[[138.0577522865278,36.055874623241962],[138.05781478659728,36.055874623348984],[138.05781478645829,36.055832953368011],[138.0577522863889,36.055832953261074],[138.0577522865278,36.055874623241962],[138.05768978645833,36.055874623134933],[138.05768978659725,36.055916293115821],[138.05762728652778,36.055916293008707],[138.0575647864583,36.055916292901685],[138.0575647865972,36.05595795288221],[138.05762728666659,36.055957952989331],[138.05762728680551,36.055999622970035],[138.05762728694441,36.056041292950837],[138.05762728708333,36.056082952931462],[138.05762728722223,36.056124622912257],[138.05768978729162,36.056124623019642],[138.05768978715273,36.056082953038839],[138.05768978701389,36.056041293058129],[138.05768978687499,36.055999623077241],[138.05768978673606,36.055957953096531],[138.05768978659725,36.055916293115821],[138.05775228666664,36.055916293222936],[138.0577522865278,36.055874623241962]],[[138.05606477937505,36.054291291152254],[138.05612727944444,36.054291291256618],[138.05618977951391,36.054291291361068],[138.05618977937507,36.054249621381864],[138.05618977923618,36.05420795140266],[138.05625227930557,36.054207951506939],[138.05625227916673,36.054166291527913],[138.05625227902783,36.054124621548624],[138.05625227888891,36.054082951569512],[138.05631477895838,36.054082951673607],[138.05631477881948,36.054041291694233],[138.05625227875009,36.054041291590309],[138.05625227861117,36.053999621611112],[138.05618977854169,36.053999621507195],[138.0561897784028,36.053957951528176],[138.05612727833332,36.053957951424344],[138.05612727819448,36.053916291445233],[138.05612727805558,36.053874621466392],[138.05606477798611,36.053874621362738],[138.05600227791663,36.053874621258998],[138.05593977784724,36.053874621155344],[138.05587727777777,36.053874621051698],[138.05581477770838,36.053874620947958],[138.05575227763899,36.053874620844311],[138.05575227777783,36.053916290822798],[138.05568977770835,36.053916290719059],[138.05562727763896,36.053916290615234],[138.05556477756949,36.053916290511495],[138.05556477770838,36.053957950489981],[138.05556477784722,36.053999620468289],[138.05556477798612,36.054041290446783],[138.05550227791673,36.054041290342781],[138.05550227805557,36.054082950321174],[138.05556477812505,36.054082950425268],[138.05562727819444,36.054082950529278],[138.05562727833333,36.054124620507679],[138.05568977840281,36.054124620611773],[138.05575227847228,36.054124620715868],[138.05575227861121,36.054166290694539],[138.0558147786806,36.054166290798719],[138.0558147788195,36.054207950777212],[138.05587727888889,36.054207950881477],[138.05593977895828,36.054207950985756],[138.05593977909717,36.054249620964598],[138.05600227916665,36.054249621068962],[138.05606477923612,36.054249621173227],[138.05606477937505,36.054291291152254]],[[138.05487727722226,36.054041289303257],[138.05481477715279,36.054041289199247],[138.05481477729168,36.054082949176937],[138.05487727736107,36.054082949280939],[138.05487727722226,36.054041289303257]],[[138.06325230794442,36.060416300375181],[138.06331480802777,36.060416300475808],[138.06331480788884,36.06037463050265],[138.06337730797219,36.060374630603278],[138.06337730783326,36.060332960629935],[138.06343980791669,36.06033296073057],[138.06350230800001,36.060332960831111],[138.06350230786111,36.060291300857862],[138.06350230772219,36.060249630884435],[138.06343980763887,36.060249630784071],[138.06343980749995,36.060207960810914],[138.06337730741663,36.060207960710542],[138.0633773072777,36.060166300737293],[138.06331480719439,36.060166300637022],[138.06325230711104,36.06016630053675],[138.06325230724997,36.060207960509814],[138.06318980716654,36.060207960409457],[138.06318980730546,36.060249630382344],[138.0631273072222,36.060249630281987],[138.06312730736113,36.060291300254967],[138.06312730750003,36.060332960227768],[138.06312730763895,36.060374630200755],[138.0631898077221,36.060374630301382],[138.06325230780553,36.060374630402016],[138.06325230794442,36.060416300375181]],[[138.06512730808331,36.059707963818568],[138.06506480799999,36.059707963719092],[138.06506480813889,36.059749633694118],[138.06512730822223,36.059749633793686],[138.06512730808331,36.059707963818568],[138.06518980816665,36.059707963918129],[138.06518980802781,36.059666303942841],[138.06518980788891,36.059624633967545],[138.06525230797223,36.059624634066935],[138.06525230783333,36.059582964091732],[138.06525230769449,36.059541304116436],[138.06531480777784,36.059541304215649],[138.06531480763891,36.059499634240446],[138.06531480750002,36.059457964264979],[138.0653148073612,36.059416304289769],[138.06531480722228,36.059374634314302],[138.06531480708338,36.059332964338921],[138.06531480694446,36.059291304363718],[138.06525230686114,36.05929130426486],[138.06525230672221,36.059249634289486],[138.0652523065834,36.059207964314098],[138.06525230644448,36.059166304338987],[138.06525230630558,36.059124634363606],[138.06518980622224,36.059124634265103],[138.06518980608334,36.059082964289992],[138.06512730599999,36.059082964191489],[138.06512730613892,36.059124634166523],[138.06512730627782,36.059166304141812],[138.06512730641666,36.059207964116752],[138.06506480633331,36.059207964018071],[138.06506480647224,36.059249633993275],[138.06506480661113,36.059291303968394],[138.06506480674994,36.059332963943419],[138.06506480688887,36.059374633918438],[138.0650648070278,36.059416303893641],[138.06500230694445,36.059416303794613],[138.06500230708326,36.059457963769546],[138.06500230722219,36.059499633744579],[138.0650648073055,36.059499633843785],[138.06506480744443,36.059541303818719],[138.06506480758333,36.059582963793837],[138.06506480772217,36.059624633768863],[138.06512730780557,36.059624633868253],[138.06512730794441,36.059666303843365],[138.06512730808331,36.059707963818568]],[[138.06531480513897,36.058749634684119],[138.06537730522231,36.058749634781996],[138.06543980530554,36.058749634879959],[138.06550230538886,36.058749634977843],[138.06550230524996,36.058707965002192],[138.06556480533328,36.058707965100069],[138.06556480519447,36.058666305124603],[138.06562730527781,36.058666305222388],[138.06568980536113,36.058666305320088],[138.06568980522223,36.058624635344259],[138.06562730513889,36.058624635246559],[138.06562730499999,36.058582965271],[138.06562730486115,36.058541305295179],[138.06562730472226,36.058499635319443],[138.06562730458333,36.058457965343884],[138.06556480450001,36.058457965246447],[138.06556480436109,36.058416305270711],[138.06550230427777,36.058416305173367],[138.06543980419443,36.058416305076022],[138.06543980433327,36.058457965051588],[138.06543980447216,36.058499635026962],[138.06537730438893,36.058499634929447],[138.06537730452783,36.058541304904914],[138.06537730466675,36.058582964880387],[138.06537730480557,36.058624634855761],[138.06537730494458,36.058666304831235],[138.06537730508339,36.05870796480653],[138.06531480500007,36.058707964708645],[138.06531480513897,36.058749634684119]],[[138.06700230711118,36.058666307373471],[138.0670648071945,36.058666307471256],[138.06712730727776,36.058666307569041],[138.06718980736107,36.058666307666833],[138.06725230744451,36.058666307764533],[138.06731480752782,36.058666307862325],[138.06731480738893,36.058624637884719],[138.06725230730558,36.05862463778702],[138.06718980722226,36.05862463768932],[138.06712730713883,36.058624637591535],[138.0670648070556,36.058624637493836],[138.06706480691676,36.058582967516671],[138.06706480677786,36.058541307539251],[138.06706480663894,36.058499637561916],[138.0671273067222,36.058499637659438],[138.06712730658327,36.058457967682187],[138.06712730644446,36.058416307704768],[138.06712730630554,36.058374637727525],[138.06706480622231,36.058374637630266],[138.06700230613899,36.058374637532921],[138.06693980605564,36.058374637435662],[138.06687730597221,36.058374637338318],[138.0668148058889,36.058374637241066],[138.06675230580555,36.058374637143814],[138.06675230566665,36.058332967166741],[138.06668980558331,36.058332967069489],[138.06668980572223,36.05837463704647],[138.06668980586113,36.05841630702318],[138.06662730577773,36.058416306925835],[138.06656480569438,36.058416306828491],[138.06650230561115,36.058416306731147],[138.06643980552781,36.058416306633802],[138.06637730544449,36.058416306536373],[138.06637730558339,36.058457966512989],[138.06643980566673,36.058457966610426],[138.06643980580563,36.058499636586959],[138.06650230588897,36.058499636684488],[138.06656480597221,36.058499636782003],[138.06656480611113,36.05854130675872],[138.06662730619445,36.058541306856327],[138.06662730605555,36.058499636879439],[138.06668980613887,36.058499636976961],[138.06668980599997,36.058457967000159],[138.06675230608329,36.058457967097596],[138.06681480616663,36.058457967195025],[138.06687730625003,36.058457967292455],[138.06687730638896,36.058499637269435],[138.06693980647228,36.058499637366964],[138.06700230655562,36.058499637464479],[138.06700230669452,36.058541307441729],[138.06700230683336,36.058582967418971],[138.06700230697226,36.058624637396136],[138.06700230711118,36.058666307373471]]]},"properties":{"FID":194,"A31_201":"8505050720","A31_202":"横河川","A31_203":20,"A31_204":"長野県","A31_205":2,"A31_206":" ","A31_207":" ","A31_208":" "}},{"type":"Feature","id":195,"geometry":{"type":"Polygon","coordinates":[[[138.06431485436116,36.073916295455312],[138.06425235427798,36.073916295356284],[138.06418985419458,36.073916295257249],[138.06412735411124,36.073916295158213],[138.06406485402792,36.073916295059185],[138.06406485416682,36.073957955043447],[138.06400235408341,36.073957954944504],[138.06393985400007,36.073957954845561],[138.06387735391675,36.073957954746618],[138.06387735405565,36.073999624731236],[138.06387735419457,36.074041294715677],[138.06381485411123,36.074041294616912],[138.06381485425004,36.074082954601622],[138.06375235416672,36.074082954502856],[138.06375235430562,36.074124624487467],[138.06375235444455,36.074166294472263],[138.06368985436131,36.074166294373683],[138.06368985450021,36.074207954358471],[138.06362735441678,36.074207954259975],[138.06362735455571,36.074249624244771],[138.06356485447236,36.074249624146276],[138.06356485461129,36.074291294131243],[138.06356485475021,36.074332954116215],[138.06350235466678,36.074332954017898],[138.06350235480568,36.074374624002871],[138.0635023549446,36.074416293987937],[138.0635023550835,36.074457953972725],[138.06350235522234,36.074499623957877],[138.06343985513899,36.074499623859822],[138.06343985527792,36.074541293844973],[138.06337735519458,36.074541293747011],[138.06337735533342,36.074582953731984],[138.06331485525007,36.074582953634106],[138.063314855389,36.074624623619172],[138.06325235530565,36.074624623521288],[138.06325235544458,36.074666293506709],[138.06318985536123,36.074666293408924],[138.063127355278,36.074666293311132],[138.0631273554169,36.074707953296638],[138.06306485533349,36.074707953198939],[138.06306485547239,36.07474962318436],[138.06300235538907,36.07474962308666],[138.06300235552797,36.074791293072252],[138.06293985544465,36.07479129297473],[138.06287735536131,36.074791292877123],[138.06281485527791,36.074791292779594],[138.0628148554168,36.074832952765369],[138.06275235533349,36.074832952667933],[138.06268985525014,36.074832952570418],[138.0626273551668,36.074832952472889],[138.06262735530564,36.074874622458751],[138.06256485522238,36.074874622361321],[138.0625648553613,36.074916292347453],[138.06250235527796,36.074916292250194],[138.06243985519464,36.074916292139079],[138.06243985533345,36.074957952125033],[138.06237735525013,36.074957952013918],[138.06231485516679,36.074957951902988],[138.06231485530571,36.07499962188885],[138.06225235522237,36.074999621777827],[138.06218985513905,36.074999621666628],[138.06212735505571,36.074999621555605],[138.06212735519418,36.075041291527882],[138.06206485511078,36.075041291416767],[138.06206485524913,36.075082951388865],[138.06200235516582,36.07508295127775],[138.0619398550823,36.075082951166635],[138.06187735499878,36.075082951055528],[138.0618148549153,36.07508295094442],[138.06175235483187,36.075082950833306],[138.06168985474835,36.075082950722191],[138.06168985488637,36.075124620694467],[138.06168985502433,36.075166290666651],[138.06168985516234,36.075207950638926],[138.06168985530027,36.075249620611018],[138.06168985543829,36.075291290583294],[138.06168985557633,36.075332950555648],[138.06168985571426,36.075374620527747],[138.06168985585228,36.075416290500016],[138.06175235593631,36.07541629061113],[138.06175235607435,36.075457950583399],[138.06175235621237,36.07549962055559],[138.06175235635047,36.075541290527859],[138.06168985626624,36.075541290416751],[138.0616898564042,36.075582950388842],[138.06162735631989,36.075582950277735],[138.06156485623558,36.07558295016662],[138.06156485637342,36.075624620138896],[138.06150235628903,36.075624620027781],[138.06143985620471,36.075624619916667],[138.06137735612032,36.075624619805559],[138.06137735625799,36.075666289777743],[138.06131485617351,36.075666289666628],[138.06131485631107,36.075707949638904],[138.06131485644866,36.075749619611003],[138.06125235636409,36.075749619499888],[138.06125235650157,36.075791289472164],[138.06118985641692,36.07579128936105],[138.06118985655431,36.07583294933341],[138.06112735646957,36.075832949222303],[138.06112735660696,36.075874619194394],[138.06106485652219,36.07587461908328],[138.06100235643737,36.075874618972172],[138.06093985635252,36.075874618861064],[138.06087735626787,36.07587461874995],[138.06081485618301,36.075874618638835],[138.06081485604608,36.075832948666744],[138.06081485590903,36.075791288694383],[138.06081485577198,36.075749618722114],[138.06075235568738,36.075749618610999],[138.06075235582435,36.075791288583275],[138.0606898557397,36.075791288472161],[138.06068985587655,36.075832948444521],[138.06068985601343,36.07587461841662],[138.0606273559286,36.075874618305505],[138.06062735606545,36.075916288277782],[138.0605648559806,36.075916288166667],[138.06056485611731,36.075957948138935],[138.06050235603237,36.075957948027828],[138.06050235616908,36.075999618000012],[138.06043985608397,36.075999617888897],[138.06043985622065,36.076041287861173],[138.06037735613555,36.076041287750058],[138.06031485605061,36.076041287638951],[138.06031485618703,36.076082947611042],[138.06031485632346,36.076124617583318],[138.06031485645997,36.076166287555679],[138.06031485659639,36.076207947527777],[138.06025235651103,36.076207947416663],[138.06025235664745,36.076249617388939],[138.06025235678379,36.07629128736103],[138.06018985669832,36.076291287249916],[138.06018985683465,36.076332947222284],[138.06012735674901,36.076332947111169],[138.06012735688535,36.07637461708326],[138.0601273570216,36.076416287055537],[138.06006485693587,36.076416286944422],[138.06006485679973,36.07637461697206],[138.06000235671399,36.076374616861045],[138.06000235657791,36.076332946888947],[138.05993985649235,36.076332946777839],[138.05993985635629,36.076291286805471],[138.05993985622024,36.07624961683338],[138.05993985608424,36.076207946861103],[138.05987735599888,36.076207946749996],[138.05987735586288,36.076166286777905],[138.05987735572691,36.076124616805544],[138.05987735559094,36.076082946833267],[138.05981485550575,36.076082946722153],[138.05981485564172,36.076124616694429],[138.05975235555661,36.076124616583314],[138.05968985547133,36.076124616472207],[138.05962735538611,36.076124616361099],[138.05956485530092,36.076124616249984],[138.05950235521573,36.07612461613887],[138.05950235535127,36.076166286111231],[138.05950235548681,36.076207946083329],[138.05956485557218,36.076207946194444],[138.05956485570781,36.076249616166713],[138.05956485584343,36.076291286138812],[138.05962735592897,36.076291286249919],[138.0596273560646,36.07633294622228],[138.05956485597906,36.076332946111165],[138.05956485611469,36.076374616083172],[138.05950235602904,36.076374615972156],[138.05950235616459,36.076416285944426],[138.05943985607894,36.076416285833318],[138.0594398562144,36.076457945805586],[138.05937735612855,36.076457945694472],[138.05937735626401,36.076499615666663],[138.05931485617819,36.076499615555548],[138.05931485631356,36.076541285527732],[138.05931485644882,36.076582945500093],[138.05931485658419,36.076624615472184],[138.05931485671954,36.076666285444546],[138.05925235663346,36.076666285333438],[138.05925235676872,36.076707945305529],[138.05925235690398,36.076749615277805],[138.05918985681782,36.07674961516669],[138.05918985668265,36.076707945194421],[138.05918985654745,36.076666285222331],[138.05918985641219,36.076624615249969],[138.05918985627702,36.07658294527787],[138.05918985614181,36.07654128530551],[138.05912735605591,36.076541285194395],[138.05912735592074,36.076499615222218],[138.05912735578556,36.076457945250027],[138.05906485569983,36.07645794513892],[138.05900235561401,36.076457945027812],[138.05893985552828,36.076457944916697],[138.05887735544246,36.076457944805583],[138.05881485535673,36.076457944694475],[138.05875235527091,36.076457944583368],[138.05875235540566,36.076499614555544],[138.05868985531984,36.076499614444437],[138.05862735523411,36.076499614333329],[138.05856485514821,36.076499614222215],[138.05850235506239,36.0764996141111],[138.05843985497657,36.076499613999992],[138.05837735489067,36.076499613888885],[138.05837735502504,36.076541283861062],[138.05831485493906,36.076541283749954],[138.05825235485315,36.076541283638846],[138.05818985476722,36.076541283527732],[138.05818985490134,36.076582943500092],[138.05812735481535,36.076582943388985],[138.05806485472945,36.07658294327787],[138.05800235464346,36.076582943166756],[138.05800235477739,36.076624613138854],[138.05793985469131,36.076624613027747],[138.0578773546053,36.076624612916632],[138.05781485451922,36.076624612805517],[138.05775235443315,36.07662461269441],[138.05775235456682,36.076666282666771],[138.05768985448071,36.076666282555664],[138.05762735439455,36.076666282444549],[138.05756485430845,36.076666282333434],[138.05756485444178,36.076707942305447],[138.05750235435571,36.076707942194417],[138.05743985426952,36.076707942083218],[138.05737735418336,36.076707941972202],[138.0573773540502,36.076666282000105],[138.05731485396404,36.07666628188899],[138.05731485409717,36.076707941861002],[138.05725235401093,36.076707941749973],[138.05725235414405,36.076749611722249],[138.0572523542771,36.076791281694341],[138.05718985419077,36.076791281583233],[138.05718985432372,36.076832941555594],[138.05718985445668,36.076874611527685],[138.05712735437024,36.076874611416578],[138.05706485428379,36.07687461130547],[138.05700235419727,36.076874611194356],[138.05693985411091,36.076874611083241],[138.05693985424369,36.076916281055517],[138.05687735415708,36.076916280944403],[138.05681485407055,36.076916280833295],[138.05681485393802,36.076874610861026],[138.05687735402446,36.076874610972133],[138.05687735389179,36.076832941000035],[138.05693985397824,36.076832941111149],[138.05693985384553,36.076791281138789],[138.05700235393178,36.076791281249896],[138.05700235379902,36.076749611277805],[138.05700235366612,36.076707941305528],[138.05700235353345,36.076666281333438],[138.05700235340066,36.076624611361076],[138.05700235326788,36.076582941388978],[138.05706485335386,36.076582941500092],[138.05706485322099,36.076541281527732],[138.0571273533069,36.076541281638839],[138.05712735317402,36.076499611666662],[138.05718985325984,36.07649961177777],[138.0571898531268,36.076457941805586],[138.05718985299384,36.076416281833318],[138.05725235307958,36.076416281944425],[138.05725235294653,36.076374611972156],[138.05731485303215,36.076374612083171],[138.05731485289903,36.076332942111165],[138.0573148527659,36.076291282138811],[138.05731485263274,36.076249612166713],[138.05731485249962,36.076207942194443],[138.05731485236657,36.076166282222346],[138.05731485223342,36.076124612249984],[138.05731485210029,36.076082942277708],[138.05731485196713,36.076041282305617],[138.05731485183401,36.075999612333348],[138.05731485170088,36.075957942361157],[138.05737735178582,36.075957942472272],[138.05737735165266,36.075916282500003],[138.05743985173751,36.075916282611111],[138.05743985160427,36.075874612638842],[138.05750235168904,36.075874612749949],[138.05750235155571,36.075832942777851],[138.05750235142239,36.075791282805497],[138.05756485150698,36.075791282916605],[138.05756485137357,36.075749612944335],[138.05762735145814,36.075749613055443],[138.05762735132464,36.075707943083344],[138.05762735119126,36.075666283111076],[138.05762735105776,36.075624613138892],[138.05762735092426,36.075582943166623],[138.05762735079077,36.075541283194525],[138.05762735065736,36.075499613222249],[138.0576898507415,36.075499613333363],[138.05775235082564,36.075499613444478],[138.05775235069206,36.075457943472287],[138.05781485077617,36.075457943583402],[138.0578148506425,36.075416283611133],[138.05787735072653,36.075416283722241],[138.05787735059278,36.075374613749972],[138.05793985067675,36.075374613861079],[138.05793985054297,36.075332943888981],[138.05800235062685,36.075332944000095],[138.05800235049298,36.075291284027735],[138.05806485057676,36.075291284138842],[138.05806485044283,36.075249614166573],[138.05812735052652,36.075249614277681],[138.0581273503924,36.075207944305589],[138.05812735025847,36.075166284333321],[138.05818985034205,36.075166284444428],[138.05818985020795,36.075124614472244],[138.05825235029147,36.075124614583359],[138.05825235015735,36.075082944611083],[138.05825235002314,36.075041284638985],[138.05825234988902,36.074999614666623],[138.05825234975003,36.074957944685295],[138.05825234961119,36.07491628470396],[138.0582523494723,36.074874614722454],[138.05831484955561,36.074874614833476],[138.05837734963896,36.074874614944321],[138.05837734950003,36.074832944962807],[138.05843984958346,36.074832945073652],[138.05843984944454,36.074791285091969],[138.05850234952788,36.074791285202721],[138.05850234938896,36.074749615221037],[138.05856484947239,36.074749615331882],[138.05856484933346,36.074707945350106],[138.05862734941681,36.074707945460773],[138.05868984950004,36.074707945571348],[138.05868984936114,36.074666285589487],[138.05875234944446,36.074666285699976],[138.05875234930565,36.074624615718022],[138.05881484938897,36.074624615828512],[138.05881484925007,36.074582945846558],[138.05887734933339,36.074582945957047],[138.05887734919449,36.074541285974917],[138.05893984927792,36.074541286085406],[138.05900234936124,36.074541286195625],[138.05900234922234,36.074499616213316],[138.05906484930566,36.07449961632372],[138.05906484916676,36.074457946341234],[138.05912734925008,36.074457946451545],[138.05918984933351,36.074457946561679],[138.05925234941665,36.074457946671899],[138.05925234927781,36.074416286689505],[138.05925234913892,36.074374616707019],[138.05925234900002,36.074332946724532],[138.05925234886118,36.074291286741953],[138.05925234872228,36.074249616759381],[138.05925234858336,36.07420794677698],[138.05925234844455,36.074166286794409],[138.05925234830562,36.074124616811829],[138.05925234816672,36.074082946829435],[138.05931484825004,36.074082946939036],[138.05931484811123,36.074041286956373],[138.05937734819454,36.074041287065882],[138.05943984827789,36.074041287175397],[138.05950234836121,36.074041287284999],[138.05950234822231,36.073999617302334],[138.05950234808338,36.0739579473194],[138.05956484816673,36.073957947428823],[138.05962734825016,36.073957947538162],[138.05962734811123,36.073916287555321],[138.05968984819458,36.073916287664744],[138.0597523482779,36.07391628777399],[138.05981484836113,36.073916287883236],[138.05981484822223,36.073874617900039],[138.05987734830563,36.073874618009285],[138.05993984838898,36.073874618118531],[138.05993984825005,36.073832948135156],[138.05993984811116,36.073791288152137],[138.05987734802784,36.073791288043068],[138.05987734788891,36.073749618059693],[138.05981484780557,36.073749617950625],[138.05975234772234,36.073749617841642],[138.05975234758344,36.073707947858622],[138.05981484766667,36.073707947967605],[138.05981484752786,36.073666287984409],[138.05987734761118,36.0736662880933],[138.05987734747228,36.073624618110102],[138.0599398475556,36.073624618218901],[138.0599398474167,36.073582948235796],[138.05993984727786,36.073541288252422],[138.06000234736121,36.073541288361042],[138.06000234722228,36.073499618377937],[138.06006484730563,36.07349961848638],[138.0600648471667,36.073457948503005],[138.06012734725013,36.073457948611633],[138.06012734711121,36.073416288628167],[138.06018984719455,36.073416288736617],[138.06018984705563,36.073374618753064],[138.06025234713897,36.073374618861422],[138.06025234700013,36.073332948877692],[138.06031484708348,36.073332948986049],[138.06031484694455,36.073291289002498],[138.06037734702781,36.073291289110855],[138.06037734688888,36.073249619126948],[138.06043984697223,36.073249619235128],[138.06043984683339,36.073207949251398],[138.06043984669449,36.07316628926749],[138.0604398465556,36.07312461928376],[138.06043984641667,36.07308294930003],[138.06043984627786,36.073041289316123],[138.06050234636118,36.073041289423855],[138.06050234622228,36.072999619439862],[138.0605648463056,36.072999619547687],[138.06062734638903,36.07299961965542],[138.06068984647234,36.072999619763337],[138.06075234655569,36.072999619870984],[138.060814846639,36.072999619978809],[138.06087734672235,36.072999620086634],[138.06093984680558,36.072999620194281],[138.06093984694451,36.073041290178807],[138.06100234702782,36.073041290286724],[138.06106484711117,36.073041290394457],[138.06112734719449,36.073041290502374],[138.06112734705567,36.072999620517663],[138.06112734691675,36.072957950533223],[138.06112734677785,36.07291629054852],[138.06112734663893,36.072874620564079],[138.06118984672236,36.072874620671726],[138.06118984686117,36.072916290656167],[138.0612523469446,36.072916290763814],[138.06131484702792,36.072916290871461],[138.06137734711126,36.072916290979109],[138.06143984719458,36.072916291086756],[138.06143984705568,36.07287462110196],[138.06143984691676,36.072832951116894],[138.06143984677794,36.072791291132191],[138.0613773466946,36.072791291024629],[138.0613148466112,36.072791290917252],[138.06125234652785,36.072791290809782],[138.06118984644453,36.072791290702398],[138.06112734636119,36.072791290595021],[138.06112734622229,36.07274962061031],[138.06118984630561,36.072749620717602],[138.06118984616671,36.072707950732898],[138.06125234625003,36.07270795084019],[138.06125234611122,36.072666290855572],[138.06131484619453,36.072666290962864],[138.06131484605564,36.072624620977976],[138.06137734613895,36.072624621085183],[138.06137734600006,36.072582951100387],[138.06143984608349,36.072582951207409],[138.06150234616663,36.072582951314615],[138.06156484625006,36.072582951421552],[138.06162734633338,36.072582951528666],[138.0616898464167,36.072582951635781],[138.06175234650004,36.072582951742802],[138.06175234636123,36.072541291757474],[138.06181484644455,36.072541291864503],[138.06181484630565,36.072499621879174],[138.06187734638897,36.072499621986111],[138.06187734625007,36.07245795200069],[138.06193984633339,36.072457952107627],[138.06193984619458,36.072416292122035],[138.06200234627789,36.072416292228795],[138.062002346139,36.072374622243373],[138.06206484622223,36.072374622350225],[138.06212734630557,36.072374622456806],[138.06218984638889,36.072374622563565],[138.06225234647232,36.072374622670324],[138.06231484655564,36.072374622777083],[138.06231484641674,36.072332952791129],[138.06231484627781,36.07229129280536],[138.062314846139,36.072249622819321],[138.06231484600008,36.072207952833281],[138.06231484586118,36.072166292847598],[138.0623773459445,36.072166292954002],[138.0623773458056,36.072124622967962],[138.062439845889,36.072124623074188],[138.06243984575011,36.072082953088326],[138.06250234583342,36.072082953194553],[138.06250234569461,36.072041293208429],[138.06256484577796,36.072041293310562],[138.06256484563903,36.071999623324437],[138.06262734572226,36.071999623426663],[138.06262734558337,36.071957953440801],[138.06268984566668,36.071957953543119],[138.06275234575003,36.071957953645352],[138.06281484583337,36.07195795374767],[138.06287734591677,36.071957953849989],[138.06293984600012,36.071957953952221],[138.06293984586119,36.071916293966538],[138.0629398457223,36.071874623980847],[138.06293984558346,36.07183295399534],[138.06293984544456,36.071791294009657],[138.06293984530564,36.07174962402415],[138.06293984516674,36.071707954038473],[138.0629398450279,36.07166629405296],[138.062939844889,36.071624624067191],[138.06293984475008,36.071582954081507],[138.06293984461118,36.071541294096001],[138.06300234469461,36.071541294199029],[138.06300234455568,36.071499624213345],[138.06306484463903,36.071499624316459],[138.0630648445001,36.071457954331045],[138.06312734458345,36.071457954434166],[138.06312734444461,36.071416294448653],[138.06318984452787,36.071416294551867],[138.06318984438894,36.071374624566445],[138.06325234447229,36.071374624669744],[138.06331484455561,36.071374624773036],[138.06337734463892,36.071374624876242],[138.06343984472227,36.071374624979541],[138.06350234480561,36.07137462508274],[138.06356484488902,36.071374625186039],[138.06362734497236,36.071374625289337],[138.06368984505568,36.071374625392629],[138.06368984491678,36.071332955407833],[138.06375234500001,36.071332955511217],[138.06381484508336,36.071332955614508],[138.06387734516667,36.071332955717892],[138.06393984524999,36.071332955821191],[138.06400234533342,36.071332955924575],[138.06406484541677,36.071332956027874],[138.06412734550008,36.071332956131165],[138.06418984558343,36.071332956234549],[138.06425234566674,36.071332956337841],[138.06425234552793,36.071291296353579],[138.06431484561116,36.071291296457055],[138.06431484547227,36.071249626472969],[138.06437734555558,36.071249626576446],[138.06437734541669,36.071207956592445],[138.0644398455,36.071207956696007],[138.06443984536119,36.0711662967121],[138.06450234544451,36.071166296815747],[138.06450234530561,36.071124626831754],[138.06456484538893,36.071124626935401],[138.06456484525003,36.0710829569515],[138.06462734533343,36.071082957055239],[138.06462734519454,36.071041297071687],[138.06468984527785,36.071041297175512],[138.06468984513896,36.070999627191696],[138.06475234522236,36.070999627295606],[138.06475234508346,36.070957957312061],[138.06481484516678,36.070957957416063],[138.06481484502788,36.070916297432419],[138.06487734511111,36.070916297536428],[138.06487734497222,36.070874627552968],[138.06493984505562,36.070874627657062],[138.06493984491664,36.070832957673687],[138.06500234500004,36.070832957777867],[138.06500234486114,36.070791297794493],[138.06506484494446,36.07079129789868],[138.06506484480556,36.07074962791539],[138.06512734488888,36.070749628019662],[138.06512734475007,36.070707958036643],[138.06518984483341,36.070707958141],[138.06525234491673,36.070707958245364],[138.06531484500007,36.070707958349729],[138.06537734508339,36.070707958454086],[138.06543984516662,36.070707958558444],[138.06550234524997,36.070707958662894],[138.06556484533331,36.070707958767258],[138.06562734541671,36.070707958871623],[138.06568984550006,36.07070795897598],[138.06575234558338,36.070707959080337],[138.06575234544457,36.070666299097766],[138.06575234530564,36.070624629115372],[138.06575234516674,36.070582959132793],[138.06575234502782,36.070541299150392],[138.06581484511116,36.070541299255112],[138.06587734519456,36.070541299359739],[138.06593984527791,36.070541299464367],[138.06600234536114,36.070541299568994],[138.06606484544449,36.070541299673707],[138.0661273455278,36.070541299778341],[138.06612734538891,36.070499629796203],[138.06612734524998,36.070457959813986],[138.06618984533333,36.070457959918791],[138.06618984519449,36.070416299936923],[138.06625234527783,36.070416300041821],[138.06625234513891,36.070374630059774],[138.06631484522225,36.070374630164672],[138.06631484508341,36.070332960182895],[138.06637734516676,36.070332960287878],[138.06637734502783,36.07029130030601],[138.06637734488893,36.070249630324149],[138.06637734475004,36.070207960342458],[138.0663773446112,36.070166300360597],[138.06643984469454,36.070166300465843],[138.06650234477786,36.070166300571096],[138.06650234463896,36.070124630589497],[138.06656484472219,36.070124630694835],[138.06662734480551,36.070124630800265],[138.0666273446667,36.070082960818667],[138.06668984475004,36.07008296092409],[138.06668984461112,36.07004130094267],[138.06668984447222,36.069999630961163],[138.06675234455562,36.069999631066764],[138.06681484463897,36.06999963117228],[138.06687734472229,36.069999631277881],[138.06693984480563,36.069999631383396],[138.06700234488895,36.069999631488912],[138.06700234475005,36.069957961507761],[138.06706484483345,36.069957961613369],[138.06706484469456,36.069916301632475],[138.06712734477779,36.069916301738175],[138.06718984486113,36.069916301843861],[138.06725234494445,36.069916301949561],[138.06725234480555,36.069874631968673],[138.06731484488895,36.069874632074452],[138.06731484475006,36.069832962093741],[138.06737734483337,36.069832962199612],[138.06743984491672,36.069832962305398],[138.06750234500004,36.069832962411269],[138.06750234513896,36.069874632391709],[138.06756484522228,36.069874632497488],[138.0675648453612,36.06991630247802],[138.06762734544452,36.069916302583721],[138.06762734558345,36.069957962563983],[138.06768984566668,36.069957962669676],[138.06768984580552,36.069999632650031],[138.0676898459445,36.070041302630472],[138.06768984608334,36.070082962610741],[138.06768984622224,36.070124632591096],[138.06775234630558,36.070124632696519],[138.06775234644448,36.070166302676697],[138.06775234658329,36.070207962657051],[138.06781484666672,36.070207962762211],[138.06787734675007,36.070207962867464],[138.06793984683338,36.070207962972624],[138.06793984669449,36.070166302992533],[138.06800234677789,36.070166303097785],[138.06806484686123,36.070166303203038],[138.06806484672231,36.070124633223216],[138.06812734680565,36.070124633328547],[138.06818984688897,36.070124633433892],[138.06818984675007,36.07008296345407],[138.0682523468333,36.070082963559493],[138.06825234669449,36.070041303579849],[138.06831484677781,36.070041303685365],[138.06831484663891,36.069999633705635],[138.06831484649999,36.069957963725898],[138.06837734658333,36.069957963831499],[138.06837734644449,36.06991630385204],[138.06843984652784,36.069916303957726],[138.06843984638891,36.069874633978174],[138.06850234647226,36.069874634083959],[138.06850234633345,36.069832964104577],[138.06856484641676,36.069832964210448],[138.06862734650008,36.069832964316234],[138.068627346639,36.069874634295431],[138.06862734677793,36.069916304274898],[138.06868984686125,36.069916304380591],[138.06875234694456,36.069916304486284],[138.06881484702782,36.069916304591978],[138.06887734711114,36.069916304697671],[138.06887734724998,36.069957964676519],[138.06887734738888,36.06999963465563],[138.0688773475278,36.070041304634742],[138.0688773476667,36.070082964613675],[138.06893984775004,36.070082964719099],[138.06900234783336,36.070082964824522],[138.06906484791671,36.070082964929952],[138.06912734800002,36.070082965035382],[138.06918984808337,36.070082965140713],[138.06925234816677,36.070082965246144],[138.06931484825012,36.070082965351574],[138.06937734833335,36.070082965456997],[138.06943984841669,36.07008296556242],[138.06950234850001,36.070082965667851],[138.06950234863893,36.070124635646167],[138.06950234877783,36.070166305624475],[138.06950234891667,36.070207965602876],[138.06950234905557,36.070249635581099],[138.06950234919449,36.0702913055595],[138.06956484927781,36.070291305664568],[138.06962734936116,36.070291305769643],[138.06968984944456,36.070291305874719],[138.0697523495279,36.070291305979787],[138.06981484961122,36.070291306084854],[138.06987734969456,36.07029130618993],[138.0699398497778,36.070291306295005],[138.06993984991664,36.070332966272872],[138.06993985005553,36.070374636250648],[138.07000235013885,36.070374636355538],[138.07000235027778,36.070416306333414],[138.07006485036112,36.070416306438304],[138.07012735044452,36.070416306543194],[138.07012735058333,36.070457966520621],[138.07012735072226,36.070499636498397],[138.07012735086118,36.070541306476088],[138.0701898509445,36.070541306580807],[138.0701898510834,36.070582966558234],[138.07025235116674,36.070582966662855],[138.07025235130567,36.070624636640375],[138.07031485138899,36.07062463674491],[138.0703773514723,36.070624636849359],[138.07037735161123,36.070666306826695],[138.07043985169457,36.070666306931145],[138.07043985183347,36.070707966908479],[138.0705023519167,36.070707967012837],[138.07056485200005,36.070707967117201],[138.07062735208336,36.070707967221566],[138.07062735222229,36.070749637198546],[138.07062735236119,36.070791307175696],[138.07062735250003,36.070832967152853],[138.07068985258334,36.07083296725704],[138.07075235266669,36.070832967361227],[138.07075235280558,36.070874637338115],[138.07075235294451,36.070916307315002],[138.07081485302791,36.070916307419097],[138.07087735311126,36.070916307523106],[138.07087735325007,36.070957967499993],[138.07093985333341,36.070957967603917],[138.07100235341682,36.070957967707919],[138.07100235355566,36.070999637684451],[138.07106485363889,36.070999637788375],[138.07106485377781,36.071041307765086],[138.07112735386113,36.07104130786891],[138.07112735400005,36.071082967845271],[138.07112735413895,36.071124637821896],[138.07112735427779,36.071166307798521],[138.07118985436119,36.071166307902082],[138.07125235444454,36.071166308005729],[138.07131485452786,36.071166308109298],[138.0713773546112,36.071166308212945],[138.07143985469452,36.071166308316506],[138.07150235477786,36.07116630842016],[138.07156485486126,36.071166308523807],[138.07162735494444,36.071166308627369],[138.07168985502784,36.071166308731023],[138.07168985516665,36.071207968706844],[138.07175235525,36.071207968810313],[138.07175235538892,36.071249638786227],[138.07175235552782,36.071291308761971],[138.07175235566672,36.071332968737877],[138.07175235580564,36.071374638713621],[138.07175235594457,36.071416308689443],[138.07175235608338,36.071457968665356],[138.07175235622228,36.071499638641185],[138.0717523563612,36.0715413086171],[138.07181485644452,36.071541308720036],[138.07187735652786,36.071541308823065],[138.07193985661118,36.071541308926001],[138.07193985675011,36.071582968901474],[138.07200235683342,36.07158296900441],[138.07200235697235,36.071624638980062],[138.07200235711124,36.071666308955713],[138.07200235725008,36.071707968931179],[138.07200235738898,36.071749638906738],[138.07200235752791,36.071791308882212],[138.07206485761122,36.071791308984793],[138.07212735769457,36.071791309087374],[138.0721898577778,36.071791309189962],[138.07225235786115,36.071791309292458],[138.07231485794446,36.071791309395039],[138.07237735802781,36.071791309497627],[138.0723773581667,36.07183296947283],[138.07237735830563,36.071874639447856],[138.07237735844453,36.071916309423059],[138.07237735858337,36.071957969398262],[138.07243985866677,36.071957969500581],[138.07250235875011,36.071957969602899],[138.07256485883343,36.071957969705217],[138.07262735891678,36.071957969807443],[138.07268985900009,36.071957969909761],[138.07275235908332,36.071957970012079],[138.07281485916667,36.071957970114312],[138.07287735925001,36.07195797021663],[138.07293985933342,36.071957970318948],[138.07300235941676,36.071957970421181],[138.07300235955566,36.071999640395582],[138.073064859639,36.071999640497808],[138.0730648597779,36.072041310472216],[138.07312735986125,36.072041310574356],[138.07312736000006,36.072082970548763],[138.0731898600834,36.072082970650811],[138.0731898602223,36.072124640624949],[138.07325236030562,36.072124640726997],[138.07325236044454,36.072166310701228],[138.07331486052777,36.07216631080319],[138.0733148606667,36.07220797077715],[138.07337736075002,36.07220797087902],[138.07337736088894,36.072249640853158],[138.07343986097226,36.072249640954951],[138.0735023610556,36.072249641056729],[138.0735023611945,36.072291311030696],[138.07356486127784,36.072291311132474],[138.07362736136116,36.072291311234174],[138.07362736150009,36.072332971207871],[138.0736898615834,36.072332971309478],[138.07375236166675,36.072332971411171],[138.07381486175007,36.072332971512864],[138.07381486188899,36.072374641486384],[138.07387736197222,36.072374641587992],[138.07387736211115,36.072416311561419],[138.07393986219446,36.072416311662934],[138.07400236227781,36.072416311764457],[138.07406486236121,36.072416311865979],[138.07412736244456,36.072416311967494],[138.07418986252787,36.072416312069009],[138.07425236261122,36.072416312170532],[138.07431486269454,36.072416312272054],[138.07437736277788,36.072416312373662],[138.07443986286111,36.072416312475177],[138.07450236294446,36.072416312576692],[138.07450236308335,36.0724579725495],[138.07443986300004,36.072457972448071],[138.07443986313893,36.07249964242088],[138.0743773630557,36.072499642319443],[138.0743773631946,36.072541312292429],[138.0743148631112,36.072541312191092],[138.07431486325009,36.072582972164156],[138.07425236316678,36.072582972062904],[138.07425236330567,36.07262464203589],[138.07425236344451,36.072666312008963],[138.07425236358341,36.072707971981941],[138.0741898635001,36.072707971880874],[138.07418986363899,36.072749641854116],[138.07412736355559,36.072749641753134],[138.07406486347224,36.072749641652152],[138.0740023633889,36.072749641551162],[138.07400236352782,36.07279131152459],[138.07393986344448,36.072791311423693],[138.07387736336116,36.072791311322796],[138.07387736349997,36.072832971296137],[138.07381486341674,36.072832971195325],[138.07375236333343,36.072832971094513],[138.07368986325008,36.072832970993709],[138.07368986338901,36.072874640967399],[138.07362736330566,36.072874640866594],[138.07356486322232,36.072874640765875],[138.07356486336116,36.072916310739572],[138.07350236327781,36.072916310638846],[138.07350236341674,36.072957970612897],[138.07343986333339,36.072957970512263],[138.07343986347223,36.072999640486046],[138.07343986361113,36.073041310460098],[138.07337736352781,36.073041310359642],[138.07337736366671,36.073082970333694],[138.07331486358331,36.07308297023333],[138.0733148637222,36.07312464020729],[138.07325236363897,36.073124640106926],[138.07318986355563,36.073124640006654],[138.07318986341673,36.073082970032424],[138.07318986327789,36.073041310058109],[138.07318986313899,36.072999640083793],[138.07312736305565,36.072999639983252],[138.07312736291675,36.072957970009114],[138.07306486283341,36.072957969908487],[138.07306486269451,36.072916309933987],[138.07300236261116,36.07291630983336],[138.07300236247227,36.072874639858952],[138.07293986238892,36.07287463975824],[138.0728773623056,36.072874639657428],[138.07287736216668,36.07283296968285],[138.07281486208336,36.072832969582038],[138.07281486194455,36.072791309607453],[138.07281486180563,36.072749639632697],[138.0728148616667,36.072707969657941],[138.07275236158338,36.072707969556951],[138.07268986150015,36.072707969455877],[138.07268986163905,36.072749639430725],[138.07262736155565,36.072749639329743],[138.07262736141681,36.072707969354802],[138.07256486133338,36.072707969253813],[138.07250236125006,36.072707969152745],[138.07243986116674,36.072707969051663],[138.0723773610834,36.072707968950681],[138.07231486100005,36.072707968849606],[138.07225236091665,36.072707968748617],[138.0721898608333,36.072707968647549],[138.07218986069449,36.072666308672339],[138.07218986055557,36.072624638696873],[138.07218986041667,36.072582968721669],[138.07212736033344,36.072582968620416],[138.0721273601946,36.072541308644858],[138.0720648601112,36.072541308543606],[138.07206486025009,36.072582968519164],[138.07200236016678,36.072582968417912],[138.07193986008343,36.072582968316659],[138.07193985994454,36.072541308340924],[138.07187735986119,36.072541308239579],[138.07181485977787,36.072541308138327],[138.07175235969453,36.072541308036989],[138.07175235955563,36.07249963806116],[138.07175235941671,36.072457968085338],[138.07168985933339,36.072457967983908],[138.07168985947229,36.072499637959737],[138.07162735938886,36.0724996378583],[138.07162735952778,36.072541307834307],[138.07156485944455,36.072541307733054],[138.07156485958345,36.072582967709145],[138.07150235950013,36.072582967607893],[138.07150235963903,36.0726246375839],[138.07156485972237,36.07262463768506],[138.07156485986127,36.072666307661237],[138.0716273599445,36.072666307762319],[138.07162736008334,36.07270796773814],[138.07162736022224,36.072749637714232],[138.07168986030558,36.072749637815221],[138.07168986044448,36.072791307791221],[138.07175236052782,36.072791307892118],[138.07175236066672,36.072832967867853],[138.07175236080565,36.072874637843682],[138.07175236094454,36.072916307819412],[138.07175236108338,36.072957967795332],[138.07175236122228,36.072999637771062],[138.07181486130563,36.072999637871604],[138.07187736138894,36.072999637972146],[138.07187736152787,36.073041307947975],[138.07187736166676,36.07308296792371],[138.07181486158336,36.073082967823254],[138.07181486172226,36.073124637798998],[138.07175236163894,36.073124637698626],[138.07175236177784,36.073166307674455],[138.07168986169452,36.073166307574184],[138.07168986183333,36.073207967550182],[138.07162736175002,36.073207967449996],[138.07156486166676,36.073207967349809],[138.07150236158344,36.07320796724953],[138.0714398615001,36.073207967149344],[138.07137736141678,36.073207967049157],[138.07131486133343,36.073207966948971],[138.07131486147227,36.073249636925155],[138.07125236138893,36.073249636825054],[138.07125236152785,36.073291306801508],[138.07118986144451,36.073291306701492],[138.07118986158343,36.073332966677768],[138.0711273615,36.073332966577752],[138.0711273616389,36.073374636554377],[138.07106486155558,36.07337463645446],[138.07106486141666,36.07333296647775],[138.07106486127785,36.073291306501304],[138.07106486113895,36.073249636524586],[138.07106486100002,36.073207966548139],[138.0710648608611,36.073166306571423],[138.07100236077795,36.073166306471151],[138.07100236063906,36.073124636494441],[138.07100236050013,36.073082966517902],[138.07100236036123,36.0730413065411],[138.07093986027789,36.073041306440643],[138.07093986013899,36.072999636463848],[138.07093986000007,36.072957966487223],[138.07093985986126,36.072916306510422],[138.07087735977791,36.072916306409695],[138.07081485969451,36.072916306309068],[138.07075235961116,36.072916306208349],[138.07068985952785,36.072916306107629],[138.0706273594445,36.07291630600691],[138.0706273593056,36.07287463602993],[138.07062735916668,36.072832966052857],[138.07056485908336,36.07283296595196],[138.07056485894452,36.072791305974896],[138.07056485880562,36.072749635997738],[138.07050235872228,36.072749635896756],[138.07050235858338,36.07270796591942],[138.07050235844446,36.072666305942349],[138.07050235830556,36.072624635965013],[138.0704398582223,36.072624635863846],[138.07037735813898,36.072624635762686],[138.07037735827788,36.072666305740114],[138.07031485819456,36.072666305639032],[138.07025235811125,36.072666305537872],[138.0701898580279,36.072666305436798],[138.07012735794456,36.07266630533563],[138.07006485786115,36.072666305234563],[138.07000235777781,36.072666305133481],[138.06993985769449,36.072666305032321],[138.06993985783339,36.072707965010011],[138.06993985797223,36.072749634987971],[138.06987735788908,36.072749634886982],[138.0698773580279,36.072791304865028],[138.06981485794455,36.072791304764131],[138.06981485808348,36.072832964741998],[138.06975235800013,36.072832964641194],[138.06975235813897,36.072874634619239],[138.06975235827787,36.072916304597193],[138.06968985819455,36.072916304496559],[138.06968985833345,36.072957964474696],[138.06962735825005,36.072957964374069],[138.06962735838894,36.0729996343522],[138.06962735852787,36.073041304330424],[138.06956485844452,36.073041304229974],[138.06956485858336,36.073082964208282],[138.06956485872226,36.073124634186506],[138.06956485886116,36.073166304164729],[138.06956485900008,36.07320796414313],[138.06956485913901,36.073249634121268],[138.06950235905558,36.073249634021167],[138.06943985897223,36.07324963392098],[138.06937735888891,36.073249633820879],[138.06937735902781,36.073291303799465],[138.06931485894458,36.073291303699364],[138.06925235886126,36.073291303599262],[138.06925235900007,36.073332963577755],[138.06918985891673,36.073332963477746],[138.06918985877792,36.073291303499261],[138.06912735869457,36.073291303399159],[138.06906485861117,36.073291303299058],[138.06906485847236,36.073249633320216],[138.06900235838893,36.07324963322003],[138.06893985830558,36.073249633119929],[138.06893985816669,36.073207963141002],[138.06887735808334,36.073207963040815],[138.06881485800002,36.073207962940629],[138.06875235791676,36.073207962840442],[138.06868985783345,36.073207962740163],[138.06862735775013,36.073207962639977],[138.06856485766679,36.07320796253979],[138.06856485780571,36.073249632519079],[138.06850235772228,36.073249632418893],[138.06843985763894,36.073249632318792],[138.06837735755562,36.073249632218698],[138.06837735769452,36.073291302198342],[138.0683148576112,36.073291302098241],[138.06825235752785,36.073291301998239],[138.06818985744462,36.073291301898138],[138.0681898573057,36.07324963191823],[138.06812735722238,36.073249631818129],[138.06812735708348,36.073207961838307],[138.06812735694456,36.073166301858393],[138.06806485686121,36.073166301758121],[138.0680023567779,36.073166301657849],[138.06793985669458,36.073166301557571],[138.06787735661123,36.073166301457292],[138.06781485652789,36.07316630135702],[138.06775235644449,36.073166301256748],[138.06768985636114,36.073166301156469],[138.06762735627791,36.07316630105619],[138.06756485619456,36.073166300955918],[138.06750235611125,36.073166300855647],[138.06743985602793,36.073166300755368],[138.06737735594459,36.073166300655089],[138.06731485586124,36.073166300554817],[138.06725235577784,36.073166300454453],[138.06725235591674,36.073207960435425],[138.06718985583342,36.073207960335239],[138.06712735575007,36.073207960234967],[138.06706485566684,36.073207960134781],[138.06706485580577,36.073249630115754],[138.06700235572234,36.073249630015567],[138.06693985563899,36.073249629915473],[138.06693985577792,36.073291299896717],[138.06687735569457,36.073291299796708],[138.06681485561126,36.073291299696606],[138.06681485575007,36.073332959677764],[138.06675235566675,36.073332959577755],[138.06668985558341,36.073332959477746],[138.06662735550009,36.073332959377737],[138.06662735563899,36.073374629359336],[138.06656485555558,36.073374629259419],[138.06656485569448,36.073416299241103],[138.06650235561125,36.073416299141272],[138.0664398555279,36.07341629904144],[138.06643985566683,36.073457959023038],[138.06637735558348,36.073457958923299],[138.06637735544459,36.073416298941524],[138.06631485536124,36.073416298841693],[138.06631485522234,36.073374628859739],[138.066252355139,36.073374628759815],[138.0662523550001,36.073332958777769],[138.06618985491676,36.073332958677767],[138.06618985505568,36.073374628659892],[138.06612735497234,36.073374628559975],[138.06606485488894,36.073374628459966],[138.06600235480559,36.073374628360042],[138.06593985472236,36.073374628260126],[138.06587735463901,36.073374628160209],[138.0658148545557,36.073374628060286],[138.06575235447235,36.073374627960362],[138.06568985438903,36.073374627860446],[138.06562735430569,36.073374627760529],[138.06556485422229,36.073374627660606],[138.06556485436118,36.073416297643362],[138.06550235427787,36.073416297543531],[138.06550235413894,36.073374627560597],[138.06543985405563,36.07337462746068],[138.06543985419452,36.073416297443607],[138.06537735411129,36.073416297343776],[138.06531485402795,36.073416297243945],[138.06525235394463,36.073416297144021],[138.06525235408344,36.073457957127047],[138.06525235422237,36.073499627110067],[138.06518985413902,36.073499627010406],[138.06518985427795,36.073541296993426],[138.0651273541946,36.073541296893779],[138.0650648541112,36.073541296794119],[138.0650648542501,36.0735829567775],[138.06500235416678,36.073582956677839],[138.06500235430568,36.073624626661129],[138.06493985422236,36.073624626561653],[138.06487735413893,36.073624626462092],[138.06487735427783,36.073666296445552],[138.06481485419459,36.073666296346161],[138.06475235411125,36.073666296246685],[138.06468985402793,36.073666296147302],[138.06462735394462,36.073666296047826],[138.06462735380569,36.073624626064003],[138.06456485372235,36.073624625964527],[138.06450235363903,36.073624625865051],[138.06450235377793,36.073666295848966],[138.06450235391677,36.073707955832873],[138.06443985383342,36.073707955733482],[138.06443985397235,36.07374962571739],[138.064377353889,36.073749625618092],[138.06437735402784,36.073791295602177],[138.06437735416674,36.073832955586084],[138.06431485408342,36.073832955486964],[138.06431485422232,36.073874625471134],[138.06431485436116,36.073916295455312]],[[138.0620023532224,36.074499621506774],[138.06200235308347,36.074457951520998],[138.06193985300015,36.074457951410864],[138.06193985286131,36.074416291425536],[138.06187735277791,36.074416291315316],[138.06187735263899,36.07437462132981],[138.06181485255567,36.074374621219761],[138.06181485241675,36.074332951234524],[138.06181485227793,36.074291291249196],[138.06175235219459,36.074291291139147],[138.06175235205569,36.074249621153911],[138.06168985197235,36.074249621043954],[138.06168985211127,36.074291291029283],[138.06168985225008,36.074332951014611],[138.06162735216677,36.074332950904477],[138.06162735230566,36.074374620889628],[138.06162735244459,36.07441629087478],[138.06156485236116,36.074416290764646],[138.06156485250008,36.074457950749618],[138.06156485263898,36.07449962073477],[138.06156485277791,36.074541290719921],[138.06162735286122,36.074541290830233],[138.06162735300015,36.074582950815383],[138.06168985308346,36.074582950925695],[138.06168985322239,36.074624620910754],[138.06175235330571,36.074624621021243],[138.06175235316681,36.074582951036092],[138.06181485325013,36.074582951146496],[138.06181485311131,36.074541291161253],[138.06187735319463,36.074541291271657],[138.06193985327798,36.074541291381969],[138.06193985341679,36.074582951367475],[138.06193985355571,36.074624621352712],[138.06187735347237,36.074624621242222],[138.06187735361129,36.074666291227729],[138.06181485352795,36.074666291117154],[138.06181485366676,36.074707951102567],[138.06187735375011,36.074707951213327],[138.06193985383354,36.074707951323816],[138.06193985397235,36.074749621309323],[138.06200235405578,36.07474962141999],[138.06200235419459,36.074791291405496],[138.06206485427782,36.074791291516341],[138.06212735436117,36.074791291627093],[138.06212735422235,36.074749621641324],[138.06218985430567,36.074749621752076],[138.06218985416677,36.074707951766307],[138.06218985402785,36.074666291780531],[138.0621273539445,36.074666291669956],[138.06212735380561,36.07462462168418],[138.0621273536668,36.074582951698588],[138.06206485358337,36.074582951588184],[138.06206485344455,36.07454129160277],[138.06206485330563,36.074499621616994],[138.0620023532224,36.074499621506774]],[[138.07137735905565,36.072499637452765],[138.07143985913896,36.072499637554188],[138.07143985900007,36.072457967578103],[138.07143985886123,36.072416307601827],[138.07150235894457,36.07241630770335],[138.07150235880565,36.07237463772735],[138.07143985872233,36.072374637625742],[138.07137735863898,36.072374637524135],[138.07131485855567,36.072374637422527],[138.07131485869456,36.072416307398797],[138.0713148588334,36.072457967375151],[138.07137735891672,36.072457967476581],[138.07137735905565,36.072499637452765]],[[138.07000235680562,36.072374635288938],[138.06993985672221,36.072374635187423],[138.06987735663904,36.072374635085815],[138.06987735650014,36.072332965107861],[138.0698148564168,36.072332965006161],[138.0698148562779,36.072291305028294],[138.06975235619456,36.072291304926509],[138.06968985611124,36.072291304824816],[138.06968985597231,36.072249634846585],[138.069627355889,36.072249634744807],[138.06956485580565,36.072249634643015],[138.06956485566675,36.072207964664614],[138.06950235558341,36.072207964562743],[138.06950235572225,36.072249634541144],[138.06950235586115,36.072291304519638],[138.06950235600007,36.072332964497861],[138.06943985591673,36.072332964396161],[138.06943985605557,36.072374634374654],[138.06943985619446,36.072416304352963],[138.06943985633336,36.072457964331448],[138.06950235641671,36.072457964432886],[138.06956485650005,36.072457964534308],[138.06962735658337,36.072457964635831],[138.06968985666668,36.072457964737261],[138.06968985652787,36.072416304759038],[138.06975235661122,36.072416304860553],[138.06981485669453,36.072416304962076],[138.06981485683346,36.072457964940121],[138.06981485697236,36.072499634918074],[138.0698773570557,36.072499635019419],[138.06987735691678,36.072457965041636],[138.06993985700001,36.072457965143073],[138.06993985686111,36.072416305165113],[138.07000235694443,36.072416305266721],[138.07000235680562,36.072374635288938]]]},"properties":{"FID":195,"A31_201":"8505050720","A31_202":"横河川","A31_203":20,"A31_204":"長野県","A31_205":2,"A31_206":" ","A31_207":" ","A31_208":" "}},{"type":"Feature","id":196,"geometry":{"type":"Polygon","coordinates":[[[138.05862735927158,36.077749613499989],[138.05862735940616,36.077791283472266],[138.05862735954071,36.077832943444356],[138.05862735967537,36.077874613416718],[138.05856485958722,36.07787461330561],[138.05850235949902,36.077874613194496],[138.05850235936464,36.077832943222134],[138.05850235923015,36.077791283250036],[138.05850235909568,36.077749613277767],[138.05843985900782,36.07774961316666],[138.05843985887344,36.077707943194468],[138.05843985873906,36.0776662832222],[138.05837735865128,36.077666283111085],[138.05831485856345,36.077666282999978],[138.05831485842924,36.077624613027709],[138.05825235834146,36.077624612916594],[138.05825235820734,36.077582942944503],[138.05831485829495,36.07758294305561],[138.05831485816074,36.077541283083335],[138.05831485802653,36.077499613110973],[138.05837735811403,36.077499613222088],[138.05837735797974,36.077457943249996],[138.05843985806717,36.077457943361104],[138.05843985793277,36.077416283388828],[138.05850235802021,36.077416283499943],[138.05850235788571,36.077374613527851],[138.05850235775125,36.077332943555575],[138.05856485783849,36.07733294366669],[138.05856485770403,36.077291283694507],[138.05856485756948,36.07724961372223],[138.0586273576566,36.077249613833345],[138.05862735779118,36.077291283805614],[138.05868985787822,36.077291283916722],[138.05868985801288,36.077332943888905],[138.05868985814755,36.077374613861181],[138.05862735806028,36.077374613750067],[138.05862735819494,36.077416283722165],[138.05868985828218,36.077416283833273],[138.05868985841681,36.077457943805548],[138.05875235850425,36.077457943916656],[138.05875235863897,36.077499613888754],[138.05875235877372,36.077541283861116],[138.05868985868614,36.077541283750008],[138.05868985882077,36.077582943722277],[138.0586898589554,36.077624613694368],[138.05868985909007,36.077666283666645],[138.05868985922473,36.077707943638913],[138.05862735913695,36.077707943527898],[138.05862735927158,36.077749613499989]]]},"properties":{"FID":196,"A31_201":"8505050720","A31_202":"横河川","A31_203":20,"A31_204":"長野県","A31_205":2,"A31_206":" ","A31_207":" ","A31_208":" "}},{"type":"Feature","id":197,"geometry":{"type":"Polygon","coordinates":[[[138.05737736244137,36.079291280249983],[138.05737736257458,36.079332940222258],[138.05737736270783,36.079374610194435],[138.05737736284104,36.079416280166711],[138.05737736297419,36.079457940138809],[138.05737736310741,36.079499610111078],[138.05731486301653,36.079499609999971],[138.05725236292565,36.079499609888856],[138.05718986283486,36.079499609777741],[138.05718986270182,36.079457939805472],[138.05712736261103,36.079457939694365],[138.05706486252032,36.07945793958325],[138.05706486238745,36.079416279611152],[138.05706486225458,36.079374609638883],[138.05706486212171,36.079332939666699],[138.05706486198892,36.079291279694431],[138.05706486185605,36.079249609722154],[138.05712736194647,36.079249609833269],[138.05712736181363,36.07920793986117],[138.05718986190396,36.079207939972278],[138.05718986177092,36.079166279999924],[138.05725236186126,36.079166280111032],[138.05725236172822,36.079124610138763],[138.05731486181838,36.07912461024987],[138.05731486168526,36.079082940277772],[138.05737736177542,36.079082940388886],[138.05743986186559,36.079082940500001],[138.05743986199889,36.079124610472093],[138.05750236208905,36.079124610583207],[138.05750236222238,36.079166280555476],[138.05743986213213,36.079166280444369],[138.05743986226534,36.079207940416723],[138.05743986239867,36.079249610388821],[138.05737736230822,36.079249610277714],[138.05737736244137,36.079291280249983]]]},"properties":{"FID":197,"A31_201":"8505050720","A31_202":"横河川","A31_203":20,"A31_204":"長野県","A31_205":2,"A31_206":" ","A31_207":" ","A31_208":" "}},{"type":"Feature","id":198,"geometry":{"type":"Polygon","coordinates":[[[138.05387736047749,36.080291273361055],[138.0538773606068,36.080332933333416],[138.05381486051459,36.080332933222309],[138.05381486038527,36.080291273249941],[138.05387736047749,36.080291273361055]]]},"properties":{"FID":198,"A31_201":"8505050720","A31_202":"横河川","A31_203":20,"A31_204":"長野県","A31_205":2,"A31_206":" ","A31_207":" ","A31_208":" "}},{"type":"Feature","id":199,"geometry":{"type":"Polygon","coordinates":[[[138.05450236282903,36.080749604166719],[138.05456486292195,36.080749604277827],[138.05456486305206,36.080791274249925],[138.05462736314499,36.080791274361033],[138.05468986323802,36.080791274472148],[138.05475236333092,36.080791274583262],[138.05481486342387,36.08079127469437],[138.05487736351688,36.080791274805478],[138.05493986360989,36.080791274916592],[138.0550023637029,36.080791275027707],[138.05506486379591,36.080791275138814],[138.05506486392648,36.080832935111175],[138.05500236383347,36.080832935000061],[138.05500236396401,36.080874604972067],[138.05493986387083,36.080874604860959],[138.0549398640014,36.080916274833321],[138.05493986413185,36.080957934805596],[138.05487736403859,36.080957934694482],[138.05487736416896,36.080999604666665],[138.05481486407561,36.080999604555558],[138.05481486420598,36.081041274527735],[138.05475236411252,36.081041274416627],[138.05475236424283,36.081082934388988],[138.05475236437312,36.081124604361079],[138.05468986427968,36.081124604249972],[138.05468986440988,36.081166274222333],[138.05462736431625,36.081166274111226],[138.05462736444636,36.081207934083224],[138.05456486435273,36.081207933972117],[138.05450236425901,36.081207933861009],[138.05450236438904,36.081249603833371],[138.0544398642952,36.081249603722256],[138.05437736420149,36.081249603611141],[138.05437736433134,36.08129127358324],[138.05431486423754,36.081291273472132],[138.05431486436731,36.081332933444486],[138.0542523642734,36.081332933333378],[138.05425236414374,36.081291273361018],[138.05425236401396,36.081249603388926],[138.05425236388419,36.081207933416565],[138.05425236375453,36.081166273444552],[138.05425236362476,36.08112460347219],[138.0542523634951,36.081082933500099],[138.05425236336532,36.081041273527738],[138.05425236323566,36.080999603555554],[138.05425236310589,36.08095793358337],[138.05425236297623,36.080916273611095],[138.05425236284646,36.080874603638733],[138.05425236271677,36.080832933666727],[138.05425236258702,36.080791273694373],[138.05425236245733,36.080749603722275],[138.05425236232759,36.080707933750006],[138.0542523621979,36.080666273777908],[138.05431486229065,36.080666273889022],[138.05431486216088,36.080624603916661],[138.05437736225355,36.080624604027768],[138.05437736212369,36.080582934055499],[138.05443986221636,36.080582934166607],[138.05443986208641,36.080541274194516],[138.05450236217905,36.080541274305624],[138.05450236204905,36.080499604333355],[138.05450236191899,36.080457934361164],[138.05450236178899,36.080416274388895],[138.05450236165905,36.080374604416619],[138.05450236152902,36.080332934444527],[138.05450236139899,36.080291274472167],[138.0545648614912,36.080291274583274],[138.05456486136109,36.080249604611005],[138.05462736145319,36.080249604722113],[138.05462736132307,36.080207934750021],[138.05468986141511,36.080207934861136],[138.05468986128491,36.08016627488886],[138.05475236137676,36.080166274999968],[138.05475236124647,36.080124605027791],[138.05481486133831,36.080124605138899],[138.05481486120794,36.080082935166629],[138.05487736129979,36.080082935277737],[138.05487736116942,36.080041275305646],[138.05487736103893,36.079999605333285],[138.05493986113061,36.079999605444485],[138.05500236122231,36.0799996055555],[138.05506486131398,36.0799996056667],[138.05506486118341,36.079957935694523],[138.055127361275,36.079957935805631],[138.05518986136661,36.079957935916738],[138.0552523614582,36.079957936027853],[138.05525236132735,36.079916276055584],[138.05531486141888,36.079916276166692],[138.05537736151035,36.0799162762778],[138.05543986160188,36.079916276388914],[138.05543986147086,36.079874606416638],[138.05550236156236,36.079874606527753],[138.05550236169347,36.079916276500029],[138.05550236182455,36.079957936472297],[138.05550236195566,36.079999606444389],[138.05550236208674,36.08004127641675],[138.05556486217853,36.080041276527865],[138.05556486230969,36.080082936499963],[138.05556486244089,36.080124606472232],[138.05556486257206,36.080166276444331],[138.05550236248013,36.080166276333301],[138.05550236261121,36.080207936305577],[138.05550236274232,36.080249606277675],[138.05543986265019,36.080249606166561],[138.05537736255815,36.080249606055446],[138.05537736268917,36.080291276027722],[138.05543986278127,36.080291276138837],[138.05543986291229,36.080332936111191],[138.05537736282008,36.080332936000083],[138.05537736295108,36.080374605972182],[138.05531486285878,36.080374605861067],[138.05531486298969,36.080416275833343],[138.05525236289739,36.080416275722229],[138.05525236302822,36.080457935694497],[138.05525236315904,36.080499605666688],[138.05518986306657,36.080499605555573],[138.05518986319731,36.08054127552785],[138.05518986332805,36.08058293549994],[138.05518986345879,36.08062460547221],[138.05512736336613,36.080624605361102],[138.0550648632734,36.080624605249994],[138.05500236318065,36.08062460513888],[138.05493986308798,36.080624605027765],[138.05487736299523,36.080624604916657],[138.0548148629025,36.08062460480555],[138.05475236280975,36.080624604694435],[138.05475236294004,36.080666274666797],[138.0546898628474,36.080666274555682],[138.05462736275464,36.080666274444575],[138.05456486266181,36.080666274333467],[138.05456486279184,36.080707934305558],[138.054502362699,36.08070793419445],[138.05450236282903,36.080749604166719],[138.0544398627361,36.080749604055612],[138.05443986286605,36.080791274027703],[138.05437736277304,36.080791273916589],[138.0543773629029,36.080832933888956],[138.05443986299591,36.080832933999972],[138.05443986286605,36.080791274027703],[138.05450236295906,36.080791274138818],[138.05450236282903,36.080749604166719]]]},"properties":{"FID":199,"A31_201":"8505050720","A31_202":"横河川","A31_203":20,"A31_204":"長野県","A31_205":2,"A31_206":" ","A31_207":" ","A31_208":" "}},{"type":"Feature","id":200,"geometry":{"type":"Polygon","coordinates":[[[138.05331486659685,36.0825412708611],[138.05325236650089,36.082541270749992],[138.05325236637231,36.082499600777631],[138.05325236624367,36.082457930805532],[138.05325236611509,36.082416270833264],[138.05325236598645,36.082374600861172],[138.05331486608213,36.08237460097228],[138.05331486595344,36.082332930999918],[138.05337736604903,36.082332931111026],[138.05343986614454,36.08233293122214],[138.05343986601574,36.082291271250043],[138.05350236611125,36.082291271361157],[138.05350236624011,36.082332931333255],[138.053502366369,36.082374601305617],[138.05350236649795,36.082416271277708],[138.05343986640227,36.082416271166593],[138.05343986653099,36.082457931138869],[138.0533773664352,36.082457931027761],[138.05337736656401,36.082499600999853],[138.05331486646816,36.082499600888738],[138.05331486659685,36.0825412708611]]]},"properties":{"FID":200,"A31_201":"8505050720","A31_202":"横河川","A31_203":20,"A31_204":"長野県","A31_205":2,"A31_206":" ","A31_207":" ","A31_208":" "}},{"type":"Feature","id":201,"geometry":{"type":"Polygon","coordinates":[[[138.05206486977036,36.084207927527913],[138.05200236967164,36.084207927416799],[138.05200236954448,36.084166267444445],[138.05200236941727,36.084124597472346],[138.05200236929011,36.084082927500077],[138.05206486938852,36.084082927611185],[138.05206486926124,36.084041267638909],[138.05212736935968,36.084041267750024],[138.05212736923232,36.08399959777784],[138.05218986933065,36.083999597888948],[138.0521898692032,36.083957927916678],[138.05225236930144,36.083957928027786],[138.052252369429,36.083999598000062],[138.05225236955653,36.084041267972246],[138.052252369684,36.084082927944522],[138.05218986958548,36.084082927833407],[138.05218986971292,36.084124597805683],[138.0521273696144,36.084124597694569],[138.05212736974178,36.08416626766666],[138.05206486964306,36.084166267555553],[138.05206486977036,36.084207927527913]]]},"properties":{"FID":201,"A31_201":"8505050720","A31_202":"横河川","A31_203":20,"A31_204":"長野県","A31_205":2,"A31_206":" ","A31_207":" ","A31_208":" "}},{"type":"Feature","id":202,"geometry":{"type":"Polygon","coordinates":[[[138.05143987270807,36.085499595555561],[138.05143987283472,36.085541265527837],[138.05137737273381,36.085541265416722],[138.05137737260725,36.085499595444539],[138.05137737248069,36.085457925472355],[138.05137737235421,36.085416265500086],[138.05137737222765,36.085374595527725],[138.05137737210117,36.085332925555626],[138.05143987220171,36.085332925666734],[138.05150237230228,36.085332925777848],[138.05156487240285,36.085332925888963],[138.05156487252958,36.085374595861055],[138.05156487265634,36.085416265833416],[138.0515023725556,36.085416265722301],[138.05150237268225,36.085457925694577],[138.05143987258151,36.085457925583469],[138.05143987270807,36.085499595555561]]]},"properties":{"FID":202,"A31_201":"8505050720","A31_202":"横河川","A31_203":20,"A31_204":"長野県","A31_205":2,"A31_206":" ","A31_207":" ","A31_208":" "}},{"type":"Feature","id":203,"geometry":{"type":"Polygon","coordinates":[[[138.05118987394701,36.086041264750037],[138.05112737384528,36.086041264638922],[138.051127373719,36.085999594666745],[138.05112737359278,36.085957924694554],[138.05112737346647,36.085916264722286],[138.05118987356801,36.085916264833401],[138.05118987344173,36.085874594861039],[138.05125237354315,36.085874594972147],[138.05125237341679,36.08583292500014],[138.05131487351815,36.085832925111248],[138.05131487364463,36.085874595083254],[138.0513148737711,36.085916265055616],[138.05131487389758,36.085957925027891],[138.05125237379593,36.085957924916784],[138.05125237392232,36.08599959488896],[138.0511898738207,36.085999594777853],[138.05118987394701,36.086041264750037]]]},"properties":{"FID":203,"A31_201":"8505050720","A31_202":"横河川","A31_203":20,"A31_204":"長野県","A31_205":2,"A31_206":" ","A31_207":" ","A31_208":" "}},{"type":"Feature","id":204,"geometry":{"type":"Polygon","coordinates":[[[138.05081487849853,36.087749592944498],[138.05081487862446,36.087791262916767],[138.05075237851992,36.087791262805659],[138.05075237839407,36.08774959283339],[138.05075237826821,36.087707922861291],[138.05075237814236,36.087666262888931],[138.05075237801657,36.087624592916654],[138.05075237789072,36.087582922944563],[138.05075237776487,36.087541262972294],[138.05075237763901,36.087499593000103],[138.05075237751316,36.087457923027834],[138.0507523773874,36.087416263055559],[138.05075237726155,36.087374593083467],[138.05075237713569,36.087332923111106],[138.05075237700993,36.087291263139008],[138.05075237688408,36.087249593166739],[138.05075237675823,36.087207923194555],[138.05075237663235,36.087166263222286],[138.05075237650658,36.08712459325001],[138.05075237638073,36.087082923277919],[138.05075237625488,36.087041263305643],[138.05075237612903,36.086999593333282],[138.05075237600317,36.086957923361183],[138.05075237587741,36.086916263388915],[138.05075237575156,36.086874593416731],[138.05075237562571,36.086832923444462],[138.05075237549983,36.086791263472364],[138.05075237537409,36.086749593500087],[138.05081487547685,36.086749593611202],[138.05081487535091,36.086707923639018],[138.05087737545378,36.086707923750126],[138.05087737532784,36.086666263777857],[138.05093987543063,36.086666263888972],[138.05093987530458,36.086624593916696],[138.05100237540728,36.086624594027811],[138.05100237528117,36.086582924055712],[138.05106487538384,36.086582924166819],[138.05106487525765,36.086541264194466],[138.05112737536024,36.086541264305573],[138.05112737523396,36.086499594333304],[138.05118987533655,36.086499594444412],[138.05118987546285,36.086541264416681],[138.05118987558916,36.086582924389049],[138.05125237569183,36.086582924500156],[138.05125237581822,36.086624594472255],[138.05125237594461,36.086666264444524],[138.05125237607092,36.0867079244168],[138.0512523761974,36.086749594388976],[138.05125237632379,36.086791264361253],[138.05125237645009,36.086832924333351],[138.05118987634702,36.086832924222236],[138.05118987647342,36.086874594194597],[138.05118987659972,36.086916264166689],[138.05112737649648,36.086916264055581],[138.0511273766227,36.086957924027857],[138.05112737674901,36.086999593999948],[138.05106487664568,36.086999593888834],[138.05106487677182,36.087041263861195],[138.05100237666841,36.087041263750088],[138.05100237679454,36.087082923722363],[138.05093987669105,36.087082923611248],[138.05093987681707,36.08712459358334],[138.05087737671357,36.087124593472232],[138.05087737683951,36.087166263444502],[138.05087737696547,36.087207923416777],[138.0508773770915,36.087249593388961],[138.05081487698766,36.087249593277846],[138.0508148771136,36.087291263250123],[138.05081487723945,36.08733292322222],[138.05081487736538,36.087374593194582],[138.05081487749135,36.087416263166674],[138.05087737759536,36.087416263277788],[138.05087737772129,36.087457923250057],[138.05093987782541,36.087457923361171],[138.05093987795146,36.08749959333344],[138.05093987807749,36.087541263305624],[138.05093987820351,36.087582923277893],[138.05093987832956,36.087624593249991],[138.05093987845567,36.08766626322226],[138.0508773783512,36.087666263111153],[138.05087737847714,36.087707923083514],[138.05081487837259,36.087707922972399],[138.05081487849853,36.087749592944498]]]},"properties":{"FID":204,"A31_201":"8505050720","A31_202":"横河川","A31_203":20,"A31_204":"長野県","A31_205":2,"A31_206":" ","A31_207":" ","A31_208":" "}},{"type":"Feature","id":205,"geometry":{"type":"Polygon","coordinates":[[[138.05081488303108,36.089249591944437],[138.05081488315693,36.089291261916713],[138.05075238304988,36.089291261805599],[138.05075238292403,36.08924959183333],[138.05075238279818,36.089207921861231],[138.05075238267241,36.089166261888963],[138.05075238254656,36.089124591916779],[138.05075238242071,36.08908292194451],[138.05075238229486,36.089041261972412],[138.05075238216909,36.08899959200005],[138.05075238204324,36.088957922027774],[138.05075238191736,36.088916262055683],[138.05075238179151,36.088874592083414],[138.05075238166575,36.088832922111223],[138.05075238153989,36.088791262138955],[138.05075238141404,36.088749592166678],[138.05075238128819,36.088707922194587],[138.05075238116243,36.088666262222226],[138.05075238103657,36.088624592250127],[138.05075238091072,36.088582922277858],[138.05075238078484,36.088541262305583],[138.05075238065911,36.088499592333406],[138.05075238053323,36.08845792236113],[138.05075238040737,36.088416262389032],[138.05075238028152,36.088374592416763],[138.05075238015567,36.088332922444579],[138.05075238002991,36.08829126247231],[138.05075237990405,36.088249592500034],[138.0507523797782,36.088207922527943],[138.05075237965235,36.088166262555575],[138.05075237952659,36.088124592583306],[138.05075237940071,36.088082922611207],[138.05075237927485,36.088041262638939],[138.05075237914909,36.087999592666755],[138.05075237902324,36.087957922694486],[138.05075237889739,36.087916262722388],[138.05075237877153,36.087874592750111],[138.05081487887617,36.087874592861226],[138.05081487900213,36.087916262833502],[138.05087737910705,36.08791626294461],[138.05087737923299,36.087957922916701],[138.05087737935892,36.087999592888977],[138.05087737948497,36.088041262861161],[138.05093987959006,36.088041262972268],[138.05093987971608,36.088082922944544],[138.05100237982117,36.088082923055651],[138.05100237994731,36.08812459302775],[138.05106488005256,36.088124593138858],[138.05106488017867,36.088166263111134],[138.05112738028404,36.088166263222249],[138.05112738041026,36.088207923194602],[138.05112738053654,36.088249593166701],[138.05112738066276,36.08829126313897],[138.05112738078898,36.088332923111246],[138.05112738091526,36.088374593083429],[138.05112738104148,36.088416263055706],[138.05112738116779,36.088457923027796],[138.05112738129398,36.088499593000066],[138.05106488118818,36.088499592888958],[138.05106488131432,36.088541262861142],[138.05106488144051,36.08858292283341],[138.05106488156673,36.088624592805687],[138.05106488169287,36.088666262777778],[138.05106488181906,36.088707922750146],[138.05100238171292,36.088707922639031],[138.05100238183903,36.088749592611123],[138.05100238196513,36.088791262583399],[138.05100238209118,36.088832922555667],[138.05093988198476,36.08883292244456],[138.05093988211087,36.088874592416744],[138.05093988223692,36.08891626238902],[138.05093988236294,36.088957922361111],[138.05093988248899,36.08899959233338],[138.05093988261501,36.089041262305741],[138.05093988274103,36.089082922277839],[138.05093988286708,36.089124592250116],[138.05093988299319,36.089166262222207],[138.05087738288623,36.089166262111185],[138.05087738301219,36.08920792208346],[138.05081488290514,36.089207921972346],[138.05081488303108,36.089249591944437]]]},"properties":{"FID":205,"A31_201":"8505050720","A31_202":"横河川","A31_203":20,"A31_204":"長野県","A31_205":2,"A31_206":" ","A31_207":" ","A31_208":" "}},{"type":"Feature","id":206,"geometry":{"type":"Polygon","coordinates":[[[138.05206488720938,36.089916263722316],[138.05200238710117,36.089916263611201],[138.05193988699298,36.089916263500086],[138.05187738688488,36.089916263388979],[138.05181488677667,36.089916263277871],[138.05181488664965,36.08987459330551],[138.05181488652266,36.089832923333503],[138.05187738663068,36.089832923444611],[138.05187738650366,36.08979126347225],[138.05187738637656,36.089749593500159],[138.0519398864844,36.089749593611266],[138.05193988635722,36.089707923638997],[138.05200238646506,36.089707923750105],[138.05200238633788,36.089666263777829],[138.05206488644563,36.089666263888944],[138.05212738655348,36.089666264000059],[138.05218988666124,36.089666264111166],[138.052252386769,36.089666264222274],[138.05231488687684,36.089666264333388],[138.05231488700437,36.089707924305657],[138.05225238689653,36.089707924194549],[138.052252387024,36.089749594166818],[138.05218988691604,36.089749594055711],[138.05218988704351,36.089791264027809],[138.0521273869355,36.089791263916695],[138.05212738706285,36.089832923889055],[138.05212738719021,36.089874593861062],[138.05206488708211,36.089874593749954],[138.05206488720938,36.089916263722316]]]},"properties":{"FID":206,"A31_201":"8505050720","A31_202":"横河川","A31_203":20,"A31_204":"長野県","A31_205":2,"A31_206":" ","A31_207":" ","A31_208":" "}},{"type":"Feature","id":207,"geometry":{"type":"Polygon","coordinates":[[[138.05118988544206,36.089832922222385],[138.05125238555019,36.0898329223335],[138.05125238542379,36.089791262361139],[138.05131488553181,36.089791262472247],[138.05137738563965,36.089791262583361],[138.05137738576613,36.089832922555722],[138.05137738589269,36.089874592527728],[138.05137738601928,36.08991626250009],[138.05137738614576,36.089957922472365],[138.05137738627232,36.089999592444542],[138.0513773863988,36.090041262416733],[138.05137738652536,36.090082922388916],[138.05137738665184,36.090124592361185],[138.0513773867784,36.090166262333547],[138.05137738690496,36.090207922305552],[138.05131488679632,36.090207922194438],[138.05131488666993,36.090166262222439],[138.05125238656129,36.090166262111325],[138.0512523864349,36.090124592138963],[138.05125238630851,36.090082922166687],[138.05118988620004,36.090082922055579],[138.05118988607376,36.090041262083396],[138.05112738596529,36.090041261972289],[138.05112738583898,36.089999592000098],[138.05112738571276,36.089957922027921],[138.05106488560449,36.089957921916806],[138.05100238549619,36.089957921805691],[138.05093988538789,36.089957921694584],[138.05087738527962,36.089957921583476],[138.05087738540564,36.089999591555653],[138.05087738553169,36.090041261527844],[138.05087738565754,36.090082921500027],[138.05087738578356,36.090124591472296],[138.05081488567501,36.090124591361189],[138.05081488580095,36.09016626133355],[138.0508148859268,36.090207921305549],[138.05075238581824,36.090207921194441],[138.05075238569239,36.090166261222436],[138.05075238556654,36.090124591250074],[138.05075238544069,36.090082921277798],[138.05075238531492,36.090041261305615],[138.05075238518907,36.089999591333438],[138.05075238506322,36.089957921361247],[138.05075238493737,36.089916261388979],[138.0507523848116,36.089874591416617],[138.05075238468572,36.089832921444611],[138.05075238455987,36.08979126147225],[138.05075238443402,36.089749591500151],[138.05075238430825,36.089707921527882],[138.0507523841824,36.089666261555607],[138.05081488429008,36.089666261666721],[138.05087738439784,36.089666261777836],[138.05093988450568,36.089666261888944],[138.05100238461344,36.089666262000051],[138.0510648847212,36.089666262111166],[138.05112738482904,36.089666262222281],[138.05118988493689,36.089666262333388],[138.05118988506308,36.089707922305664],[138.05118988518947,36.089749592277933],[138.05118988531578,36.089791262250031],[138.05118988544206,36.089832922222385],[138.05112738533404,36.089832922111277],[138.05112738546026,36.089874592083284],[138.05118988556845,36.089874592194391],[138.05118988544206,36.089832922222385]]]},"properties":{"FID":207,"A31_201":"8505050720","A31_202":"横河川","A31_203":20,"A31_204":"長野県","A31_205":2,"A31_206":" ","A31_207":" ","A31_208":" "}},{"type":"Feature","id":208,"geometry":{"type":"Polygon","coordinates":[[[138.05056488750219,36.090874590416846],[138.05050238739238,36.090874590305731],[138.05050238726679,36.090832920333462],[138.05050238714131,36.090791260361101],[138.05043988703159,36.090791260249986],[138.05043988690608,36.090749590277895],[138.05043988678059,36.090707920305618],[138.05050238689012,36.090707920416733],[138.05050238676461,36.090666260444635],[138.05056488687407,36.09066626055575],[138.05056488674839,36.090624590583388],[138.05062738685783,36.090624590694503],[138.05062738673206,36.090582920722404],[138.05068988684141,36.090582920833512],[138.05068988671565,36.090541260861244],[138.05075238682491,36.090541260972266],[138.05075238695076,36.090582920944627],[138.05075238707653,36.090624590916718],[138.05075238720238,36.09066626088908],[138.05075238732826,36.090707920861178],[138.050752387454,36.090749590833454],[138.05068988734448,36.090749590722339],[138.05068988747024,36.090791260694431],[138.05062738736052,36.090791260583323],[138.05062738748632,36.090832920555684],[138.05056488737651,36.090832920444569],[138.05056488750219,36.090874590416846]]]},"properties":{"FID":208,"A31_201":"8505050720","A31_202":"横河川","A31_203":20,"A31_204":"長野県","A31_205":2,"A31_206":" ","A31_207":" ","A31_208":" "}},{"type":"Feature","id":209,"geometry":{"type":"Polygon","coordinates":[[[138.05675227874997,36.053874622503159],[138.05681477881944,36.053874622606898],[138.05681477895837,36.053916292586543],[138.05687727902784,36.053916292690282],[138.05687727916666,36.053957952670189],[138.05687727930558,36.053999622650011],[138.05693977937506,36.053999622753842],[138.05693977951395,36.054041292733842],[138.05687727944448,36.054041292629925],[138.056814779375,36.054041292525923],[138.05681477923619,36.053999622546101],[138.05675227916672,36.053999622442177],[138.05668977909724,36.053999622338353],[138.05668977895834,36.0539579523588],[138.05662727888887,36.053957952254969],[138.05656477881939,36.053957952151137],[138.05656477868055,36.053916292171493],[138.05650227861108,36.053916292067754],[138.05650227847218,36.053874622088472],[138.05643977840279,36.053874621984818],[138.05643977854169,36.053916291964015],[138.0563772784723,36.053916291860276],[138.0563772783334,36.053874621881079],[138.05631477826392,36.053874621777425],[138.05625227819453,36.053874621673778],[138.05625227805552,36.053832951694488],[138.056314778125,36.053832951798142],[138.05637727819447,36.053832951901697],[138.05643977826387,36.053832952005351],[138.05650227833334,36.053832952108912],[138.05656477840273,36.053832952212559],[138.05662727847221,36.053832952316128],[138.05668977854168,36.053832952419775],[138.05675227861116,36.053832952523422],[138.05675227874997,36.053874622503159]]]},"properties":{"FID":209,"A31_201":"8505050720","A31_202":"横河川","A31_203":20,"A31_204":"長野県","A31_205":3,"A31_206":" ","A31_207":" ","A31_208":" "}},{"type":"Feature","id":210,"geometry":{"type":"Polygon","coordinates":[[[138.05487727722226,36.054041289303257],[138.05487727736107,36.054082949280939],[138.05481477729168,36.054082949176937],[138.05481477715279,36.054041289199247],[138.05487727722226,36.054041289303257]]]},"properties":{"FID":210,"A31_201":"8505050720","A31_202":"横河川","A31_203":20,"A31_204":"長野県","A31_205":3,"A31_206":" ","A31_207":" ","A31_208":" "}},{"type":"Feature","id":211,"geometry":{"type":"Polygon","coordinates":[[[138.05618977937507,36.054249621381864],[138.05618977951391,36.054291291361068],[138.05612727944444,36.054291291256618],[138.05606477937505,36.054291291152254],[138.05606477923612,36.054249621173227],[138.05600227916665,36.054249621068962],[138.05593977909717,36.054249620964598],[138.05593977895828,36.054207950985756],[138.05587727888889,36.054207950881477],[138.0558147788195,36.054207950777212],[138.0558147786806,36.054166290798719],[138.05575227861121,36.054166290694539],[138.05575227847228,36.054124620715868],[138.05568977840281,36.054124620611773],[138.05562727833333,36.054124620507679],[138.05562727819444,36.054082950529278],[138.05556477812505,36.054082950425268],[138.05550227805557,36.054082950321174],[138.05550227791673,36.054041290342781],[138.05556477798612,36.054041290446783],[138.05556477784722,36.053999620468289],[138.05556477770838,36.053957950489981],[138.05556477756949,36.053916290511495],[138.05562727763896,36.053916290615234],[138.05568977770835,36.053916290719059],[138.05575227777783,36.053916290822798],[138.05575227763899,36.053874620844311],[138.05581477770838,36.053874620947958],[138.05587727777777,36.053874621051698],[138.05593977784724,36.053874621155344],[138.05600227791663,36.053874621258998],[138.05606477798611,36.053874621362738],[138.05612727805558,36.053874621466392],[138.05612727819448,36.053916291445233],[138.05612727833332,36.053957951424344],[138.0561897784028,36.053957951528176],[138.05618977854169,36.053999621507195],[138.05625227861117,36.053999621611112],[138.05625227875009,36.054041291590309],[138.05631477881948,36.054041291694233],[138.05631477895838,36.054082951673607],[138.05625227888891,36.054082951569512],[138.05625227902783,36.054124621548624],[138.05625227916673,36.054166291527913],[138.05625227930557,36.054207951506939],[138.05618977923618,36.05420795140266],[138.05618977937507,36.054249621381864]]]},"properties":{"FID":211,"A31_201":"8505050720","A31_202":"横河川","A31_203":20,"A31_204":"長野県","A31_205":3,"A31_206":" ","A31_207":" ","A31_208":" "}},{"type":"Feature","id":212,"geometry":{"type":"Polygon","coordinates":[[[138.05675228083339,36.054499622199067],[138.05668978076392,36.054499622094355],[138.05668978062499,36.054457952114618],[138.05668978048618,36.054416292135059],[138.05675228055557,36.054416292239601],[138.05675228041673,36.054374622259779],[138.05675228027783,36.054332952280049],[138.05675228013891,36.054291292300405],[138.05681478020838,36.054291292404763],[138.05681478006949,36.05424962242494],[138.05687728013896,36.054249622529213],[138.05693978020844,36.054249622633485],[138.05700228027774,36.054249622737842],[138.05700228013882,36.054207952757757],[138.05700228000001,36.05416629277785],[138.05700227986108,36.054124622797843],[138.05700227972218,36.054082952817851],[138.05706477979166,36.054082952921945],[138.05706477993056,36.054124622901938],[138.05706478006948,36.05416629288203],[138.05706478020829,36.054207952861944],[138.05712728027777,36.054207952966209],[138.05712728041669,36.054249622946386],[138.05712728055559,36.054291292926656],[138.05706478048612,36.054291292822299],[138.05706478062493,36.054332952802298],[138.05706478076385,36.054374622782383],[138.05700228069438,36.054374622677841],[138.05693978062507,36.054374622573306],[138.056939780764,36.054416292553398],[138.05687728069452,36.054416292448764],[138.05687728083342,36.0544579524285],[138.05681478076394,36.054457952323872],[138.05675228069447,36.054457952219245],[138.05675228083339,36.054499622199067]]]},"properties":{"FID":212,"A31_201":"8505050720","A31_202":"横河川","A31_203":20,"A31_204":"長野県","A31_205":3,"A31_206":" ","A31_207":" ","A31_208":" "}},{"type":"Feature","id":213,"geometry":{"type":"Polygon","coordinates":[[[138.05056477409724,36.054541281804255],[138.05050227402776,36.05454128169945],[138.05043977395829,36.054541281594645],[138.05043977381948,36.054499611622106],[138.05043977368058,36.054457941649304],[138.05050227374994,36.054457941753924],[138.05056477381942,36.054457941858644],[138.05062727388889,36.054457941963271],[138.05068977395837,36.054457942067899],[138.05068977409729,36.054499612040971],[138.05062727402782,36.054499611936251],[138.05056477395834,36.054499611831538],[138.05056477409724,36.054541281804255]]]},"properties":{"FID":213,"A31_201":"8505050720","A31_202":"横河川","A31_203":20,"A31_204":"長野県","A31_205":3,"A31_206":" ","A31_207":" ","A31_208":" "}},{"type":"Feature","id":214,"geometry":{"type":"Polygon","coordinates":[[[138.05737728500003,36.0555412927567],[138.0574397850695,36.055541292863104],[138.0574397852084,36.055582952843551],[138.05737728513893,36.055582952737055],[138.05731478506945,36.055582952630473],[138.05725228499998,36.055582952523977],[138.05725228486116,36.055541292543808],[138.05725228472227,36.055499622563445],[138.05725228458334,36.055457952583097],[138.05731478465282,36.055457952689409],[138.05731478451389,36.05541629270914],[138.05737728458337,36.055416292815366],[138.05737728444447,36.055374622834925],[138.05743978451395,36.055374622941059],[138.05743978437505,36.055332952960526],[138.05750228444452,36.055332953066667],[138.0575647845138,36.055332953172716],[138.05756478437499,36.055291293192269],[138.0575022843056,36.055291293086228],[138.05750228416667,36.055249623105603],[138.05750228402786,36.05520795312507],[138.05750228388897,36.055166293144453],[138.05756478395824,36.055166293250323],[138.05756478381943,36.055124623269606],[138.0575647836805,36.055082953289073],[138.05756478354161,36.055041293308363],[138.05756478340271,36.054999623327923],[138.05756478326387,36.054957953347213],[138.05750228319448,36.054957953241697],[138.05743978312501,36.054957953136267],[138.05737728305562,36.054957953030751],[138.05731478298614,36.054957952925236],[138.05725228291666,36.054957952819812],[138.05718978284719,36.054957952714297],[138.05718978270838,36.054916292734205],[138.0571272826389,36.054916292628782],[138.05706478256943,36.054916292523359],[138.05700228249995,36.054916292417929],[138.05700228236105,36.054874622437836],[138.05700228222221,36.054832952457843],[138.0570647822916,36.054832952563089],[138.05706478215279,36.05479129258309],[138.05706478201387,36.054749622602912],[138.05712728208334,36.054749622708073],[138.05712728194445,36.054707952727895],[138.05712728180552,36.054666292747896],[138.05712728166662,36.054624622767633],[138.05712728152778,36.054582952787626],[138.05712728138889,36.054541292807365],[138.05712728124996,36.054499622827365],[138.05718978131944,36.054499622932084],[138.05718978118054,36.054457952951815],[138.05725228125002,36.054457953056442],[138.05731478131949,36.054457953161069],[138.05731478118057,36.054416293180893],[138.05737728125004,36.054416293285428],[138.05737728138897,36.054457953265782],[138.05743978145836,36.054457953370417],[138.05743978159725,36.054499623350949],[138.05750228166673,36.054499623455662],[138.05750228180565,36.054541293436102],[138.05756478187493,36.054541293540908],[138.05762728194441,36.054541293645713],[138.05762728208333,36.054582953626515],[138.05762728222223,36.05462462360714],[138.05762728236107,36.054666293587843],[138.05762728249996,36.054707953568382],[138.05768978256944,36.05470795367345],[138.05775228263892,36.054707953778518],[138.05781478270831,36.054707953883593],[138.05787728277778,36.054707953988668],[138.05793978284726,36.054707954093736],[138.05800228291673,36.054707954198804],[138.05800228305554,36.054749624180047],[138.05800228319455,36.054791294161205],[138.05800228333339,36.05483295414227],[138.05800228347229,36.054874624123428],[138.05800228361119,36.054916294104579],[138.05806478368058,36.054916294210003],[138.05812728374997,36.054916294315433],[138.05812728388881,36.054957954296583],[138.0580647838195,36.054957954191067],[138.0580647839584,36.054999624172403],[138.05800228388892,36.054999624066795],[138.05800228402785,36.055041294047776],[138.05793978395837,36.055041293942168],[138.0578772838889,36.055041293836567],[138.0578772840278,36.055082953817546],[138.05781478395832,36.055082953711846],[138.05775228388885,36.05508295360616],[138.05775228402777,36.055124623586956],[138.05775228416667,36.055166293567751],[138.05775228430551,36.055207953548731],[138.05768978423612,36.055207953442775],[138.05768978437501,36.055249623423478],[138.05768978451385,36.055291293404366],[138.05768978465275,36.05533295338499],[138.05762728458328,36.05533295327885],[138.0576272847222,36.055374623259652],[138.05756478465273,36.055374623153426],[138.05756478479162,36.055416293134137],[138.05750228472223,36.055416293027911],[138.05750228486116,36.055457953008357],[138.05743978479168,36.055457952902039],[138.05743978493058,36.055499622882571],[138.0573772848611,36.055499622776168],[138.05737728500003,36.0555412927567]]]},"properties":{"FID":214,"A31_201":"8505050720","A31_202":"横河川","A31_203":20,"A31_204":"長野県","A31_205":3,"A31_206":" ","A31_207":" ","A31_208":" "}},{"type":"Feature","id":215,"geometry":{"type":"Polygon","coordinates":[[[138.05987728833327,36.055707956947771],[138.05987728847217,36.055749626930876],[138.05981478840269,36.055749626824031],[138.05981478826388,36.055707956841012],[138.05987728833327,36.055707956947771]]]},"properties":{"FID":215,"A31_201":"8505050720","A31_202":"横河川","A31_203":20,"A31_204":"長野県","A31_205":3,"A31_206":" ","A31_207":" ","A31_208":" "}},{"type":"Feature","id":216,"geometry":{"type":"Polygon","coordinates":[[[138.0577522865278,36.055874623241962],[138.0577522863889,36.055832953261074],[138.05781478645829,36.055832953368011],[138.05781478659728,36.055874623348984],[138.0577522865278,36.055874623241962]]]},"properties":{"FID":216,"A31_201":"8505050720","A31_202":"横河川","A31_203":20,"A31_204":"長野県","A31_205":3,"A31_206":" ","A31_207":" ","A31_208":" "}},{"type":"Feature","id":217,"geometry":{"type":"Polygon","coordinates":[[[138.0577522865278,36.055874623241962],[138.05775228666664,36.055916293222936],[138.05768978659725,36.055916293115821],[138.05768978645833,36.055874623134933],[138.0577522865278,36.055874623241962]]]},"properties":{"FID":217,"A31_201":"8505050720","A31_202":"横河川","A31_203":20,"A31_204":"長野県","A31_205":3,"A31_206":" ","A31_207":" ","A31_208":" "}},{"type":"Feature","id":218,"geometry":{"type":"Polygon","coordinates":[[[138.05768978659725,36.055916293115821],[138.05768978673606,36.055957953096531],[138.05768978687499,36.055999623077241],[138.05768978701389,36.056041293058129],[138.05768978715273,36.056082953038839],[138.05768978729162,36.056124623019642],[138.05762728722223,36.056124622912257],[138.05762728708333,36.056082952931462],[138.05762728694441,36.056041292950837],[138.05762728680551,36.055999622970035],[138.05762728666659,36.055957952989331],[138.0575647865972,36.05595795288221],[138.0575647864583,36.055916292901685],[138.05762728652778,36.055916293008707],[138.05768978659725,36.055916293115821]]]},"properties":{"FID":218,"A31_201":"8505050720","A31_202":"横河川","A31_203":20,"A31_204":"長野県","A31_205":3,"A31_206":" ","A31_207":" ","A31_208":" "}},{"type":"Feature","id":219,"geometry":{"type":"Polygon","coordinates":[[[138.05831478812502,36.056166294075311],[138.05831478826386,36.056207954056816],[138.05825228819438,36.056207953949261],[138.05825228805554,36.056166293967749],[138.05825228791664,36.056124623986506],[138.05825228777772,36.056082954005092],[138.05825228763891,36.056041294023757],[138.05825228749998,36.055999624042244],[138.05825228736109,36.05595795406083],[138.05818978729161,36.055957953953708],[138.0581897871528,36.055916293972473],[138.05818978701387,36.055874623991045],[138.0581272869444,36.055874623884023],[138.05812728680547,36.055832953902694],[138.05812728666666,36.055791293921629],[138.05806478659727,36.055791293814778],[138.05806478645837,36.055749623833449],[138.05806478631953,36.055707953852377],[138.05806478618064,36.055666293871141],[138.05806478604171,36.055624623890068],[138.0581272861111,36.05562462399665],[138.0581272859722,36.055582954015321],[138.05812728583328,36.055541294034171],[138.05818978590275,36.05554129414066],[138.05818978576386,36.055499624159239],[138.05818978562493,36.055457954177911],[138.05825228569441,36.055457954284222],[138.0582522855556,36.055416294302887],[138.05825228541667,36.055374624321473],[138.05831478548615,36.055374624427607],[138.05831478562499,36.055416294409113],[138.05837728569446,36.055416294515432],[138.05843978576394,36.055416294621658],[138.05850228583341,36.055416294727884],[138.05850228597222,36.055457954709482],[138.0585647860417,36.055457954815793],[138.05862728611118,36.055457954922112],[138.0586272862501,36.055499624903973],[138.05868978631938,36.055499625010384],[138.0586897864583,36.055541294992338],[138.05875228652778,36.055541295098735],[138.05875228666659,36.055582955080602],[138.05881478673606,36.055582955187184],[138.05881478687499,36.05562462516923],[138.05887728694447,36.055624625275811],[138.05893978701394,36.055624625382478],[138.05893978715284,36.055666295364432],[138.05900228722223,36.055666295471099],[138.05900228736115,36.055707955453414],[138.05900228750005,36.055749625435539],[138.05893978743057,36.055749625328787],[138.0589397875695,36.055791295311003],[138.05893978770831,36.055832955293042],[138.05887728763884,36.05583295518602],[138.05881478756945,36.055832955079083],[138.05881478770829,36.055874625061215],[138.0587522876389,36.055874624954185],[138.05875228777779,36.055916294936232],[138.0587522879166,36.0559579549181],[138.05868978784713,36.055957954810978],[138.05868978798605,36.055999624792847],[138.05862728791675,36.05599962468564],[138.05856478784727,36.055999624578348],[138.0585647879862,36.056041294560217],[138.05850228791672,36.056041294452925],[138.05850228805562,36.056082954434522],[138.05843978798615,36.056082954327138],[138.05837728791667,36.056082954219761],[138.0583772880556,36.05612462420136],[138.05831478798612,36.056124624093982],[138.05831478812502,36.056166294075311]]]},"properties":{"FID":219,"A31_201":"8505050720","A31_202":"横河川","A31_203":20,"A31_204":"長野県","A31_205":3,"A31_206":" ","A31_207":" ","A31_208":" "}},{"type":"Feature","id":220,"geometry":{"type":"Polygon","coordinates":[[[138.05956479298615,36.057207955796542],[138.05956479312499,36.057249625779477],[138.0595022930556,36.057249625670138],[138.05943979298613,36.057249625560807],[138.05937729291665,36.057249625451561],[138.05931479284718,36.057249625342223],[138.0592522927777,36.057249625232892],[138.05918979270839,36.057249625123646],[138.05918979256947,36.057207955141067],[138.05912729249999,36.057207955031828],[138.05912729236118,36.057166295049605],[138.05912729222229,36.057124625067118],[138.05918979229176,36.057124625176272],[138.05918979215284,36.057082955193792],[138.05918979201391,36.057041295211476],[138.0591897918751,36.056999625228904],[138.05912729180562,36.056999625120014],[138.05912729166673,36.056957955137619],[138.05906479159725,36.056957955028814],[138.05900229152778,36.056957954919923],[138.05900229138894,36.056916294937878],[138.05893979131946,36.056916294829165],[138.05887729124998,36.056916294720367],[138.05887729111109,36.056874624738235],[138.05887729097225,36.056832954756189],[138.05887729083335,36.056791294774058],[138.05887729069443,36.056749624792104],[138.05887729055553,36.05670795480998],[138.0588772904166,36.056666294827934],[138.05887729027779,36.056624624845803],[138.05887729013887,36.056582954863671],[138.05887728999997,36.056541294881626],[138.05887728986107,36.056499624899502],[138.05893978993055,36.056499625007589],[138.05893978979162,36.05645795502528],[138.0590022898611,36.056457955133283],[138.05900228972229,36.056416295151237],[138.05906478979165,36.056416295259154],[138.05906478965284,36.05637462527676],[138.05912728972231,36.056374625384578],[138.05912728958333,36.056332955402361],[138.05912728944449,36.056291295419875],[138.05912728930559,36.056249625437474],[138.05906478923612,36.056249625329826],[138.05906478909728,36.05620795534761],[138.05912728916667,36.056207955455257],[138.05912728902786,36.056166295472771],[138.05918978909733,36.05616629558024],[138.05918978895841,36.056124625598017],[138.05925228902771,36.056124625705401],[138.05931478909719,36.05612462581287],[138.05937728916666,36.056124625920248],[138.05937728930559,36.056166295902742],[138.0593772894444,36.05620795588549],[138.0593772895833,36.056249625868062],[138.05931478951382,36.056249625760415],[138.05931478965275,36.056291295742994],[138.05931478979164,36.056332955725658],[138.05925228972217,36.056332955617918],[138.05925228986109,36.05637462560032],[138.05925228999999,36.056416295582892],[138.05925229013883,36.056457955565207],[138.05918979006952,36.05645795545729],[138.05918979020834,36.056499625439777],[138.05912729013897,36.056499625331682],[138.05912729027787,36.056541295314176],[138.0590647902084,36.056541295205989],[138.05906479034721,36.056582955188212],[138.05912729041668,36.056582955296477],[138.05912729055561,36.056624625278786],[138.05918979062508,36.056624625387059],[138.05918979076398,36.056666295369638],[138.05925229083329,36.056666295477903],[138.05931479090276,36.056666295586261],[138.05937729097224,36.056666295694619],[138.05943979104171,36.056666295802977],[138.0595022911111,36.056666295911242],[138.0595022909722,36.056624625928407],[138.05956479104168,36.056624626036673],[138.05962729111116,36.056624626144938],[138.05962729097223,36.056582956162011],[138.05968979104171,36.056582956270191],[138.05968979090278,36.056541296287264],[138.05975229097226,36.056541296395437],[138.05981479104165,36.056541296503532],[138.05987729111112,36.056541296611627],[138.05993979118051,36.0565412967198],[138.05993979131944,36.056582956702997],[138.06000229138891,36.056582956811184],[138.06000229152781,36.056624626794559],[138.06000229166665,36.056666296777934],[138.06000229180555,36.056707956761215],[138.06000229194447,36.05674962674459],[138.06000229208337,36.056791296727788],[138.05993979201389,36.056791296619252],[138.0599397921527,36.056832956602626],[138.05993979229163,36.056874626585738],[138.05987729222215,36.056874626477111],[138.05987729236108,36.0569162964604],[138.0598147922916,36.056916296351595],[138.0598147924305,36.056957956334614],[138.0597522923612,36.056957956225816],[138.05975229250004,36.056999626208921],[138.05975229263893,36.057041296192025],[138.05975229277786,36.057082956175051],[138.05968979270838,36.057082956065983],[138.05968979284728,36.057124626049003],[138.0596272927778,36.057124625939935],[138.05962729291673,36.057166295922954],[138.05956479284725,36.057166295813794],[138.05956479298615,36.057207955796542]]]},"properties":{"FID":220,"A31_201":"8505050720","A31_202":"横河川","A31_203":20,"A31_204":"長野県","A31_205":3,"A31_206":" ","A31_207":" ","A31_208":" "}},{"type":"Feature","id":221,"geometry":{"type":"Polygon","coordinates":[[[138.06675230316671,36.057582967416614],[138.06675230330561,36.057624637402739],[138.06668980322229,36.05762463730558],[138.06668980308336,36.057582967319362],[138.06675230316671,36.057582967416614]]]},"properties":{"FID":221,"A31_201":"8505050720","A31_202":"横河川","A31_203":20,"A31_204":"長野県","A31_205":3,"A31_206":" ","A31_207":" ","A31_208":" "}},{"type":"Feature","id":222,"geometry":{"type":"Polygon","coordinates":[[[138.05987729555548,36.057874626073925],[138.05981479548609,36.057874625963528],[138.05981479534719,36.057832955980331],[138.05981479520827,36.057791295997312],[138.05987729527774,36.057791296107538],[138.05993979534722,36.057791296217758],[138.05993979548606,36.057832956200869],[138.05987729541658,36.057832956090643],[138.05987729555548,36.057874626073925]]]},"properties":{"FID":222,"A31_201":"8505050720","A31_202":"横河川","A31_203":20,"A31_204":"長野県","A31_205":3,"A31_206":" ","A31_207":" ","A31_208":" "}},{"type":"Feature","id":223,"geometry":{"type":"Polygon","coordinates":[[[138.06250229861112,36.057916300694487],[138.06250229847231,36.05787463070844],[138.06256479855563,36.057874630805699],[138.06256479869455,36.057916300791646],[138.06250229861112,36.057916300694487]]]},"properties":{"FID":223,"A31_201":"8505050720","A31_202":"横河川","A31_203":20,"A31_204":"長野県","A31_205":3,"A31_206":" ","A31_207":" ","A31_208":" "}},{"type":"Feature","id":224,"geometry":{"type":"Polygon","coordinates":[[[138.06706480677786,36.058541307539251],[138.06706480691676,36.058582967516671],[138.0670648070556,36.058624637493836],[138.06712730713883,36.058624637591535],[138.06718980722226,36.05862463768932],[138.06725230730558,36.05862463778702],[138.06731480738893,36.058624637884719],[138.06731480752782,36.058666307862325],[138.06725230744451,36.058666307764533],[138.06718980736107,36.058666307666833],[138.06712730727776,36.058666307569041],[138.0670648071945,36.058666307471256],[138.06700230711118,36.058666307373471],[138.06700230697226,36.058624637396136],[138.06700230683336,36.058582967418971],[138.06700230669452,36.058541307441729],[138.06700230655562,36.058499637464479],[138.06693980647228,36.058499637366964],[138.06687730638896,36.058499637269435],[138.06687730625003,36.058457967292455],[138.06681480616663,36.058457967195025],[138.06675230608329,36.058457967097596],[138.06668980599997,36.058457967000159],[138.06668980613887,36.058499636976961],[138.06662730605555,36.058499636879439],[138.06662730619445,36.058541306856327],[138.06656480611113,36.05854130675872],[138.06656480597221,36.058499636782003],[138.06650230588897,36.058499636684488],[138.06643980580563,36.058499636586959],[138.06643980566673,36.058457966610426],[138.06637730558339,36.058457966512989],[138.06637730544449,36.058416306536373],[138.06643980552781,36.058416306633802],[138.06650230561115,36.058416306731147],[138.06656480569438,36.058416306828491],[138.06662730577773,36.058416306925835],[138.06668980586113,36.05841630702318],[138.06668980572223,36.05837463704647],[138.06668980558331,36.058332967069489],[138.06675230566665,36.058332967166741],[138.06675230580555,36.058374637143814],[138.0668148058889,36.058374637241066],[138.06687730597221,36.058374637338318],[138.06693980605564,36.058374637435662],[138.06700230613899,36.058374637532921],[138.06706480622231,36.058374637630266],[138.06712730630554,36.058374637727525],[138.06712730644446,36.058416307704768],[138.06712730658327,36.058457967682187],[138.0671273067222,36.058499637659438],[138.06706480663894,36.058499637561916],[138.06706480677786,36.058541307539251]]]},"properties":{"FID":224,"A31_201":"8505050720","A31_202":"横河川","A31_203":20,"A31_204":"長野県","A31_205":3,"A31_206":" ","A31_207":" ","A31_208":" "}},{"type":"Feature","id":225,"geometry":{"type":"Polygon","coordinates":[[[138.06550230538886,36.058749634977843],[138.06543980530554,36.058749634879959],[138.06537730522231,36.058749634781996],[138.06531480513897,36.058749634684119],[138.06531480500007,36.058707964708645],[138.06537730508339,36.05870796480653],[138.06537730494458,36.058666304831235],[138.06537730480557,36.058624634855761],[138.06537730466675,36.058582964880387],[138.06537730452783,36.058541304904914],[138.06537730438893,36.058499634929447],[138.06543980447216,36.058499635026962],[138.06543980433327,36.058457965051588],[138.06543980419443,36.058416305076022],[138.06550230427777,36.058416305173367],[138.06556480436109,36.058416305270711],[138.06556480450001,36.058457965246447],[138.06562730458333,36.058457965343884],[138.06562730472226,36.058499635319443],[138.06562730486115,36.058541305295179],[138.06562730499999,36.058582965271],[138.06562730513889,36.058624635246559],[138.06568980522223,36.058624635344259],[138.06568980536113,36.058666305320088],[138.06562730527781,36.058666305222388],[138.06556480519447,36.058666305124603],[138.06556480533328,36.058707965100069],[138.06550230524996,36.058707965002192],[138.06550230538886,36.058749634977843]]]},"properties":{"FID":225,"A31_201":"8505050720","A31_202":"横河川","A31_203":20,"A31_204":"長野県","A31_205":3,"A31_206":" ","A31_207":" ","A31_208":" "}},{"type":"Feature","id":226,"geometry":{"type":"Polygon","coordinates":[[[138.06393980497216,36.059249632215767],[138.06400230505551,36.059249632314533],[138.06406480513894,36.059249632413298],[138.06406480500002,36.059207962439245],[138.06412730508336,36.059207962537926],[138.06418980516668,36.059207962636599],[138.06425230525002,36.059207962735272],[138.06425230538892,36.059249632709502],[138.06425230552784,36.059291302683732],[138.06425230566666,36.059332962657862],[138.06425230580555,36.059374632632],[138.06425230594448,36.059416302606323],[138.0642523060834,36.059457962580368],[138.06425230622222,36.059499632554591],[138.06431480630545,36.059499632653804],[138.06431480644437,36.059541302627849],[138.0642523063612,36.059541302528643],[138.0641898062778,36.059541302429437],[138.06412730619445,36.059541302330132],[138.06412730605555,36.059499632356264],[138.06406480597221,36.059499632257143],[138.06406480583331,36.059457962283091],[138.0640648056945,36.059416302309224],[138.06406480555557,36.059374632335178],[138.06400230547223,36.059374632236228],[138.06400230533333,36.059332962262275],[138.06400230519444,36.059291302288486],[138.06393980511109,36.059291302189635],[138.06393980497216,36.059249632215767]]]},"properties":{"FID":226,"A31_201":"8505050720","A31_202":"横河川","A31_203":20,"A31_204":"長野県","A31_205":3,"A31_206":" ","A31_207":" ","A31_208":" "}},{"type":"Feature","id":227,"geometry":{"type":"Polygon","coordinates":[[[138.06431480644437,36.059541302627849],[138.06437730652777,36.059541302727062],[138.06437730666661,36.059582962701469],[138.06431480658327,36.059582962602164],[138.06431480644437,36.059541302627849]]]},"properties":{"FID":227,"A31_201":"8505050720","A31_202":"横河川","A31_203":20,"A31_204":"長野県","A31_205":3,"A31_206":" ","A31_207":" ","A31_208":" "}},{"type":"Feature","id":228,"geometry":{"type":"Polygon","coordinates":[[[138.06512730808331,36.059707963818568],[138.06512730794441,36.059666303843365],[138.06512730780557,36.059624633868253],[138.06506480772217,36.059624633768863],[138.06506480758333,36.059582963793837],[138.06506480744443,36.059541303818719],[138.0650648073055,36.059499633843785],[138.06500230722219,36.059499633744579],[138.06500230708326,36.059457963769546],[138.06500230694445,36.059416303794613],[138.0650648070278,36.059416303893641],[138.06506480688887,36.059374633918438],[138.06506480674994,36.059332963943419],[138.06506480661113,36.059291303968394],[138.06506480647224,36.059249633993275],[138.06506480633331,36.059207964018071],[138.06512730641666,36.059207964116752],[138.06512730627782,36.059166304141812],[138.06512730613892,36.059124634166523],[138.06512730599999,36.059082964191489],[138.06518980608334,36.059082964289992],[138.06518980622224,36.059124634265103],[138.06525230630558,36.059124634363606],[138.06525230644448,36.059166304338987],[138.0652523065834,36.059207964314098],[138.06525230672221,36.059249634289486],[138.06525230686114,36.05929130426486],[138.06531480694446,36.059291304363718],[138.06531480708338,36.059332964338921],[138.06531480722228,36.059374634314302],[138.0653148073612,36.059416304289769],[138.06531480750002,36.059457964264979],[138.06531480763891,36.059499634240446],[138.06531480777784,36.059541304215649],[138.06525230769449,36.059541304116436],[138.06525230783333,36.059582964091732],[138.06525230797223,36.059624634066935],[138.06518980788891,36.059624633967545],[138.06518980802781,36.059666303942841],[138.06518980816665,36.059707963918129],[138.06512730808331,36.059707963818568]]]},"properties":{"FID":228,"A31_201":"8505050720","A31_202":"横河川","A31_203":20,"A31_204":"長野県","A31_205":3,"A31_206":" ","A31_207":" ","A31_208":" "}},{"type":"Feature","id":229,"geometry":{"type":"Polygon","coordinates":[[[138.06512730808331,36.059707963818568],[138.06512730822223,36.059749633793686],[138.06506480813889,36.059749633694118],[138.06506480799999,36.059707963719092],[138.06512730808331,36.059707963818568]]]},"properties":{"FID":229,"A31_201":"8505050720","A31_202":"横河川","A31_203":20,"A31_204":"長野県","A31_205":3,"A31_206":" ","A31_207":" ","A31_208":" "}},{"type":"Feature","id":230,"geometry":{"type":"Polygon","coordinates":[[[138.07581482236318,36.059707980805598],[138.07581482250299,36.059749650791645],[138.07575232241734,36.059749650694471],[138.07575232227757,36.059707980708438],[138.07581482236318,36.059707980805598]]]},"properties":{"FID":230,"A31_201":"8505050720","A31_202":"横河川","A31_203":20,"A31_204":"長野県","A31_205":3,"A31_206":" ","A31_207":" ","A31_208":" "}},{"type":"Feature","id":231,"geometry":{"type":"Polygon","coordinates":[[[138.06918981419454,36.059916310185301],[138.06925231427789,36.059916310285132],[138.0692523144167,36.059957970264776],[138.06918981433338,36.059957970164859],[138.06912731425004,36.059957970064943],[138.06912731411114,36.05991631008547],[138.06918981419454,36.059916310185301]]]},"properties":{"FID":231,"A31_201":"8505050720","A31_202":"横河川","A31_203":20,"A31_204":"長野県","A31_205":3,"A31_206":" ","A31_207":" ","A31_208":" "}},{"type":"Feature","id":232,"geometry":{"type":"Polygon","coordinates":[[[138.07675232449253,36.059957982180578],[138.07675232463342,36.059999652166709],[138.07675232477428,36.060041322152749],[138.07675232491505,36.06008298213888],[138.07675232505591,36.060124652124912],[138.07675232519679,36.060166322111044],[138.07668982511035,36.060166322013878],[138.07668982496958,36.060124652027753],[138.0766898248288,36.060082982041706],[138.07662732474262,36.060082981944454],[138.07662732460193,36.060041321958238],[138.07662732446124,36.059999651972291],[138.07656482437517,36.059999651875032],[138.07656482423457,36.0599579818889],[138.07662732432055,36.059957981986074],[138.07662732417987,36.05991632200012],[138.07662732403918,36.059874652013903],[138.07662732389849,36.059832982027686],[138.0766273237578,36.059791322041733],[138.07662732361712,36.059749652055515],[138.07662732347634,36.059707982069483],[138.07662732333574,36.059666322083352],[138.07662732319497,36.059624652097135],[138.07668982328042,36.059624652194387],[138.07668982313965,36.059582982208354],[138.07668982299887,36.059541322222223],[138.0766898228581,36.059499652236184],[138.07668982271733,36.059457982250052],[138.07675232280252,36.059457982347226],[138.07675232294338,36.059499652333443],[138.07675232308424,36.05954132231939],[138.07675232322504,36.059582982305606],[138.07675232336589,36.059624652291646],[138.07675232350675,36.059666322277778],[138.07675232364753,36.059707982263987],[138.07675232378841,36.059749652250034],[138.07675232392927,36.059791322236158],[138.07675232407004,36.059832982222105],[138.0767523242109,36.059874652208322],[138.07675232435176,36.059916322194539],[138.07675232449253,36.059957982180578]]]},"properties":{"FID":232,"A31_201":"8505050720","A31_202":"横河川","A31_203":20,"A31_204":"長野県","A31_205":3,"A31_206":" ","A31_207":" ","A31_208":" "}},{"type":"Feature","id":233,"geometry":{"type":"Polygon","coordinates":[[[138.06968981541675,36.060082970904929],[138.0697523155001,36.060082971005116],[138.06981481558341,36.060082971105217],[138.06987731566676,36.060082971205404],[138.06987731580566,36.060124641185666],[138.06987731594458,36.060166311166114],[138.06987731608339,36.060207971146639],[138.06987731622232,36.060249641127001],[138.06981481613897,36.060249641026545],[138.06975231605566,36.060249640926088],[138.06975231591673,36.06020797094591],[138.06968981583341,36.060207970845639],[138.06968981569449,36.060166310865284],[138.06962731561117,36.060166310765013],[138.06962731547225,36.060124640784835],[138.06962731533335,36.060082970804828],[138.06968981541675,36.060082970904929]]]},"properties":{"FID":233,"A31_201":"8505050720","A31_202":"横河川","A31_203":20,"A31_204":"長野県","A31_205":3,"A31_206":" ","A31_207":" ","A31_208":" "}},{"type":"Feature","id":234,"geometry":{"type":"Polygon","coordinates":[[[138.06331480802777,36.060416300475808],[138.06325230794442,36.060416300375181],[138.06325230780553,36.060374630402016],[138.0631898077221,36.060374630301382],[138.06312730763895,36.060374630200755],[138.06312730750003,36.060332960227768],[138.06312730736113,36.060291300254967],[138.0631273072222,36.060249630281987],[138.06318980730546,36.060249630382344],[138.06318980716654,36.060207960409457],[138.06325230724997,36.060207960509814],[138.06325230711104,36.06016630053675],[138.06331480719439,36.060166300637022],[138.0633773072777,36.060166300737293],[138.06337730741663,36.060207960710542],[138.06343980749995,36.060207960810914],[138.06343980763887,36.060249630784071],[138.06350230772219,36.060249630884435],[138.06350230786111,36.060291300857862],[138.06350230800001,36.060332960831111],[138.06343980791669,36.06033296073057],[138.06337730783326,36.060332960629935],[138.06337730797219,36.060374630603278],[138.06331480788884,36.06037463050265],[138.06331480802777,36.060416300475808]]]},"properties":{"FID":234,"A31_201":"8505050720","A31_202":"横河川","A31_203":20,"A31_204":"長野県","A31_205":3,"A31_206":" ","A31_207":" ","A31_208":" "}},{"type":"Feature","id":235,"geometry":{"type":"Polygon","coordinates":[[[138.0704398172501,36.060332971992764],[138.07050231733336,36.060332972093306],[138.07050231747226,36.060374642074457],[138.07056481755561,36.060374642175091],[138.0705648176945,36.06041631215642],[138.07050231761119,36.0604163120557],[138.07043981752793,36.060416311954981],[138.07043981738903,36.060374641973915],[138.07037731730568,36.060374641873281],[138.07037731716679,36.060332971892223],[138.0704398172501,36.060332971992764]]]},"properties":{"FID":235,"A31_201":"8505050720","A31_202":"横河川","A31_203":20,"A31_204":"長野県","A31_205":3,"A31_206":" ","A31_207":" ","A31_208":" "}},{"type":"Feature","id":236,"geometry":{"type":"Polygon","coordinates":[[[138.07518982442801,36.06058297954165],[138.07512732434094,36.060582979444476],[138.07512732420196,36.060541319458437],[138.07512732406286,36.06049964947222],[138.07518982414985,36.060499649569479],[138.0752523242368,36.060499649666646],[138.07525232437598,36.060541319652863],[138.07518982428891,36.060541319555696],[138.07518982442801,36.06058297954165]]]},"properties":{"FID":236,"A31_201":"8505050720","A31_202":"横河川","A31_203":20,"A31_204":"長野県","A31_205":3,"A31_206":" ","A31_207":" ","A31_208":" "}},{"type":"Feature","id":237,"geometry":{"type":"Polygon","coordinates":[[[138.06393980497216,36.059249632215767],[138.06387730488885,36.059249632117002],[138.06387730474995,36.059207962143127],[138.06381480466661,36.059207962044454],[138.06381480452779,36.059166302070935],[138.06375230444436,36.059166301972347],[138.06375230430555,36.059124631998657],[138.06375230416663,36.059082962025137],[138.06381480424997,36.059082962123547],[138.06381480411105,36.059041302149851],[138.06381480397224,36.058999632176068],[138.06387730405555,36.058999632274478],[138.06387730391666,36.058957962300788],[138.06387730377773,36.058916302327091],[138.06393980386108,36.058916302425331],[138.06393980372223,36.058874632451456],[138.06393980358325,36.058832962477581],[138.06400230366665,36.058832962575636],[138.06400230352776,36.058791302601861],[138.06393980344441,36.058791302503806],[138.0638773033611,36.058791302405837],[138.06387730349991,36.058832962379526],[138.06381480341659,36.058832962281471],[138.06381480327775,36.058791302307867],[138.06375230319435,36.058791302209904],[138.06368980311117,36.05879130211185],[138.06368980297228,36.058749632138245],[138.06362730288896,36.058749632040367],[138.06356480280553,36.058749631942405],[138.06356480294443,36.058791301915917],[138.06350230286111,36.058791301817948],[138.06350230300001,36.058832961791197],[138.06343980291661,36.058832961693142],[138.06337730283326,36.058832961595087],[138.06337730297219,36.058874631568251],[138.06337730311108,36.058916301541586],[138.06331480302777,36.058916301443361],[138.06331480316658,36.058957961416425],[138.0633148033055,36.058999631389412],[138.06325230322216,36.058999631291087],[138.06325230336108,36.059041301264159],[138.06325230349989,36.059082961237323],[138.06325230363882,36.05912463121031],[138.06318980355547,36.059124631111807],[138.0631898036944,36.059166301084879],[138.06318980383321,36.05920796105768],[138.06318980397211,36.059249631030752],[138.06312730388888,36.059249630931987],[138.06312730402777,36.059291300904974],[138.06306480394446,36.059291300806208],[138.06306480408335,36.059332960778924],[138.06306480422219,36.059374630751819],[138.06300230413885,36.059374630652876],[138.06300230427777,36.05941630062577],[138.06293980419443,36.059416300526735],[138.06287730411111,36.059416300427706],[138.06287730424992,36.059457960400245],[138.06281480416661,36.059457960301124],[138.06275230408326,36.059457960202003],[138.06268980399994,36.059457960102975],[138.0626273039166,36.059457960003854],[138.06256480383337,36.059457959904734],[138.06250230375002,36.059457959805613],[138.06250230388895,36.059499629777974],[138.06256480397226,36.059499629877095],[138.0625648041111,36.059541299849272],[138.06256480425,36.05958295982164],[138.06256480438893,36.059624629793817],[138.06250230430558,36.059624629694433],[138.06250230444451,36.059666299666702],[138.06250230458332,36.05970795963907],[138.06256480466666,36.059707959738546],[138.0626273047499,36.059707959838022],[138.06262730488879,36.059749629810291],[138.06262730502772,36.059791299782745],[138.06268980511106,36.059791299882392],[138.06268980524987,36.059832959854667],[138.06275230533328,36.059832959954406],[138.0627523054722,36.059874629927037],[138.06281480555555,36.059874630026783],[138.06281480569444,36.0599162999995],[138.06287730577776,36.059916300099331],[138.0628773059166,36.05995796007187],[138.0628773060555,36.059999630044587],[138.06293980613884,36.059999630144503],[138.06293980627774,36.060041300117135],[138.06300230636108,36.060041300217229],[138.06306480644452,36.060041300317323],[138.06306480658333,36.060082960290217],[138.06312730666664,36.060082960390403],[138.06312730680557,36.060124630363212],[138.06306480672222,36.060124630263026],[138.06300230663891,36.060124630162747],[138.0630023067778,36.060166300135556],[138.0629398066944,36.060166300035277],[138.06287730661106,36.060166299935005],[138.06287730647216,36.060124629962374],[138.06281480638881,36.060124629862187],[138.0627523063055,36.060124629761916],[138.06268980622215,36.060124629661729],[138.06268980608326,36.060082959689367],[138.06262730599991,36.060082959589266],[138.06262730613884,36.060124629561543],[138.06256480605558,36.060124629461356],[138.0625648061945,36.060166299433632],[138.06250230611116,36.060166299333353],[138.06250230625,36.060207959305714],[138.06243980617739,36.060207959197712],[138.06237730610482,36.060207959089709],[138.06237730624363,36.060249629061985],[138.06231480617097,36.060249628954068],[138.06231480630962,36.060291298926607],[138.06231480644834,36.060332958898883],[138.06225230637551,36.060332958791051],[138.06218980630274,36.060332958683318],[138.0621898064413,36.06037462865595],[138.06212730636844,36.06037462854821],[138.06212730650691,36.060416298520927],[138.06206480643397,36.060416298413372],[138.06200230636119,36.060416298305725],[138.06200230649949,36.060457958278349],[138.06193980642647,36.060457958170787],[138.06193980656477,36.060499628143688],[138.06193980670304,36.060541298116668],[138.06187730662992,36.060541298009198],[138.06187730676805,36.060582957982007],[138.06181480669483,36.060582957874622],[138.06175230662163,36.06058295776733],[138.06168980654843,36.060582957659946],[138.06162730647523,36.060582957552569],[138.061564806402,36.060582957445192],[138.0615023063288,36.060582957337807],[138.06143980625569,36.060582957230515],[138.06143980639345,36.060624627203943],[138.06137730632014,36.060624627096651],[138.06131480624686,36.060624626989359],[138.06131480610929,36.060582957015754],[138.06125230603607,36.060582956908377],[138.06118980596287,36.060582956801085],[138.06112730588967,36.0605829566937],[138.06112730575234,36.060541296720004],[138.06106480567922,36.060541296612627],[138.06106480554192,36.060499626638666],[138.06106480540461,36.060457956664884],[138.06106480526739,36.060416296691102],[138.06106480513006,36.060374626717234],[138.06106480499275,36.060332956743267],[138.06100230492001,36.060332956635534],[138.06093980484715,36.060332956527709],[138.06093980471002,36.060291296553928],[138.06100230478279,36.060291296661752],[138.06100230464554,36.060249626687792],[138.06106480471814,36.060249626795709],[138.06106480458092,36.060207956822012],[138.06106480444359,36.060166296848053],[138.06112730451611,36.06016629695614],[138.06112730437869,36.060124626982358],[138.0611898044512,36.060124627090453],[138.06125230452361,36.060124627198633],[138.06131480459609,36.06012462730672],[138.0613773046685,36.060124627414908],[138.06137730453082,36.06008295744148],[138.06143980460322,36.060082957549653],[138.06143980446558,36.060041297576142],[138.06143980432782,36.059999627602892],[138.06143980419006,36.059957957629464],[138.06150230426221,36.059957957737822],[138.06150230412445,36.059916297764573],[138.06156480419648,36.059916297873109],[138.06156480405863,36.059874627899681],[138.06156480392079,36.059832957926346],[138.06150230384884,36.059832957817719],[138.06150230371108,36.059791297844555],[138.06156480378294,36.059791297953268],[138.0615648036451,36.059749627979933],[138.06156480350725,36.059707958006683],[138.06156480336941,36.059666298033349],[138.06156480323156,36.059624628060092],[138.06162730330317,36.059624628169075],[138.06162730316524,36.059582958195918],[138.06162730302731,36.059541298222669],[138.06168980309883,36.059541298331737],[138.06168980296081,36.059499628358751],[138.06162730288938,36.059499628249597],[138.06156480281803,36.059499628140436],[138.06150230274662,36.059499628031276],[138.06150230260886,36.059457958057848],[138.06143980253759,36.059457957948609],[138.06143980239995,36.059416297975268],[138.06137730232868,36.059416297866022],[138.061377302191,36.059374627892417],[138.06137730205336,36.059332957918897],[138.06137730191577,36.059291297945563],[138.0613148018447,36.059291297836054],[138.06131480170711,36.059249627862442],[138.06131480156952,36.059207957888752],[138.06137730164042,36.059207957998439],[138.06137730150286,36.059166298025104],[138.06137730136518,36.059124628051592],[138.06137730122751,36.059082958078164],[138.06131480115681,36.059082957968293],[138.06125230108609,36.059082957858422],[138.06125230122365,36.059124627831942],[138.06118980115286,36.059124627722163],[138.06112730108205,36.059124627612384],[138.06112730121944,36.059166297586259],[138.06106480114863,36.05916629747648],[138.06100230107774,36.059166297366787],[138.06100230121496,36.059207957340568],[138.06093980114406,36.059207957230882],[138.06087730107325,36.059207957121188],[138.0608773012103,36.059249627095326],[138.06081480113932,36.059249626985725],[138.06081480100235,36.059207957011587],[138.06081480086533,36.059166297037628],[138.06081480072837,36.059124627063397],[138.06081480059123,36.059082957089444],[138.06081480045427,36.059041297115215],[138.06075230038363,36.059041297005351],[138.06075230024669,36.05899962703112],[138.06075230010973,36.058957957057075],[138.06075229997285,36.058916297082931],[138.06075229983588,36.058874627108708],[138.06068979976553,36.058874626998488],[138.06068979962868,36.058832957024258],[138.06075229969895,36.058832957134484],[138.06081479976922,36.058832957244789],[138.06081479963217,36.058791297270744],[138.06087729970244,36.058791297381148],[138.06093979977254,36.058791297491453],[138.06093979963532,36.058749627517408],[138.06100229970551,36.058749627627805],[138.06106479977569,36.058749627738294],[138.06106479963839,36.058707957764341],[138.06112729970846,36.05870795787483],[138.06112729957107,36.058666297901226],[138.06112729943376,36.058624627927443],[138.06118979950367,36.058624628038018],[138.06118979936628,36.058582958064413],[138.06125229943612,36.058582958175165],[138.06125229929862,36.058541298201476],[138.06118979922888,36.058541298090631],[138.06118979936628,36.058582958064413],[138.06112729929634,36.058582957953746],[138.06106479922653,36.058582957843079],[138.0610022991566,36.058582957732327],[138.06093979908678,36.058582957621653],[138.06087729901702,36.058582957510993],[138.06087729887992,36.058541297536848],[138.06081479881016,36.058541297426096],[138.06081479867311,36.058499627451958],[138.06075229860338,36.058499627341114],[138.06075229874034,36.058541297315344],[138.0606897986705,36.058541297204584],[138.06062729860076,36.058541297093825],[138.06062729873744,36.05858295706814],[138.06056479866763,36.05858295695748],[138.0605022985977,36.058582956846806],[138.06050229873438,36.058624626821128],[138.06043979866448,36.058624626710547],[138.06043979852785,36.058582956736053],[138.06037729845795,36.058582956625386],[138.06037729832153,36.058541296650716],[138.0603147982518,36.058541296539957],[138.06031479811537,36.058499626565293],[138.06031479797883,36.058457956590708],[138.06031479784241,36.058416296615945],[138.06031479770598,36.058374626641452],[138.06037729777537,36.058374626752567],[138.06037729763887,36.058332956777896],[138.06037729749997,36.058291296794167],[138.06043979756944,36.058291296905189],[138.06043979743052,36.058249626921281],[138.06043979729162,36.058207956937466],[138.0605022973611,36.058207957048396],[138.06056479743057,36.05820795715924],[138.06062729749993,36.05820795727017],[138.06068979756941,36.058207957381107],[138.06075229763889,36.058207957491952],[138.06081479770836,36.058207957602889],[138.06081479756946,36.058166297618712],[138.06081479743057,36.058124627634449],[138.06081479729173,36.0580829576501],[138.06081479715283,36.058041297666009],[138.0608147970139,36.05799962768166],[138.06081479687501,36.057957957697482],[138.06081479673617,36.05791629771322],[138.06081479659727,36.057874627729134],[138.06081479645835,36.057832957744786],[138.06081479631953,36.057791297760616],[138.06087729638892,36.057791297870835],[138.06087729625008,36.05774962788648],[138.06093979631939,36.057749627996614],[138.06093979618049,36.057707958012173],[138.06100229624997,36.057707958122307],[138.06100229611113,36.057666298137875],[138.06106479618052,36.057666298247916],[138.06106479604162,36.057624628263298],[138.0611272961111,36.057624628373254],[138.06112729597217,36.057582958388551],[138.06106479590278,36.05758295827868],[138.06106479576388,36.057541298294325],[138.06100229569441,36.057541298184546],[138.06100229555548,36.05749962820002],[138.06100229541659,36.057457958215664],[138.0609397953472,36.057457958105978],[138.06093979520827,36.057416298121538],[138.06093979506937,36.057374628137183],[138.06093979493045,36.057332958152834],[138.06087729486117,36.057332958043411],[138.06087729472225,36.057291298059056],[138.06087729458335,36.057249628074885],[138.06087729444451,36.057207958090444],[138.06081479437503,36.057207957981291],[138.06081479423614,36.057166297997114],[138.06087729430561,36.057166298106267],[138.06087729416669,36.057124628121827],[138.06093979423608,36.057124628230987],[138.06093979409718,36.057082958246546],[138.06100229416666,36.057082958355615],[138.06100229402773,36.05704129837126],[138.06106479409721,36.057041298480158],[138.06106479395831,36.056999628495625],[138.06112729402778,36.056999628604515],[138.06112729388886,36.056957958619805],[138.06106479381938,36.056957958511006],[138.06100229374999,36.056957958402208],[138.06093979368052,36.05695795829331],[138.06087729361113,36.056957958184512],[138.06081479354165,36.056957958075714],[138.06081479340284,36.056916298091622],[138.06081479326394,36.056874628107273],[138.06081479312502,36.056832958123188],[138.06081479298621,36.056791298138833],[138.06081479284728,36.056749628154748],[138.06075229277781,36.056749628046305],[138.06068979270833,36.056749627937769],[138.06068979284726,36.056791297921762],[138.06068979298615,36.056832957905939],[138.06062729291668,36.056832957797312],[138.0606272930556,36.056874627781227],[138.0606272931945,36.056916297765397],[138.06068979326389,36.05691629787411],[138.06068979340279,36.056957957858103],[138.06068979354171,36.056999627842281],[138.06062729347224,36.05699962773339],[138.06062729361116,36.057041297717475],[138.06062729374997,36.057082957701382],[138.06062729388887,36.057124627685468],[138.0606272940278,36.057166297669639],[138.06068979409727,36.057166297778799],[138.06068979423608,36.057207957762799],[138.06062729416669,36.057207957653546],[138.06056479409722,36.057207957544307],[138.06056479423614,36.0572496275283],[138.06050229416667,36.057249627419054],[138.06043979409719,36.057249627309716],[138.06037729402772,36.057249627200385],[138.06037729388879,36.057207957216562],[138.06037729374998,36.057166297232925],[138.06031479368059,36.057166297123771],[138.06031479354169,36.057124627140041],[138.06031479340285,36.057082957156311],[138.06031479326396,36.057041297172667],[138.06031479312503,36.056999627188937],[138.06031479298613,36.056957957205114],[138.06031479284729,36.056916297221655],[138.0603147927084,36.056874627237832],[138.06031479256947,36.056832957254286],[138.06031479243066,36.056791297270465],[138.06031479229176,36.056749627287005],[138.06037729236104,36.056749627395448],[138.06037729222214,36.056707957411632],[138.06043979229162,36.05670795751999],[138.06043979215278,36.056666297536253],[138.06043979201388,36.056624627552353],[138.06050229208336,36.056624627660618],[138.06050229194443,36.05658295767671],[138.06050229180553,36.056541297692888],[138.06043979173606,36.056541297584801],[138.06037729166667,36.056541297476713],[138.06031479159728,36.056541297368526],[138.0602522915278,36.056541297260438],[138.06018979145841,36.056541297152258],[138.06018979131952,36.05649962716862],[138.06018979118059,36.05645795718506],[138.06025229125007,36.056457957293063],[138.06025229111117,36.056416297309511],[138.06025229097224,36.056374627325873],[138.06025229083335,36.05633295734232],[138.06025229069451,36.056291297358683],[138.06018979062503,36.056291297250944],[138.06018979048613,36.056249627267391],[138.06018979034721,36.056207957283931],[138.0601897902084,36.056166297300287],[138.06012729013892,36.056166297192817],[138.06012729000003,36.056124627209442],[138.06006478993055,36.056124627102065],[138.06006478979162,36.056082957118505],[138.06000228972223,36.056082957011128],[138.05993978965276,36.056082956903836],[138.05993978951386,36.05604129692064],[138.06000228958334,36.056041297027932],[138.06000228944441,36.055999627044471],[138.06000228930552,36.055957957061182],[138.06000228916668,36.0559162970779],[138.06006478923615,36.055916297185007],[138.06012728930563,36.055916297292036],[138.06018978937502,36.05591629739915],[138.06025228944449,36.055916297506265],[138.06031478951397,36.055916297613294],[138.06037728958327,36.055916297720401],[138.06043978965275,36.055916297827522],[138.06050228972222,36.055916297934544],[138.0605647897917,36.055916298041659],[138.06062728986117,36.055916298148773],[138.06068978993056,36.055916298255795],[138.06075229000004,36.055916298362916],[138.06081479006951,36.055916298470024],[138.06081478993059,36.055874628485675],[138.06087729000006,36.055874628592704],[138.06087728986117,36.055832958608264],[138.06093978993044,36.0558329587152],[138.06093978979163,36.055791298731023],[138.06100228986111,36.055791298837875],[138.06100228972221,36.055749628853341],[138.06106478979169,36.055749628960186],[138.06106478965276,36.055707958975745],[138.06112728972224,36.055707959082419],[138.06118978979163,36.055707959189178],[138.0612522898611,36.055707959295937],[138.06131478993058,36.055707959402696],[138.06137729000005,36.055707959509363],[138.06143979006953,36.055707959616129],[138.06150229013883,36.055707959722881],[138.06156479020831,36.055707959829647],[138.06162729027778,36.055707959936314],[138.06168979034717,36.055707960043073],[138.06175229041665,36.055707960149832],[138.06175229055555,36.055749630134983],[138.06175229069447,36.055791300120404],[138.06175229083337,36.055832960105548],[138.06175229097221,36.055874630090884],[138.06175229111111,36.055916300076206],[138.06181479118058,36.055916300183327],[138.06187729125006,36.055916300290434],[138.06193979131953,36.055916300397463],[138.06200229138892,36.055916300504578],[138.06206479145831,36.055916300611599],[138.06212729152779,36.055916300718721],[138.06218979159718,36.055916300825828],[138.06225229166665,36.05591630093295],[138.06231479173613,36.055916301039971],[138.0623772918056,36.055916301147086],[138.06237729194441,36.055957961132947],[138.06237729208334,36.055999631118986],[138.06237729222224,36.056041301105026],[138.06237729236113,36.056082961090887],[138.06237729250006,36.056124631076926],[138.06243979256945,36.056124631184396],[138.06250229263892,36.05612463129178],[138.06256479272224,36.056124631389032],[138.0626272928055,36.056124631486199],[138.0626272929444,36.056166301472146],[138.06268979302774,36.056166301569405],[138.06268979316664,36.056207961555621],[138.06268979330557,36.056249631541661],[138.06268979344446,36.056291301527793],[138.0626897935833,36.056332961513917],[138.06275229366662,36.056332961611176],[138.06281479375005,36.056332961708428],[138.06287729383337,36.056332961805595],[138.06293979391671,36.056332961902854],[138.06300229400003,36.056332962000106],[138.06300229413895,36.05637463198606],[138.06300229427785,36.056416301972277],[138.06300229441669,36.056457961958223],[138.06300229455559,36.05649963194444],[138.06300229469451,36.056541301930658],[138.06306479477783,36.056541302027824],[138.06312729486118,36.056541302125083],[138.06318979494441,36.056541302222335],[138.06325229502784,36.056541302319502],[138.06331479511115,36.056541302416761],[138.06331479524999,36.0565829624028],[138.06331479538889,36.056624632388925],[138.06331479552779,36.056666302375142],[138.06325229544447,36.05666630227789],[138.06325229558328,36.056707962263928],[138.06325229572221,36.056749632250146],[138.0632522958611,36.056791302236093],[138.06331479594445,36.056791302333259],[138.06337729602777,36.056791302430511],[138.06337729588887,36.056749632444564],[138.06343979597227,36.056749632541823],[138.06350229605562,36.056749632638983],[138.06356479613896,36.056749632736242],[138.06362729622228,36.056749632833409],[138.06362729636118,36.056791302819448],[138.06368979644452,36.056791302916615],[138.06368979658345,36.056832962902831],[138.06375229666659,36.05683296300009],[138.06375229680549,36.056874632986037],[138.06381479688883,36.056874633083297],[138.06381479702773,36.056916303069514],[138.06387729711108,36.056916303166766],[138.06387729724997,36.056957963152712],[138.06393979733332,36.056957963249886],[138.06393979747222,36.056999633236103],[138.06393979761114,36.05704130322232],[138.06393979775004,36.057082963208359],[138.06393979788896,36.057124633194483],[138.06393979802777,36.057166303180701],[138.06400229811121,36.057166303277867],[138.06406479819452,36.057166303375126],[138.06412729827787,36.057166303472378],[138.06418979836118,36.057166303569545],[138.06425229844453,36.057166303666804],[138.06431479852776,36.057166303763964],[138.06437729861111,36.057166303861223],[138.06443979869442,36.057166303958482],[138.06450229877785,36.057166304055642],[138.06456479886117,36.057166304152901],[138.06456479900001,36.057207964138939],[138.06456479913891,36.057249634125071],[138.06456479927783,36.057291304111104],[138.06456479941664,36.057332964097235],[138.06456479955557,36.057374634083274],[138.06462729963897,36.057374634180533],[138.06468979972232,36.057374634277693],[138.06475229980563,36.057374634374952],[138.06481479988898,36.057374634472211],[138.06487729997221,36.057374634569371],[138.06487730011111,36.057416304555503],[138.06487730024995,36.057457964541719],[138.06487730038884,36.057499634527758],[138.06487730052777,36.057541304513975],[138.06487730066667,36.057582964499929],[138.06487730080551,36.057624634486146],[138.0648773009444,36.057666304472271],[138.06487730108333,36.057707964458309],[138.06487730122223,36.057749634444434],[138.06487730136115,36.057791304430651],[138.06487730149996,36.05783296441669],[138.06487730163889,36.057874634402907],[138.06487730177778,36.057916304388861],[138.06487730191662,36.057957964375078],[138.06487730205552,36.057999634361117],[138.06487730219442,36.058041304347242],[138.06493980227776,36.058041304444501],[138.06500230236119,36.05804130454176],[138.06506480244451,36.05804130463892],[138.06506480258332,36.058082964624873],[138.06500230250001,36.058082964527706],[138.06493980241669,36.058082964430454],[138.06493980255559,36.058124634416671],[138.06487730247227,36.058124634319412],[138.06487730261108,36.05816630430563],[138.06481480252793,36.05816630420837],[138.0647523024445,36.058166304111211],[138.06475230258343,36.058207964097249],[138.0646898025,36.05820796399999],[138.06462730241665,36.058207963902731],[138.06462730255558,36.058249633888863],[138.06456480247223,36.058249633791696],[138.06456480261116,36.058291303777914],[138.06450230252781,36.058291303680662],[138.06450230266665,36.0583329636667],[138.06443980258331,36.058332963569441],[138.06437730249999,36.058332963472274],[138.0643773026388,36.058374633446675],[138.06431480255549,36.058374633349423],[138.06425230247223,36.058374633252079],[138.06418980238891,36.058374633154827],[138.06412730230556,36.058374633057483],[138.06406480222225,36.058374632960223],[138.0640023021389,36.058374632862964],[138.06393980205559,36.05837463276562],[138.06393980191666,36.058332962791752],[138.06387730183334,36.058332962694493],[138.06387730197216,36.058374632668368],[138.06381480188884,36.058374632571116],[138.06375230180549,36.058374632473772],[138.06368980172226,36.058374632376513],[138.06362730163892,36.058374632279168],[138.06362730150002,36.058332962305656],[138.06356480141667,36.058332962208397],[138.06350230133336,36.05833296211123],[138.06350230147225,36.058374632084565],[138.06343980138894,36.058374631987313],[138.06337730130551,36.058374631890061],[138.06337730116661,36.058332961916719],[138.06343980125001,36.058332962013978],[138.06343980111112,36.058291302027847],[138.06350230119452,36.058291302125099],[138.06350230105554,36.058249632138882],[138.0635023009167,36.058207962152757],[138.06343980083329,36.05820796205559],[138.06343980069445,36.058166302069552],[138.06337730061114,36.058166301972292],[138.06331480052779,36.05816630187504],[138.06325230044439,36.058166301777874],[138.06325230058329,36.058207961763912],[138.06318980049997,36.058207961666653],[138.06312730041671,36.058207961569401],[138.06312730055564,36.058249631555618],[138.06312730069453,36.058291301541743],[138.06318980077779,36.058291301639002],[138.0631898009166,36.058332961625041],[138.06318980105553,36.058374631598113],[138.06325230113885,36.058374631695457],[138.06325230127777,36.058416301668352],[138.06325230141658,36.058457961641508],[138.06331480149993,36.058457961738945],[138.06337730158333,36.058457961836382],[138.06343980166668,36.058457961933811],[138.06343980180557,36.058499631906969],[138.06350230188892,36.058499632004498],[138.06356480197223,36.058499632101928],[138.06362730205558,36.05849963219945],[138.0636898021389,36.058499632296972],[138.06368980227782,36.058541302270484],[138.06375230236105,36.058541302368099],[138.06381480244437,36.058541302465713],[138.06387730252771,36.058541302563228],[138.06393980261115,36.058541302660842],[138.06400230269446,36.058541302758364],[138.06406480277781,36.058541302855971],[138.06406480263888,36.058499632881926],[138.06412730272223,36.058499632979448],[138.06418980280554,36.05849963307697],[138.06425230288897,36.058499633174492],[138.06425230302779,36.05854130314863],[138.06431480311113,36.058541303246244],[138.06437730319445,36.058541303343759],[138.06437730333329,36.058582963318166],[138.0644398034166,36.058582963415866],[138.0644398035555,36.058624633390096],[138.06450230363885,36.058624633487796],[138.06456480372228,36.058624633585495],[138.06456480386109,36.058666303560159],[138.06450230377777,36.058666303462374],[138.06450230391667,36.058707963436689],[138.06450230405557,36.058749633411182],[138.06450230419441,36.058791303385675],[138.06443980411106,36.058791303287705],[138.06443980424999,36.05883296326202],[138.06443980438888,36.058874633236428],[138.06443980452772,36.058916303210836],[138.06437730444438,36.058916303112689],[138.0643773045833,36.058957963086911],[138.06431480449996,36.058957962988593],[138.06431480463888,36.058999632962824],[138.06425230455562,36.058999632864413],[138.06418980447222,36.058999632766088],[138.06418980461112,36.059041302740226],[138.0641273045278,36.059041302641816],[138.0641273046667,36.059082962615953],[138.06406480458338,36.059082962517451],[138.06406480472219,36.059124632491326],[138.06400230463888,36.059124632392823],[138.06400230477777,36.059166302366791],[138.0640023049167,36.059207962340565],[138.06393980483327,36.0592079622418],[138.06393980497216,36.059249632215767]],[[138.0620648017283,36.058999629341095],[138.06206480158986,36.05895795936847],[138.06200230151947,36.058957959258422],[138.06193980144894,36.058957959148373],[138.0618773013785,36.058957959038239],[138.06187730151669,36.05899962901114],[138.06181480144613,36.058999628901091],[138.06175230137552,36.058999628791135],[138.06168980130496,36.058999628681093],[138.06162730123444,36.058999628571129],[138.06156480116388,36.058999628461088],[138.06156480130173,36.059041298434423],[138.06150230123112,36.059041298324473],[138.06143980116056,36.05904129821451],[138.06143980129823,36.059082958188029],[138.06143980143591,36.059124628161371],[138.06150230150661,36.05912462827115],[138.06150230164437,36.059166298244577],[138.06156480171526,36.059166298354263],[138.06156480185311,36.05920795832742],[138.06156480199095,36.059249628300762],[138.06162730206194,36.059249628410363],[138.06162730219989,36.059291298383613],[138.06168980227088,36.059291298493122],[138.06168980240889,36.0593329584662],[138.06175230247996,36.059332958575624],[138.06175230234194,36.059291298602638],[138.06175230220393,36.059249628629473],[138.06181480227482,36.059249628739082],[138.06187730234589,36.059249628848676],[138.06187730220768,36.059207958875696],[138.06193980227857,36.059207958985297],[138.06200230234947,36.059207959094991],[138.0620023022112,36.05916629912236],[138.06206480228192,36.059166299232047],[138.06206480214345,36.059124629259244],[138.06212730221426,36.059124629369023],[138.06212730207579,36.059082959396484],[138.06212730193732,36.059041299423768],[138.06206480186668,36.059041299313812],[138.0620648017283,36.058999629341095]],[[138.06231480103978,36.058707959974036],[138.06237730110988,36.058707960084526],[138.06237730097115,36.058666300112343],[138.06237730083242,36.058624630139889],[138.06231480076241,36.058624630029314],[138.06225230069248,36.058624629918647],[138.06218980062258,36.058624629808065],[138.06212730055256,36.058624629697405],[138.06212730069112,36.058666299670122],[138.06218980076113,36.058666299780697],[138.06225230083112,36.058666299891271],[138.06231480090113,36.058666300001761],[138.06231480103978,36.058707959974036]],[[138.06250229861112,36.057916300694487],[138.06250229875002,36.057957960680696],[138.06250229888894,36.05799963066665],[138.06250229902776,36.058041300652867],[138.06250229916668,36.058082960638814],[138.06256479925,36.058082960735987],[138.06256479938892,36.058124630722205],[138.06262729947215,36.058124630819457],[138.0626897995555,36.058124630916623],[138.0627522996389,36.058124631013882],[138.06281479972225,36.058124631111134],[138.06287729980556,36.058124631208301],[138.06293979988891,36.05812463130556],[138.06300229997223,36.058124631402812],[138.06300229983333,36.058082961416595],[138.06300229969452,36.058041301430649],[138.06306479977783,36.058041301527808],[138.06306479963894,36.057999631541591],[138.06300229955559,36.057999631444432],[138.06300229941667,36.057957961458385],[138.06293979933335,36.057957961361133],[138.06293979919454,36.057916301375002],[138.06287729911111,36.05791630127775],[138.0628772989723,36.057874631291796],[138.06281479888887,36.057874631194544],[138.06275229880555,36.057874631097377],[138.06275229866662,36.05783296111116],[138.06268979858328,36.057832961013901],[138.06268979844438,36.057791301027862],[138.06262729836106,36.057791300930703],[138.0625647982778,36.057791300833443],[138.06256479813899,36.057749630847226],[138.06250229805556,36.05774963075006],[138.06243979798617,36.057749630639925],[138.06243979784728,36.057707960653886],[138.06243979770835,36.057666300667933],[138.06237729763888,36.057666300557891],[138.06237729749998,36.057624630571851],[138.06237729736114,36.057582960585812],[138.06231479729166,36.057582960475941],[138.06231479715277,36.057541300490172],[138.06225229708338,36.057541300380393],[138.06225229722219,36.057582960366076],[138.06225229736111,36.057624630352024],[138.06225229750001,36.057666300337885],[138.06225229763885,36.057707960323661],[138.06225229777775,36.057749630309523],[138.06218979770827,36.057749630199389],[138.0621897978472,36.057791300185251],[138.06218979798609,36.057832960170934],[138.06212729791662,36.057832960060622],[138.06212729805554,36.057874630046399],[138.06212729819444,36.057916300031991],[138.06206479812496,36.057916299921587],[138.0620647982638,36.05795795990727],[138.0620022981945,36.057957959796781],[138.06193979812502,36.057957959686291],[138.06187729805555,36.057957959575802],[138.06181479798607,36.057957959465313],[138.06181479784726,36.057916299479899],[138.06181479770834,36.057874629494663],[138.06187729777781,36.05787462960506],[138.06187729763889,36.057832959619553],[138.06187729750008,36.057791299634225],[138.06187729736118,36.057749629648718],[138.06187729722225,36.057707959663212],[138.06181479715278,36.05770795955317],[138.0617522970833,36.057707959443121],[138.06175229722223,36.05774962942845],[138.06168979715275,36.057749629318316],[138.06168979729165,36.05779129930356],[138.06162729722217,36.057791299193333],[138.0616272973611,36.057832959178398],[138.0616272975,36.057874629163635],[138.06162729763884,36.057916299148609],[138.06162729777773,36.057957959133844],[138.06162729791663,36.05799962911891],[138.06168979798611,36.057999629229485],[138.06168979812503,36.058041299214729],[138.06168979826384,36.058082959199794],[138.06168979840277,36.058124629185116],[138.06162729833329,36.058124629074364],[138.06162729847219,36.058166299059607],[138.06162729861111,36.05820795904458],[138.06162729875001,36.058249629029817],[138.0616897988194,36.058249629140747],[138.06168979895833,36.058291299126083],[138.0617522990278,36.058291299237098],[138.06181479909728,36.058291299348127],[138.06181479923609,36.058332959333363],[138.06187729930556,36.058332959444563],[138.06187729944378,36.058374629417543],[138.06193979951334,36.058374629528572],[138.06193979965161,36.058416299501289],[138.0620022997212,36.058416299612219],[138.06200229985947,36.058457959585112],[138.06200229999786,36.058499629557829],[138.06200230013616,36.058541299530631],[138.06200230027451,36.05858295950344],[138.06206480034427,36.058582959614199],[138.06206480020589,36.058541299641391],[138.06206480006742,36.058499629668589],[138.06206479992903,36.058457959696042],[138.06206479979068,36.058416299723241],[138.06206479965229,36.058374629750617],[138.06206479951382,36.058332959777808],[138.06206479937489,36.058291299792302],[138.06200229930562,36.058291299681279],[138.06200229916669,36.058249629695595],[138.0620022990278,36.058207959710003],[138.06206479909719,36.058207959820933],[138.06206479895826,36.058166299835428],[138.06206479881934,36.058124629849658],[138.06206479868052,36.058082959863967],[138.06212729874991,36.058082959974641],[138.0621272986111,36.058041299989128],[138.06212729847218,36.057999630003359],[138.06218979854165,36.05799963011394],[138.06225229861113,36.05799963022443],[138.06225229847223,36.057957960238738],[138.06231479854159,36.057957960349228],[138.06231479840278,36.057916300363189],[138.06237729847226,36.057916300473593],[138.06243979854173,36.057916300584083],[138.06250229861112,36.057916300694487]]]},"properties":{"FID":237,"A31_201":"8505050720","A31_202":"横河川","A31_203":20,"A31_204":"長野県","A31_205":3,"A31_206":" ","A31_207":" ","A31_208":" "}},{"type":"Feature","id":238,"geometry":{"type":"Polygon","coordinates":[[[138.07106481877781,36.060541312907148],[138.07112731886113,36.06054131300813],[138.07118981894445,36.060541313109027],[138.07118981908337,36.060582973090803],[138.07125231916672,36.0605829731917],[138.07125231930561,36.060624643173746],[138.07131481938893,36.060624643274821],[138.07131481952786,36.060666313256689],[138.07125231944451,36.060666313155608],[138.07118981936119,36.060666313054448],[138.0711898192223,36.060624643072757],[138.07112731913887,36.060624642971689],[138.07106481905552,36.060624642870607],[138.07106481891662,36.060582972888838],[138.07100231883348,36.060582972787849],[138.07100231869455,36.060541312806251],[138.07106481877781,36.060541312907148]]]},"properties":{"FID":238,"A31_201":"8505050720","A31_202":"横河川","A31_203":20,"A31_204":"長野県","A31_205":3,"A31_206":" ","A31_207":" ","A31_208":" "}},{"type":"Feature","id":239,"geometry":{"type":"Polygon","coordinates":[[[138.07450232544448,36.06116631823997],[138.07450232558341,36.061207978225653],[138.07443982550006,36.061207978123605],[138.07443982536117,36.061166318138092],[138.07450232544448,36.06116631823997]]]},"properties":{"FID":239,"A31_201":"8505050720","A31_202":"横河川","A31_203":20,"A31_204":"長野県","A31_205":3,"A31_206":" ","A31_207":" ","A31_208":" "}},{"type":"Feature","id":240,"geometry":{"type":"Polygon","coordinates":[[[138.07331482400002,36.061207976287378],[138.07325232391679,36.061207976185329],[138.07325232405569,36.061249646169415],[138.07318982397237,36.061249646067367],[138.07312732388903,36.061249645965312],[138.07312732375013,36.061207975981318],[138.07306482366678,36.061207975879356],[138.07306482352789,36.061166315895264],[138.0731273236112,36.061166315997227],[138.07318982369455,36.06116631609919],[138.07325232377795,36.061166316201152],[138.07331482386121,36.06116631630303],[138.07331482400002,36.061207976287378]]]},"properties":{"FID":240,"A31_201":"8505050720","A31_202":"横河川","A31_203":20,"A31_204":"長野県","A31_205":3,"A31_206":" ","A31_207":" ","A31_208":" "}},{"type":"Feature","id":241,"geometry":{"type":"Polygon","coordinates":[[[138.07331482400002,36.061207976287378],[138.07337732408337,36.061207976389433],[138.07337732422226,36.061249646373611],[138.07331482413895,36.061249646271555],[138.07331482400002,36.061207976287378]]]},"properties":{"FID":241,"A31_201":"8505050720","A31_202":"横河川","A31_203":20,"A31_204":"長野県","A31_205":3,"A31_206":" ","A31_207":" ","A31_208":" "}},{"type":"Feature","id":242,"geometry":{"type":"Polygon","coordinates":[[[138.07393982525008,36.061332977262374],[138.07393982538898,36.06137464724717],[138.07387732530566,36.061374647144852],[138.07387732516665,36.061332977160149],[138.07393982525008,36.061332977262374]]]},"properties":{"FID":242,"A31_201":"8505050720","A31_202":"横河川","A31_203":20,"A31_204":"長野県","A31_205":3,"A31_206":" ","A31_207":" ","A31_208":" "}},{"type":"Feature","id":243,"geometry":{"type":"Polygon","coordinates":[[[138.07518982734905,36.061457979249894],[138.07518982748815,36.061499649236112],[138.07518982762724,36.061541319222329],[138.07512732753858,36.06154131912507],[138.07512732739949,36.061499649138852],[138.07512732726047,36.061457979152721],[138.0750648271719,36.061457979055469],[138.075064827033,36.061416319069522],[138.07506482689399,36.061374649083305],[138.0750648267551,36.061332979097259],[138.07500232666669,36.061332979000099],[138.07500232652788,36.061291319013876],[138.07493982644462,36.061291318911742],[138.07493982630572,36.061249648925696],[138.07487732622238,36.061249648823647],[138.07487732608348,36.0612079788377],[138.07481482600014,36.061207978735737],[138.07475232591673,36.061207978633682],[138.07468982583339,36.061207978531719],[138.07462732575007,36.061207978429664],[138.07456482566673,36.061207978327616],[138.07456482552783,36.061166318341932],[138.07462732561123,36.061166318443895],[138.07468982569458,36.061166318545858],[138.07475232577789,36.061166318647821],[138.07481482586124,36.061166318749699],[138.07481482572231,36.061124648763922],[138.07481482558342,36.061082978777975],[138.07481482544461,36.061041318792199],[138.07481482530568,36.06099964880616],[138.07481482516675,36.060957978820213],[138.0748773252501,36.06095797892182],[138.07487732511129,36.060916318935952],[138.0749398251946,36.060916319037474],[138.07493982505571,36.060874649051343],[138.07500232513894,36.060874649152865],[138.07500232527786,36.060916319138997],[138.07500232541668,36.060957979124943],[138.07493982533353,36.060957979023428],[138.07493982547234,36.06099964900946],[138.07493982561124,36.061041318995677],[138.07493982575016,36.061082978981631],[138.0750023258334,36.061082979083416],[138.07506482592126,36.061082979180583],[138.07506482606027,36.061124649166715],[138.0751273261483,36.061124649263874],[138.07512732628732,36.061166319249921],[138.07518982637544,36.061166319347173],[138.07518982651442,36.061207979333389],[138.0751898266536,36.061249649319429],[138.07518982679269,36.061291319305553],[138.07525232688101,36.061291319402727],[138.07525232702008,36.061332979388936],[138.07525232715926,36.061374649374983],[138.07525232729844,36.0614163193612],[138.07518982720995,36.061416319263941],[138.07518982734905,36.061457979249894]]]},"properties":{"FID":243,"A31_201":"8505050720","A31_202":"横河川","A31_203":20,"A31_204":"長野県","A31_205":3,"A31_206":" ","A31_207":" ","A31_208":" "}},{"type":"Feature","id":244,"geometry":{"type":"Polygon","coordinates":[[[138.06550232136107,36.06354130216674],[138.06543982127775,36.063541302060777],[138.06543982113882,36.063499632085311],[138.06543982099993,36.063457962109922],[138.06543982086112,36.063416302134279],[138.06537732077786,36.063416302028585],[138.06537732063896,36.063374632053296],[138.06531482055553,36.063374631947688],[138.06531482041672,36.063332961972307],[138.06525232033329,36.063332961866706],[138.06525232019447,36.063291301891589],[138.06518982011113,36.063291301786073],[138.06512732002781,36.063291301680557],[138.06506481994438,36.063291301575134],[138.06506481980557,36.06324963159993],[138.06506481966665,36.063207961624812],[138.06512731974999,36.06320796173015],[138.06512731961107,36.063166301755125],[138.0651898196945,36.063166301860377],[138.06525231977781,36.063166301965708],[138.06525231963892,36.063124631990334],[138.06531481972223,36.06312463209558],[138.06531481958334,36.063082962120291],[138.06537731966665,36.063082962225451],[138.06537731952784,36.063041302249886],[138.06543981961107,36.063041302354961],[138.06550231969442,36.063041302460036],[138.06556481977773,36.063041302565104],[138.06562731986108,36.063041302670172],[138.0656898199444,36.063041302775247],[138.0656898198055,36.062999632799418],[138.0657523198889,36.062999632904493],[138.06581481997225,36.062999633009476],[138.06581482011114,36.06304130298539],[138.06587732019449,36.063041303090458],[138.0659398202778,36.063041303195533],[138.06593982041673,36.063082963171624],[138.06600232049996,36.063082963276784],[138.06600232063889,36.063124633252784],[138.0660648207222,36.063124633358036],[138.06606482086113,36.063166303334306],[138.06606482099994,36.063207963310305],[138.06612732108329,36.06320796341565],[138.06612732122218,36.063249633392005],[138.06606482113887,36.063249633286574],[138.06606482127776,36.063291303262844],[138.06600232119445,36.06329130315742],[138.06593982111119,36.063291303051905],[138.06593982125003,36.063332963027818],[138.06587732116668,36.063332962922303],[138.06587732130561,36.063374632898302],[138.06581482122226,36.063374632792701],[138.06575232113894,36.063374632687008],[138.06575232127776,36.06341630266283],[138.06568982119444,36.063416302557144],[138.06562732111109,36.063416302451444],[138.06562732125002,36.063457962427179],[138.06556482116659,36.063457962321401],[138.06556482130549,36.06349963229696],[138.06550232122217,36.063499632191089],[138.06550232136107,36.06354130216674]]]},"properties":{"FID":244,"A31_201":"8505050720","A31_202":"横河川","A31_203":20,"A31_204":"長野県","A31_205":3,"A31_206":" ","A31_207":" ","A31_208":" "}},{"type":"Feature","id":245,"geometry":{"type":"Polygon","coordinates":[[[138.0660023227222,36.063749632894513],[138.06606482280552,36.063749633000739],[138.06606482294444,36.063791302977009],[138.06612732302776,36.063791303083327],[138.0661273231666,36.063832963059511],[138.06612732330549,36.06387463303578],[138.06606482322218,36.063874632929284],[138.06600232313883,36.063874632822881],[138.06600232299994,36.063832962846703],[138.06600232286101,36.063791302870698],[138.06593982277778,36.063791302764386],[138.06593982263894,36.063749632788287],[138.0660023227222,36.063749632894513]]]},"properties":{"FID":245,"A31_201":"8505050720","A31_202":"横河川","A31_203":20,"A31_204":"長野県","A31_205":3,"A31_206":" ","A31_207":" ","A31_208":" "}},{"type":"Feature","id":246,"geometry":{"type":"Polygon","coordinates":[[[138.07550234633351,36.06699964778231],[138.07543984623624,36.066999647684518],[138.07537734613905,36.066999647586726],[138.07537734600007,36.066957977614194],[138.07537734586134,36.066916317641471],[138.07537734572233,36.066874647668755],[138.07531484562506,36.06687464757124],[138.07531484548622,36.066832977598693],[138.07525234538903,36.066832977501178],[138.07525234525005,36.06679131752864],[138.07525234511121,36.066749647556186],[138.07518984501402,36.066749647458842],[138.07518984487504,36.066707977486388],[138.07512734477777,36.066707977389136],[138.07512734463901,36.06666631741686],[138.07506484454174,36.066666317319516],[138.07506484440276,36.066624647333391],[138.07506484426375,36.066582977347174],[138.07500234416665,36.066582977249922],[138.07500234402784,36.066541317264054],[138.07493984394458,36.066541317153124],[138.07487734386126,36.066541317042194],[138.07487734372233,36.066499647056148],[138.07481484363902,36.066499646945303],[138.07481484350009,36.066457976959533],[138.07475234341678,36.066457976848781],[138.07475234327785,36.066416316862828],[138.07468984319453,36.066416316752161],[138.07462734311119,36.066416316641408],[138.07456484302779,36.066416316530734],[138.07450234294444,36.066416316420074],[138.07443984286112,36.0664163163094],[138.0744398427222,36.066374646323808],[138.0744398425833,36.066332976338479],[138.07443984244446,36.066291316352888],[138.07443984230557,36.066249646367289],[138.07443984216664,36.066207976381961],[138.07443984202783,36.066166316396547],[138.07443984188893,36.066124646411041],[138.07437734180567,36.066124646300814],[138.07437734166678,36.066082976315307],[138.07437734152793,36.066041316329979],[138.07437734138904,36.065999646344473],[138.07437734125011,36.065957976358966],[138.0743148411668,36.065957976249095],[138.07431484102787,36.065916316263859],[138.07431484088897,36.065874646278445],[138.07425234080563,36.065874646168666],[138.07418984072231,36.065874646058887],[138.07418984058339,36.065832976073736],[138.07418984044457,36.065791316088408],[138.07412734036114,36.0657913159788],[138.07412734022225,36.065749645993648],[138.0740648401389,36.065749645884054],[138.07406484000001,36.065707975899073],[138.07406483986117,36.06566631591393],[138.07400233977785,36.065666315804506],[138.07400233963892,36.065624645819526],[138.07393983955561,36.065624645710194],[138.07393983941668,36.065582975725221],[138.07387733933336,36.065582975615882],[138.07387733947226,36.065624645600771],[138.07381483938903,36.06562464549144],[138.07381483952793,36.065666315476143],[138.07375233944452,36.06566631536672],[138.07375233958342,36.065707975351515],[138.0736898395001,36.065707975242006],[138.073689839639,36.065749645226532],[138.07368983977784,36.065791315211243],[138.07368983991674,36.065832975195946],[138.07368984005566,36.065874645180564],[138.07368984019456,36.065916315165268],[138.07362734011124,36.065916315055404],[138.07362734025006,36.065957975039844],[138.07362734038898,36.065999645024547],[138.07362734052788,36.066041315009173],[138.07356484044456,36.066041314899124],[138.07356484030564,36.065999644914505],[138.07356484016674,36.065957974929887],[138.07356484002781,36.06591631494554],[138.073564839889,36.065874644960914],[138.07356483975008,36.065832974976473],[138.07356483961118,36.065791314991948],[138.07356483947225,36.065749645007415],[138.07356483933336,36.065707975022974],[138.07356483919452,36.065666315038357],[138.07356483905562,36.065624645053916],[138.0735648389167,36.06558297506939],[138.07356483877788,36.06554131508495],[138.07356483863896,36.065499645100331],[138.07356483850006,36.065457975115805],[138.07362733858338,36.065457975224874],[138.07362733844457,36.065416315240427],[138.07362733830567,36.065374645255723],[138.07368983838899,36.065374645364699],[138.07368983825009,36.065332975380173],[138.07368983811125,36.065291315395378],[138.07368983797235,36.065249645410759],[138.07362733788892,36.065249645301961],[138.07362733775011,36.06520797531752],[138.07362733761119,36.06516631533281],[138.07356483752787,36.065166315224189],[138.07350233744452,36.065166315115562],[138.07343983736121,36.065166315006934],[138.07343983722228,36.065124645022763],[138.07337733713896,36.065124644914228],[138.07331483705553,36.065124644805692],[138.0732523369723,36.065124644697157],[138.0732523371112,36.06516631468115],[138.07318983702788,36.065166314572529],[138.07312733694454,36.065166314463909],[138.07306483686122,36.065166314355281],[138.07300233677788,36.065166314246653],[138.07300233691672,36.065207974230653],[138.07293983683337,36.065207974122032],[138.07293983669456,36.065166314138125],[138.07287733661113,36.065166314029497],[138.07287733647232,36.065124644045852],[138.07293983655563,36.065124644154395],[138.07293983641674,36.06508297417048],[138.07293983627781,36.065041314186757],[138.07293983613891,36.064999644202842],[138.07293983599999,36.064957974219027],[138.07287733591667,36.064957974110754],[138.07287733577783,36.064916314127117],[138.07281483569443,36.064916314018937],[138.07281483555559,36.064874644035115],[138.07281483541669,36.064832974051384],[138.07275233533335,36.064832973943297],[138.07275233519445,36.06479131395983],[138.07268983511119,36.064791313851828],[138.07268983497229,36.06474964386819],[138.07262733488898,36.06474964376028],[138.07262733475005,36.064707973776905],[138.07256483466671,36.064707973669073],[138.0725648345279,36.064666313685613],[138.072564834389,36.064624643702146],[138.07250233430565,36.064624643594499],[138.07250233416676,36.064582973611216],[138.07243983408341,36.064582973503569],[138.07237733400009,36.064582973395922],[138.07231483391666,36.064582973288275],[138.07231483405559,36.064624643271294],[138.07231483419449,36.064666313254492],[138.07225233411117,36.064666313146667],[138.07225233424998,36.064707973129863],[138.07225233438888,36.064749643112791],[138.0722523345278,36.064791313095995],[138.0722523346667,36.064832973078836],[138.0721898345833,36.064832972970834],[138.0721898347222,36.064874642953853],[138.07218983486112,36.064916312936958],[138.07212733477786,36.064916312828778],[138.07212733491679,36.064957972811619],[138.07206483483344,36.064957972703354],[138.07206483497228,36.064999642686189],[138.07200233488894,36.064999642577831],[138.07193983480562,36.064999642469566],[138.07187733472227,36.064999642361208],[138.07181483463896,36.06499964225285],[138.07175233455561,36.064999642144492],[138.07168983447221,36.064999642036227],[138.07168983433328,36.064957972053733],[138.07168983419447,36.064916312071432],[138.07162733411113,36.064916311963245],[138.0715648340279,36.064916311854979],[138.07150233394455,36.064916311746799],[138.07150233380565,36.06487464176449],[138.07143983372231,36.064874641656402],[138.07137733363891,36.064874641548215],[138.07137733350007,36.064832971566091],[138.07137733336117,36.064791311584131],[138.07131483327782,36.064791311476128],[138.07131483313893,36.064749641494089],[138.07125233305558,36.064749641386172],[138.07118983297227,36.064749641278262],[138.07118983283334,36.0647079712964],[138.07112733275002,36.064707971188568],[138.0711273326111,36.064666311206707],[138.0711273324722,36.064624641224839],[138.07112733233339,36.064582971243155],[138.07118983241671,36.064582971350802],[138.07118983227781,36.064541311368849],[138.07118983213888,36.064499641387073],[138.07118983199996,36.064457971405119],[138.07118983186115,36.064416311423344],[138.07118983172225,36.06437464144139],[138.07118983158333,36.064332971459436],[138.07118983144451,36.06429131147766],[138.07112733136108,36.064291311370546],[138.07112733122227,36.064249641388685],[138.07118983130559,36.064249641495792],[138.07118983116669,36.06420797151393],[138.07118983102777,36.064166311531977],[138.07118983088887,36.064124641550109],[138.07118983075003,36.06408297156834],[138.07125233083337,36.064082971675091],[138.07125233069445,36.064041311693053],[138.07125233055555,36.063999641711277],[138.07125233041671,36.063957971729238],[138.07131483050006,36.063957971835819],[138.0713773305834,36.063957971942486],[138.07143983066672,36.063957972049067],[138.07143983052791,36.063916312067022],[138.07150233061122,36.063916312173518],[138.07150233047233,36.063874642191209],[138.0715023303334,36.0638329722089],[138.07150233019459,36.063791312226854],[138.07150233005567,36.063749642244545],[138.07150232991677,36.063707972262236],[138.07150232977784,36.063666312280105],[138.07143982969453,36.063666312173972],[138.0714398295556,36.063624642191755],[138.0714398294167,36.063582972209709],[138.07143982927786,36.063541312227485],[138.07143982913897,36.063499642245269],[138.07143982900004,36.063457972263222],[138.07143982886123,36.063416312281007],[138.0714398287223,36.063374642298875],[138.07143982858341,36.063332972316744],[138.07137732850009,36.063332972211143],[138.07137732836117,36.063291312229182],[138.07137732822224,36.063249642247058],[138.07137732808334,36.063207972264834],[138.07137732794453,36.063166312282881],[138.07137732780561,36.06312464230075],[138.07137732766671,36.063082972318711],[138.07137732752787,36.06304131233658],[138.07137732738897,36.062999642354441],[138.07131482730563,36.062999642249466],[138.07131482716673,36.062957972267512],[138.07131482702781,36.062916312285466],[138.07131482688891,36.062874642303598],[138.07131482675007,36.062832972321473],[138.07125232666667,36.062832972216754],[138.07125232652783,36.062791312234893],[138.07118982644451,36.062791312130258],[138.07118982630558,36.062749642148304],[138.07118982616669,36.062707972166351],[138.07118982602788,36.062666312184575],[138.07125232611119,36.062666312289025],[138.07131482619451,36.062666312393475],[138.07131482633335,36.062707972375435],[138.07137732641678,36.062707972479885],[138.0714398265001,36.06270797258442],[138.07150232658341,36.062707972688955],[138.07150232644452,36.062666312706824],[138.07156482652795,36.062666312811274],[138.07162732661109,36.062666312915724],[138.07168982669452,36.062666313020173],[138.07168982683334,36.062707973002489],[138.07175232691665,36.062707973107024],[138.07175232705558,36.062749643089511],[138.07181482713889,36.062749643194138],[138.07181482727782,36.062791313176803],[138.07187732736114,36.06279131328143],[138.07187732750006,36.062832973264008],[138.07193982758338,36.062832973368721],[138.07200232766672,36.062832973473434],[138.07200232780562,36.062874643456283],[138.07206482788897,36.062874643561088],[138.07206482775013,36.062832973578153],[138.07212732783347,36.062832973682873],[138.0721898279167,36.062832973787586],[138.07218982777781,36.062791313804652],[138.07218982763888,36.062749643821633],[138.07212732755565,36.062749643717012],[138.07212732741675,36.062707973734078],[138.07212732727791,36.062666313751237],[138.07218982736117,36.062666313855686],[138.07218982722225,36.062624643872667],[138.07225232730559,36.062624643977031],[138.07231482738891,36.062624644081389],[138.07231482725001,36.062582974098191],[138.07231482711117,36.062541314115172],[138.07237732719452,36.062541314219445],[138.07237732733341,36.062582974202464],[138.07237732747234,36.062624644185746],[138.07243982755566,36.062624644290111],[138.07243982769458,36.062666314273486],[138.0725023277779,36.062666314377935],[138.07250232791671,36.062707974361132],[138.07250232805563,36.062749644344507],[138.07243982797229,36.062749644239972],[138.07243982811121,36.062791314223347],[138.07237732802787,36.062791314118627],[138.07237732816671,36.062832974101738],[138.07243982825003,36.062832974206451],[138.07243982838895,36.062874644189826],[138.07243982852785,36.062916314172938],[138.07250232861119,36.062916314277828],[138.07256482869451,36.062916314382633],[138.07262732877786,36.062916314487524],[138.07268982886126,36.062916314592421],[138.07268982872236,36.062874644608954],[138.07268982858346,36.062832974625316],[138.0727523286667,36.062832974730121],[138.07275232852777,36.062791314746569],[138.07275232838887,36.062749644762839],[138.07268982830573,36.062749644658297],[138.0726898281668,36.062707974674751],[138.0726898280279,36.062666314691285],[138.07268982788898,36.06262464470764],[138.07268982775017,36.062582974724002],[138.07268982761124,36.062541314740628],[138.07268982747235,36.062499644756983],[138.07268982733342,36.062457974773523],[138.07268982719461,36.062416314789886],[138.07268982705568,36.062374644806326],[138.07262732697237,36.062374644702416],[138.07262732683344,36.062332974718949],[138.07256482675004,36.062332974615117],[138.0725648266112,36.062291314631565],[138.07250232652788,36.062291314527826],[138.07250232638896,36.062249644544544],[138.07243982630564,36.062249644440804],[138.07243982616671,36.062207974457522],[138.0723773260834,36.062207974353782],[138.07237732594447,36.062166314370671],[138.07231482586116,36.06216631426711],[138.07225232577781,36.062166314163463],[138.07218982569449,36.062166314059894],[138.07212732561123,36.062166313956247],[138.07206482552792,36.062166313852686],[138.07206482566673,36.062207973835442],[138.07212732575007,36.062207973939088],[138.07212732588897,36.062249643922016],[138.07218982597223,36.062249644025755],[138.07218982611113,36.062291314008689],[138.07218982625005,36.062332973991801],[138.07218982638886,36.062374643974636],[138.0722523264723,36.062374644078645],[138.07225232661111,36.062416314061664],[138.07218982652779,36.062416313957655],[138.07218982666669,36.062457973940766],[138.07212732658346,36.062457973836672],[138.07212732672235,36.062499643819514],[138.07206482663904,36.062499643715327],[138.07200232655561,36.062499643611147],[138.07193982647229,36.062499643506968],[138.07187732638894,36.062499643402781],[138.07187732625005,36.062457973420294],[138.07193982633336,36.062457973524388],[138.07193982619455,36.062416313541547],[138.07193982605563,36.062374643558798],[138.07193982591673,36.062332973576218],[138.07193982577789,36.062291313593377],[138.07200232586123,36.062291313697202],[138.07200232572231,36.062249643714537],[138.07200232558341,36.062207973731702],[138.0720023254446,36.062166313749032],[138.07193982536117,36.062166313645477],[138.07187732527782,36.062166313541823],[138.07181482519451,36.062166313438169],[138.07175232511116,36.062166313334615],[138.07168982502785,36.062166313230961],[138.0716273249445,36.062166313127399],[138.07162732480552,36.062124643144912],[138.07156482472237,36.062124643041351],[138.07150232463894,36.062124642937874],[138.0714398245556,36.06212464283432],[138.0714398244167,36.062082972852096],[138.07137732433335,36.062082972748627],[138.07131482425004,36.06208297264515],[138.07125232416669,36.062082972541674],[138.07125232430562,36.06212464252372],[138.07118982422227,36.062124642420159],[138.07118982408338,36.062082972438205],[138.07118982394445,36.062041312456429],[138.07118982380555,36.061999642474476],[138.07118982366671,36.061957972492699],[138.07112732358331,36.061957972389408],[138.07106482349997,36.061957972286194],[138.07100232341674,36.061957972182903],[138.07093982333339,36.061957972079611],[138.07087732325007,36.061957971976398],[138.07081482316676,36.061957971873106],[138.07075232308333,36.061957971769814],[138.07068982299998,36.061957971666601],[138.07068982313891,36.061999641647844],[138.0706898232778,36.062041311629272],[138.07062732319449,36.062041311525796],[138.0706273233333,36.062082971506953],[138.07056482324998,36.062082971403477],[138.07056482338888,36.06212464138472],[138.07050232330556,36.062124641281159],[138.07050232344446,36.062166311262402],[138.07043982336123,36.062166311158748],[138.07043982350004,36.062207971139728],[138.07043982363896,36.062249641120793],[138.07043982377786,36.062291311101774],[138.07043982391679,36.062332971082839],[138.07043982405568,36.062374641063812],[138.07037732397237,36.062374640959895],[138.07031482388894,36.062374640855893],[138.07025232380562,36.062374640751969],[138.07018982372227,36.062374640647967],[138.07012732363896,36.06237464054405],[138.07006482355553,36.062374640440041],[138.07000232347218,36.062374640336131],[138.07000232333328,36.062332970355683],[138.06993982324997,36.062332970251767],[138.06987732316671,36.06233297014785],[138.0698773230279,36.06229131016741],[138.06981482294455,36.062291310063578],[138.06981482280565,36.062249640083309],[138.06975232272231,36.062249639979569],[138.06968982263899,36.06224963987583],[138.06968982250007,36.062207969895567],[138.06962732241675,36.062207969791913],[138.06962732227782,36.062166309811829],[138.06956482219451,36.062166309708175],[138.06956482205558,36.06212463972809],[138.06962732213893,36.062124639831566],[138.069627322,36.062082969851389],[138.06962732186119,36.06204130987139],[138.06962732172227,36.061999639891212],[138.06962732158337,36.06195796991112],[138.06962732144456,36.061916309930851],[138.06962732130555,36.061874639950673],[138.0695648212222,36.061874639847559],[138.0695648210833,36.061832969867652],[138.06956482094449,36.061791309887468],[138.06962732102781,36.061791309990411],[138.06968982111124,36.06179131009344],[138.06975232119456,36.061791310196384],[138.06975232105566,36.061749640216291],[138.06968982097223,36.061749640113348],[138.06962732088891,36.061749640010412],[138.06962732074999,36.061707970030234],[138.06956482066664,36.061707969927383],[138.06956482052783,36.061666309947384],[138.06950232044451,36.061666309844625],[138.06950232058333,36.061707969824532],[138.06943982050001,36.061707969721681],[138.06943982063891,36.061749639701681],[138.06937732055559,36.061749639598744],[138.0693773206944,36.061791309578474],[138.06931482061125,36.061791309475538],[138.06931482075007,36.061832969455352],[138.06931482088896,36.061874639435089],[138.06925232080565,36.061874639331975],[138.06925232094454,36.061916309311705],[138.06925232108338,36.061957969291527],[138.06925232122228,36.061999639271171],[138.0692523213612,36.062041309250993],[138.06931482144452,36.062041309354377],[138.06931482158336,36.062082969334021],[138.06931482172226,36.062124639313936],[138.06931482186118,36.062166309293758],[138.06937732194442,36.062166309397405],[138.06937732208334,36.062207969377141],[138.06931482200008,36.062207969273487],[138.06925232191676,36.062207969169748],[138.06925232205566,36.06224963914957],[138.06925232219459,36.062291309129215],[138.0693148222779,36.062291309232954],[138.06931482241674,36.062332969212861],[138.06931482255564,36.062374639192598],[138.06931482269457,36.06241630917242],[138.0693773227778,36.062416309276429],[138.06937732291661,36.062457969256336],[138.06943982299995,36.06245796936043],[138.06943982313885,36.062499639340345],[138.06943982327778,36.062541309320338],[138.06950232336109,36.062541309424525],[138.06950232350002,36.062582969404431],[138.06956482358333,36.062582969508711],[138.06956482372226,36.062624639488888],[138.06956482386116,36.062666309469066],[138.0696273239445,36.062666309573515],[138.06962732408331,36.062707969553514],[138.06962732422224,36.062749639533692],[138.06968982430556,36.062749639638312],[138.06968982416666,36.062707969658049],[138.06975232425006,36.062707969762585],[138.06981482433341,36.062707969867034],[138.06987732441672,36.062707969971576],[138.06993982449998,36.062707970076119],[138.06993982436114,36.062666310095672],[138.07000232444449,36.062666310200122],[138.0700648245278,36.062666310304571],[138.07006482438891,36.062624640323861],[138.07012732447222,36.062624640428226],[138.07012732461115,36.062666310409021],[138.07018982469447,36.062666310513471],[138.07025232477781,36.062666310617921],[138.070252324639,36.062624640637033],[138.07018982455557,36.062624640532675],[138.07018982441673,36.062582970551787],[138.07025232450007,36.062582970656052],[138.07025232436115,36.062541310675435],[138.07031482444449,36.062541310779622],[138.07031482430568,36.062499640798642],[138.070377324389,36.062499640902828],[138.0703773242501,36.06245797092194],[138.07043982433342,36.062457971026035],[138.07050232441668,36.062457971130129],[138.07050232455558,36.062499641111103],[138.07050232469447,36.062541311092346],[138.07056482477782,36.062541311196618],[138.07056482491663,36.062582971177591],[138.07062732499998,36.062582971281955],[138.07062732513887,36.062624641263284],[138.07056482505556,36.062624641158834],[138.07050232497221,36.062624641054477],[138.07050232511114,36.06266631103572],[138.07050232524995,36.062707971016692],[138.07050232538887,36.062749640997851],[138.07050232552777,36.062791310979094],[138.07050232566669,36.062832970960073],[138.07050232580551,36.062874640941317],[138.07050232594443,36.062916310922205],[138.07050232608333,36.06295797090344],[138.0704398260001,36.06295797079855],[138.07043982613899,36.062999640779438],[138.07043982627792,36.063041310760504],[138.07043982641673,36.063082970741661],[138.07037732633341,36.063082970636501],[138.07037732647231,36.063124640617389],[138.07037732661124,36.063166310598447],[138.07037732675005,36.063207970579342],[138.07037732688894,36.063249640560315],[138.07031482680563,36.063249640454885],[138.07025232672231,36.063249640349554],[138.07025232686121,36.063291310330442],[138.07018982677778,36.063291310224926],[138.0701898269167,36.063332970205636],[138.07012732683336,36.063332970100028],[138.07006482674996,36.063332969994512],[138.07000232666661,36.063332969888997],[138.06993982658329,36.063332969783389],[138.06993982644445,36.063291309803034],[138.06993982630556,36.063249639822416],[138.06993982616663,36.063207969841883],[138.06993982602773,36.063166309861529],[138.06987732594459,36.063166309756284],[138.0698773260834,36.063207969736546],[138.06981482600008,36.063207969631208],[138.06981482586116,36.063166309650939],[138.06975232577781,36.063166309545693],[138.06975232563892,36.063124639565338],[138.0696898255556,36.063124639460085],[138.06968982541667,36.06308296948],[138.06968982527786,36.063041309499738],[138.06962732519452,36.063041309394663],[138.06962732505562,36.062999639414485],[138.06962732491669,36.062957969434393],[138.06956482483338,36.062957969329503],[138.06956482469445,36.062916309349326],[138.06950232461114,36.062916309244429],[138.06943982452779,36.062916309139624],[138.06943982438889,36.062874639159801],[138.06937732430555,36.062874639054996],[138.06937732444447,36.062916309034733],[138.06931482436121,36.062916308929843],[138.0692523242779,36.062916308825038],[138.06918982419447,36.062916308720141],[138.06918982433339,36.062957968699877],[138.06912732425005,36.062957968594979],[138.06906482416673,36.062957968489997],[138.06906482430554,36.062999638469464],[138.0690023242222,36.062999638364481],[138.06900232436112,36.063041308343948],[138.06893982427778,36.06304130823888],[138.06893982441662,36.063082968218339],[138.06893982455551,36.063124638197635],[138.06893982469444,36.063166308177102],[138.06893982483334,36.063207968156298],[138.06893982497218,36.063249638135765],[138.06887732488883,36.063249638030342],[138.06887732474993,36.063207968050961],[138.06887732461109,36.063166308071757],[138.0688773244722,36.063124638092383],[138.06887732433327,36.063082968113179],[138.06887732419446,36.063041308133805],[138.06881482411114,36.06304130802873],[138.06881482397222,36.062999638049448],[138.06881482383329,36.062957968070336],[138.06875232375006,36.062957967965346],[138.06875232361125,36.06291630798615],[138.06868982352782,36.062916307881252],[138.06868982366674,36.062957967860456],[138.0686273235834,36.062957967755565],[138.06856482350008,36.062957967650576],[138.06856482336116,36.062916307671557],[138.06850232327784,36.062916307566667],[138.0684398231945,36.062916307461862],[138.0684398230556,36.062874637483191],[138.06837732297217,36.062874637378386],[138.06831482288885,36.06287463727358],[138.06825232280551,36.062874637168775],[138.06818982272227,36.06287463706397],[138.06812732263893,36.062874636959165],[138.06812732250003,36.062832966980679],[138.06806482241669,36.062832966875874],[138.06800232233337,36.062832966771154],[138.06800232247227,36.06287463674964],[138.06800232261119,36.062916306727779],[138.06800232275,36.062957966706179],[138.06806482283332,36.062957966811162],[138.06806482297225,36.062999636789471],[138.06806482311117,36.063041306767872],[138.06806482324998,36.063082966746364],[138.06800232316664,36.063082966641204],[138.06800232330556,36.06312463661952],[138.06800232344446,36.063166306597921],[138.0680023235833,36.063207966576051],[138.06793982349996,36.063207966470713],[138.06793982336114,36.063166306492668],[138.0678773232778,36.06316630638733],[138.0678773231389,36.063124636409107],[138.06781482305556,36.063124636303854],[138.06781482291666,36.063082966325808],[138.06775232283331,36.063082966220648],[138.06775232269442,36.063041306242518],[138.06768982261107,36.06304130613745],[138.06768982247218,36.062999636159489],[138.06775232255549,36.062999636264472],[138.0677523224166,36.062957966286518],[138.0678148225,36.062957966391409],[138.0678148223611,36.062916306413186],[138.0678148222222,36.062874636435225],[138.06787732230552,36.06287463654003],[138.06787732216671,36.062832966561722],[138.06793982225003,36.062832966666434],[138.06793982211113,36.062791306688304],[138.0679398219722,36.062749636709903],[138.06787732188889,36.062749636605361],[138.06787732174996,36.062707966627144],[138.06781482166664,36.062707966522602],[138.0678148215278,36.062666306544557],[138.06775232144449,36.062666306440107],[138.06768982136106,36.062666306335657],[138.06768982122225,36.062624636357612],[138.06762732113899,36.062624636253247],[138.067627321,36.062582966275293],[138.06762732086116,36.062541306297518],[138.06762732072227,36.062499636319473],[138.06762732058334,36.062457966341597],[138.06762732044453,36.062416306363644],[138.06762732030563,36.062374636385684],[138.06768982038886,36.062374636489693],[138.06768982024994,36.062332966511732],[138.06775232033328,36.062332966615656],[138.06775232019447,36.062291306637519],[138.06781482027779,36.062291306741344],[138.06787732036111,36.062291306845175],[138.06787732022221,36.062249636867037],[138.06793982030553,36.062249636970776],[138.06793982016663,36.062207966992467],[138.06800232025006,36.062207967096207],[138.06800232011113,36.062166307117892],[138.06800231997224,36.06212463713949],[138.06806482005555,36.062124637243059],[138.06806481991674,36.062082967264566],[138.06812732000006,36.062082967368042],[138.06812731986116,36.062041307389727],[138.06818981994448,36.062041307493111],[138.06818981980558,36.061999637514532],[138.06825231988881,36.061999637617831],[138.06825231975,36.061957967639337],[138.06831481983332,36.061957967742543],[138.06831481997224,36.061999637721122],[138.06837732005556,36.061999637824506],[138.06843982013891,36.061999637927798],[138.0684398202778,36.062041307906739],[138.06850232036115,36.062041308010123],[138.06850232050004,36.062082967988871],[138.06856482058339,36.062082968092348],[138.06862732066671,36.062082968195824],[138.06868982075005,36.062082968299293],[138.06875232083337,36.062082968402763],[138.06881482091663,36.062082968506239],[138.06887732099995,36.062082968609715],[138.06887732113887,36.06212463858909],[138.06893982122219,36.062124638692652],[138.06893982108338,36.062082968713185],[138.06900232116669,36.062082968816654],[138.0690023210278,36.062041308837365],[138.06906482111111,36.062041308940749],[138.06906482097222,36.061999638961197],[138.06912732105562,36.061999639064496],[138.06918982113896,36.061999639167787],[138.06918982100004,36.061957969188228],[138.06912732091672,36.061957969085029],[138.06906482083338,36.06195796898173],[138.06900232074997,36.061957968878431],[138.06900232061113,36.061916308898972],[138.06893982052782,36.061916308795759],[138.06887732044447,36.06191630869256],[138.06887732030557,36.061874638713178],[138.06881482022223,36.061874638610064],[138.06881482008333,36.061832968630952],[138.0687523200001,36.061832968527924],[138.06868981991676,36.061832968424802],[138.06868981977783,36.061791308445606],[138.06862731969451,36.061791308342663],[138.06862731955562,36.061749638363821],[138.06856481947227,36.061749638260878],[138.06856481933335,36.061707968281851],[138.06850231925003,36.061707968179007],[138.06850231911113,36.061666308200159],[138.06850231897221,36.061624638221225],[138.06843981888886,36.06162463811846],[138.06837731880555,36.061624638015786],[138.06837731866665,36.06158296803703],[138.0683148185833,36.061582967934356],[138.06825231849996,36.061582967831683],[138.06825231836106,36.061541307853197],[138.06825231822225,36.061499637874533],[138.06825231808332,36.061457967895777],[138.06818981800009,36.061457967793366],[138.06818981786117,36.061416307814966],[138.06818981772227,36.061374637836387],[138.06818981758343,36.061332967857894],[138.06812731750003,36.061332967755668],[138.06812731736119,36.06129130777709],[138.06806481727787,36.061291307674949],[138.06806481713895,36.061249637696548],[138.06800231705554,36.0612496375945],[138.0680023169167,36.061207967616184],[138.0679398168333,36.061207967514221],[138.06793981669446,36.061166307535821],[138.06793981655557,36.061124637557683],[138.06787731647222,36.061124637455812],[138.06787731633332,36.061082967477589],[138.06787731619448,36.061041307499451],[138.06787731605559,36.060999637521142],[138.06787731591669,36.060957967542919],[138.06787731577776,36.060916307564874],[138.06787731563895,36.060874637586565],[138.06781481555552,36.060874637485128],[138.06781481541671,36.060832967507082],[138.06781481527779,36.060791307528859],[138.06781481513889,36.060749637550728],[138.0678773152222,36.06074963765198],[138.06787731508339,36.060707967673849],[138.06781481499996,36.060707967572682],[138.06781481486115,36.06066630759446],[138.06781481472223,36.060624637616499],[138.06787731480557,36.060624637717488],[138.06787731466665,36.060582967739265],[138.06793981474999,36.060582967840247],[138.06793981461115,36.060541307862024],[138.0680023146945,36.060541307962922],[138.06800231483339,36.060582967941144],[138.06806481491674,36.060582968042134],[138.06812731500005,36.060582968143123],[138.0681898150834,36.060582968244105],[138.06825231516663,36.060582968345088],[138.06831481524998,36.060582968446077],[138.06831481538887,36.060624638424834],[138.0683148155278,36.060666308403327],[138.06837731561112,36.060666308504487],[138.06837731575004,36.060707968483328],[138.06843981583336,36.060707968584495],[138.06843981597228,36.060749638563252],[138.06843981611109,36.060791308542093],[138.06843981625002,36.060832968520941],[138.06843981638892,36.060874638499698],[138.06850231647226,36.060874638601128],[138.06850231661116,36.060916308580147],[138.06850231675008,36.06095796855891],[138.0685023168889,36.060999638537837],[138.06850231702782,36.061041308516778],[138.06856481711114,36.061041308618556],[138.06856481725004,36.061082968597404],[138.06862731733338,36.061082968699282],[138.06868981741673,36.06108296880106],[138.06875231750004,36.061082968902852],[138.06881481758327,36.06108296900463],[138.06881481744446,36.061041309025526],[138.06887731752778,36.061041309127219],[138.06893981761112,36.061041309229005],[138.0689398174722,36.060999639249538],[138.06900231755554,36.060999639351145],[138.06906481763897,36.060999639452845],[138.06906481750005,36.060957969473286],[138.06912731758339,36.060957969574801],[138.06912731744447,36.060916309595427],[138.0691898175279,36.06091630969695],[138.06918981738897,36.060874639717213],[138.06925231747232,36.060874639818643],[138.06925231733339,36.060832969838998],[138.06931481741674,36.060832969940428],[138.0693148172779,36.060791309960521],[138.069314817139,36.060749639980699],[138.06937731722223,36.060749640081951],[138.06937731708334,36.060707970102214],[138.06937731694441,36.060666310122215],[138.06937731680551,36.060624640142478],[138.06937731666667,36.060582970162571],[138.06931481658344,36.060582970061589],[138.06931481644455,36.060541310081945],[138.06931481630562,36.06049964010203],[138.06937731638885,36.060499640202835],[138.06937731624996,36.060457970222927],[138.06943981633339,36.060457970323739],[138.0695023164167,36.060457970424451],[138.06950231627781,36.060416310444545],[138.06956481636112,36.060416310545264],[138.06962731644455,36.060416310645984],[138.06962731630563,36.060374640665714],[138.06968981638897,36.060374640766348],[138.06975231647229,36.060374640866982],[138.06975231661121,36.06041631084733],[138.06975231675003,36.060457970827514],[138.06975231688892,36.060499640807862],[138.06975231702785,36.060541310788224],[138.06981481711119,36.060541310889121],[138.06981481725009,36.060582970869383],[138.06987731733341,36.060582970970373],[138.06993981741667,36.060582971071355],[138.07000231749998,36.060582971172337],[138.07000231763891,36.060624641152963],[138.07006481772223,36.060624641253952],[138.07012731780557,36.06062464135502],[138.07012731794447,36.060666311335552],[138.07018981802781,36.060666311436719],[138.07025231811122,36.060666311537794],[138.07025231825006,36.060707971518681],[138.07031481833337,36.060707971619934],[138.0703148184723,36.060749641600736],[138.07037731855561,36.060749641701989],[138.07037731869454,36.060791311682962],[138.07043981877786,36.0607913117843],[138.07050231886112,36.060791311885552],[138.07056481894443,36.060791311986897],[138.07062731902778,36.060791312088242],[138.07068981911118,36.060791312189579],[138.07075231919453,36.060791312290917],[138.07081481927784,36.060791312392169],[138.07087731936119,36.060791312493514],[138.07093981944462,36.060791312594858],[138.07100231952793,36.060791312696196],[138.07100231966675,36.060832972677886],[138.07106481975001,36.060832972779309],[138.0710648198889,36.060874642760908],[138.07112731997225,36.06087464286243],[138.07118982005557,36.06087464296386],[138.07125232013891,36.06087464306529],[138.07131482022231,36.060874643166812],[138.07131482008342,36.060832973184858],[138.07137732016673,36.060832973286196],[138.07137732002784,36.060791313304065],[138.07143982011127,36.060791313405403],[138.07143981997234,36.060749643423186],[138.07150232005569,36.060749643524439],[138.07150231991676,36.060707973542307],[138.07156482000011,36.060707973643474],[138.07162732008334,36.060707973744726],[138.07168982016665,36.060707973845886],[138.07175232025,36.060707973947046],[138.0717523203889,36.060749643929448],[138.07175232052782,36.06079131391202],[138.07168982044448,36.060791313810682],[138.07168982058332,36.060832973793168],[138.07162732049997,36.060832973691831],[138.0716273206389,36.060874643674047],[138.07156482055564,36.060874643572618],[138.07156482069456,36.060916313555012],[138.07150232061122,36.060916313453497],[138.07150232075006,36.060957973435535],[138.07156482083346,36.060957973537143],[138.0715648209723,36.060999643519544],[138.07162732105553,36.060999643621152],[138.07168982113896,36.060999643722852],[138.07168982127777,36.061041313705331],[138.0717523213612,36.061041313807124],[138.07181482144452,36.061041313908817],[138.07181482158336,36.061082973891303],[138.07187732166676,36.061082973993088],[138.07187732180569,36.061124643975752],[138.071939821889,36.061124644077623],[138.07193982202793,36.061166314060287],[138.07193982216674,36.061207974043043],[138.07200232225009,36.061207974145091],[138.0720648223334,36.061207974247054],[138.07206482247233,36.061249644229903],[138.07212732255564,36.061249644331951],[138.0721898226389,36.061249644434],[138.0721898227778,36.061291314417019],[138.07212732269457,36.061291314314886],[138.07212732283347,36.061332974297898],[138.07212732297239,36.061374644280747],[138.07218982305554,36.061374644383065],[138.07218982319444,36.061416314366085],[138.07225232327778,36.061416314468488],[138.07225232341668,36.061457974451329],[138.0722523235556,36.061499644434527],[138.07231482363892,36.061499644537022],[138.07231482377784,36.06154131452022],[138.07237732386116,36.061541314622801],[138.072377324,36.061582974605912],[138.07237732413898,36.061624644589109],[138.07231482405558,36.061624644486436],[138.07231482419448,36.061666314469633],[138.0723148243334,36.061707974452652],[138.07225232424997,36.061707974349801],[138.07225232438898,36.061749644332906],[138.0722523245278,36.06179131431584],[138.07231482461123,36.061791314418869],[138.07231482475004,36.061832974402066],[138.07237732483338,36.061832974505094],[138.07237732497228,36.061874644488199],[138.07243982505562,36.06187464459132],[138.07250232513894,36.061874644694441],[138.07256482522237,36.061874644797555],[138.07256482508345,36.061832974814266],[138.07262732516679,36.061832974917294],[138.07268982525011,36.061832975020415],[138.07268982511121,36.061791315036771],[138.07275232519444,36.061791315139715],[138.07281482527787,36.061791315242743],[138.07281482513895,36.061749645259191],[138.07287732522229,36.061749645362127],[138.07293982530561,36.061749645464985],[138.07300232538896,36.061749645567922],[138.07300232525003,36.061707975583928],[138.07306482533338,36.061707975686772],[138.07306482547227,36.061749645670858],[138.0730648256112,36.061791315654681],[138.07312732569451,36.061791315757617],[138.07318982577786,36.061791315860646],[138.07318982591676,36.061832975844823],[138.0732523260001,36.061832975947851],[138.07331482608333,36.061832976050965],[138.07337732616676,36.061832976153994],[138.07343982625008,36.061832976257023],[138.07350232633343,36.061832976360144],[138.0735023261945,36.061791316375619],[138.07356482627785,36.061791316478555],[138.07362732636125,36.061791316581584],[138.07362732650009,36.061832976566201],[138.0736898265834,36.06183297666923],[138.07368982672233,36.061874646653848],[138.07375232680565,36.061874646756962],[138.07375232694457,36.061916316741673],[138.07375232708347,36.061957976726561],[138.07381482716681,36.06195797682976],[138.07381482730571,36.061999646814471],[138.07381482744464,36.062041316799352],[138.07375232736121,36.062041316695968],[138.07375232750013,36.0620829766805],[138.07381482758345,36.062082976783969],[138.07381482772237,36.062124646768858],[138.0738773278056,36.062124646872419],[138.0738773279445,36.062166316857393],[138.07393982802785,36.062166316960955],[138.07400232811119,36.062166317064609],[138.07400232825009,36.062207977049489],[138.07406482833341,36.062207977153228],[138.07406482847233,36.062249647138287],[138.07412732855568,36.062249647242027],[138.07418982863899,36.062249647345766],[138.07418982877789,36.062291317330917],[138.07425232886123,36.062291317434749],[138.07425232900016,36.062332977420077],[138.07431482908348,36.062332977523994],[138.07437732916679,36.062332977627911],[138.07443982925005,36.062332977731742],[138.07443982938895,36.062374647717157],[138.0745023294723,36.062374647821159],[138.07456482955561,36.062374647925083],[138.07462732963896,36.062374648028992],[138.07468982972227,36.062374648133002],[138.07475232980562,36.062374648236919],[138.07481482988902,36.062374648340921],[138.07481482975012,36.062332978355059],[138.07487732983344,36.062332978458983],[138.07493982991679,36.062332978562893],[138.07500233000002,36.062332978666724],[138.07506483009001,36.062332978763891],[138.07512733018009,36.06233297886115],[138.07518983027009,36.062332978958402],[138.075189830131,36.062291318972186],[138.07525233022091,36.062291319069445],[138.0753148303109,36.062291319166604],[138.07531483017164,36.062249649180572],[138.07537733026155,36.062249649277824],[138.07537733012219,36.062207979291699],[138.07543983021199,36.062207979388859],[138.07543983007264,36.062166319402913],[138.07543982993329,36.062124649416695],[138.07543982979394,36.062082979430478],[138.07543982965458,36.062041319444532],[138.07543982951512,36.061999649458315],[138.07543982937577,36.061957979472268],[138.0753773292864,36.061957979375109],[138.07537732914705,36.061916319388885],[138.07537732900778,36.06187464940276],[138.07537732886843,36.061832979416721],[138.07537732872916,36.061791319430505],[138.07531482864005,36.061791319333338],[138.07531482850078,36.061749649347298],[138.07531482836151,36.061707979361174],[138.0752523282726,36.061707979263915],[138.07525232813342,36.061666319277876],[138.07525232799424,36.061624649291659],[138.0751898279054,36.061624649194492],[138.07518982776631,36.061582979208367],[138.07525232785508,36.061582979305527],[138.07525232771599,36.061541319319488],[138.07531482780465,36.061541319416747],[138.07537732789339,36.061541319514006],[138.07543982798205,36.061541319611166],[138.07550232807071,36.061541319708425],[138.07550232793128,36.061499649722208],[138.07556482801974,36.061499649819467],[138.0756273281084,36.061499649916627],[138.07568982819706,36.061499650013886],[138.07575232828563,36.061499650111145],[138.07581482837429,36.061499650208305],[138.07581482823451,36.061457980222087],[138.07587732832297,36.061457980319346],[138.0758773281832,36.061416320333393],[138.07593982827166,36.061416320430652],[138.07593982841155,36.061457980416606],[138.07600232850012,36.061457980513765],[138.0760648285887,36.061457980611024],[138.0761273286771,36.061457980708283],[138.07618982876565,36.061457980805443],[138.07625232885422,36.061457980902702],[138.0763148289428,36.061457980999869],[138.07631482880248,36.061416321013922],[138.07637732889094,36.061416321111174],[138.07643982897943,36.061416321208426],[138.07650232906792,36.0614163213056],[138.07650232920844,36.061457981291547],[138.07656482929701,36.061457981388799],[138.07662732938556,36.061457981486058],[138.07668982947396,36.061457981583224],[138.07668982933328,36.061416321597278],[138.07675232942177,36.06141632169453],[138.07675232956254,36.061457981680476],[138.0767523297034,36.061499651666693],[138.07675232984425,36.061541321652825],[138.07675232998503,36.061582981638864],[138.07675233012591,36.061624651624996],[138.07675233026677,36.061666321611213],[138.07675233040754,36.061707981597252],[138.0767523305484,36.061749651583469],[138.07675233068929,36.061791321569416],[138.07675233083006,36.061832981555632],[138.07675233097092,36.061874651541586],[138.07675233111169,36.061916321527804],[138.07675233125255,36.061957981513928],[138.07675233139344,36.061999651499967],[138.07675233153429,36.062041321486184],[138.07675233167507,36.06208298147213],[138.07675233181592,36.062124651458348],[138.0767523319567,36.062166321444565],[138.07675233209758,36.062207981430603],[138.07675233223844,36.062249651416735],[138.07675233237921,36.062291321402682],[138.07675233252007,36.062332981388906],[138.07675233266085,36.062374651374938],[138.07675233280173,36.06241632136107],[138.07675233294259,36.062457981347286],[138.07675233308336,36.062499651333326],[138.07675233322422,36.062541321319543],[138.07675233336511,36.062582981305496],[138.07675233350588,36.062624651291713],[138.07675233364674,36.062666321277838],[138.07675233378751,36.062707981263877],[138.07675233392837,36.062749651250002],[138.07668983383766,36.062749651152842],[138.07668983397843,36.062791321138967],[138.07668983411924,36.062832981125005],[138.07668983426001,36.062874651111223],[138.07662733416922,36.062874651013971],[138.0766273343099,36.062916321000003],[138.07662733445059,36.062957980986134],[138.07656483435952,36.062957980888967],[138.07656483450012,36.062999650874914],[138.07656483464072,36.063041320861132],[138.07662733473197,36.063041320958305],[138.07662733487265,36.063082980944515],[138.07662733501334,36.063124650930561],[138.07662733515403,36.063166320916778],[138.07662733529472,36.063207980902725],[138.0766273354354,36.063249650888942],[138.07668983552691,36.063249650986108],[138.07668983566768,36.063291320972326],[138.07668983580837,36.063332980958364],[138.07662733571678,36.063332980861105],[138.07662733585755,36.063374650847237],[138.07662733599824,36.063416320833277],[138.07662733613893,36.063457980819493],[138.07662733627961,36.063499650805532],[138.07656483618766,36.06349965070828],[138.07656483632826,36.063541320694405],[138.07650233623622,36.063541320597238],[138.07650233637673,36.063582980583362],[138.07650233651734,36.063624650569409],[138.07643983642521,36.063624650472235],[138.07643983656573,36.063666320458367],[138.07643983670613,36.06370798044432],[138.07643983684665,36.063749650430537],[138.07637733675426,36.063749650333364],[138.07637733689469,36.063791320319496],[138.0763773370351,36.063832980305534],[138.07637733717553,36.063874650291666],[138.07637733731593,36.063916320277883],[138.07637733745636,36.063957980263922],[138.0763773375968,36.063999650250139],[138.0763773377372,36.064041320236086],[138.07637733787755,36.064082980222302],[138.07637733801806,36.064124650208342],[138.07637733815847,36.064166320194474],[138.07637733829881,36.064207980180598],[138.07637733843922,36.064249650166637],[138.07637733857965,36.064291320152854],[138.07637733872008,36.064332980138801],[138.07637733886048,36.064374650125018],[138.07637733900091,36.064416320111235],[138.07637733914135,36.064457980097274],[138.07637733928175,36.064499650083405],[138.07637733942218,36.064541320069445],[138.07637733956258,36.064582980055576],[138.07637733970301,36.064624650041608],[138.07637733984345,36.06466632002774],[138.07637733998385,36.064707980013957],[138.07637734012428,36.064749649999996],[138.07637734026468,36.064791319986213],[138.07637734040503,36.064832979972167],[138.07637734054555,36.064874649958384],[138.07637734068595,36.064916319944508],[138.07631484059161,36.064916319847342],[138.07625234049726,36.064916319750083],[138.076189840403,36.064916319652831],[138.07612734030869,36.064916319555664],[138.07606484021451,36.064916319458405],[138.07606484035449,36.064957979444443],[138.07600234026015,36.064957979347191],[138.07593984016572,36.064957979250025],[138.07593984002582,36.064916319263986],[138.07593983988593,36.064874649277769],[138.07587733979159,36.064874649180602],[138.07587733965178,36.064832979194385],[138.07581483955761,36.064832979097133],[138.07581483941783,36.06479131911118],[138.07575233932366,36.064791319013921],[138.07575233918394,36.064749649027796],[138.07568983908996,36.064749648930544],[138.07562733899587,36.064749648833285],[138.07562733885635,36.064707978847245],[138.07556483876235,36.064707978750079],[138.07550233866846,36.06470797865282],[138.07550233852902,36.06466631866661],[138.07550233838955,36.064624648680478],[138.07543983829575,36.064624648583312],[138.0754398384351,36.064666318569436],[138.07543983857445,36.06470797855566],[138.07543983871392,36.064749648541607],[138.07550233880789,36.064749648638866],[138.07550233894733,36.064791318625083],[138.0755023390868,36.06483297861103],[138.07556483918086,36.064832978708282],[138.07556483932041,36.064874648694413],[138.07562733941467,36.064874648791672],[138.07562733955419,36.06491631877789],[138.0756273396938,36.064957978763928],[138.07568983978814,36.064957978861088],[138.07568983992786,36.06499964884722],[138.07562733983343,36.064999648750053],[138.07562733997295,36.06504131873627],[138.07562734011259,36.065082978722216],[138.07562734025211,36.065124648708434],[138.07562734039175,36.065166318694388],[138.07568984048643,36.06516631879164],[138.07568984062615,36.065207978777863],[138.07575234072092,36.065207978875023],[138.07581484081572,36.065207978972282],[138.07581484095553,36.065249648958321],[138.07581484109534,36.065291318944446],[138.07581484123503,36.06533297893067],[138.07587734133008,36.065332979027829],[138.07587734146998,36.065374649013876],[138.07593984156503,36.065374649111128],[138.07593984170501,36.065416319097345],[138.07600234180015,36.065416319194512],[138.07600234194013,36.065457979180465],[138.07606484203535,36.065457979277717],[138.07606484217541,36.065499649263934],[138.07612734227058,36.065499649361101],[138.07612734241073,36.065541319347318],[138.07612734255088,36.065582979333357],[138.07612734269102,36.065624649319489],[138.0761273428312,36.065666319305521],[138.07612734297126,36.065707979291744],[138.07618984306694,36.065707979388904],[138.07625234316251,36.065707979486163],[138.07625234330285,36.065749649472203],[138.07618984320709,36.065749649374951],[138.07618984334732,36.065791319361075],[138.07612734325156,36.065791319263909],[138.07606484315588,36.065791319166649],[138.07600234306011,36.065791319069398],[138.07593984296435,36.065791318972231],[138.07587734286858,36.065791318874972],[138.07587734300839,36.065832978861195],[138.07581484291254,36.065832978763936],[138.07581484305243,36.065874648749976],[138.07575234295649,36.065874648652724],[138.07575234309618,36.065916318638941],[138.07568984300016,36.065916318541767],[138.07568984313986,36.06595797852772],[138.07568984327949,36.065999648513937],[138.07568984341921,36.066041318500069],[138.07568984355882,36.066082978486108],[138.07562734346251,36.066082978388849],[138.07562734360215,36.066124648375066],[138.07562734374167,36.066166318361198],[138.07562734388131,36.066207978347236],[138.07562734402083,36.066249648333184],[138.07568984411739,36.066249648430443],[138.07568984425711,36.06629131841666],[138.07568984439672,36.066332978402869],[138.07568984453636,36.066374648388823],[138.07568984467605,36.06641631837504],[138.07562734457923,36.066416318277788],[138.07562734471875,36.066457978263998],[138.07562734485839,36.066499648250044],[138.07568984495532,36.066499648347204],[138.07568984509501,36.066541318333421],[138.07568984523465,36.066582978319374],[138.07568984537426,36.066624648305591],[138.07568984551398,36.066666318291809],[138.07568984565287,36.066707978264702],[138.07568984579171,36.066749648237774],[138.07568984593061,36.066791318210669],[138.07562734583334,36.066791318113232],[138.07562734597224,36.066832978086218],[138.07562734611116,36.066874648059027],[138.07556484601389,36.066874647961498],[138.07556484615287,36.0669163179344],[138.07556484629171,36.066957977907293],[138.07550234619453,36.066957977809594],[138.07550234633351,36.06699964778231]],[[138.07493984200011,36.065957977348397],[138.07500234208334,36.065957977458353],[138.07506484217936,36.06595797755552],[138.07512734227549,36.065957977652687],[138.0751273424145,36.065999647638904],[138.07518984251061,36.065999647736163],[138.07518984237151,36.065957977749946],[138.07518984223245,36.065916317763993],[138.07512734213648,36.065916317666733],[138.07506484204046,36.065916317569481],[138.07500234194453,36.065916317472315],[138.07493984186127,36.065916317362451],[138.07493984200011,36.065957977348397]],[[138.07368983616678,36.064707975610368],[138.0737523362501,36.064707975718193],[138.07381483633344,36.064707975826018],[138.07387733641667,36.064707975933842],[138.07393983650002,36.06470797604176],[138.07393983636118,36.064666316056694],[138.07387733627786,36.064666315948955],[138.0738148361946,36.064666315841137],[138.07375233611128,36.064666315733398],[138.07368983602785,36.064666315625573],[138.07368983616678,36.064707975610368]],[[138.07475233716676,36.064582977486253],[138.07481483725007,36.064582977593808],[138.07487733733342,36.064582977701455],[138.07487733719458,36.064541317715417],[138.07487733705568,36.064499647729555],[138.074939837139,36.064499647837025],[138.0749398370001,36.064457977850985],[138.07493983686129,36.064416317865039],[138.07493983672236,36.064374647878907],[138.07487733663902,36.064374647771615],[138.07487733650012,36.064332977785575],[138.07481483641681,36.064332977678283],[138.0748148365557,36.064374647664323],[138.0748148366946,36.06441631765027],[138.0747523366112,36.064416317542978],[138.07475233675009,36.064457977528662],[138.07475233688902,36.064499647514523],[138.07475233702792,36.0645413175003],[138.07475233716676,36.064582977486253]]]},"properties":{"FID":246,"A31_201":"8505050720","A31_202":"横河川","A31_203":20,"A31_204":"長野県","A31_205":3,"A31_206":" ","A31_207":" ","A31_208":" "}},{"type":"Feature","id":247,"geometry":{"type":"Polygon","coordinates":[[[138.06193985327798,36.074541291381969],[138.06187735319463,36.074541291271657],[138.06181485311131,36.074541291161253],[138.06181485325013,36.074582951146496],[138.06175235316681,36.074582951036092],[138.06175235330571,36.074624621021243],[138.06168985322239,36.074624620910754],[138.06168985308346,36.074582950925695],[138.06162735300015,36.074582950815383],[138.06162735286122,36.074541290830233],[138.06156485277791,36.074541290719921],[138.06156485263898,36.07449962073477],[138.06156485250008,36.074457950749618],[138.06156485236116,36.074416290764646],[138.06162735244459,36.07441629087478],[138.06162735230566,36.074374620889628],[138.06162735216677,36.074332950904477],[138.06168985225008,36.074332951014611],[138.06168985211127,36.074291291029283],[138.06168985197235,36.074249621043954],[138.06175235205569,36.074249621153911],[138.06175235219459,36.074291291139147],[138.06181485227793,36.074291291249196],[138.06181485241675,36.074332951234524],[138.06181485255567,36.074374621219761],[138.06187735263899,36.07437462132981],[138.06187735277791,36.074416291315316],[138.06193985286131,36.074416291425536],[138.06193985300015,36.074457951410864],[138.06200235308347,36.074457951520998],[138.0620023532224,36.074499621506774],[138.06193985313905,36.07449962139637],[138.06193985327798,36.074541291381969]]]},"properties":{"FID":247,"A31_201":"8505050720","A31_202":"横河川","A31_203":20,"A31_204":"長野県","A31_205":3,"A31_206":" ","A31_207":" ","A31_208":" "}},{"type":"Feature","id":248,"geometry":{"type":"Polygon","coordinates":[[[138.0620023532224,36.074499621506774],[138.06206485330563,36.074499621616994],[138.06206485344455,36.07454129160277],[138.06206485358337,36.074582951588184],[138.0621273536668,36.074582951698588],[138.06212735380561,36.07462462168418],[138.0621273539445,36.074666291669956],[138.06218985402785,36.074666291780531],[138.06218985416677,36.074707951766307],[138.06218985430567,36.074749621752076],[138.06212735422235,36.074749621641324],[138.06212735436117,36.074791291627093],[138.06206485427782,36.074791291516341],[138.06200235419459,36.074791291405496],[138.06200235405578,36.07474962141999],[138.06193985397235,36.074749621309323],[138.06193985383354,36.074707951323816],[138.06187735375011,36.074707951213327],[138.06181485366676,36.074707951102567],[138.06181485352795,36.074666291117154],[138.06187735361129,36.074666291227729],[138.06187735347237,36.074624621242222],[138.06193985355571,36.074624621352712],[138.06193985341679,36.074582951367475],[138.06193985327798,36.074541291381969],[138.06200235336129,36.074541291492281],[138.0620023532224,36.074499621506774]]]},"properties":{"FID":248,"A31_201":"8505050720","A31_202":"横河川","A31_203":20,"A31_204":"長野県","A31_205":3,"A31_206":" ","A31_207":" ","A31_208":" "}}]
}