{
  "type" : "FeatureCollection",
  "crs" : {
    "type" : "name",
    "properties" : {
      "name" : "EPSG:6668"
    }
  },
  "features" : [{"type":"Feature","id":0,"geometry":{"type":"Polygon","coordinates":[[[137.75362626912113,35.439249702566897],[137.75356376878997,35.439249702646215],[137.75356376867691,35.439208036011273],[137.75362626900778,35.439208035932047],[137.75362626912113,35.439249702566897]]]},"properties":{"FID":0,"A31_201":"8505050237","A31_202":"阿智川","A31_203":20,"A31_204":"長野県","A31_205":1,"A31_206":" ","A31_207":" ","A31_208":" "}},{"type":"Feature","id":1,"geometry":{"type":"Polygon","coordinates":[[[137.75325126746944,35.439374702948591],[137.75318876713749,35.439374703028172],[137.75318876702613,35.439333036392782],[137.75325126735777,35.439333036313293],[137.75325126746944,35.439374702948591]]]},"properties":{"FID":1,"A31_201":"8505050237","A31_202":"阿智川","A31_203":20,"A31_204":"長野県","A31_205":1,"A31_206":" ","A31_207":" ","A31_208":" "}},{"type":"Feature","id":2,"geometry":{"type":"Polygon","coordinates":[[[137.75262626545663,35.43987470337543],[137.75256376512141,35.439874703455722],[137.75256376468698,35.439708036911597],[137.75262626502106,35.43970803683149],[137.75262626545663,35.43987470337543]]]},"properties":{"FID":2,"A31_201":"8505050237","A31_202":"阿智川","A31_203":20,"A31_204":"長野県","A31_205":1,"A31_206":" ","A31_207":" ","A31_208":" "}},{"type":"Feature","id":3,"geometry":{"type":"Polygon","coordinates":[[[137.75231376431779,35.440083036958704],[137.75193876229775,35.440083037442939],[137.75193876219191,35.44004137080622],[137.75231376421021,35.440041370322433],[137.75231376431779,35.440083036958704]]]},"properties":{"FID":3,"A31_201":"8505050237","A31_202":"阿智川","A31_203":20,"A31_204":"長野県","A31_205":1,"A31_206":" ","A31_207":" ","A31_208":" "}},{"type":"Feature","id":4,"geometry":{"type":"Polygon","coordinates":[[[137.75068875696832,35.440666371990538],[137.75068875706859,35.440708038628678],[137.75062625672777,35.44070803871039],[137.7506262562278,35.440499705519429],[137.75075125690668,35.440499705356622],[137.75075125700721,35.440541371994669],[137.75068875666747,35.440541372076211],[137.75068875686802,35.440624705352398],[137.7508137575486,35.440624705189236],[137.75081375764938,35.440666371827206],[137.75087625799003,35.440666371745579],[137.7508762580911,35.440708038383448],[137.75075125740938,35.440708038546965],[137.75075125730885,35.440666371908918],[137.75068875696832,35.440666371990538]]]},"properties":{"FID":4,"A31_201":"8505050237","A31_202":"阿智川","A31_203":20,"A31_204":"長野県","A31_205":1,"A31_206":" ","A31_207":" ","A31_208":" "}},{"type":"Feature","id":5,"geometry":{"type":"Polygon","coordinates":[[[137.74862624581141,35.440749708000013],[137.74856374546573,35.440749708083317],[137.74856374556128,35.440791374722259],[137.74850124521558,35.440791374805571],[137.74850124502444,35.440708041527785],[137.74862624571568,35.44070804136107],[137.74862624581141,35.440749708000013]]]},"properties":{"FID":5,"A31_201":"8505050237","A31_202":"阿智川","A31_203":20,"A31_204":"長野県","A31_205":1,"A31_206":" ","A31_207":" ","A31_208":" "}},{"type":"Feature","id":6,"geometry":{"type":"Polygon","coordinates":[[[137.75093875914166,35.440999704766675],[137.75087625879888,35.44099970484892],[137.75087625869782,35.440958038210958],[137.75081375835524,35.440958038293118],[137.75081375815361,35.440874705017194],[137.75075125781166,35.440874705099169],[137.7507512577111,35.440833038461122],[137.75093875873611,35.440833038215274],[137.75093875914166,35.440999704766675]]]},"properties":{"FID":6,"A31_201":"8505050237","A31_202":"阿智川","A31_203":20,"A31_204":"長野県","A31_205":1,"A31_206":" ","A31_207":" ","A31_208":" "}},{"type":"Feature","id":7,"geometry":{"type":"Polygon","coordinates":[[[137.75112625986338,35.440874704607118],[137.7510637595214,35.440874704689094],[137.75106375941942,35.440833038051402],[137.75100125907784,35.440833038133292],[137.75100125856943,35.440624704944454],[137.75112625924999,35.440624704781214],[137.75112625894332,35.440499704868301],[137.75106375860383,35.440499704949744],[137.75106375850194,35.440458038312052],[137.75125125951942,35.440458038068073],[137.75125125941665,35.440416371430551],[137.75131375975559,35.440416371349286],[137.75131375985865,35.440458037986716],[137.75137626019776,35.440458037905444],[137.75137626040444,35.440541371180124],[137.75150126108383,35.440541371017233],[137.7515012608761,35.440458037742729],[137.75143876053687,35.440458037824087],[137.75143875991526,35.440208038000307],[137.75150126025278,35.440208037919398],[137.75150126004502,35.440124704644987],[137.75156376038194,35.440124704564248],[137.75156376194442,35.440749704121515],[137.75150126160335,35.440749704203313],[137.751501261915,35.440874704114975],[137.75156376225698,35.440874704033],[137.75156376288197,35.441124703855891],[137.75150126253834,35.441124703938314],[137.75150126264217,35.441166370575559],[137.75143876229833,35.441166370658074],[137.75143876219468,35.441124704020737],[137.75137626185111,35.44112470410316],[137.75137626174779,35.441083037465816],[137.75131376140442,35.441083037548239],[137.75131376130139,35.441041370910725],[137.75125126095836,35.441041370993055],[137.75125126085558,35.440999704355534],[137.75118876051275,35.440999704437786],[137.75118876041023,35.440958037800172],[137.75112626006774,35.440958037882332],[137.75112625986338,35.440874704607118],[137.75118876020525,35.440874704525051],[137.75118875979527,35.440708037974801],[137.75106375911355,35.440708038138226],[137.75106375931747,35.440791371413709],[137.75112625965892,35.440791371331812],[137.75112625986338,35.440874704607118]]]},"properties":{"FID":7,"A31_201":"8505050237","A31_202":"阿智川","A31_203":20,"A31_204":"長野県","A31_205":1,"A31_206":" ","A31_207":" ","A31_208":" "}},{"type":"Feature","id":8,"geometry":{"type":"Polygon","coordinates":[[[137.74800124358944,35.441291375138888],[137.74787624289627,35.441291375305596],[137.74787624270647,35.44120804202781],[137.74793874305297,35.441208041944407],[137.74793874295801,35.441166375305556],[137.74800124330443,35.441166375222245],[137.74800124358944,35.441291375138888]]]},"properties":{"FID":8,"A31_201":"8505050237","A31_202":"阿智川","A31_203":20,"A31_204":"長野県","A31_205":1,"A31_206":" ","A31_207":" ","A31_208":" "}},{"type":"Feature","id":9,"geometry":{"type":"Polygon","coordinates":[[[137.7462512340708,35.441374710750011],[137.74618873372404,35.441374710833315],[137.74618873363104,35.441333044194465],[137.74612623328446,35.441333044277783],[137.74612623319155,35.441291377638841],[137.74606373284487,35.441291377722237],[137.74606373265925,35.441208044444451],[137.74600123231275,35.441208044527762],[137.74600123221995,35.441166377888912],[137.74637623429831,35.441166377388868],[137.74637623448473,35.441249710666654],[137.74631373413814,35.441249710749972],[137.74631373404506,35.441208044111121],[137.74625123369856,35.441208044194425],[137.74625123379167,35.441249710833276],[137.74618873344508,35.441249710916679],[137.74618873353813,35.44129137755553],[137.74625123388472,35.441291377472218],[137.7462512340708,35.441374710750011]]]},"properties":{"FID":9,"A31_201":"8505050237","A31_202":"阿智川","A31_203":20,"A31_204":"長野県","A31_205":1,"A31_206":" ","A31_207":" ","A31_208":" "}},{"type":"Feature","id":10,"geometry":{"type":"Polygon","coordinates":[[[137.75150126326557,35.441416370398898],[137.75137626257444,35.441416370564717],[137.75137626247113,35.44137470392738],[137.75150126316166,35.441374703761639],[137.75150126326557,35.441416370398898]]]},"properties":{"FID":10,"A31_201":"8505050237","A31_202":"阿智川","A31_203":20,"A31_204":"長野県","A31_205":1,"A31_206":" ","A31_207":" ","A31_208":" "}},{"type":"Feature","id":11,"geometry":{"type":"Polygon","coordinates":[[[137.74725124008941,35.4415830426111],[137.74718873974231,35.441583042694418],[137.74718873964824,35.441541376055568],[137.74725123999528,35.44154137597225],[137.74725124008941,35.4415830426111]]]},"properties":{"FID":11,"A31_201":"8505050237","A31_202":"阿智川","A31_203":20,"A31_204":"長野県","A31_205":1,"A31_206":" ","A31_207":" ","A31_208":" "}},{"type":"Feature","id":12,"geometry":{"type":"Polygon","coordinates":[[[137.74618873428199,35.441624710666687],[137.74612623393489,35.441624710749998],[137.74612623374898,35.441541377472205],[137.74618873409602,35.441541377388901],[137.74618873428199,35.441624710666687]]]},"properties":{"FID":12,"A31_201":"8505050237","A31_202":"阿智川","A31_203":20,"A31_204":"長野県","A31_205":1,"A31_206":" ","A31_207":" ","A31_208":" "}},{"type":"Feature","id":13,"geometry":{"type":"Polygon","coordinates":[[[137.74737624101388,35.441708042374977],[137.74731374066667,35.441708042458288],[137.747313740625,35.441666375805582],[137.74737624097222,35.441666375722178],[137.74737624101388,35.441708042374977]]]},"properties":{"FID":13,"A31_201":"8505050237","A31_202":"阿智川","A31_203":20,"A31_204":"長野県","A31_205":1,"A31_206":" ","A31_207":" ","A31_208":" "}},{"type":"Feature","id":14,"geometry":{"type":"Polygon","coordinates":[[[137.74431372400002,35.441708046458288],[137.74425122365273,35.441708046541692],[137.74425122361106,35.441666379888893],[137.74431372395838,35.441666379805582],[137.74431372400002,35.441708046458288]]]},"properties":{"FID":14,"A31_201":"8505050237","A31_202":"阿智川","A31_203":20,"A31_204":"長野県","A31_205":1,"A31_206":" ","A31_207":" ","A31_208":" "}},{"type":"Feature","id":15,"geometry":{"type":"Polygon","coordinates":[[[137.74431372400002,35.441708046458288],[137.74437622434723,35.441708046374977],[137.7443762243889,35.441749713027775],[137.74431372404169,35.441749713111079],[137.74431372400002,35.441708046458288]]]},"properties":{"FID":15,"A31_201":"8505050237","A31_202":"阿智川","A31_203":20,"A31_204":"長野県","A31_205":1,"A31_206":" ","A31_207":" ","A31_208":" "}},{"type":"Feature","id":16,"geometry":{"type":"Polygon","coordinates":[[[137.75006375606972,35.441833038750005],[137.75000125572222,35.441833038833316],[137.74993875537501,35.441833038916627],[137.74993875529162,35.44174970561113],[137.75000125563884,35.441749705527812],[137.75000125568059,35.441791372180518],[137.75006375602797,35.441791372097214],[137.75006375606972,35.441833038750005]]]},"properties":{"FID":16,"A31_201":"8505050237","A31_202":"阿智川","A31_203":20,"A31_204":"長野県","A31_205":1,"A31_206":" ","A31_207":" ","A31_208":" "}},{"type":"Feature","id":17,"geometry":{"type":"Polygon","coordinates":[[[137.74437622455551,35.441916379638862],[137.7443137242083,35.441916379722173],[137.74431372412499,35.441833046416676],[137.74437622447221,35.441833046333358],[137.74437622455551,35.441916379638862]]]},"properties":{"FID":17,"A31_201":"8505050237","A31_202":"阿智川","A31_203":20,"A31_204":"長野県","A31_205":1,"A31_206":" ","A31_207":" ","A31_208":" "}},{"type":"Feature","id":18,"geometry":{"type":"Polygon","coordinates":[[[137.74975125445829,35.441958039125034],[137.74968875411108,35.441958039208345],[137.74968875406941,35.441916372555553],[137.74975125441662,35.441916372472235],[137.74975125445829,35.441958039125034]]]},"properties":{"FID":18,"A31_201":"8505050237","A31_202":"阿智川","A31_203":20,"A31_204":"長野県","A31_205":1,"A31_206":" ","A31_207":" ","A31_208":" "}},{"type":"Feature","id":19,"geometry":{"type":"Polygon","coordinates":[[[137.74531372988889,35.442041378347227],[137.74525122954168,35.442041378430531],[137.74525122950001,35.44199971177774],[137.74531372984723,35.441999711694429],[137.74531372988889,35.442041378347227]]]},"properties":{"FID":19,"A31_201":"8505050237","A31_202":"阿智川","A31_203":20,"A31_204":"長野県","A31_205":1,"A31_206":" ","A31_207":" ","A31_208":" "}},{"type":"Feature","id":20,"geometry":{"type":"Polygon","coordinates":[[[137.74518872927777,35.442124711819432],[137.74512622893056,35.44212471190275],[137.74512622888892,35.442083045250044],[137.74518872923611,35.44208304516664],[137.74518872927777,35.442124711819432]]]},"properties":{"FID":20,"A31_201":"8505050237","A31_202":"阿智川","A31_203":20,"A31_204":"長野県","A31_205":1,"A31_206":" ","A31_207":" ","A31_208":" "}},{"type":"Feature","id":21,"geometry":{"type":"Polygon","coordinates":[[[137.75112626232053,35.44216637055554],[137.75106376197252,35.442166370638851],[137.7510637619296,35.442124703986053],[137.75112626227761,35.442124703902749],[137.75112626232053,35.44216637055554]]]},"properties":{"FID":21,"A31_201":"8505050237","A31_202":"阿智川","A31_203":20,"A31_204":"長野県","A31_205":1,"A31_206":" ","A31_207":" ","A31_208":" "}},{"type":"Feature","id":22,"geometry":{"type":"Polygon","coordinates":[[[137.7447512269722,35.44224971236109],[137.74468872662499,35.442249712444394],[137.74468872658332,35.442208045791688],[137.74462622623611,35.442208045875006],[137.74462622619447,35.442166379222208],[137.74437622480554,35.442166379555545],[137.74437622476387,35.442124712902746],[137.74443872511108,35.442124712819435],[137.74443872506944,35.442083046166644],[137.74468872645835,35.442083045833307],[137.74468872650002,35.442124712486105],[137.74475122684723,35.442124712402787],[137.7447512269722,35.44224971236109]]]},"properties":{"FID":22,"A31_201":"8505050237","A31_202":"阿智川","A31_203":20,"A31_204":"長野県","A31_205":1,"A31_206":" ","A31_207":" ","A31_208":" "}},{"type":"Feature","id":23,"geometry":{"type":"Polygon","coordinates":[[[137.7448137274028,35.442333045583368],[137.74481372736113,35.44229137893057],[137.74487622770835,35.442291378847258],[137.74487622775001,35.442333045499964],[137.7448137274028,35.442333045583368]]]},"properties":{"FID":23,"A31_201":"8505050237","A31_202":"阿智川","A31_203":20,"A31_204":"長野県","A31_205":1,"A31_206":" ","A31_207":" ","A31_208":" "}},{"type":"Feature","id":24,"geometry":{"type":"Polygon","coordinates":[[[137.7448137274028,35.442333045583368],[137.74481372744447,35.442374712236159],[137.74475122709725,35.44237471231947],[137.74475122705559,35.442333045666672],[137.7448137274028,35.442333045583368]]]},"properties":{"FID":24,"A31_201":"8505050237","A31_202":"阿智川","A31_203":20,"A31_204":"長野県","A31_205":1,"A31_206":" ","A31_207":" ","A31_208":" "}},{"type":"Feature","id":25,"geometry":{"type":"Polygon","coordinates":[[[137.74031370265271,35.442583051499952],[137.74025120230561,35.442583051583355],[137.74025120226386,35.442541384930564],[137.74031370261108,35.442541384847246],[137.74031370265271,35.442583051499952]]]},"properties":{"FID":25,"A31_201":"8505050237","A31_202":"阿智川","A31_203":20,"A31_204":"長野県","A31_205":1,"A31_206":" ","A31_207":" ","A31_208":" "}},{"type":"Feature","id":26,"geometry":{"type":"Polygon","coordinates":[[[137.74156370963883,35.44262471648608],[137.74156370959716,35.442583049833289],[137.74162620994446,35.442583049749977],[137.74162620998612,35.442624716402776],[137.74156370963883,35.44262471648608]]]},"properties":{"FID":26,"A31_201":"8505050237","A31_202":"阿智川","A31_203":20,"A31_204":"長野県","A31_205":1,"A31_206":" ","A31_207":" ","A31_208":" "}},{"type":"Feature","id":27,"geometry":{"type":"Polygon","coordinates":[[[137.74156370963883,35.44262471648608],[137.74156370968058,35.442666383138878],[137.74150120933336,35.442666383222189],[137.7415012092917,35.442624716569483],[137.74156370963883,35.44262471648608]]]},"properties":{"FID":27,"A31_201":"8505050237","A31_202":"阿智川","A31_203":20,"A31_204":"長野県","A31_205":1,"A31_206":" ","A31_207":" ","A31_208":" "}},{"type":"Feature","id":28,"geometry":{"type":"Polygon","coordinates":[[[137.74018870204162,35.442666384972256],[137.74012620169441,35.442666385055567],[137.74012620165274,35.442624718402769],[137.74018870199995,35.442624718319465],[137.74018870204162,35.442666384972256]]]},"properties":{"FID":28,"A31_201":"8505050237","A31_202":"阿智川","A31_203":20,"A31_204":"長野県","A31_205":1,"A31_206":" ","A31_207":" ","A31_208":" "}},{"type":"Feature","id":29,"geometry":{"type":"Polygon","coordinates":[[[137.74687623923612,35.442708042708361],[137.7468137388889,35.442708042791672],[137.74681373884715,35.442666376138874],[137.74687623919448,35.44266637605557],[137.74687623923612,35.442708042708361]]]},"properties":{"FID":29,"A31_201":"8505050237","A31_202":"阿智川","A31_203":20,"A31_204":"長野県","A31_205":1,"A31_206":" ","A31_207":" ","A31_208":" "}},{"type":"Feature","id":30,"geometry":{"type":"Polygon","coordinates":[[[137.7418762115833,35.442833049333323],[137.74175121088891,35.442833049500038],[137.7417512108056,35.442749716194442],[137.74181371115279,35.442749716111138],[137.74181371119445,35.442791382763929],[137.74187621154167,35.442791382680525],[137.7418762115833,35.442833049333323]]]},"properties":{"FID":30,"A31_201":"8505050237","A31_202":"阿智川","A31_203":20,"A31_204":"長野県","A31_205":1,"A31_206":" ","A31_207":" ","A31_208":" "}},{"type":"Feature","id":31,"geometry":{"type":"Polygon","coordinates":[[[137.7416262101944,35.44283304966666],[137.74162621015273,35.442791383013862],[137.74168871050003,35.442791382930551],[137.74168871054169,35.442833049583342],[137.7416262101944,35.44283304966666]]]},"properties":{"FID":31,"A31_201":"8505050237","A31_202":"阿智川","A31_203":20,"A31_204":"長野県","A31_205":1,"A31_206":" ","A31_207":" ","A31_208":" "}},{"type":"Feature","id":32,"geometry":{"type":"Polygon","coordinates":[[[137.74687623944439,35.442916375972246],[137.74681373909726,35.442916376055557],[137.74681373905554,35.442874709402759],[137.74687623940275,35.442874709319454],[137.74687623944439,35.442916375972246]]]},"properties":{"FID":32,"A31_201":"8505050237","A31_202":"阿智川","A31_203":20,"A31_204":"長野県","A31_205":1,"A31_206":" ","A31_207":" ","A31_208":" "}},{"type":"Feature","id":33,"geometry":{"type":"Polygon","coordinates":[[[137.7416262101944,35.44283304966666],[137.74162621027779,35.442916382972243],[137.741688710625,35.442916382888846],[137.7416887107083,35.442999716194436],[137.74162621036112,35.442999716277747],[137.74162621031945,35.442958049624949],[137.74156370997224,35.442958049708352],[137.74156370993057,35.442916383055561],[137.74150120958336,35.442916383138865],[137.74150120954164,35.442874716486074],[137.74156370988885,35.442874716402763],[137.74156370984718,35.442833049749964],[137.7416262101944,35.44283304966666]]]},"properties":{"FID":33,"A31_201":"8505050237","A31_202":"阿智川","A31_203":20,"A31_204":"長野県","A31_205":1,"A31_206":" ","A31_207":" ","A31_208":" "}},{"type":"Feature","id":34,"geometry":{"type":"Polygon","coordinates":[[[137.73931369755559,35.443041386013853],[137.73925119720829,35.443041386097249],[137.73925119716665,35.442999719444458],[137.73931369751392,35.442999719361055],[137.73931369755559,35.443041386013853]]]},"properties":{"FID":34,"A31_201":"8505050237","A31_202":"阿智川","A31_203":20,"A31_204":"長野県","A31_205":1,"A31_206":" ","A31_207":" ","A31_208":" "}},{"type":"Feature","id":35,"geometry":{"type":"Polygon","coordinates":[[[137.74700124030554,35.443083042416625],[137.74693873995832,35.443083042500021],[137.74693873991666,35.44304137584723],[137.74700124026387,35.443041375763919],[137.74700124030554,35.443083042416625]]]},"properties":{"FID":35,"A31_201":"8505050237","A31_202":"阿智川","A31_203":20,"A31_204":"長野県","A31_205":1,"A31_206":" ","A31_207":" ","A31_208":" "}},{"type":"Feature","id":36,"geometry":{"type":"Polygon","coordinates":[[[137.73893869551389,35.443083053166603],[137.73893869547217,35.443041386513897],[137.73900119581947,35.443041386430586],[137.73900119586111,35.443083053083292],[137.73893869551389,35.443083053166603]]]},"properties":{"FID":36,"A31_201":"8505050237","A31_202":"阿智川","A31_203":20,"A31_204":"長野県","A31_205":1,"A31_206":" ","A31_207":" ","A31_208":" "}},{"type":"Feature","id":37,"geometry":{"type":"Polygon","coordinates":[[[137.74200121256942,35.44312471573609],[137.74193871222221,35.443124715819394],[137.74193871205557,35.442958049208308],[137.74200121240278,35.442958049124996],[137.74200121256942,35.44312471573609]]]},"properties":{"FID":37,"A31_201":"8505050237","A31_202":"阿智川","A31_203":20,"A31_204":"長野県","A31_205":1,"A31_206":" ","A31_207":" ","A31_208":" "}},{"type":"Feature","id":38,"geometry":{"type":"Polygon","coordinates":[[[137.74137620909724,35.443124716569464],[137.74125120840282,35.443124716736087],[137.74125120831943,35.443041383430582],[137.74131370866664,35.443041383347186],[137.74131370862497,35.442999716694388],[137.74137620897218,35.442999716611084],[137.74137620909724,35.443124716569464]]]},"properties":{"FID":38,"A31_201":"8505050237","A31_202":"阿智川","A31_203":20,"A31_204":"長野県","A31_205":1,"A31_206":" ","A31_207":" ","A31_208":" "}},{"type":"Feature","id":39,"geometry":{"type":"Polygon","coordinates":[[[137.73893869551389,35.443083053166603],[137.73893869555556,35.443124719819394],[137.73887619520835,35.443124719902798],[137.73887619516671,35.443083053250007],[137.73893869551389,35.443083053166603]]]},"properties":{"FID":39,"A31_201":"8505050237","A31_202":"阿智川","A31_203":20,"A31_204":"長野県","A31_205":1,"A31_206":" ","A31_207":" ","A31_208":" "}},{"type":"Feature","id":40,"geometry":{"type":"Polygon","coordinates":[[[137.74181371156945,35.443166382638907],[137.74181371152778,35.443124715986109],[137.741876211875,35.443124715902798],[137.74187621191666,35.443166382555503],[137.74181371156945,35.443166382638907]]]},"properties":{"FID":40,"A31_201":"8505050237","A31_202":"阿智川","A31_203":20,"A31_204":"長野県","A31_205":1,"A31_206":" ","A31_207":" ","A31_208":" "}},{"type":"Feature","id":41,"geometry":{"type":"Polygon","coordinates":[[[137.73887619520835,35.443124719902798],[137.73887619525001,35.443166386555504],[137.7388136949028,35.443166386638907],[137.73881369486114,35.443124719986109],[137.73887619520835,35.443124719902798]]]},"properties":{"FID":41,"A31_201":"8505050237","A31_202":"阿智川","A31_203":20,"A31_204":"長野県","A31_205":1,"A31_206":" ","A31_207":" ","A31_208":" "}},{"type":"Feature","id":42,"geometry":{"type":"Polygon","coordinates":[[[137.74262621608332,35.443166381555592],[137.74262621600002,35.443083048250003],[137.74275121669444,35.443083048083295],[137.74275121677775,35.443166381388878],[137.74281371712505,35.443166381305574],[137.74281371716671,35.443208047958365],[137.7426887164722,35.443208048124987],[137.74268871643054,35.443166381472196],[137.74262621608332,35.443166381555592]]]},"properties":{"FID":42,"A31_201":"8505050237","A31_202":"阿智川","A31_203":20,"A31_204":"長野県","A31_205":1,"A31_206":" ","A31_207":" ","A31_208":" "}},{"type":"Feature","id":43,"geometry":{"type":"Polygon","coordinates":[[[137.74262621608332,35.443166381555592],[137.74262621612499,35.443208048208298],[137.74256371577778,35.443208048291694],[137.74256371573614,35.443166381638903],[137.74262621608332,35.443166381555592]]]},"properties":{"FID":43,"A31_201":"8505050237","A31_202":"阿智川","A31_203":20,"A31_204":"長野県","A31_205":1,"A31_206":" ","A31_207":" ","A31_208":" "}},{"type":"Feature","id":44,"geometry":{"type":"Polygon","coordinates":[[[137.74225121404166,35.443208048708343],[137.74212621334723,35.443208048874965],[137.74212621330557,35.443166382222259],[137.74225121399999,35.443166382055551],[137.74225121404166,35.443208048708343]]]},"properties":{"FID":44,"A31_201":"8505050237","A31_202":"阿智川","A31_203":20,"A31_204":"長野県","A31_205":1,"A31_206":" ","A31_207":" ","A31_208":" "}},{"type":"Feature","id":45,"geometry":{"type":"Polygon","coordinates":[[[137.74181371156945,35.443166382638907],[137.74181371161109,35.443208049291698],[137.74175121126387,35.443208049375009],[137.74175121122224,35.443166382722211],[137.74181371156945,35.443166382638907]]]},"properties":{"FID":45,"A31_201":"8505050237","A31_202":"阿智川","A31_203":20,"A31_204":"長野県","A31_205":1,"A31_206":" ","A31_207":" ","A31_208":" "}},{"type":"Feature","id":46,"geometry":{"type":"Polygon","coordinates":[[[137.74331372006944,35.443333047249993],[137.74318871937501,35.443333047416701],[137.74318871929162,35.443249714111118],[137.74325121963881,35.4432497140278],[137.74325121959717,35.443208047375009],[137.74331371994447,35.443208047291698],[137.74331372006944,35.443333047249993]]]},"properties":{"FID":46,"A31_201":"8505050237","A31_202":"阿智川","A31_203":20,"A31_204":"長野県","A31_205":1,"A31_206":" ","A31_207":" ","A31_208":" "}},{"type":"Feature","id":47,"geometry":{"type":"Polygon","coordinates":[[[137.74106370756937,35.44333305024999],[137.74100120722227,35.443333050333308],[137.7410012071806,35.44329138368051],[137.7409387068333,35.443291383763906],[137.74093870679167,35.443249717111115],[137.74106370748606,35.443249716944493],[137.74106370744443,35.443208050291702],[137.74112620779164,35.443208050208298],[137.74112620783336,35.443249716861089],[137.74118870818057,35.443249716777785],[137.74118870826388,35.443333050083368],[137.74112620791669,35.443333050166686],[137.74112620787503,35.443291383513888],[137.74106370752773,35.443291383597199],[137.74106370756937,35.44333305024999]]]},"properties":{"FID":47,"A31_201":"8505050237","A31_202":"阿智川","A31_203":20,"A31_204":"長野県","A31_205":1,"A31_206":" ","A31_207":" ","A31_208":" "}},{"type":"Feature","id":48,"geometry":{"type":"Polygon","coordinates":[[[137.74081370626385,35.443416383888916],[137.74081370622221,35.443374717236125],[137.7408762065694,35.443374717152807],[137.74087620661106,35.443416383805513],[137.74081370626385,35.443416383888916]]]},"properties":{"FID":48,"A31_201":"8505050237","A31_202":"阿智川","A31_203":20,"A31_204":"長野県","A31_205":1,"A31_206":" ","A31_207":" ","A31_208":" "}},{"type":"Feature","id":49,"geometry":{"type":"Polygon","coordinates":[[[137.74081370626385,35.443416383888916],[137.74081370630552,35.443458050541622],[137.7407512059583,35.443458050625026],[137.74075120591664,35.443416383972227],[137.74081370626385,35.443416383888916]]]},"properties":{"FID":49,"A31_201":"8505050237","A31_202":"阿智川","A31_203":20,"A31_204":"長野県","A31_205":1,"A31_206":" ","A31_207":" ","A31_208":" "}},{"type":"Feature","id":50,"geometry":{"type":"Polygon","coordinates":[[[137.74662623863892,35.443499709444438],[137.74656373829171,35.44349970952775],[137.74656373825005,35.443458042874951],[137.74662623859726,35.443458042791647],[137.74662623863892,35.443499709444438]]]},"properties":{"FID":50,"A31_201":"8505050237","A31_202":"阿智川","A31_203":20,"A31_204":"長野県","A31_205":1,"A31_206":" ","A31_207":" ","A31_208":" "}},{"type":"Feature","id":51,"geometry":{"type":"Polygon","coordinates":[[[137.73843869319444,35.443541387013923],[137.73837619284723,35.443541387097234],[137.7383761928055,35.443499720444436],[137.7384386931528,35.443499720361132],[137.73843869319444,35.443541387013923]]]},"properties":{"FID":51,"A31_201":"8505050237","A31_202":"阿智川","A31_203":20,"A31_204":"長野県","A31_205":1,"A31_206":" ","A31_207":" ","A31_208":" "}},{"type":"Feature","id":52,"geometry":{"type":"Polygon","coordinates":[[[137.74656373837502,35.443583042833339],[137.7465012380278,35.44358304291665],[137.74650123798608,35.443541376263852],[137.74656373833335,35.443541376180548],[137.74656373837502,35.443583042833339]]]},"properties":{"FID":52,"A31_201":"8505050237","A31_202":"阿智川","A31_203":20,"A31_204":"長野県","A31_205":1,"A31_206":" ","A31_207":" ","A31_208":" "}},{"type":"Feature","id":53,"geometry":{"type":"Polygon","coordinates":[[[137.74031370381942,35.443749717777763],[137.74031370377779,35.443708051124972],[137.74037620412497,35.443708051041654],[137.74037620416664,35.443749717694452],[137.74031370381942,35.443749717777763]]]},"properties":{"FID":53,"A31_201":"8505050237","A31_202":"阿智川","A31_203":20,"A31_204":"長野県","A31_205":1,"A31_206":" ","A31_207":" ","A31_208":" "}},{"type":"Feature","id":54,"geometry":{"type":"Polygon","coordinates":[[[137.74031370381942,35.443749717777763],[137.74031370386109,35.443791384430554],[137.74025120351388,35.443791384513872],[137.74025120347221,35.443749717861074],[137.74031370381942,35.443749717777763]]]},"properties":{"FID":54,"A31_201":"8505050237","A31_202":"阿智川","A31_203":20,"A31_204":"長野県","A31_205":1,"A31_206":" ","A31_207":" ","A31_208":" "}},{"type":"Feature","id":55,"geometry":{"type":"Polygon","coordinates":[[[137.74431372637503,35.444083045666702],[137.74425122602781,35.444083045750006],[137.74425122598615,35.444041379097214],[137.74431372633336,35.444041379013903],[137.74431372637503,35.444083045666702]]]},"properties":{"FID":55,"A31_201":"8505050237","A31_202":"阿智川","A31_203":20,"A31_204":"長野県","A31_205":1,"A31_206":" ","A31_207":" ","A31_208":" "}},{"type":"Feature","id":56,"geometry":{"type":"Polygon","coordinates":[[[137.74443872711109,35.444124712152785],[137.74437622676388,35.444124712236089],[137.74437622672224,35.444083045583298],[137.74443872706942,35.444083045499987],[137.74443872711109,35.444124712152785]]]},"properties":{"FID":56,"A31_201":"8505050237","A31_202":"阿智川","A31_203":20,"A31_204":"長野県","A31_205":1,"A31_206":" ","A31_207":" ","A31_208":" "}},{"type":"Feature","id":57,"geometry":{"type":"Polygon","coordinates":[[[137.74400122463888,35.444083046083342],[137.74393872429167,35.444083046166654],[137.74393872433333,35.444124712819445],[137.74387622398612,35.444124712902763],[137.74387622390282,35.444041379597259],[137.74381372355552,35.44404137968057],[137.74381372359727,35.444083046333361],[137.74375122324994,35.444083046416679],[137.74375122320831,35.444041379763881],[137.74368872286109,35.444041379847192],[137.74368872277779,35.443958046541695],[137.74362622243058,35.443958046624999],[137.74362622226386,35.443791380013913],[137.74356372191664,35.443791380097224],[137.74356372170828,35.443583046833339],[137.74350122136116,35.44358304691665],[137.7435012212361,35.443458046958355],[137.74356372158331,35.443458046874952],[137.74356372154168,35.443416380222246],[137.74362622188886,35.443416380138849],[137.74362622222222,35.443749713361115],[137.7436887225694,35.443749713277811],[137.74368872261107,35.443791379930516],[137.74375122295837,35.443791379847198],[137.74375122308334,35.443916379805586],[137.74381372343055,35.443916379722182],[137.74381372347221,35.443958046374981],[137.74387622381948,35.443958046291669],[137.74387622386115,35.443999712944461],[137.74393872420836,35.443999712861064],[137.74393872425003,35.444041379513862],[137.74400122459724,35.444041379430544],[137.74400122463888,35.444083046083342]]]},"properties":{"FID":57,"A31_201":"8505050237","A31_202":"阿智川","A31_203":20,"A31_204":"長野県","A31_205":1,"A31_206":" ","A31_207":" ","A31_208":" "}},{"type":"Feature","id":58,"geometry":{"type":"Polygon","coordinates":[[[137.74456372784726,35.444166378638869],[137.74450122749994,35.444166378722173],[137.7445012274583,35.444124712069467],[137.7445637278056,35.444124711986071],[137.74456372784726,35.444166378638869]]]},"properties":{"FID":58,"A31_201":"8505050237","A31_202":"阿智川","A31_203":20,"A31_204":"長野県","A31_205":1,"A31_206":" ","A31_207":" ","A31_208":" "}},{"type":"Feature","id":59,"geometry":{"type":"Polygon","coordinates":[[[137.74462622827778,35.444249711861055],[137.74456372793057,35.444249711944451],[137.7445637278889,35.44420804529166],[137.74462622823611,35.444208045208349],[137.74462622827778,35.444249711861055]]]},"properties":{"FID":59,"A31_201":"8505050237","A31_202":"阿智川","A31_203":20,"A31_204":"長野県","A31_205":1,"A31_206":" ","A31_207":" ","A31_208":" "}},{"type":"Feature","id":60,"geometry":{"type":"Polygon","coordinates":[[[137.73756368924995,35.44445805454167],[137.73750118890283,35.444458054624988],[137.73750118886116,35.44441638797219],[137.73756368920829,35.444416387888879],[137.73756368924995,35.44445805454167]]]},"properties":{"FID":60,"A31_201":"8505050237","A31_202":"阿智川","A31_203":20,"A31_204":"長野県","A31_205":1,"A31_206":" ","A31_207":" ","A31_208":" "}},{"type":"Feature","id":61,"geometry":{"type":"Polygon","coordinates":[[[137.73656368393503,35.444624722486097],[137.73656368389231,35.444583055833306],[137.73662618423472,35.444583055749987],[137.73662618427736,35.444624722402786],[137.73656368393503,35.444624722486097]]]},"properties":{"FID":61,"A31_201":"8505050237","A31_202":"阿智川","A31_203":20,"A31_204":"長野県","A31_205":1,"A31_206":" ","A31_207":" ","A31_208":" "}},{"type":"Feature","id":62,"geometry":{"type":"Polygon","coordinates":[[[137.73656368393503,35.444624722486097],[137.73656368397775,35.444666389138888],[137.7365011836356,35.444666389222206],[137.73650118359279,35.444624722569408],[137.73656368393503,35.444624722486097]]]},"properties":{"FID":62,"A31_201":"8505050237","A31_202":"阿智川","A31_203":20,"A31_204":"長野県","A31_205":1,"A31_206":" ","A31_207":" ","A31_208":" "}},{"type":"Feature","id":63,"geometry":{"type":"Polygon","coordinates":[[[137.73318866693805,35.445958059875039],[137.73312616659794,35.44595805995835],[137.73312616655141,35.445916393305552],[137.73318866689152,35.445916393222248],[137.73318866693805,35.445958059875039]]]},"properties":{"FID":63,"A31_201":"8505050237","A31_202":"阿智川","A31_203":20,"A31_204":"長野県","A31_205":1,"A31_206":" ","A31_207":" ","A31_208":" "}},{"type":"Feature","id":64,"geometry":{"type":"Polygon","coordinates":[[[137.73287616542484,35.446124726902774],[137.73268866440552,35.446124727152792],[137.73268866435845,35.446083060500001],[137.73281366503821,35.446083060333294],[137.73281366499131,35.446041393680588],[137.73287616533122,35.446041393597184],[137.73287616542484,35.446124726902774]]]},"properties":{"FID":64,"A31_201":"8505050237","A31_202":"阿智川","A31_203":20,"A31_204":"長野県","A31_205":1,"A31_206":" ","A31_207":" ","A31_208":" "}},{"type":"Feature","id":65,"geometry":{"type":"Polygon","coordinates":[[[137.73462617502875,35.446208057875026],[137.7346261749839,35.446166391222235],[137.73468867532364,35.446166391138924],[137.7346886753684,35.44620805779163],[137.73462617502875,35.446208057875026]]]},"properties":{"FID":65,"A31_201":"8505050237","A31_202":"阿智川","A31_203":20,"A31_204":"長野県","A31_205":1,"A31_206":" ","A31_207":" ","A31_208":" "}},{"type":"Feature","id":66,"geometry":{"type":"Polygon","coordinates":[[[137.73462617502875,35.446208057875026],[137.7346261750736,35.446249724527824],[137.73456367473403,35.446249724611135],[137.73456367468907,35.446208057958344],[137.73462617502875,35.446208057875026]]]},"properties":{"FID":66,"A31_201":"8505050237","A31_202":"阿智川","A31_203":20,"A31_204":"長野県","A31_205":1,"A31_206":" ","A31_207":" ","A31_208":" "}},{"type":"Feature","id":67,"geometry":{"type":"Polygon","coordinates":[[[137.73493867681603,35.446291390763889],[137.7347511757975,35.446291391013908],[137.73475117575282,35.44624972436111],[137.73493867677155,35.446249724111091],[137.73493867681603,35.446291390763889]]]},"properties":{"FID":67,"A31_201":"8505050237","A31_202":"阿智川","A31_203":20,"A31_204":"長野県","A31_205":1,"A31_206":" ","A31_207":" ","A31_208":" "}},{"type":"Feature","id":68,"geometry":{"type":"Polygon","coordinates":[[[137.73412617258404,35.446458058458376],[137.73406367224476,35.446458058541687],[137.73406367219928,35.446416391888889],[137.73400117186006,35.446416391972207],[137.73400117176894,35.446333058666703],[137.73393867142946,35.446333058750014],[137.73393867138378,35.446291392097223],[137.7338761710443,35.446291392180527],[137.73387617099866,35.446249725527821],[137.733813670659,35.446249725611139],[137.73381367061327,35.446208058958341],[137.73387617095293,35.44620805887503],[137.73387617090728,35.446166392222239],[137.73406367192644,35.446166391972213],[137.73406367197191,35.446208058625004],[137.73400117163223,35.446208058708322],[137.73400117172338,35.446291392013904],[137.73425117308139,35.446291391680575],[137.73425117303609,35.446249725027783],[137.73431367337565,35.446249724944465],[137.73431367333046,35.446208058291674],[137.73437617367011,35.446208058208363],[137.7343761737153,35.446249724861161],[137.7344386740549,35.446249724777758],[137.73443867409992,35.446291391430549],[137.73437617376044,35.446291391513867],[137.73437617380554,35.446333058166658],[137.73431367346615,35.446333058249969],[137.73431367351128,35.446374724902768],[137.73425117317197,35.446374724986072],[137.73425117321727,35.44641639163887],[137.73412617253865,35.446416391805585],[137.73412617258404,35.446458058458376]]]},"properties":{"FID":68,"A31_201":"8505050237","A31_202":"阿智川","A31_203":20,"A31_204":"長野県","A31_205":1,"A31_206":" ","A31_207":" ","A31_208":" "}},{"type":"Feature","id":69,"geometry":{"type":"Polygon","coordinates":[[[137.73712618882524,35.446416387805584],[137.73706368848596,35.446416387888888],[137.73706368852814,35.446458054541687],[137.73700118818891,35.446458054624998],[137.73700118827338,35.446541387930587],[137.73693868793427,35.446541388013898],[137.73693868780742,35.446416388055511],[137.73700118814665,35.446416387972207],[137.73700118810447,35.446374721319408],[137.73712618878324,35.446374721152786],[137.73712618882524,35.446416387805584]]]},"properties":{"FID":69,"A31_201":"8505050237","A31_202":"阿智川","A31_203":20,"A31_204":"長野県","A31_205":1,"A31_206":" ","A31_207":" ","A31_208":" "}},{"type":"Feature","id":70,"geometry":{"type":"Polygon","coordinates":[[[137.73668868679067,35.446749721611113],[137.73662618645199,35.446749721694431],[137.73662618640935,35.446708055041633],[137.73668868674812,35.446708054958322],[137.73668868679067,35.446749721611113]]]},"properties":{"FID":70,"A31_201":"8505050237","A31_202":"阿智川","A31_203":20,"A31_204":"長野県","A31_205":1,"A31_206":" ","A31_207":" ","A31_208":" "}},{"type":"Feature","id":71,"geometry":{"type":"Polygon","coordinates":[[[137.73637618526865,35.446916388638854],[137.73631368493017,35.446916388722251],[137.73631368488716,35.446874722069452],[137.73637618522568,35.446874721986148],[137.73637618526865,35.446916388638854]]]},"properties":{"FID":71,"A31_201":"8505050237","A31_202":"阿智川","A31_203":20,"A31_204":"長野県","A31_205":1,"A31_206":" ","A31_207":" ","A31_208":" "}},{"type":"Feature","id":72,"geometry":{"type":"Polygon","coordinates":[[[137.732751165872,35.447124726736114],[137.73256366485757,35.447124726986132],[137.73256366481047,35.447083060333341],[137.73262616514864,35.44708306025003],[137.73262616500742,35.446958060291649],[137.73268866534582,35.446958060208331],[137.7326886653928,35.446999726861129],[137.73275116573114,35.446999726777818],[137.732751165872,35.447124726736114]]]},"properties":{"FID":72,"A31_201":"8505050237","A31_202":"阿智川","A31_203":20,"A31_204":"長野県","A31_205":1,"A31_206":" ","A31_207":" ","A31_208":" "}},{"type":"Feature","id":73,"geometry":{"type":"Polygon","coordinates":[[[137.73587618282167,35.447166389222197],[137.73581368248361,35.447166389305508],[137.7358136824401,35.447124722652802],[137.73587618277824,35.447124722569399],[137.73587618282167,35.447166389222197]]]},"properties":{"FID":73,"A31_201":"8505050237","A31_202":"阿智川","A31_203":20,"A31_204":"長野県","A31_205":1,"A31_206":" ","A31_207":" ","A31_208":" "}},{"type":"Feature","id":74,"geometry":{"type":"Polygon","coordinates":[[[137.73562618160071,35.447291389513914],[137.73556368126282,35.447291389597225],[137.73556368121902,35.447249722944434],[137.735626181557,35.447249722861116],[137.73562618160071,35.447291389513914]]]},"properties":{"FID":74,"A31_201":"8505050237","A31_202":"阿智川","A31_203":20,"A31_204":"長野県","A31_205":1,"A31_206":" ","A31_207":" ","A31_208":" "}},{"type":"Feature","id":75,"geometry":{"type":"Polygon","coordinates":[[[137.73168866046072,35.447416394722232],[137.73162616012308,35.447416394805543],[137.73162616017132,35.447458061458335],[137.73150115949619,35.447458061624957],[137.73150115944787,35.447416394972251],[137.73156365978539,35.447416394888855],[137.73156365973716,35.447374728236056],[137.73168866041257,35.447374728069434],[137.73168866046072,35.447416394722232]]]},"properties":{"FID":75,"A31_201":"8505050237","A31_202":"阿智川","A31_203":20,"A31_204":"長野県","A31_205":1,"A31_206":" ","A31_207":" ","A31_208":" "}},{"type":"Feature","id":76,"geometry":{"type":"Polygon","coordinates":[[[137.73137615886952,35.44749972844447],[137.73137615882104,35.447458061791671],[137.73143865915856,35.44745806170836],[137.73143865920696,35.447499728361151],[137.73137615886952,35.44749972844447]]]},"properties":{"FID":76,"A31_201":"8505050237","A31_202":"阿智川","A31_203":20,"A31_204":"長野県","A31_205":1,"A31_206":" ","A31_207":" ","A31_208":" "}},{"type":"Feature","id":77,"geometry":{"type":"Polygon","coordinates":[[[137.73137615886952,35.44749972844447],[137.73137615891793,35.447541395097261],[137.73131365858049,35.447541395180572],[137.731313658532,35.447499728527774],[137.73137615886952,35.44749972844447]]]},"properties":{"FID":77,"A31_201":"8505050237","A31_202":"阿智川","A31_203":20,"A31_204":"長野県","A31_205":1,"A31_206":" ","A31_207":" ","A31_208":" "}},{"type":"Feature","id":78,"geometry":{"type":"Polygon","coordinates":[[[137.73481367761056,35.4476663904722],[137.73475117727338,35.447666390555511],[137.73475117722862,35.447624723902805],[137.73481367756597,35.447624723819402],[137.73481367761056,35.4476663904722]]]},"properties":{"FID":78,"A31_201":"8505050237","A31_202":"阿智川","A31_203":20,"A31_204":"長野県","A31_205":1,"A31_206":" ","A31_207":" ","A31_208":" "}},{"type":"Feature","id":79,"geometry":{"type":"Polygon","coordinates":[[[137.73131365858049,35.447541395180572],[137.73131365867758,35.447624728486076],[137.73125115834031,35.447624728569473],[137.73125115848615,35.447749728527768],[137.73112615781199,35.447749728694475],[137.7311261576657,35.447624728736095],[137.73118865800305,35.447624728652784],[137.73118865795436,35.447583061999993],[137.73125115829174,35.447583061916674],[137.73125115824305,35.447541395263883],[137.73131365858049,35.447541395180572]]]},"properties":{"FID":79,"A31_201":"8505050237","A31_202":"阿智川","A31_203":20,"A31_204":"長野県","A31_205":1,"A31_206":" ","A31_207":" ","A31_208":" "}},{"type":"Feature","id":80,"geometry":{"type":"Polygon","coordinates":[[[137.73137615925722,35.447833061666643],[137.73125115858332,35.447833061833357],[137.73125115853475,35.447791395180559],[137.73137615920882,35.447791395013851],[137.73137615925722,35.447833061666643]]]},"properties":{"FID":80,"A31_201":"8505050237","A31_202":"阿智川","A31_203":20,"A31_204":"長野県","A31_205":1,"A31_206":" ","A31_207":" ","A31_208":" "}},{"type":"Feature","id":81,"geometry":{"type":"Polygon","coordinates":[[[137.73412617421911,35.44795805795836],[137.73393867320883,35.4479580582083],[137.73393867311762,35.447874724902796],[137.73406367379133,35.447874724736081],[137.7340636738368,35.44791639138888],[137.73412617417364,35.447916391305569],[137.73412617421911,35.44795805795836]]]},"properties":{"FID":81,"A31_201":"8505050237","A31_202":"阿智川","A31_203":20,"A31_204":"長野県","A31_205":1,"A31_206":" ","A31_207":" ","A31_208":" "}},{"type":"Feature","id":82,"geometry":{"type":"Polygon","coordinates":[[[137.73143865978784,35.447999728194425],[137.73137615945112,35.447999728277736],[137.7313761593542,35.447916394972239],[137.73143865969104,35.447916394888921],[137.73143865978784,35.447999728194425]]]},"properties":{"FID":82,"A31_201":"8505050237","A31_202":"阿智川","A31_203":20,"A31_204":"長野県","A31_205":1,"A31_206":" ","A31_207":" ","A31_208":" "}},{"type":"Feature","id":83,"geometry":{"type":"Polygon","coordinates":[[[137.73087615700294,35.448208062208288],[137.73081365666667,35.448208062291684],[137.73081365656844,35.448124728986102],[137.73075115623197,35.448124729069406],[137.73075115618278,35.4480830624167],[137.73081365651933,35.448083062333303],[137.73081365647027,35.448041395680598],[137.73087615680683,35.448041395597201],[137.7308761567578,35.447999728944403],[137.73093865709444,35.447999728861092],[137.7309386570455,35.447958062208301],[137.73100115738225,35.447958062124982],[137.73100115752888,35.44808306208337],[137.73112615820199,35.448083061916662],[137.7311261582995,35.448166395222245],[137.73106365796312,35.448166395305563],[137.73106365801189,35.448208061958354],[137.73100115767562,35.448208062041665],[137.73100115777339,35.448291395347255],[137.73106365810958,35.448291395263851],[137.7310636582072,35.448374728569448],[137.73100115787111,35.448374728652752],[137.73100115782225,35.448333061999961],[137.73093865748615,35.448333062083364],[137.73093865743721,35.448291395430566],[137.73087615710099,35.448291395513877],[137.73087615700294,35.448208062208288],[137.73093865733924,35.448208062124976],[137.73093865724135,35.448124728819479],[137.73087615690488,35.448124728902783],[137.73087615700294,35.448208062208288]]]},"properties":{"FID":83,"A31_201":"8505050237","A31_202":"阿智川","A31_203":20,"A31_204":"長野県","A31_205":1,"A31_206":" ","A31_207":" ","A31_208":" "}},{"type":"Feature","id":84,"geometry":{"type":"Polygon","coordinates":[[[137.73087615710099,35.448291395513877],[137.73087615719905,35.448374728819466],[137.73093865753509,35.448374728736155],[137.73093865773092,35.448541395347249],[137.73087615739516,35.448541395430553],[137.73087615749321,35.448624728736149],[137.73081365715765,35.448624728819453],[137.73081365720668,35.448666395472252],[137.73068865653562,35.448666395638874],[137.73068865658482,35.448708062291672],[137.73062615624934,35.448708062374976],[137.73062615644659,35.44887472898607],[137.73050115577615,35.448874729152777],[137.73050115562785,35.448749729194397],[137.73056365596324,35.448749729111086],[137.73056365576571,35.448583062499992],[137.73062615610147,35.448583062416688],[137.73062615605215,35.44854139576389],[137.73068865638783,35.448541395680579],[137.73068865599402,35.448208062458306],[137.73075115633029,35.448208062375002],[137.73075115637948,35.448249729027793],[137.7308136567157,35.448249728944482],[137.73081365676481,35.448291395597188],[137.73087615710099,35.448291395513877]]]},"properties":{"FID":84,"A31_201":"8505050237","A31_202":"阿智川","A31_203":20,"A31_204":"長野県","A31_205":1,"A31_206":" ","A31_207":" ","A31_208":" "}},{"type":"Feature","id":85,"geometry":{"type":"Polygon","coordinates":[[[137.72650113470002,35.449166401055592],[137.7265011346461,35.449124734402794],[137.72656363498098,35.449124734319483],[137.72656363503472,35.449166400972189],[137.72650113470002,35.449166401055592]]]},"properties":{"FID":85,"A31_201":"8505050237","A31_202":"阿智川","A31_203":20,"A31_204":"長野県","A31_205":1,"A31_206":" ","A31_207":" ","A31_208":" "}},{"type":"Feature","id":86,"geometry":{"type":"Polygon","coordinates":[[[137.72650113470002,35.449166401055592],[137.72650113475393,35.449208067708298],[137.72643863441925,35.449208067791695],[137.72643863436534,35.449166401138896],[137.72650113470002,35.449166401055592]]]},"properties":{"FID":86,"A31_201":"8505050237","A31_202":"阿智川","A31_203":20,"A31_204":"長野県","A31_205":1,"A31_206":" ","A31_207":" ","A31_208":" "}},{"type":"Feature","id":87,"geometry":{"type":"Polygon","coordinates":[[[137.73093865885696,35.449499728361076],[137.73093865880801,35.44945806170837],[137.73100115914227,35.449458061624973],[137.73100115909341,35.449416394972268],[137.73106365942766,35.449416394888871],[137.73106365937889,35.449374728236073],[137.73112615971323,35.449374728152762],[137.73112615966446,35.449333061499971],[137.73125116033339,35.449333061333348],[137.73125116028478,35.44929139468055],[137.73131366061932,35.449291394597239],[137.73131366057072,35.449249727944448],[137.73137616090531,35.44924972786113],[137.73137616085683,35.449208061208338],[137.7314386611915,35.449208061125027],[137.73143866128834,35.449291394430531],[137.7313761609538,35.449291394513928],[137.73137616100232,35.449333061166634],[137.73131366066781,35.44933306125003],[137.73131366071638,35.449374727902736],[137.73125116038196,35.44937472798614],[137.73125116047922,35.449458061291637],[137.73112615981074,35.449458061458351],[137.73112615985951,35.449499728111149],[137.73093865885696,35.449499728361076]]]},"properties":{"FID":87,"A31_201":"8505050237","A31_202":"阿智川","A31_203":20,"A31_204":"長野県","A31_205":1,"A31_206":" ","A31_207":" ","A31_208":" "}},{"type":"Feature","id":88,"geometry":{"type":"Polygon","coordinates":[[[137.73093865885696,35.449499728361076],[137.73093865890598,35.449541395013874],[137.73087615857182,35.449541395097185],[137.73087615852279,35.449499728444479],[137.73093865885696,35.449499728361076]]]},"properties":{"FID":88,"A31_201":"8505050237","A31_202":"阿智川","A31_203":20,"A31_204":"長野県","A31_205":1,"A31_206":" ","A31_207":" ","A31_208":" "}},{"type":"Feature","id":89,"geometry":{"type":"Polygon","coordinates":[[[137.72812614381945,35.44949973211115],[137.72812614376741,35.449458065458352],[137.72818864410166,35.44945806537504],[137.72818864404962,35.449416398722249],[137.72825114438393,35.449416398638846],[137.72825114443589,35.449458065291637],[137.72837614510431,35.449458065125015],[137.72837614505252,35.449416398472223],[137.72843864538686,35.449416398388912],[137.72843864533516,35.449374731736114],[137.72862614633823,35.449374731486095],[137.72862614638976,35.449416398138894],[137.72856364605551,35.449416398222198],[137.72856364610703,35.449458064874996],[137.72850114577278,35.449458064958307],[137.72850114582448,35.449499731611098],[137.72831364482201,35.449499731861124],[137.72831364487388,35.449541398513915],[137.72825114453974,35.449541398597233],[137.72825114448779,35.449499731944435],[137.72812614381945,35.44949973211115]]]},"properties":{"FID":89,"A31_201":"8505050237","A31_202":"阿智川","A31_203":20,"A31_204":"長野県","A31_205":1,"A31_206":" ","A31_207":" ","A31_208":" "}},{"type":"Feature","id":90,"geometry":{"type":"Polygon","coordinates":[[[137.72675113668225,35.449666400555529],[137.72668863634837,35.449666400638925],[137.72668863629471,35.449624733986127],[137.72662613596074,35.449624734069445],[137.726626135907,35.449583067416647],[137.72656363557294,35.449583067499958],[137.72656363551911,35.449541400847252],[137.72668863618733,35.449541400680545],[137.72668863624099,35.449583067333336],[137.72675113657505,35.449583067250025],[137.72675113668225,35.449666400555529]]]},"properties":{"FID":90,"A31_201":"8505050237","A31_202":"阿智川","A31_203":20,"A31_204":"長野県","A31_205":1,"A31_206":" ","A31_207":" ","A31_208":" "}},{"type":"Feature","id":91,"geometry":{"type":"Polygon","coordinates":[[[137.72831364508136,35.449708065125009],[137.72843864574904,35.449708064958301],[137.72843864580074,35.449749731611092],[137.72837614546702,35.449749731694403],[137.72837614551881,35.449791398347202],[137.7283136451851,35.449791398430598],[137.72831364508136,35.449708065125009]]]},"properties":{"FID":91,"A31_201":"8505050237","A31_202":"阿智川","A31_203":20,"A31_204":"長野県","A31_205":1,"A31_206":" ","A31_207":" ","A31_208":" "}},{"type":"Feature","id":92,"geometry":{"type":"Polygon","coordinates":[[[137.7286261470081,35.449916397972245],[137.72850114634113,35.449916398138868],[137.72850114628952,35.449874731486076],[137.72843864595598,35.44987473156948],[137.72843864585252,35.449791398263883],[137.72850114618615,35.449791398180579],[137.72850114623782,35.449833064833371],[137.72856364657144,35.449833064749967],[137.72856364662306,35.449874731402765],[137.72862614695657,35.449874731319454],[137.7286261470081,35.449916397972245]]]},"properties":{"FID":92,"A31_201":"8505050237","A31_202":"阿智川","A31_203":20,"A31_204":"長野県","A31_205":1,"A31_206":" ","A31_207":" ","A31_208":" "}},{"type":"Feature","id":93,"geometry":{"type":"Polygon","coordinates":[[[137.7288761483932,35.449958064291621],[137.7287511477264,35.449958064458329],[137.72875114767507,35.449916397805538],[137.72887614834195,35.449916397638916],[137.7288761483932,35.449958064291621]]]},"properties":{"FID":93,"A31_201":"8505050237","A31_202":"阿智川","A31_203":20,"A31_204":"長野県","A31_205":1,"A31_206":" ","A31_207":" ","A31_208":" "}},{"type":"Feature","id":94,"geometry":{"type":"Polygon","coordinates":[[[137.72831364508136,35.449708065125009],[137.72818864441368,35.449708065291631],[137.72818864446572,35.449749731944422],[137.72806364379821,35.449749732111137],[137.72806364385036,35.449791398763843],[137.72793864318302,35.449791398930557],[137.72793864323535,35.449833065583348],[137.72800114356897,35.449833065500037],[137.72800114362119,35.449874732152743],[137.72837614562238,35.449874731652784],[137.72837614567425,35.449916398305582],[137.72787614300643,35.449916398972249],[137.72787614305884,35.449958065624955],[137.72781364272541,35.449958065708358],[137.72781364277779,35.44999973236115],[137.72768864211119,35.449999732527772],[137.72768864211909,35.450041399183498],[137.72756364145266,35.450041399350027],[137.7275636414609,35.450083066005668],[137.72750114112782,35.450083066088894],[137.72750114113617,35.450124732744442],[137.72743864080326,35.450124732827575],[137.7274386408117,35.450166399483031],[137.72737614047895,35.450166399566072],[137.72737614044451,35.44999973294442],[137.72737614039158,35.449958066291622],[137.72743864072501,35.44995806620831],[137.72743864067218,35.449916399555519],[137.7275011410056,35.449916399472201],[137.72750114095285,35.44987473281941],[137.72756364128639,35.449874732736099],[137.72756364118095,35.449791399430509],[137.72762614151458,35.449791399347198],[137.727626141462,35.449749732694492],[137.72768864179571,35.449749732611096],[137.72768864174321,35.449708065958298],[137.72787614274461,35.449708065708364],[137.72787614269228,35.449666399055573],[137.72793864302616,35.449666398972255],[137.72793864286922,35.449541399013874],[137.72800114320339,35.449541398930563],[137.72800114315118,35.449499732277772],[137.72812614381945,35.44949973211115],[137.72812614387161,35.449541398763856],[137.72818864420566,35.449541398680537],[137.72818864425773,35.449583065333336],[137.72812614392365,35.449583065416647],[137.72812614397577,35.449624732069438],[137.7280636436418,35.449624732152756],[137.72806364369396,35.449666398805547],[137.72831364502949,35.449666398472218],[137.72831364508136,35.449708065125009]]]},"properties":{"FID":94,"A31_201":"8505050237","A31_202":"阿智川","A31_203":20,"A31_204":"長野県","A31_205":1,"A31_206":" ","A31_207":" ","A31_208":" "}},{"type":"Feature","id":95,"geometry":{"type":"Polygon","coordinates":[[[137.72737614047895,35.450166399566072],[137.72737614048748,35.450208066221535],[137.72731364015493,35.450208066304491],[137.72731364014615,35.45016639964912],[137.72737614047895,35.450166399566072]]]},"properties":{"FID":95,"A31_201":"8505050237","A31_202":"阿智川","A31_203":20,"A31_204":"長野県","A31_205":1,"A31_206":" ","A31_207":" ","A31_208":" "}},{"type":"Feature","id":96,"geometry":{"type":"Polygon","coordinates":[[[137.72718863951675,35.450333066436073],[137.72706363885226,35.45033306660163],[137.72706363884294,35.450291399946607],[137.72718863950769,35.45029139978088],[137.72718863951675,35.450333066436073]]]},"properties":{"FID":96,"A31_201":"8505050237","A31_202":"阿智川","A31_203":20,"A31_204":"長野県","A31_205":1,"A31_206":" ","A31_207":" ","A31_208":" "}},{"type":"Feature","id":97,"geometry":{"type":"Polygon","coordinates":[[[137.72562613134863,35.450791401693728],[137.72543863035659,35.450791401939753],[137.72543863034372,35.450749735286514],[137.72531362968198,35.45074973545065],[137.72531362966882,35.450708068797589],[137.72537612999977,35.450708068715429],[137.72537612998673,35.450666402062197],[137.72543863031785,35.450666401980037],[137.72543863030489,35.450624735326713],[137.72550113063619,35.45062473524446],[137.7255011306234,35.450583068591136],[137.72556363095472,35.450583068508713],[137.7255636309421,35.450541401855389],[137.72568863160518,35.450541401690451],[137.72568863165463,35.45070806830465],[137.72550113066168,35.450708068551123],[137.72550113067447,35.450749735204447],[137.72562613133613,35.450749735040311],[137.72562613134863,35.450791401693728]]]},"properties":{"FID":97,"A31_201":"8505050237","A31_202":"阿智川","A31_203":20,"A31_204":"長野県","A31_205":1,"A31_206":" ","A31_207":" ","A31_208":" "}},{"type":"Feature","id":98,"geometry":{"type":"Polygon","coordinates":[[[137.72462612646478,35.45170806922539],[137.72456362615097,35.451708069283825],[137.72456362610637,35.451583069324023],[137.72462612642062,35.451583069265851],[137.72462612646478,35.45170806922539]]]},"properties":{"FID":98,"A31_201":"8505050237","A31_202":"阿智川","A31_203":20,"A31_204":"長野県","A31_205":1,"A31_206":" ","A31_207":" ","A31_208":" "}},{"type":"Feature","id":99,"geometry":{"type":"Polygon","coordinates":[[[137.72437612524033,35.451791402765991],[137.72431362492679,35.451791402824519],[137.72431362491142,35.451749736170925],[137.72437612522506,35.451749736112482],[137.72437612524033,35.451791402765991]]]},"properties":{"FID":99,"A31_201":"8505050237","A31_202":"阿智川","A31_203":20,"A31_204":"長野県","A31_205":1,"A31_206":" ","A31_207":" ","A31_208":" "}},{"type":"Feature","id":100,"geometry":{"type":"Polygon","coordinates":[[[137.72412612400223,35.451833069653887],[137.72406362368895,35.451833069712507],[137.72406362367295,35.451791403058643],[137.72412612398642,35.451791403000115],[137.72412612400223,35.451833069653887]]]},"properties":{"FID":100,"A31_201":"8505050237","A31_202":"阿智川","A31_203":20,"A31_204":"長野県","A31_205":1,"A31_206":" ","A31_207":" ","A31_208":" "}},{"type":"Feature","id":101,"geometry":{"type":"Polygon","coordinates":[[[137.72393862307854,35.451874736483688],[137.72387612276526,35.451874736542401],[137.72387612274892,35.451833069888366],[137.72393862306228,35.451833069829746],[137.72393862307854,35.451874736483688]]]},"properties":{"FID":101,"A31_201":"8505050237","A31_202":"阿智川","A31_203":20,"A31_204":"長野県","A31_205":1,"A31_206":" ","A31_207":" ","A31_208":" "}},{"type":"Feature","id":102,"geometry":{"type":"Polygon","coordinates":[[[137.71837609632004,35.453499741451701],[137.71831359601219,35.45349974151307],[137.71831359598349,35.453458074852819],[137.71837609629145,35.453458074791534],[137.71837609632004,35.453499741451701]]]},"properties":{"FID":102,"A31_201":"8505050237","A31_202":"阿智川","A31_203":20,"A31_204":"長野県","A31_205":1,"A31_206":" ","A31_207":" ","A31_208":" "}},{"type":"Feature","id":103,"geometry":{"type":"Polygon","coordinates":[[[137.71431357669081,35.453916412088446],[137.71425107638447,35.453916412150534],[137.71425107634664,35.453874745485834],[137.71431357665324,35.453874745423846],[137.71431357669081,35.453916412088446]]]},"properties":{"FID":103,"A31_201":"8505050237","A31_202":"阿智川","A31_203":20,"A31_204":"長野県","A31_205":1,"A31_206":" ","A31_207":" ","A31_208":" "}},{"type":"Feature","id":104,"geometry":{"type":"Polygon","coordinates":[[[137.71687608957225,35.45433307616112],[137.71681358926725,35.454333076223911],[137.71681358923519,35.45429140956206],[137.71675108892998,35.454291409624759],[137.71675108883335,35.45416640963893],[137.71681358913889,35.454166409576402],[137.71681358917095,35.45420807623826],[137.71693858978182,35.454208076113119],[137.7169385898454,35.454291409436557],[137.71687608954028,35.454291409499348],[137.71687608957225,35.45433307616112]]]},"properties":{"FID":104,"A31_201":"8505050237","A31_202":"阿智川","A31_203":20,"A31_204":"長野県","A31_205":1,"A31_206":" ","A31_207":" ","A31_208":" "}},{"type":"Feature","id":105,"geometry":{"type":"Polygon","coordinates":[[[137.71656358811254,35.454416409799329],[137.71656358807985,35.454374743137208],[137.71700109021393,35.454374742697205],[137.71700109024562,35.454416409358885],[137.71706359055031,35.454416409296002],[137.71706359058183,35.454458075957589],[137.71681358936351,35.454458076209477],[137.71681358933137,35.454416409547619],[137.71656358811254,35.454416409799329]]]},"properties":{"FID":105,"A31_201":"8505050237","A31_202":"阿智川","A31_203":20,"A31_204":"長野県","A31_205":1,"A31_206":" ","A31_207":" ","A31_208":" "}},{"type":"Feature","id":106,"geometry":{"type":"Polygon","coordinates":[[[137.71325107212223,35.454583079797217],[137.71318857181808,35.454583079860456],[137.71318857177795,35.454541413194519],[137.71312607147365,35.454541413257672],[137.71312607143332,35.454499746591637],[137.7132510720422,35.454499746465515],[137.71325107212223,35.454583079797217]]]},"properties":{"FID":106,"A31_201":"8505050237","A31_202":"阿智川","A31_203":20,"A31_204":"長野県","A31_205":1,"A31_206":" ","A31_207":" ","A31_208":" "}},{"type":"Feature","id":107,"geometry":{"type":"Polygon","coordinates":[[[137.71656358811254,35.454416409799329],[137.71656358814514,35.454458076461449],[137.71668858875427,35.454458076335506],[137.71668858881904,35.454541409659484],[137.71675108912333,35.454541409596416],[137.71675108915559,35.454583076258359],[137.71637608733053,35.454583076637526],[137.71637608736364,35.454624743299824],[137.71625108675556,35.454624743426393],[137.71625108682227,35.45470807675143],[137.71618858651848,35.454708076814846],[137.71618858665232,35.454874743465105],[137.71606358604595,35.45487474359247],[137.71606358601218,35.454833076929731],[137.7161260863156,35.454833076866137],[137.7161260862147,35.454708076878177],[137.71606358591094,35.454708076941586],[137.71606358587727,35.454666410278847],[137.71600108557331,35.454666410342263],[137.71600108550555,35.454583077016693],[137.71612608611389,35.454583076890302],[137.71612608594586,35.454374743577119],[137.71618858625069,35.454374743514236],[137.71618858618373,35.454291410189114],[137.71625108648894,35.454291410126402],[137.71625108655553,35.454374743451446],[137.71637608716532,35.45437474332568],[137.71637608719837,35.45441640998807],[137.71631358689359,35.454416410050953],[137.71631358692682,35.454458076713422],[137.71625108662224,35.454458076776397],[137.71625108668894,35.454541410101349],[137.71618858638456,35.454541410164495],[137.71618858641804,35.454583076827063],[137.71625108672225,35.45458307676391],[137.71625108668894,35.454541410101349],[137.71631358699318,35.454541410038289],[137.71631358692682,35.454458076713422],[137.71643858753598,35.454458076587393],[137.71643858750303,35.454416409925095],[137.71656358811254,35.454416409799329]]]},"properties":{"FID":107,"A31_201":"8505050237","A31_202":"阿智川","A31_203":20,"A31_204":"長野県","A31_205":1,"A31_206":" ","A31_207":" ","A31_208":" "}},{"type":"Feature","id":108,"geometry":{"type":"Polygon","coordinates":[[[137.71587608544388,35.455249743749704],[137.71581358514197,35.455249743814008],[137.71581358510767,35.455208077151092],[137.71587608540977,35.455208077086787],[137.71587608544388,35.455249743749704]]]},"properties":{"FID":108,"A31_201":"8505050237","A31_202":"阿智川","A31_203":20,"A31_204":"長野県","A31_205":1,"A31_206":" ","A31_207":" ","A31_208":" "}},{"type":"Feature","id":109,"geometry":{"type":"Polygon","coordinates":[[[137.71568858450348,35.455208077279522],[137.7156260842014,35.455208077343741],[137.71562608427087,35.455291410670114],[137.71556358396904,35.455291410734503],[137.71556358382961,35.455124744081488],[137.71562608413194,35.455124744017368],[137.71562608416667,35.455166410680548],[137.71568858446886,35.455166410616428],[137.71568858450348,35.455208077279522]]]},"properties":{"FID":109,"A31_201":"8505050237","A31_202":"阿智川","A31_203":20,"A31_204":"長野県","A31_205":1,"A31_206":" ","A31_207":" ","A31_208":" "}},{"type":"Feature","id":110,"geometry":{"type":"Polygon","coordinates":[[[137.71587608551226,35.455333077075551],[137.71587608547807,35.455291410412627],[137.7159385857799,35.455291410348238],[137.71593858581392,35.455333077011154],[137.71587608551226,35.455333077075551]]]},"properties":{"FID":110,"A31_201":"8505050237","A31_202":"阿智川","A31_203":20,"A31_204":"長野県","A31_205":1,"A31_206":" ","A31_207":" ","A31_208":" "}},{"type":"Feature","id":111,"geometry":{"type":"Polygon","coordinates":[[[137.71581358521053,35.455333077140025],[137.71575108490887,35.455333077204422],[137.71575108487443,35.455291410541413],[137.71581358517625,35.455291410477017],[137.71581358521053,35.455333077140025]]]},"properties":{"FID":111,"A31_201":"8505050237","A31_202":"阿智川","A31_203":20,"A31_204":"長野県","A31_205":1,"A31_206":" ","A31_207":" ","A31_208":" "}},{"type":"Feature","id":112,"geometry":{"type":"Polygon","coordinates":[[[137.71293857133395,35.455333080104502],[137.71287607103221,35.455333080168899],[137.71287607099137,35.4552914135026],[137.71293857129319,35.455291413438296],[137.71293857133395,35.455333080104502]]]},"properties":{"FID":112,"A31_201":"8505050237","A31_202":"阿智川","A31_203":20,"A31_204":"長野県","A31_205":1,"A31_206":" ","A31_207":" ","A31_208":" "}},{"type":"Feature","id":113,"geometry":{"type":"Polygon","coordinates":[[[137.71587608554637,35.455374743738467],[137.71581358524489,35.455374743802949],[137.71581358521053,35.455333077140025],[137.71587608551226,35.455333077075551],[137.71587608554637,35.455374743738467]]]},"properties":{"FID":113,"A31_201":"8505050237","A31_202":"阿智川","A31_203":20,"A31_204":"長野県","A31_205":1,"A31_206":" ","A31_207":" ","A31_208":" "}},{"type":"Feature","id":114,"geometry":{"type":"Polygon","coordinates":[[[137.71587608554637,35.455374743738467],[137.71593858584794,35.455374743673985],[137.71593858588193,35.455416410336817],[137.71587608558056,35.455416410401384],[137.71587608554637,35.455374743738467]]]},"properties":{"FID":114,"A31_201":"8505050237","A31_202":"阿智川","A31_203":20,"A31_204":"長野県","A31_205":1,"A31_206":" ","A31_207":" ","A31_208":" "}},{"type":"Feature","id":115,"geometry":{"type":"Polygon","coordinates":[[[137.7156885848147,35.455583077247667],[137.71568858478017,35.45554141058448],[137.71575108508111,35.455541410519729],[137.71575108511556,35.455583077182737],[137.7156885848147,35.455583077247667]]]},"properties":{"FID":115,"A31_201":"8505050237","A31_202":"阿智川","A31_203":20,"A31_204":"長野県","A31_205":1,"A31_206":" ","A31_207":" ","A31_208":" "}},{"type":"Feature","id":116,"geometry":{"type":"Polygon","coordinates":[[[137.7156885848147,35.455583077247667],[137.71568858484935,35.455624743910761],[137.7156260845486,35.45562474397569],[137.71562608451387,35.455583077312504],[137.7156885848147,35.455583077247667]]]},"properties":{"FID":116,"A31_201":"8505050237","A31_202":"阿智川","A31_203":20,"A31_204":"長野県","A31_205":1,"A31_206":" ","A31_207":" ","A31_208":" "}},{"type":"Feature","id":117,"geometry":{"type":"Polygon","coordinates":[[[137.7156260845486,35.45562474397569],[137.71562608461807,35.455708077302063],[137.71556358431764,35.455708077367163],[137.71556358424792,35.45562474404062],[137.7156260845486,35.45562474397569]]]},"properties":{"FID":117,"A31_201":"8505050237","A31_202":"阿智川","A31_203":20,"A31_204":"長野県","A31_205":1,"A31_206":" ","A31_207":" ","A31_208":" "}},{"type":"Feature","id":118,"geometry":{"type":"Polygon","coordinates":[[[137.71556358431764,35.455708077367163],[137.71556358435248,35.455749744030442],[137.71550108405225,35.455749744095542],[137.71550108401726,35.455708077432178],[137.71556358431764,35.455708077367163]]]},"properties":{"FID":118,"A31_201":"8505050237","A31_202":"阿智川","A31_203":20,"A31_204":"長野県","A31_205":1,"A31_206":" ","A31_207":" ","A31_208":" "}},{"type":"Feature","id":119,"geometry":{"type":"Polygon","coordinates":[[[137.71550108405225,35.455749744095542],[137.71550108408724,35.455791410758906],[137.71543858378709,35.455791410824105],[137.71543858375193,35.455749744160741],[137.71550108405225,35.455749744095542]]]},"properties":{"FID":119,"A31_201":"8505050237","A31_202":"阿智川","A31_203":20,"A31_204":"長野県","A31_205":1,"A31_206":" ","A31_207":" ","A31_208":" "}},{"type":"Feature","id":120,"geometry":{"type":"Polygon","coordinates":[[[137.71537608355749,35.455874744216288],[137.71537608352222,35.455833077552747],[137.71543858382228,35.455833077487469],[137.71543858385735,35.455874744150918],[137.71537608355749,35.455874744216288]]]},"properties":{"FID":120,"A31_201":"8505050237","A31_202":"阿智川","A31_203":20,"A31_204":"長野県","A31_205":1,"A31_206":" ","A31_207":" ","A31_208":" "}},{"type":"Feature","id":121,"geometry":{"type":"Polygon","coordinates":[[[137.71537608355749,35.455874744216288],[137.71537608359276,35.455916410879738],[137.71531358329307,35.455916410945107],[137.71531358325763,35.455874744281573],[137.71537608355749,35.455874744216288]]]},"properties":{"FID":121,"A31_201":"8505050237","A31_202":"阿智川","A31_203":20,"A31_204":"長野県","A31_205":1,"A31_206":" ","A31_207":" ","A31_208":" "}},{"type":"Feature","id":122,"geometry":{"type":"Polygon","coordinates":[[[137.71531358329307,35.455916410945107],[137.71531358332851,35.455958077608656],[137.7151885827293,35.455958077739659],[137.7151885826936,35.45591641107594],[137.71531358329307,35.455916410945107]]]},"properties":{"FID":122,"A31_201":"8505050237","A31_202":"阿智川","A31_203":20,"A31_204":"長野県","A31_205":1,"A31_206":" ","A31_207":" ","A31_208":" "}},{"type":"Feature","id":123,"geometry":{"type":"Polygon","coordinates":[[[137.7151885827293,35.455958077739659],[137.71518858280069,35.456041411067005],[137.71506358220211,35.456041411198285],[137.71506358216607,35.455999744534473],[137.71512608246556,35.455999744468926],[137.71512608242969,35.455958077805121],[137.7151885827293,35.455958077739659]]]},"properties":{"FID":123,"A31_201":"8505050237","A31_202":"阿智川","A31_203":20,"A31_204":"長野県","A31_205":1,"A31_206":" ","A31_207":" ","A31_208":" "}},{"type":"Feature","id":124,"geometry":{"type":"Polygon","coordinates":[[[137.71506358220211,35.456041411198285],[137.71506358223809,35.45608307786209],[137.71500108193894,35.456083077927815],[137.71500108190278,35.456041411263918],[137.71506358220211,35.456041411198285]]]},"properties":{"FID":124,"A31_201":"8505050237","A31_202":"阿智川","A31_203":20,"A31_204":"長野県","A31_205":1,"A31_206":" ","A31_207":" ","A31_208":" "}},{"type":"Feature","id":125,"geometry":{"type":"Polygon","coordinates":[[[137.71212606836718,35.456166414243881],[137.71206356808588,35.456166414303041],[137.71206356804367,35.45612474763692],[137.71212606832518,35.456124747577675],[137.71212606836718,35.456166414243881]]]},"properties":{"FID":125,"A31_201":"8505050237","A31_202":"阿智川","A31_203":20,"A31_204":"長野県","A31_205":1,"A31_206":" ","A31_207":" ","A31_208":" "}},{"type":"Feature","id":126,"geometry":{"type":"Polygon","coordinates":[[[137.71456357999307,35.45624974504517],[137.71456357995601,35.45620807838074],[137.71462608025473,35.45620807831483],[137.71462608029168,35.456249744979175],[137.71456357999307,35.45624974504517]]]},"properties":{"FID":126,"A31_201":"8505050237","A31_202":"阿智川","A31_203":20,"A31_204":"長野県","A31_205":1,"A31_206":" ","A31_207":" ","A31_208":" "}},{"type":"Feature","id":127,"geometry":{"type":"Polygon","coordinates":[[[137.71456357999307,35.45624974504517],[137.71456358003019,35.456291411709508],[137.71450107973163,35.456291411775588],[137.71450107969443,35.456249745111066],[137.71456357999307,35.45624974504517]]]},"properties":{"FID":127,"A31_201":"8505050237","A31_202":"阿智川","A31_203":20,"A31_204":"長野県","A31_205":1,"A31_206":" ","A31_207":" ","A31_208":" "}},{"type":"Feature","id":128,"geometry":{"type":"Polygon","coordinates":[[[137.71337607491532,35.456874746284015],[137.71331357461872,35.456874746351076],[137.71331357457893,35.45683307968531],[137.71337607487561,35.456833079618349],[137.71337607491532,35.456874746284015]]]},"properties":{"FID":128,"A31_201":"8505050237","A31_202":"阿智川","A31_203":20,"A31_204":"長野県","A31_205":1,"A31_206":" ","A31_207":" ","A31_208":" "}},{"type":"Feature","id":129,"geometry":{"type":"Polygon","coordinates":[[[137.71306357387721,35.457333079945528],[137.71300107358223,35.457333080013299],[137.71300107354165,35.457291413347271],[137.71306357383679,35.457291413279506],[137.71306357387721,35.457333079945528]]]},"properties":{"FID":129,"A31_201":"8505050237","A31_202":"阿智川","A31_203":20,"A31_204":"長野県","A31_205":1,"A31_206":" ","A31_207":" ","A31_208":" "}},{"type":"Feature","id":130,"geometry":{"type":"Polygon","coordinates":[[[137.71293857349073,35.457541413412009],[137.71287607319644,35.457541413480129],[137.7128760731556,35.457499746813923],[137.71293857345003,35.457499746745803],[137.71293857349073,35.457541413412009]]]},"properties":{"FID":130,"A31_201":"8505050237","A31_202":"阿智川","A31_203":20,"A31_204":"長野県","A31_205":1,"A31_206":" ","A31_207":" ","A31_208":" "}},{"type":"Feature","id":131,"geometry":{"type":"Polygon","coordinates":[[[137.71268857256098,35.457791413683253],[137.71268857251968,35.457749747016777],[137.71275107281335,35.457749746948295],[137.71275107285447,35.457791413614771],[137.71268857256098,35.457791413683253]]]},"properties":{"FID":131,"A31_201":"8505050237","A31_202":"阿智川","A31_203":20,"A31_204":"長野県","A31_205":1,"A31_206":" ","A31_207":" ","A31_208":" "}},{"type":"Feature","id":132,"geometry":{"type":"Polygon","coordinates":[[[137.71268857256098,35.457791413683253],[137.71268857260219,35.457833080349722],[137.71262607230889,35.45783308041829],[137.71262607226751,35.457791413751821],[137.71268857256098,35.457791413683253]]]},"properties":{"FID":132,"A31_201":"8505050237","A31_202":"阿智川","A31_203":20,"A31_204":"長野県","A31_205":1,"A31_206":" ","A31_207":" ","A31_208":" "}},{"type":"Feature","id":133,"geometry":{"type":"Polygon","coordinates":[[[137.71187606897854,35.457874747785446],[137.71187606893608,35.457833081119418],[137.71193856921471,35.457833081063015],[137.711938569257,35.457874747729136],[137.71187606897854,35.457874747785446]]]},"properties":{"FID":133,"A31_201":"8505050237","A31_202":"阿智川","A31_203":20,"A31_204":"長野県","A31_205":1,"A31_206":" ","A31_207":" ","A31_208":" "}},{"type":"Feature","id":134,"geometry":{"type":"Polygon","coordinates":[[[137.71187606897854,35.457874747785446],[137.7118760690208,35.45791641445139],[137.71181356874234,35.457916414507608],[137.71181356869997,35.457874747841757],[137.71187606897854,35.457874747785446]]]},"properties":{"FID":134,"A31_201":"8505050237","A31_202":"阿智川","A31_203":20,"A31_204":"長野県","A31_205":1,"A31_206":" ","A31_207":" ","A31_208":" "}},{"type":"Feature","id":135,"geometry":{"type":"Polygon","coordinates":[[[137.7123135710539,35.457999747390602],[137.71225107077561,35.45799974744665],[137.7122510707336,35.457958080780259],[137.71231357101206,35.457958080724126],[137.7123135710539,35.457999747390602]]]},"properties":{"FID":135,"A31_201":"8505050237","A31_202":"阿智川","A31_203":20,"A31_204":"長野県","A31_205":1,"A31_206":" ","A31_207":" ","A31_208":" "}},{"type":"Feature","id":136,"geometry":{"type":"Polygon","coordinates":[[[137.7106885639046,35.458083082178739],[137.71068856386091,35.458041415514131],[137.7107510641392,35.458041415458084],[137.7107510641828,35.458083082122783],[137.7106885639046,35.458083082178739]]]},"properties":{"FID":136,"A31_201":"8505050237","A31_202":"阿智川","A31_203":20,"A31_204":"長野県","A31_205":1,"A31_206":" ","A31_207":" ","A31_208":" "}},{"type":"Feature","id":137,"geometry":{"type":"Polygon","coordinates":[[[137.7106885639046,35.458083082178739],[137.71068856394831,35.458124748843431],[137.71062606367011,35.458124748899301],[137.71062606362642,35.458083082234694],[137.7106885639046,35.458083082178739]]]},"properties":{"FID":137,"A31_201":"8505050237","A31_202":"阿智川","A31_203":20,"A31_204":"長野県","A31_205":1,"A31_206":" ","A31_207":" ","A31_208":" "}},{"type":"Feature","id":138,"geometry":{"type":"Polygon","coordinates":[[[137.71037606283807,35.458416415777776],[137.7103135625604,35.458416415833369],[137.71031356253022,35.458374749166637],[137.71037606280797,35.458374749111123],[137.71037606283807,35.458416415777776]]]},"properties":{"FID":138,"A31_201":"8505050237","A31_202":"阿智川","A31_203":20,"A31_204":"長野県","A31_205":1,"A31_206":" ","A31_207":" ","A31_208":" "}},{"type":"Feature","id":139,"geometry":{"type":"Polygon","coordinates":[[[137.71000106147778,35.458833082777787],[137.70987606092388,35.458833082888901],[137.70987606089324,35.458791416222248],[137.71000106144726,35.45879141611114],[137.71000106147778,35.458833082777787]]]},"properties":{"FID":139,"A31_201":"8505050237","A31_202":"阿智川","A31_203":20,"A31_204":"長野県","A31_205":1,"A31_206":" ","A31_207":" ","A31_208":" "}},{"type":"Feature","id":140,"geometry":{"type":"Polygon","coordinates":[[[137.70918855825505,35.459333083500034],[137.70918855822353,35.459291416833295],[137.70925105849966,35.459291416777788],[137.70925105853112,35.459333083444434],[137.70918855825505,35.459333083500034]]]},"properties":{"FID":140,"A31_201":"8505050237","A31_202":"阿智川","A31_203":20,"A31_204":"長野県","A31_205":1,"A31_206":" ","A31_207":" ","A31_208":" "}},{"type":"Feature","id":141,"geometry":{"type":"Polygon","coordinates":[[[137.70918855825505,35.459333083500034],[137.70918855828648,35.459374750166688],[137.70912605801044,35.459374750222196],[137.70912605797889,35.459333083555549],[137.70918855825505,35.459333083500034]]]},"properties":{"FID":141,"A31_201":"8505050237","A31_202":"阿智川","A31_203":20,"A31_204":"長野県","A31_205":1,"A31_206":" ","A31_207":" ","A31_208":" "}},{"type":"Feature","id":142,"geometry":{"type":"Polygon","coordinates":[[[137.70868855627018,35.45962475061112],[137.70862605599456,35.459624750666634],[137.7086260559625,35.459583083999981],[137.7086885562382,35.459583083944466],[137.70868855627018,35.45962475061112]]]},"properties":{"FID":142,"A31_201":"8505050237","A31_202":"阿智川","A31_203":20,"A31_204":"長野県","A31_205":1,"A31_206":" ","A31_207":" ","A31_208":" "}},{"type":"Feature","id":143,"geometry":{"type":"Polygon","coordinates":[[[137.70843855526459,35.459749750833296],[137.70837605498915,35.459749750888889],[137.7083760549568,35.459708084222243],[137.70843855523233,35.459708084166643],[137.70843855526459,35.459749750833296]]]},"properties":{"FID":143,"A31_201":"8505050237","A31_202":"阿智川","A31_203":20,"A31_204":"長野県","A31_205":1,"A31_206":" ","A31_207":" ","A31_208":" "}},{"type":"Feature","id":144,"geometry":{"type":"Polygon","coordinates":[[[137.70912605854636,35.460083083555517],[137.70906355827154,35.460083083611117],[137.7090635582399,35.460041416944463],[137.709001057965,35.460041416999978],[137.70900105790167,35.459958083666677],[137.70906355817675,35.459958083611077],[137.7090635582083,35.459999750277817],[137.70912605848338,35.459999750222217],[137.70912605854636,35.460083083555517]]]},"properties":{"FID":144,"A31_201":"8505050237","A31_202":"阿智川","A31_203":20,"A31_204":"長野県","A31_205":1,"A31_206":" ","A31_207":" ","A31_208":" "}},{"type":"Feature","id":145,"geometry":{"type":"Polygon","coordinates":[[[137.70812605454026,35.46058308444448],[137.70800105399221,35.460583084555587],[137.70800105395944,35.460541417888848],[137.70812605450766,35.460541417777826],[137.70812605454026,35.46058308444448]]]},"properties":{"FID":145,"A31_201":"8505050237","A31_202":"阿智川","A31_203":20,"A31_204":"長野県","A31_205":1,"A31_206":" ","A31_207":" ","A31_208":" "}},{"type":"Feature","id":146,"geometry":{"type":"Polygon","coordinates":[[[137.7096260615815,35.461208083111075],[137.70956356130856,35.461208083166674],[137.70956356124645,35.461124749833374],[137.7096260615196,35.461124749777774],[137.7096260615815,35.461208083111075]]]},"properties":{"FID":146,"A31_201":"8505050237","A31_202":"阿智川","A31_203":20,"A31_204":"長野県","A31_205":1,"A31_206":" ","A31_207":" ","A31_208":" "}},{"type":"Feature","id":147,"geometry":{"type":"Polygon","coordinates":[[[137.70831355669202,35.462291417611141],[137.70825105642083,35.462291417666648],[137.70825105635583,35.462208084333348],[137.70831355662719,35.462208084277748],[137.70831355669202,35.462291417611141]]]},"properties":{"FID":147,"A31_201":"8505050237","A31_202":"阿智川","A31_203":20,"A31_204":"長野県","A31_205":1,"A31_206":" ","A31_207":" ","A31_208":" "}},{"type":"Feature","id":148,"geometry":{"type":"Polygon","coordinates":[[[137.70937606152086,35.462583083333286],[137.70931356125013,35.462583083388893],[137.70931356118751,35.462499750055585],[137.70937606145833,35.462499749999992],[137.70937606152086,35.462583083333286]]]},"properties":{"FID":148,"A31_201":"8505050237","A31_202":"阿智川","A31_203":20,"A31_204":"長野県","A31_205":1,"A31_206":" ","A31_207":" ","A31_208":" "}},{"type":"Feature","id":149,"geometry":{"type":"Polygon","coordinates":[[[137.70925106135604,35.463083083444474],[137.70918856108619,35.463083083499981],[137.70918856102332,35.462999750166681],[137.70925106129334,35.462999750111081],[137.70925106135604,35.463083083444474]]]},"properties":{"FID":149,"A31_201":"8505050237","A31_202":"阿智川","A31_203":20,"A31_204":"長野県","A31_205":1,"A31_206":" ","A31_207":" ","A31_208":" "}},{"type":"Feature","id":150,"geometry":{"type":"Polygon","coordinates":[[[137.70906356089407,35.463541416944423],[137.70900106062501,35.463541417000023],[137.70900106056169,35.463458083666637],[137.70906356083091,35.463458083611123],[137.70906356089407,35.463541416944423]]]},"properties":{"FID":150,"A31_201":"8505050237","A31_202":"阿智川","A31_203":20,"A31_204":"長野県","A31_205":1,"A31_206":" ","A31_207":" ","A31_208":" "}},{"type":"Feature","id":151,"geometry":{"type":"Polygon","coordinates":[[[137.70881356013643,35.463958083833326],[137.70868855959958,35.463958083944433],[137.70868855956763,35.463916417277787],[137.70862605929921,35.463916417333387],[137.70862605920291,35.463791417333347],[137.7086885594716,35.463791417277747],[137.70868855950357,35.463833083944486],[137.7087510597722,35.463833083888886],[137.70875105983615,35.463916417222187],[137.70881356010457,35.463916417166672],[137.70881356013643,35.463958083833326]]]},"properties":{"FID":151,"A31_201":"8505050237","A31_202":"阿智川","A31_203":20,"A31_204":"長野県","A31_205":1,"A31_206":" ","A31_207":" ","A31_208":" "}},{"type":"Feature","id":152,"geometry":{"type":"Polygon","coordinates":[[[137.70850105889113,35.464083084111095],[137.7083760583547,35.46408308422221],[137.70837605828996,35.46399975088891],[137.7084385585583,35.46399975083331],[137.70843855859064,35.464041417499956],[137.70850105885887,35.464041417444449],[137.70850105889113,35.464083084111095]]]},"properties":{"FID":152,"A31_201":"8505050237","A31_202":"阿智川","A31_203":20,"A31_204":"長野県","A31_205":1,"A31_206":" ","A31_207":" ","A31_208":" "}},{"type":"Feature","id":153,"geometry":{"type":"Polygon","coordinates":[[[137.70843855833226,35.463708084166669],[137.70843855836461,35.463749750833315],[137.70850105863329,35.463749750777808],[137.70850105869778,35.463833084111108],[137.70837605816055,35.463833084222216],[137.7083760582253,35.463916417555609],[137.70831355795679,35.463916417611117],[137.70831355798921,35.46395808427777],[137.70825105772079,35.46395808433337],[137.70825105759084,35.463791417666684],[137.70812605705345,35.463791417777792],[137.70812605711873,35.463874751111092],[137.70818855738733,35.463874751055585],[137.70818855745244,35.463958084388878],[137.70812605718402,35.463958084444485],[137.70812605721662,35.463999751111132],[137.70818855748496,35.463999751055532],[137.70818855751753,35.464041417722186],[137.7081260572493,35.464041417777779],[137.7081260572819,35.464083084444432],[137.70800105674556,35.46408308455554],[137.70800105671279,35.464041417888893],[137.70781355590796,35.464041418055515],[137.70781355594099,35.464083084722255],[137.70775105567276,35.464083084777769],[137.7077510556397,35.464041418111115],[137.70768855537145,35.46404141816663],[137.70768855533834,35.463999751499976],[137.70787605614333,35.463999751333354],[137.70787605611039,35.4639580846667],[137.70800105664725,35.463958084555593],[137.70800105661448,35.463916417888854],[137.70787605607745,35.463916418000053],[137.70787605597877,35.463791418000014],[137.70781355571006,35.463791418055521],[137.70781355567703,35.463749751388875],[137.7078760559458,35.463749751333367],[137.70787605588001,35.463666417999974],[137.70793855614886,35.463666417944467],[137.70793855611609,35.463624751277813],[137.70800105638497,35.463624751222213],[137.7080010563522,35.463583084555566],[137.70812605689031,35.463583084444451],[137.70812605692288,35.463624751111098],[137.70818855719185,35.46362475105559],[137.70818855715933,35.463583084388851],[137.70812605689031,35.463583084444451],[137.70812605682502,35.463499751111151],[137.70806355655577,35.463499751166665],[137.70806355652309,35.463458084500012],[137.70818855706156,35.463458084388904],[137.70818855699645,35.463374751055511],[137.70831355753518,35.463374750944489],[137.70831355747032,35.463291417611103],[137.70837605773983,35.463291417555588],[137.70837605764274,35.463166417555549],[137.7084385579125,35.463166417500034],[137.70843855781561,35.463041417499994],[137.70837605754568,35.463041417555601],[137.70837605748093,35.462958084222208],[137.70831355721089,35.462958084277808],[137.70831355717849,35.462916417611154],[137.70837605744859,35.462916417555562],[137.70837605731919,35.462749750888868],[137.70831355704871,35.462749750944468],[137.70831355695145,35.462624750944428],[137.7083760572221,35.462624750888921],[137.70837605728676,35.462708084222214],[137.70843855755732,35.462708084166707],[137.70843855758957,35.462749750833353],[137.70868855867127,35.462749750611138],[137.70868855870324,35.462791417277785],[137.70862605843294,35.462791417333385],[137.70862605846503,35.462833084000039],[137.70856355819473,35.462833084055546],[137.70856355822687,35.462874750722193],[137.70862605849709,35.462874750666685],[137.70862605852915,35.462916417333332],[137.70868855879934,35.462916417277825],[137.70868855889535,35.463041417277779],[137.70875105916531,35.463041417222264],[137.70875105926112,35.463166417222212],[137.70868855899135,35.463166417277819],[137.70868855905542,35.463249750611112],[137.70862605878582,35.463249750666627],[137.70862605885003,35.463333084000013],[137.70856355858055,35.463333084055527],[137.70856355854841,35.463291417388874],[137.7085010582789,35.463291417444481],[137.70850105837553,35.463416417444428],[137.70843855810622,35.463416417500028],[137.70843855813854,35.463458084166675],[137.70856355867701,35.463458084055567],[137.70856355864484,35.463416417388913],[137.70868855918349,35.463416417277806],[137.70868855924752,35.463499750611106],[137.70875105951666,35.463499750555599],[137.70875105954863,35.463541417222245],[137.70862605901044,35.46354141733336],[137.7086260590425,35.463583084000007],[137.70856355877345,35.463583084055514],[137.70856355880562,35.463624750722261],[137.70850105853665,35.463624750777768],[137.70850105860103,35.463708084111069],[137.70843855833226,35.463708084166669],[137.70843855823537,35.463583084166629],[137.7083760579664,35.463583084222229],[137.70837605806349,35.463708084222269],[137.70843855833226,35.463708084166669]]]},"properties":{"FID":153,"A31_201":"8505050237","A31_202":"阿智川","A31_203":20,"A31_204":"長野県","A31_205":1,"A31_206":" ","A31_207":" ","A31_208":" "}},{"type":"Feature","id":154,"geometry":{"type":"Polygon","coordinates":[[[137.70837605848413,35.464249750888897],[137.70825105794833,35.464249751000011],[137.70825105791582,35.464208084333364],[137.70837605845179,35.46420808422225],[137.70837605848413,35.464249750888897]]]},"properties":{"FID":154,"A31_201":"8505050237","A31_202":"阿智川","A31_203":20,"A31_204":"長野県","A31_205":1,"A31_206":" ","A31_207":" ","A31_208":" "}},{"type":"Feature","id":155,"geometry":{"type":"Polygon","coordinates":[[[137.75381377011442,35.43924970232905],[137.75362626912113,35.439249702566897],[137.75362626900778,35.439208035932047],[137.75381377000031,35.439208035694371],[137.75381377011442,35.43924970232905]]]},"properties":{"FID":155,"A31_201":"8505050237","A31_202":"阿智川","A31_203":20,"A31_204":"長野県","A31_205":2,"A31_206":" ","A31_207":" ","A31_208":" "}},{"type":"Feature","id":156,"geometry":{"type":"Polygon","coordinates":[[[137.75356376878997,35.439249702646215],[137.75343876812772,35.439249702804844],[137.75343876801526,35.439208036169816],[137.75356376867691,35.439208036011273],[137.75356376878997,35.439249702646215]]]},"properties":{"FID":156,"A31_201":"8505050237","A31_202":"阿智川","A31_203":20,"A31_204":"長野県","A31_205":2,"A31_206":" ","A31_207":" ","A31_208":" "}},{"type":"Feature","id":157,"geometry":{"type":"Polygon","coordinates":[[[137.75343876835279,35.439333036074999],[137.75331376768946,35.43933303623389],[137.75331376757745,35.439291369598678],[137.75343876824024,35.439291369439964],[137.75343876835279,35.439333036074999]]]},"properties":{"FID":157,"A31_201":"8505050237","A31_202":"阿智川","A31_203":20,"A31_204":"長野県","A31_205":2,"A31_206":" ","A31_207":" ","A31_208":" "}},{"type":"Feature","id":158,"geometry":{"type":"Polygon","coordinates":[[[137.75312626691667,35.43941636974305],[137.75312626680557,35.43937470310766],[137.75318876713749,35.439374703028172],[137.75318876724887,35.439416369663469],[137.75312626691667,35.43941636974305]]]},"properties":{"FID":158,"A31_201":"8505050237","A31_202":"阿智川","A31_203":20,"A31_204":"長野県","A31_205":2,"A31_206":" ","A31_207":" ","A31_208":" "}},{"type":"Feature","id":159,"geometry":{"type":"Polygon","coordinates":[[[137.75312626691667,35.43941636974305],[137.7531262670278,35.43945803637844],[137.75306376669533,35.439458036458106],[137.75306376658449,35.439416369822631],[137.75312626691667,35.43941636974305]]]},"properties":{"FID":159,"A31_201":"8505050237","A31_202":"阿智川","A31_203":20,"A31_204":"長野県","A31_205":2,"A31_206":" ","A31_207":" ","A31_208":" "}},{"type":"Feature","id":160,"geometry":{"type":"Polygon","coordinates":[[[137.74981375296164,35.440999706250025],[137.74975125261557,35.440999706333329],[137.74975125251859,35.440958039694394],[137.74968875217252,35.440958039777797],[137.74968875197882,35.440874706500004],[137.7497512523247,35.440874706416693],[137.74975125242167,35.440916373055543],[137.74981375276764,35.440916372972232],[137.74981375296164,35.440999706250025]]]},"properties":{"FID":160,"A31_201":"8505050237","A31_202":"阿智川","A31_203":20,"A31_204":"長野県","A31_205":2,"A31_206":" ","A31_207":" ","A31_208":" "}},{"type":"Feature","id":161,"geometry":{"type":"Polygon","coordinates":[[[137.74662623530995,35.440999710499952],[137.74656373496387,35.440999710583355],[137.74656373487045,35.44095804394442],[137.7466262352165,35.440958043861102],[137.74662623530995,35.440999710499952]]]},"properties":{"FID":161,"A31_201":"8505050237","A31_202":"阿智川","A31_203":20,"A31_204":"長野県","A31_205":2,"A31_206":" ","A31_207":" ","A31_208":" "}},{"type":"Feature","id":162,"geometry":{"type":"Polygon","coordinates":[[[137.74650123480444,35.44108304394446],[137.74650123471108,35.441041377305517],[137.74656373505732,35.441041377222206],[137.74656373515066,35.441083043861141],[137.74650123480444,35.44108304394446]]]},"properties":{"FID":162,"A31_201":"8505050237","A31_202":"阿智川","A31_203":20,"A31_204":"長野県","A31_205":2,"A31_206":" ","A31_207":" ","A31_208":" "}},{"type":"Feature","id":163,"geometry":{"type":"Polygon","coordinates":[[[137.74650123480444,35.44108304394446],[137.74650123489778,35.44112471058331],[137.74643873455148,35.441124710666706],[137.74643873473798,35.441208043944407],[137.74637623439148,35.441208044027803],[137.74637623429831,35.441166377388868],[137.74606373256634,35.441166377805516],[137.74606373238063,35.441083044527815],[137.74618873307318,35.4410830443611],[137.74618873298019,35.44104137772225],[137.74643873436494,35.441041377388913],[137.7464387344582,35.441083044027764],[137.74650123480444,35.44108304394446]]]},"properties":{"FID":163,"A31_201":"8505050237","A31_202":"阿智川","A31_203":20,"A31_204":"長野県","A31_205":2,"A31_206":" ","A31_207":" ","A31_208":" "}},{"type":"Feature","id":164,"geometry":{"type":"Polygon","coordinates":[[[137.75306376669533,35.439458036458106],[137.75306376691691,35.439541369729056],[137.75281376558468,35.439541370048268],[137.75281376569444,35.439583036684013],[137.7527512653611,35.439583036763857],[137.75275126601773,35.439833036578932],[137.75268876568276,35.439833036659131],[137.75268876601024,35.439958036566892],[137.75262626567439,35.439958036647354],[137.75262626589219,35.440041369919285],[137.75256376555581,35.440041369999932],[137.75256376577306,35.440124703272033],[137.75262626610996,35.440124703191216],[137.75262626600107,35.440083036555293],[137.75281376701108,35.440083036313176],[137.75281376723055,35.440166369584745],[137.75287626756773,35.440166369503928],[137.75287626789776,35.440291369410971],[137.75293876823582,35.440291369329884],[137.75293876845637,35.44037470260119],[137.75287626811777,35.440374702682362],[137.75287626855777,35.440541369225159],[137.75281376821803,35.440541369306601],[137.75281376854718,35.440666369213915],[137.75275126820662,35.440666369295542],[137.75275126864443,35.440833035838864],[137.75268876830279,35.440833035920839],[137.75268876841196,35.440874702556755],[137.75262626807,35.440874702638737],[137.75262626850557,35.441041369182592],[137.75256376816253,35.441041369264923],[137.75256376881418,35.441291369081156],[137.75250126846944,35.441291369163842],[137.75250126879445,35.441416369072222],[137.75243876844891,35.441416369155093],[137.75243876855691,35.441458035791271],[137.75225126751945,35.441458036040231],[137.75225126762666,35.44149970267668],[137.75156376381946,35.441499703590267],[137.75156376371527,35.441458036953101],[137.7514387630236,35.441458037119105],[137.75143876312725,35.44149970375635],[137.75131376243496,35.441499703922531],[137.75131376233193,35.441458037285102],[137.75125126198617,35.441458037368058],[137.75125126188331,35.441416370730536],[137.75118876153778,35.441416370813499],[137.75118876133271,35.441333037538371],[137.7511262609878,35.441333037621149],[137.75112626088557,35.44129137098345],[137.75106376054077,35.441291371066143],[137.75106376043888,35.441249704428444],[137.75100126009443,35.441249704511137],[137.75100125989113,35.441166371235568],[137.75093875954721,35.441166371318076],[137.75093875934442,35.441083038042336],[137.75087625900113,35.441083038124759],[137.75087625879888,35.44099970484892],[137.75093875914166,35.440999704766675],[137.75093875873611,35.440833038215274],[137.7508137580528,35.440833038379139],[137.75081375785109,35.440749705103215],[137.75075125751002,35.440749705185013],[137.75075125740938,35.440708038546965],[137.7508762580911,35.440708038383448],[137.75087625788888,35.440624705107616],[137.7508137575486,35.440624705189236],[137.75081375744779,35.440583038551281],[137.75087625778781,35.44058303846974],[137.75087625768663,35.440541371831785],[137.75100125836613,35.440541371668886],[137.75100125907784,35.440833038133292],[137.75106375941942,35.440833038051402],[137.7510637595214,35.440874704689094],[137.75112625986338,35.440874704607118],[137.75112626006774,35.440958037882332],[137.75118876041023,35.440958037800172],[137.75118876051275,35.440999704437786],[137.75125126085558,35.440999704355534],[137.75125126095836,35.441041370993055],[137.75131376130139,35.441041370910725],[137.75131376140442,35.441083037548239],[137.75137626174779,35.441083037465816],[137.75137626185111,35.44112470410316],[137.75143876219468,35.441124704020737],[137.75143876229833,35.441166370658074],[137.75150126264217,35.441166370575559],[137.75150126253834,35.441124703938314],[137.75156376288197,35.441124703855891],[137.75156376225698,35.440874704033],[137.751501261915,35.440874704114975],[137.75150126160335,35.440749704203313],[137.75156376194442,35.440749704121515],[137.75156376027775,35.440083037927081],[137.75231376431779,35.440083036958704],[137.75231376421021,35.440041370322433],[137.75237626454668,35.440041370241786],[137.75237626443885,35.439999703605508],[137.75243876477498,35.439999703524947],[137.75243876488307,35.44004137016114],[137.75250126521942,35.440041370080579],[137.75250126511108,35.439999703444393],[137.75256376544726,35.439999703363924],[137.75256376512141,35.439874703455722],[137.75262626545663,35.43987470337543],[137.75262626480335,35.439624703559559],[137.75268876513698,35.439624703479623],[137.75268876491859,35.439541370207877],[137.75275126525167,35.439541370128026],[137.75275126514214,35.439499703492196],[137.75293876614052,35.439499703253006],[137.7529387660303,35.439458036617445],[137.75306376669533,35.439458036458106]],[[137.75150126326557,35.441416370398898],[137.75150126316166,35.441374703761639],[137.75137626247113,35.44137470392738],[137.75137626257444,35.441416370564717],[137.75150126326557,35.441416370398898]]]},"properties":{"FID":164,"A31_201":"8505050237","A31_202":"阿智川","A31_203":20,"A31_204":"長野県","A31_205":2,"A31_206":" ","A31_207":" ","A31_208":" "}},{"type":"Feature","id":165,"geometry":{"type":"Polygon","coordinates":[[[137.75012625641719,35.441833038666694],[137.75006375606972,35.441833038750005],[137.75006375602797,35.441791372097214],[137.75012625637544,35.441791372013896],[137.75012625641719,35.441833038666694]]]},"properties":{"FID":165,"A31_201":"8505050237","A31_202":"阿智川","A31_203":20,"A31_204":"長野県","A31_205":2,"A31_206":" ","A31_207":" ","A31_208":" "}},{"type":"Feature","id":166,"geometry":{"type":"Polygon","coordinates":[[[137.74981375468053,35.441833039083335],[137.74975125433332,35.441833039166653],[137.74975125429165,35.441791372513855],[137.74981375463886,35.441791372430544],[137.74981375468053,35.441833039083335]]]},"properties":{"FID":166,"A31_201":"8505050237","A31_202":"阿智川","A31_203":20,"A31_204":"長野県","A31_205":2,"A31_206":" ","A31_207":" ","A31_208":" "}},{"type":"Feature","id":167,"geometry":{"type":"Polygon","coordinates":[[[137.74618873428199,35.441624710666687],[137.74618873437498,35.441666377305538],[137.74618873454162,35.441833043916631],[137.74612623419441,35.441833044000028],[137.7461262341111,35.441749710694438],[137.74606373376389,35.441749710777749],[137.74606373372222,35.441708044124951],[137.74600123337501,35.441708044208355],[137.74600123333329,35.441666377555563],[137.74600123324055,35.441624710916621],[137.74593873289342,35.441624711000017],[137.74593873261526,35.441499711083296],[137.7458762322683,35.441499711166692],[137.74587623245358,35.441583044444393],[137.74575123175944,35.441583044611107],[137.74575123166699,35.441541377972257],[137.74568873131994,35.441541378055561],[137.74568873122749,35.441499711416625],[137.74562623088053,35.441499711500029],[137.74562623051105,35.441333044944443],[137.74556373016446,35.441333045027761],[137.74556372997989,35.441249711749968],[137.7456887306729,35.441249711583346],[137.74568873076535,35.441291378222196],[137.7459387321517,35.441291377888859],[137.74593873205899,35.441249711250009],[137.74600123240558,35.441249711166613],[137.74600123231275,35.441208044527762],[137.74606373265925,35.441208044444451],[137.74606373284487,35.441291377722237],[137.74612623319155,35.441291377638841],[137.74612623328446,35.441333044277783],[137.74618873363104,35.441333044194465],[137.74618873372404,35.441374710833315],[137.7462512340708,35.441374710750011],[137.74625123397783,35.441333044111069],[137.74631373432442,35.441333044027758],[137.74631373413814,35.441249710749972],[137.74637623448473,35.441249710666654],[137.74637623476426,35.441374710583297],[137.74631373441758,35.441374710666693],[137.74631373460383,35.441458043944394],[137.74625123425696,35.441458044027797],[137.74625123462911,35.441624710583284],[137.74618873428199,35.441624710666687],[137.74618873409602,35.441541377388901],[137.74612623374898,35.441541377472205],[137.74612623393489,35.441624710749998],[137.74618873428199,35.441624710666687]]]},"properties":{"FID":167,"A31_201":"8505050237","A31_202":"阿智川","A31_203":20,"A31_204":"長野県","A31_205":2,"A31_206":" ","A31_207":" ","A31_208":" "}},{"type":"Feature","id":168,"geometry":{"type":"Polygon","coordinates":[[[137.75018875680658,35.441874705236089],[137.75012625645903,35.4418747053194],[137.75012625641719,35.441833038666694],[137.75018875676474,35.441833038583297],[137.75018875680658,35.441874705236089]]]},"properties":{"FID":168,"A31_201":"8505050237","A31_202":"阿智川","A31_203":20,"A31_204":"長野県","A31_205":2,"A31_206":" ","A31_207":" ","A31_208":" "}},{"type":"Feature","id":169,"geometry":{"type":"Polygon","coordinates":[[[137.74443872486114,35.441874712902759],[137.74437622451387,35.441874712986063],[137.74437622447221,35.441833046333358],[137.74431372412499,35.441833046416676],[137.74431372408333,35.441791379763878],[137.74425122373611,35.441791379847189],[137.74425122365273,35.441708046541692],[137.74431372400002,35.441708046458288],[137.74431372404169,35.441749713111079],[137.74443872473609,35.441749712944457],[137.74443872486114,35.441874712902759]]]},"properties":{"FID":169,"A31_201":"8505050237","A31_202":"阿智川","A31_203":20,"A31_204":"長野県","A31_205":2,"A31_206":" ","A31_207":" ","A31_208":" "}},{"type":"Feature","id":170,"geometry":{"type":"Polygon","coordinates":[[[137.74968875406941,35.441916372555553],[137.74968875402777,35.441874705902755],[137.74975125437496,35.441874705819444],[137.74975125441662,35.441916372472235],[137.74968875406941,35.441916372555553]]]},"properties":{"FID":170,"A31_201":"8505050237","A31_202":"阿智川","A31_203":20,"A31_204":"長野県","A31_205":2,"A31_206":" ","A31_207":" ","A31_208":" "}},{"type":"Feature","id":171,"geometry":{"type":"Polygon","coordinates":[[[137.75018875680658,35.441874705236089],[137.75037625784927,35.441874704986063],[137.75037625789139,35.441916371638861],[137.75068875962955,35.44191637122222],[137.75068875967202,35.441958037875011],[137.75075126001974,35.4419580377917],[137.7507512600622,35.441999704444406],[137.75043875832333,35.441999704861139],[137.75043875828121,35.441958038208341],[137.75031375758573,35.441958038374963],[137.75031375754372,35.441916371722172],[137.7501887568485,35.44191637188888],[137.75018875680658,35.441874705236089]]]},"properties":{"FID":171,"A31_201":"8505050237","A31_202":"阿智川","A31_203":20,"A31_204":"長野県","A31_205":2,"A31_206":" ","A31_207":" ","A31_208":" "}},{"type":"Feature","id":172,"geometry":{"type":"Polygon","coordinates":[[[137.74968875406941,35.441916372555553],[137.74968875411108,35.441958039208345],[137.74962625376386,35.441958039291656],[137.7496262538055,35.441999705944454],[137.74912625102775,35.441999706611114],[137.74912625098611,35.441958039958323],[137.74887624959717,35.441958040291652],[137.74887624955551,35.441916373638861],[137.74837624677775,35.441916374305528],[137.74837624673611,35.44187470765273],[137.74825124604169,35.441874707819444],[137.74825124600002,35.441833041166646],[137.74818874565273,35.441833041249964],[137.74818874561109,35.441791374597166],[137.74806374491666,35.441791374763881],[137.748063744875,35.441749708111082],[137.74800124452781,35.441749708194479],[137.74800124448606,35.441708041541688],[137.74793874413885,35.441708041624999],[137.74793874409718,35.441666374972201],[137.747313740625,35.441666375805582],[137.74731374066667,35.441708042458288],[137.74725124031946,35.441708042541691],[137.74725124036112,35.441749709194482],[137.74718874001391,35.441749709277794],[137.74718874009722,35.441833042583298],[137.74712623975,35.441833042666694],[137.74712623979167,35.4418747093194],[137.74706373944446,35.441874709402796],[137.74706373948612,35.441916376055595],[137.7469387387917,35.441916376222217],[137.74693873883336,35.441958042875015],[137.74681373813885,35.441958043041637],[137.74681373801388,35.441833043083335],[137.7468762383611,35.441833043000031],[137.74687623831943,35.441791376347233],[137.74693873866664,35.441791376263922],[137.74693873862498,35.44174970961113],[137.74700123897219,35.441749709527812],[137.74700123888888,35.44166637622223],[137.74700123879501,35.441624709583287],[137.7473137405307,35.441624709166646],[137.74731374043654,35.441583042527796],[137.74737624078358,35.441583042444393],[137.74737624087788,35.441624709083328],[137.74762624226648,35.441624708749998],[137.74762624217186,35.441583042111063],[137.74750124147781,35.44158304227777],[137.7475012413833,35.44154137563892],[137.74718873964824,35.441541376055568],[137.74718873974231,35.441583042694418],[137.74712623939527,35.441583042777722],[137.74712623920723,35.441499709500022],[137.74725123990112,35.441499709333314],[137.7472512398069,35.441458042694464],[137.74731374015383,35.44145804261106],[137.74731373996536,35.44137470933336],[137.74737624031204,35.441374709249963],[137.74737624012349,35.44129137597217],[137.74743874047007,35.441291375888866],[137.74743874028132,35.441208042611073],[137.74750124062774,35.441208042527762],[137.74750124053332,35.441166375888912],[137.74756374087966,35.441166375805508],[137.74756374078515,35.441124709166658],[137.74762624113154,35.441124709083354],[137.74762624103695,35.441083042444411],[137.7476887413832,35.4410830423611],[137.74768874119391,35.440999709083314],[137.74775124153999,35.440999708999996],[137.74775124144529,35.440958042361061],[137.74781374179128,35.440958042277749],[137.74781374169649,35.440916375638899],[137.74787624204245,35.440916375555588],[137.74787624194761,35.440874708916652],[137.74793874229357,35.440874708833334],[137.7479387423885,35.440916375472185],[137.74806374308037,35.440916375305562],[137.74806374317546,35.440958041944413],[137.74812624352154,35.440958041861109],[137.74812624342633,35.440916375222258],[137.74818874377237,35.440916375138855],[137.74818874367716,35.440874708500004],[137.74831374436891,35.440874708333297],[137.74831374427362,35.440833041694447],[137.74837624461941,35.440833041611128],[137.74837624452402,35.440791374972193],[137.74856374556128,35.440791374722259],[137.74856374546573,35.440749708083317],[137.74862624581141,35.440749708000013],[137.74862624571568,35.44070804136107],[137.74918874882633,35.440708040611092],[137.74918874892262,35.440749707250035],[137.74943875030542,35.440749706916698],[137.74943875040196,35.440791373555548],[137.74937625005626,35.440791373638859],[137.74937625015272,35.440833040277795],[137.74918874911526,35.440833040527735],[137.74918874921156,35.440874707166671],[137.74912624886565,35.440874707249982],[137.74912624896194,35.440916373888925],[137.7488762475781,35.440916374222255],[137.74887624767399,35.440958040861105],[137.74881374732794,35.440958040944416],[137.74881374742387,35.440999707583359],[137.74875124707773,35.440999707666663],[137.74875124717357,35.441041374305513],[137.74862624648128,35.441041374472228],[137.74862624638553,35.440999707833285],[137.74856374603939,35.440999707916689],[137.74856374594381,35.440958041277753],[137.74837624490567,35.440958041527772],[137.74837624500114,35.440999708166622],[137.74825124430885,35.440999708333337],[137.74825124440414,35.441041374972187],[137.74818874405801,35.441041375055583],[137.74818874415314,35.441083041694434],[137.74806374346068,35.441083041861148],[137.74806374355572,35.441124708499999],[137.74818874424835,35.441124708333376],[137.74818874434357,35.441166374972227],[137.74825124468998,35.441166374888908],[137.74825124478528,35.441208041527759],[137.74831374513167,35.441208041444455],[137.74831374484569,35.441083041527811],[137.74837624519193,35.441083041444415],[137.74837624509652,35.441041374805565],[137.74856374613506,35.441041374555539],[137.74856374632628,35.441124707833325],[137.74862624667267,35.441124707750021],[137.74862624676834,35.441166374388871],[137.74875124746106,35.441166374222249],[137.74875124736525,35.441124707583306],[137.74881374771164,35.441124707499995],[137.74881374761571,35.441083040861145],[137.74887624796196,35.441083040777741],[137.74887624786595,35.441041374138891],[137.74900124855833,35.441041373972183],[137.74900124875052,35.441124707249969],[137.74912624944315,35.441124707083347],[137.74912624953944,35.441166373722197],[137.74918874988583,35.441166373638893],[137.74918874998212,35.441208040277743],[137.74943875136793,35.441208039944406],[137.74943875146457,35.441249706583349],[137.74962625250416,35.441249706333323],[137.74962625269779,35.441333039611109],[137.74975125339114,35.441333039444402],[137.74975125310024,35.441208039527766],[137.74981375344674,35.441208039444447],[137.74981375325268,35.441124706166661],[137.74987625359901,35.44112470608335],[137.74987625350192,35.441083039444408],[137.74981375315571,35.441083039527811],[137.74981375296164,35.440999706250025],[137.74987625330778,35.440999706166622],[137.74987625340486,35.441041372805557],[137.749938753751,35.441041372722253],[137.74993875394532,35.441124706000039],[137.75000125429165,35.441124705916636],[137.75000125438891,35.441166372555578],[137.75006375473274,35.441166372473063],[137.75006375483025,35.441208039111828],[137.75012625517445,35.44120803902932],[137.75012625537002,35.441291372306836],[137.75006375502531,35.441291372389529],[137.75006375492779,35.441249705750678],[137.75000125458331,35.441249705833279],[137.75000125468057,35.441291372472222],[137.7499387543339,35.441291372555526],[137.74993875491683,35.441541372388897],[137.75000125526384,35.441541372305586],[137.75000125555553,35.44166637222223],[137.75006375590274,35.441666372138911],[137.75006375602797,35.441791372097214],[137.75000125568059,35.441791372180518],[137.75000125563892,35.441749705527812],[137.74987625494441,35.441749705694434],[137.74987625490277,35.441708039041643],[137.74975125420835,35.441708039208351],[137.74975125424999,35.441749705861149],[137.7496887539028,35.44174970594446],[137.74968875394444,35.441791372597166],[137.74962625359723,35.441791372680569],[137.74962625363889,35.44183303933336],[137.74956375329168,35.441833039416672],[137.74956375333335,35.44187470606947],[137.74950125298614,35.441874706152774],[137.7495012530278,35.441916372805572],[137.74943875268048,35.441916372888883],[137.74943875272223,35.441958039541674],[137.74950125306944,35.44195803945837],[137.7495012530278,35.441916372805572],[137.74968875406941,35.441916372555553]],[[137.74818874472442,35.441333041527798],[137.74818874501005,35.441458041444442],[137.74831374570377,35.441458041277727],[137.74831374541776,35.441333041361091],[137.74818874472442,35.441333041527798]],[[137.74793874295801,35.441166375305556],[137.74793874305297,35.441208041944407],[137.74787624270647,35.44120804202781],[137.74787624289627,35.441291375305596],[137.74800124358944,35.441291375138888],[137.74800124330443,35.441166375222245],[137.74793874295801,35.441166375305556]]]},"properties":{"FID":172,"A31_201":"8505050237","A31_202":"阿智川","A31_203":20,"A31_204":"長野県","A31_205":2,"A31_206":" ","A31_207":" ","A31_208":" "}},{"type":"Feature","id":173,"geometry":{"type":"Polygon","coordinates":[[[137.74575123175944,35.441583044611107],[137.74575123194444,35.441666377888893],[137.74575123198611,35.441708044541684],[137.74568873163889,35.441708044625003],[137.74568873176386,35.441833044583291],[137.74575123211105,35.441833044499987],[137.74575123215271,35.441874711152778],[137.74581373250001,35.441874711069467],[137.74581373262498,35.441999711027762],[137.74575123227777,35.441999711111073],[137.7457512322361,35.441958044458367],[137.74568873188892,35.441958044541678],[137.74568873184725,35.441916377888887],[137.74550123080553,35.441916378138906],[137.7455012308472,35.441958044791704],[137.74537623015277,35.441958044958326],[137.74537623011111,35.441916378305528],[137.74543873045832,35.441916378222217],[137.74543873029162,35.441749711611124],[137.74550123063884,35.441749711527819],[137.74550123059717,35.441708044875021],[137.74556373094447,35.441708044791625],[137.7455637309028,35.441666378138919],[137.74556373081055,35.441624711499976],[137.74562623115764,35.441624711416665],[137.7456262309729,35.441541378138879],[137.74568873131994,35.441541378055561],[137.74568873141232,35.441583044694411],[137.74575123175944,35.441583044611107]]]},"properties":{"FID":173,"A31_201":"8505050237","A31_202":"阿智川","A31_203":20,"A31_204":"長野県","A31_205":2,"A31_206":" ","A31_207":" ","A31_208":" "}},{"type":"Feature","id":174,"geometry":{"type":"Polygon","coordinates":[[[137.74537623015277,35.441958044958326],[137.74537623019444,35.441999711611118],[137.74531372984723,35.441999711694429],[137.74531372980556,35.44195804504163],[137.74537623015277,35.441958044958326]]]},"properties":{"FID":174,"A31_201":"8505050237","A31_202":"阿智川","A31_203":20,"A31_204":"長野県","A31_205":2,"A31_206":" ","A31_207":" ","A31_208":" "}},{"type":"Feature","id":175,"geometry":{"type":"Polygon","coordinates":[[[137.7508762608004,35.442041370930582],[137.75081376045259,35.442041371013886],[137.75081376040995,35.441999704361095],[137.75087626075776,35.441999704277784],[137.7508762608004,35.442041370930582]]]},"properties":{"FID":175,"A31_201":"8505050237","A31_202":"阿智川","A31_203":20,"A31_204":"長野県","A31_205":2,"A31_206":" ","A31_207":" ","A31_208":" "}},{"type":"Feature","id":176,"geometry":{"type":"Polygon","coordinates":[[[137.7508762608004,35.442041370930582],[137.75093876114823,35.442041370847178],[137.75093876119095,35.44208303749997],[137.75087626084303,35.442083037583373],[137.7508762608004,35.442041370930582]]]},"properties":{"FID":176,"A31_201":"8505050237","A31_202":"阿智川","A31_203":20,"A31_204":"長野県","A31_205":2,"A31_206":" ","A31_207":" ","A31_208":" "}},{"type":"Feature","id":177,"geometry":{"type":"Polygon","coordinates":[[[137.74531372993053,35.442083045000018],[137.74518872923611,35.44208304516664],[137.74518872919438,35.442041378513849],[137.74531372988889,35.442041378347227],[137.74531372993053,35.442083045000018]]]},"properties":{"FID":177,"A31_201":"8505050237","A31_202":"阿智川","A31_203":20,"A31_204":"長野県","A31_205":2,"A31_206":" ","A31_207":" ","A31_208":" "}},{"type":"Feature","id":178,"geometry":{"type":"Polygon","coordinates":[[[137.7510637619296,35.442124703986053],[137.75100126158168,35.442124704069457],[137.75100126153887,35.442083037416666],[137.7510637618868,35.442083037333347],[137.7510637619296,35.442124703986053]]]},"properties":{"FID":178,"A31_201":"8505050237","A31_202":"阿智川","A31_203":20,"A31_204":"長野県","A31_205":2,"A31_206":" ","A31_207":" ","A31_208":" "}},{"type":"Feature","id":179,"geometry":{"type":"Polygon","coordinates":[[[137.75131376336472,35.442166370305515],[137.75112626232053,35.44216637055554],[137.75112626227761,35.442124703902749],[137.75131376332163,35.442124703652723],[137.75131376336472,35.442166370305515]]]},"properties":{"FID":179,"A31_201":"8505050237","A31_202":"阿智川","A31_203":20,"A31_204":"長野県","A31_205":2,"A31_206":" ","A31_207":" ","A31_208":" "}},{"type":"Feature","id":180,"geometry":{"type":"Polygon","coordinates":[[[137.74512622897223,35.442166378555541],[137.74512622893056,35.44212471190275],[137.74518872927777,35.442124711819432],[137.74518872931944,35.44216637847223],[137.74512622897223,35.442166378555541]]]},"properties":{"FID":180,"A31_201":"8505050237","A31_202":"阿智川","A31_203":20,"A31_204":"長野県","A31_205":2,"A31_206":" ","A31_207":" ","A31_208":" "}},{"type":"Feature","id":181,"geometry":{"type":"Polygon","coordinates":[[[137.74437622480554,35.442166379555545],[137.74431372445832,35.442166379638849],[137.7443137242083,35.441916379722173],[137.74450122524993,35.441916379472239],[137.74450122541663,35.442083046083326],[137.74443872506944,35.442083046166644],[137.74443872511108,35.442124712819435],[137.74437622476387,35.442124712902746],[137.74437622480554,35.442166379555545]]]},"properties":{"FID":181,"A31_201":"8505050237","A31_202":"阿智川","A31_203":20,"A31_204":"長野県","A31_205":2,"A31_206":" ","A31_207":" ","A31_208":" "}},{"type":"Feature","id":182,"geometry":{"type":"Polygon","coordinates":[[[137.75131376336472,35.442166370305515],[137.75137626371273,35.442166370222211],[137.75137626375599,35.442208036875002],[137.75131376340789,35.442208036958313],[137.75131376336472,35.442166370305515]]]},"properties":{"FID":182,"A31_201":"8505050237","A31_202":"阿智川","A31_203":20,"A31_204":"長野県","A31_205":2,"A31_206":" ","A31_207":" ","A31_208":" "}},{"type":"Feature","id":183,"geometry":{"type":"Polygon","coordinates":[[[137.74325121868057,35.442291381013881],[137.74318871833336,35.442291381097192],[137.74318871829169,35.442249714444401],[137.7432512186389,35.442249714361083],[137.74325121868057,35.442291381013881]]]},"properties":{"FID":183,"A31_201":"8505050237","A31_202":"阿智川","A31_203":20,"A31_204":"長野県","A31_205":2,"A31_206":" ","A31_207":" ","A31_208":" "}},{"type":"Feature","id":184,"geometry":{"type":"Polygon","coordinates":[[[137.74331371906942,35.442333047583361],[137.74325121872221,35.442333047666679],[137.74325121868057,35.442291381013881],[137.74331371902778,35.44229138093057],[137.74331371906942,35.442333047583361]]]},"properties":{"FID":184,"A31_201":"8505050237","A31_202":"阿智川","A31_203":20,"A31_204":"長野県","A31_205":2,"A31_206":" ","A31_207":" ","A31_208":" "}},{"type":"Feature","id":185,"geometry":{"type":"Polygon","coordinates":[[[137.74437622480554,35.442166379555545],[137.74462622619447,35.442166379222208],[137.74462622623611,35.442208045875006],[137.74468872658332,35.442208045791688],[137.74468872662499,35.442249712444394],[137.7447512269722,35.44224971236109],[137.74475122709725,35.44237471231947],[137.74450122570832,35.442374712652807],[137.74450122566665,35.442333046000009],[137.74443872531947,35.44233304608332],[137.74443872523614,35.442249712777731],[137.74437622488884,35.442249712861127],[137.74437622480554,35.442166379555545]]]},"properties":{"FID":185,"A31_201":"8505050237","A31_202":"阿智川","A31_203":20,"A31_204":"長野県","A31_205":2,"A31_206":" ","A31_207":" ","A31_208":" "}},{"type":"Feature","id":186,"geometry":{"type":"Polygon","coordinates":[[[137.74331371906942,35.442333047583361],[137.74343871976384,35.442333047416653],[137.74343871980551,35.442374714069445],[137.74331371911109,35.442374714236067],[137.74331371906942,35.442333047583361]]]},"properties":{"FID":186,"A31_201":"8505050237","A31_202":"阿智川","A31_203":20,"A31_204":"長野県","A31_205":2,"A31_206":" ","A31_207":" ","A31_208":" "}},{"type":"Feature","id":187,"geometry":{"type":"Polygon","coordinates":[[[137.74512622897223,35.442166378555541],[137.74512622901386,35.442208045208332],[137.74518872936108,35.442208045125028],[137.74518872944441,35.442291378430525],[137.74525122979168,35.442291378347214],[137.74525122987501,35.442374711652803],[137.74512622918058,35.442374711819426],[137.74512622922225,35.442416378472217],[137.74487622783332,35.442416378805554],[137.74487622779165,35.442374712152755],[137.74481372744447,35.442374712236159],[137.7448137274028,35.442333045583368],[137.74487622775001,35.442333045499964],[137.74487622770835,35.442291378847258],[137.74500122840277,35.442291378680551],[137.74500122831947,35.442208045374954],[137.74506372866665,35.44220804529165],[137.74506372862501,35.442166378638852],[137.74512622897223,35.442166378555541]]]},"properties":{"FID":187,"A31_201":"8505050237","A31_202":"阿智川","A31_203":20,"A31_204":"長野県","A31_205":2,"A31_206":" ","A31_207":" ","A31_208":" "}},{"type":"Feature","id":188,"geometry":{"type":"Polygon","coordinates":[[[137.7403137026528,35.442583051499952],[137.74031370261108,35.442541384847246],[137.74043870330559,35.442541384680538],[137.74043870326392,35.442499718027747],[137.74056370395834,35.442499717861125],[137.74056370399998,35.442541384513916],[137.74050120365277,35.442541384597227],[137.74050120369444,35.442583051250026],[137.7403137026528,35.442583051499952]]]},"properties":{"FID":188,"A31_201":"8505050237","A31_202":"阿智川","A31_203":20,"A31_204":"長野県","A31_205":2,"A31_206":" ","A31_207":" ","A31_208":" "}},{"type":"Feature","id":189,"geometry":{"type":"Polygon","coordinates":[[[137.7403137026528,35.442583051499952],[137.74031370269438,35.44262471815275],[137.74025120234725,35.442624718236061],[137.74025120230561,35.442583051583355],[137.7403137026528,35.442583051499952]]]},"properties":{"FID":189,"A31_201":"8505050237","A31_202":"阿智川","A31_203":20,"A31_204":"長野県","A31_205":2,"A31_206":" ","A31_207":" ","A31_208":" "}},{"type":"Feature","id":190,"geometry":{"type":"Polygon","coordinates":[[[137.74687623919448,35.44266637605557],[137.74681373884715,35.442666376138874],[137.74681373855557,35.442374709569492],[137.74687623890279,35.442374709486089],[137.74687623919448,35.44266637605557]]]},"properties":{"FID":190,"A31_201":"8505050237","A31_202":"阿智川","A31_203":20,"A31_204":"長野県","A31_205":2,"A31_206":" ","A31_207":" ","A31_208":" "}},{"type":"Feature","id":191,"geometry":{"type":"Polygon","coordinates":[[[137.74025120234725,35.442624718236061],[137.74025120238892,35.442666384888852],[137.74018870204162,35.442666384972256],[137.74018870199995,35.442624718319465],[137.74025120234725,35.442624718236061]]]},"properties":{"FID":191,"A31_201":"8505050237","A31_202":"阿智川","A31_203":20,"A31_204":"長野県","A31_205":2,"A31_206":" ","A31_207":" ","A31_208":" "}},{"type":"Feature","id":192,"geometry":{"type":"Polygon","coordinates":[[[137.74018870204162,35.442666384972256],[137.74018870208334,35.442708051624962],[137.74012620173608,35.442708051708365],[137.74012620169441,35.442666385055567],[137.74018870204162,35.442666384972256]]]},"properties":{"FID":192,"A31_201":"8505050237","A31_202":"阿智川","A31_203":20,"A31_204":"長野県","A31_205":2,"A31_206":" ","A31_207":" ","A31_208":" "}},{"type":"Feature","id":193,"geometry":{"type":"Polygon","coordinates":[[[137.74012620173608,35.442708051708365],[137.74012620181946,35.442791385013862],[137.74006370147217,35.442791385097173],[137.7400637015138,35.442833051749972],[137.7398762004722,35.44283305199999],[137.73987620043053,35.442791385347192],[137.73993870077774,35.442791385263888],[137.7399387007361,35.44274971861109],[137.7400637014305,35.442749718444468],[137.74006370138886,35.442708051791669],[137.74012620173608,35.442708051708365]]]},"properties":{"FID":193,"A31_201":"8505050237","A31_202":"阿智川","A31_203":20,"A31_204":"長野県","A31_205":2,"A31_206":" ","A31_207":" ","A31_208":" "}},{"type":"Feature","id":194,"geometry":{"type":"Polygon","coordinates":[[[137.74450122616662,35.442833045833368],[137.74456372651392,35.442833045749964],[137.74456372655558,35.442874712402762],[137.74450122620829,35.442874712486073],[137.74450122616662,35.442833045833368]]]},"properties":{"FID":194,"A31_201":"8505050237","A31_202":"阿智川","A31_203":20,"A31_204":"長野県","A31_205":2,"A31_206":" ","A31_207":" ","A31_208":" "}},{"type":"Feature","id":195,"geometry":{"type":"Polygon","coordinates":[[[137.7398762004722,35.44283305199999],[137.73987620051383,35.442874718652789],[137.7395636987778,35.44287471906943],[137.73956369873616,35.442833052416631],[137.73975119977777,35.442833052166705],[137.73975119973613,35.442791385513907],[137.73981370008332,35.442791385430596],[137.73981370012498,35.442833052083301],[137.7398762004722,35.44283305199999]]]},"properties":{"FID":195,"A31_201":"8505050237","A31_202":"阿智川","A31_203":20,"A31_204":"長野県","A31_205":2,"A31_206":" ","A31_207":" ","A31_208":" "}},{"type":"Feature","id":196,"geometry":{"type":"Polygon","coordinates":[[[137.74475122763886,35.442916378805535],[137.74462622694443,35.442916378972242],[137.74462622690277,35.442874712319451],[137.74475122759719,35.442874712152744],[137.74475122763886,35.442916378805535]]]},"properties":{"FID":196,"A31_201":"8505050237","A31_202":"阿智川","A31_203":20,"A31_204":"長野県","A31_205":2,"A31_206":" ","A31_207":" ","A31_208":" "}},{"type":"Feature","id":197,"geometry":{"type":"Polygon","coordinates":[[[137.74475122763886,35.442916378805535],[137.74500122902776,35.442916378472205],[137.74500122906943,35.442958045124996],[137.74475122768052,35.442958045458326],[137.74475122763886,35.442916378805535]]]},"properties":{"FID":197,"A31_201":"8505050237","A31_202":"阿智川","A31_203":20,"A31_204":"長野県","A31_205":2,"A31_206":" ","A31_207":" ","A31_208":" "}},{"type":"Feature","id":198,"geometry":{"type":"Polygon","coordinates":[[[137.7395636987778,35.44287471906943],[137.73956369881947,35.442916385722228],[137.73950119847217,35.442916385805532],[137.73950119851389,35.44295805245833],[137.73937619781941,35.442958052624952],[137.73937619777774,35.442916385972246],[137.73943869812496,35.44291638588885],[137.73943869808329,35.442874719236144],[137.7395636987778,35.44287471906943]]]},"properties":{"FID":198,"A31_201":"8505050237","A31_202":"阿智川","A31_203":20,"A31_204":"長野県","A31_205":2,"A31_206":" ","A31_207":" ","A31_208":" "}},{"type":"Feature","id":199,"geometry":{"type":"Polygon","coordinates":[[[137.74693873987502,35.442999709194439],[137.74687623952769,35.442999709277743],[137.74687623948606,35.442958042624952],[137.74693873983335,35.44295804254164],[137.74693873987502,35.442999709194439]]]},"properties":{"FID":199,"A31_201":"8505050237","A31_202":"阿智川","A31_203":20,"A31_204":"長野県","A31_205":2,"A31_206":" ","A31_207":" ","A31_208":" "}},{"type":"Feature","id":200,"geometry":{"type":"Polygon","coordinates":[[[137.73937619781941,35.442958052624952],[137.7393761979028,35.443041385930542],[137.73931369755559,35.443041386013853],[137.7393136974722,35.442958052708349],[137.73937619781941,35.442958052624952]]]},"properties":{"FID":200,"A31_201":"8505050237","A31_202":"阿智川","A31_203":20,"A31_204":"長野県","A31_205":2,"A31_206":" ","A31_207":" ","A31_208":" "}},{"type":"Feature","id":201,"geometry":{"type":"Polygon","coordinates":[[[137.73918869690274,35.443083052833359],[137.73900119586111,35.443083053083292],[137.73900119581947,35.443041386430586],[137.73918869686108,35.443041386180568],[137.73918869690274,35.443083052833359]]]},"properties":{"FID":201,"A31_201":"8505050237","A31_202":"阿智川","A31_203":20,"A31_204":"長野県","A31_205":2,"A31_206":" ","A31_207":" ","A31_208":" "}},{"type":"Feature","id":202,"geometry":{"type":"Polygon","coordinates":[[[137.74693873999996,35.443124709152727],[137.74693873995832,35.443083042500021],[137.74700124030554,35.443083042416625],[137.74700124034726,35.443124709069423],[137.74693873999996,35.443124709152727]]]},"properties":{"FID":202,"A31_201":"8505050237","A31_202":"阿智川","A31_203":20,"A31_204":"長野県","A31_205":2,"A31_206":" ","A31_207":" ","A31_208":" "}},{"type":"Feature","id":203,"geometry":{"type":"Polygon","coordinates":[[[137.74693873999996,35.443124709152727],[137.74693874004163,35.443166375805525],[137.74687623969442,35.443166375888921],[137.74687623965275,35.44312470923613],[137.74693873999996,35.443124709152727]]]},"properties":{"FID":203,"A31_201":"8505050237","A31_202":"阿智川","A31_203":20,"A31_204":"長野県","A31_205":2,"A31_206":" ","A31_207":" ","A31_208":" "}},{"type":"Feature","id":204,"geometry":{"type":"Polygon","coordinates":[[[137.74687623969442,35.443166375888921],[137.74687623973608,35.443208042541627],[137.74681373938887,35.443208042625031],[137.7468137393472,35.44316637597224],[137.74687623969442,35.443166375888921]]]},"properties":{"FID":204,"A31_201":"8505050237","A31_202":"阿智川","A31_203":20,"A31_204":"長野県","A31_205":2,"A31_206":" ","A31_207":" ","A31_208":" "}},{"type":"Feature","id":205,"geometry":{"type":"Polygon","coordinates":[[[137.73875119459726,35.44320805337501],[137.73875119455559,35.443166386722211],[137.73887619525001,35.443166386555504],[137.73887619529165,35.443208053208295],[137.73875119459726,35.44320805337501]]]},"properties":{"FID":205,"A31_201":"8505050237","A31_202":"阿智川","A31_203":20,"A31_204":"長野県","A31_205":2,"A31_206":" ","A31_207":" ","A31_208":" "}},{"type":"Feature","id":206,"geometry":{"type":"Polygon","coordinates":[[[137.74675123916663,35.443333042666637],[137.74675123912496,35.443291376013846],[137.74681373947226,35.443291375930528],[137.74681373951393,35.443333042583326],[137.74675123916663,35.443333042666637]]]},"properties":{"FID":206,"A31_201":"8505050237","A31_202":"阿智川","A31_203":20,"A31_204":"長野県","A31_205":2,"A31_206":" ","A31_207":" ","A31_208":" "}},{"type":"Feature","id":207,"geometry":{"type":"Polygon","coordinates":[[[137.74675123916663,35.443333042666637],[137.74675123920827,35.443374709319428],[137.74668873886108,35.443374709402747],[137.7466887389028,35.443416376055538],[137.74662623855551,35.443416376138849],[137.7466262384722,35.443333042833345],[137.74675123916663,35.443333042666637]]]},"properties":{"FID":207,"A31_201":"8505050237","A31_202":"阿智川","A31_203":20,"A31_204":"長野県","A31_205":2,"A31_206":" ","A31_207":" ","A31_208":" "}},{"type":"Feature","id":208,"geometry":{"type":"Polygon","coordinates":[[[137.73875119459726,35.44320805337501],[137.73875119463889,35.443249720027808],[137.73881369498611,35.443249719944404],[137.73881369506941,35.443333053249994],[137.73875119472223,35.443333053333305],[137.73875119480553,35.443416386638894],[137.73856369376389,35.443416386888913],[137.73856369372226,35.443374720236122],[137.73862619406944,35.443374720152811],[137.73862619394447,35.44324972019443],[137.73868869429168,35.443249720111112],[137.73868869424996,35.443208053458321],[137.73875119459726,35.44320805337501]]]},"properties":{"FID":208,"A31_201":"8505050237","A31_202":"阿智川","A31_203":20,"A31_204":"長野県","A31_205":2,"A31_206":" ","A31_207":" ","A31_208":" "}},{"type":"Feature","id":209,"geometry":{"type":"Polygon","coordinates":[[[137.74662623855551,35.443416376138849],[137.74662623859726,35.443458042791647],[137.74656373825005,35.443458042874951],[137.74656373820829,35.443416376222245],[137.74662623855551,35.443416376138849]]]},"properties":{"FID":209,"A31_201":"8505050237","A31_202":"阿智川","A31_203":20,"A31_204":"長野県","A31_205":2,"A31_206":" ","A31_207":" ","A31_208":" "}},{"type":"Feature","id":210,"geometry":{"type":"Polygon","coordinates":[[[137.73856369376389,35.443416386888913],[137.73856369380556,35.443458053541619],[137.73850119345835,35.443458053625022],[137.73850119341668,35.443416386972231],[137.73856369376389,35.443416386888913]]]},"properties":{"FID":210,"A31_201":"8505050237","A31_202":"阿智川","A31_203":20,"A31_204":"長野県","A31_205":2,"A31_206":" ","A31_207":" ","A31_208":" "}},{"type":"Feature","id":211,"geometry":{"type":"Polygon","coordinates":[[[137.73850119345835,35.443458053625022],[137.73850119349999,35.443499720277728],[137.7384386931528,35.443499720361132],[137.73843869311114,35.443458053708333],[137.73850119345835,35.443458053625022]]]},"properties":{"FID":211,"A31_201":"8505050237","A31_202":"阿智川","A31_203":20,"A31_204":"長野県","A31_205":2,"A31_206":" ","A31_207":" ","A31_208":" "}},{"type":"Feature","id":212,"geometry":{"type":"Polygon","coordinates":[[[137.74656373825005,35.443458042874951],[137.74656373833335,35.443541376180548],[137.74650123798608,35.443541376263852],[137.74650123790275,35.443458042958355],[137.74656373825005,35.443458042874951]]]},"properties":{"FID":212,"A31_201":"8505050237","A31_202":"阿智川","A31_203":20,"A31_204":"長野県","A31_205":2,"A31_206":" ","A31_207":" ","A31_208":" "}},{"type":"Feature","id":213,"geometry":{"type":"Polygon","coordinates":[[[137.74637623741663,35.443666376388862],[137.74637623737496,35.443624709736071],[137.74643873772226,35.443624709652752],[137.74643873768059,35.443583042999961],[137.74656373837502,35.443583042833339],[137.74656373845832,35.443666376138928],[137.74637623741663,35.443666376388862]]]},"properties":{"FID":213,"A31_201":"8505050237","A31_202":"阿智川","A31_203":20,"A31_204":"長野県","A31_205":2,"A31_206":" ","A31_207":" ","A31_208":" "}},{"type":"Feature","id":214,"geometry":{"type":"Polygon","coordinates":[[[137.74637623741663,35.443666376388862],[137.74637623745835,35.443708043041653],[137.74631373711117,35.443708043124971],[137.74631373706941,35.443666376472265],[137.74637623741663,35.443666376388862]]]},"properties":{"FID":214,"A31_201":"8505050237","A31_202":"阿智川","A31_203":20,"A31_204":"長野県","A31_205":2,"A31_206":" ","A31_207":" ","A31_208":" "}},{"type":"Feature","id":215,"geometry":{"type":"Polygon","coordinates":[[[137.74631373711117,35.443708043124971],[137.7463137371528,35.443749709777762],[137.74625123680559,35.443749709861073],[137.74625123676384,35.443708043208368],[137.74631373711117,35.443708043124971]]]},"properties":{"FID":215,"A31_201":"8505050237","A31_202":"阿智川","A31_203":20,"A31_204":"長野県","A31_205":2,"A31_206":" ","A31_207":" ","A31_208":" "}},{"type":"Feature","id":216,"geometry":{"type":"Polygon","coordinates":[[[137.74031370377779,35.443708051124972],[137.74031370381942,35.443749717777763],[137.74025120347221,35.443749717861074],[137.74025120343057,35.443708051208368],[137.74031370377779,35.443708051124972]]]},"properties":{"FID":216,"A31_201":"8505050237","A31_202":"阿智川","A31_203":20,"A31_204":"長野県","A31_205":2,"A31_206":" ","A31_207":" ","A31_208":" "}},{"type":"Feature","id":217,"geometry":{"type":"Polygon","coordinates":[[[137.74625123680559,35.443749709861073],[137.74625123684726,35.443791376513872],[137.74618873649996,35.443791376597176],[137.74618873645829,35.44374970994447],[137.74625123680559,35.443749709861073]]]},"properties":{"FID":217,"A31_201":"8505050237","A31_202":"阿智川","A31_203":20,"A31_204":"長野県","A31_205":2,"A31_206":" ","A31_207":" ","A31_208":" "}},{"type":"Feature","id":218,"geometry":{"type":"Polygon","coordinates":[[[137.74618873649996,35.443791376597176],[137.74618873654163,35.443833043249974],[137.74593873515278,35.443833043583311],[137.74593873511111,35.443791376930513],[137.74618873649996,35.443791376597176]]]},"properties":{"FID":218,"A31_201":"8505050237","A31_202":"阿智川","A31_203":20,"A31_204":"長野県","A31_205":2,"A31_206":" ","A31_207":" ","A31_208":" "}},{"type":"Feature","id":219,"geometry":{"type":"Polygon","coordinates":[[[137.74025120347221,35.443749717861074],[137.74025120355554,35.443833051166663],[137.74018870320833,35.443833051249975],[137.740188703125,35.44374971794447],[137.74025120347221,35.443749717861074]]]},"properties":{"FID":219,"A31_201":"8505050237","A31_202":"阿智川","A31_203":20,"A31_204":"長野県","A31_205":2,"A31_206":" ","A31_207":" ","A31_208":" "}},{"type":"Feature","id":220,"geometry":{"type":"Polygon","coordinates":[[[137.74593873515278,35.443833043583311],[137.74593873519444,35.443874710236102],[137.74587623484723,35.443874710319413],[137.74587623480556,35.443833043666707],[137.74593873515278,35.443833043583311]]]},"properties":{"FID":220,"A31_201":"8505050237","A31_202":"阿智川","A31_203":20,"A31_204":"長野県","A31_205":2,"A31_206":" ","A31_207":" ","A31_208":" "}},{"type":"Feature","id":221,"geometry":{"type":"Polygon","coordinates":[[[137.74581373454168,35.443916377055515],[137.74575123419447,35.443916377138919],[137.74575123415281,35.443874710486128],[137.74581373450002,35.44387471040281],[137.74581373454168,35.443916377055515]]]},"properties":{"FID":221,"A31_201":"8505050237","A31_202":"阿智川","A31_203":20,"A31_204":"長野県","A31_205":2,"A31_206":" ","A31_207":" ","A31_208":" "}},{"type":"Feature","id":222,"geometry":{"type":"Polygon","coordinates":[[[137.74443872706942,35.444083045499987],[137.74431372637503,35.444083045666702],[137.74431372633336,35.444041379013903],[137.74443872702778,35.444041378847189],[137.74443872706942,35.444083045499987]]]},"properties":{"FID":222,"A31_201":"8505050237","A31_202":"阿智川","A31_203":20,"A31_204":"長野県","A31_205":2,"A31_206":" ","A31_207":" ","A31_208":" "}},{"type":"Feature","id":223,"geometry":{"type":"Polygon","coordinates":[[[137.74431372633336,35.444041379013903],[137.74425122598615,35.444041379097214],[137.74425122602781,35.444083045750006],[137.74400122463888,35.444083046083342],[137.74400122459724,35.444041379430544],[137.74393872425003,35.444041379513862],[137.74393872420836,35.443999712861064],[137.74387622386115,35.443999712944461],[137.74387622381948,35.443958046291669],[137.74381372347221,35.443958046374981],[137.74381372343055,35.443916379722182],[137.74375122308334,35.443916379805586],[137.74375122295837,35.443791379847198],[137.74368872261107,35.443791379930516],[137.7436887225694,35.443749713277811],[137.74362622222222,35.443749713361115],[137.74362622188886,35.443416380138849],[137.74356372154168,35.443416380222246],[137.74356372158331,35.443458046874952],[137.7435012212361,35.443458046958355],[137.74350122127777,35.443499713611061],[137.74343872093056,35.443499713694465],[137.74343872084725,35.443416380388868],[137.74337622049995,35.443416380472186],[137.74337622045829,35.44337471381948],[137.74331372011108,35.443374713902784],[137.74331371994447,35.443208047291698],[137.74325121959717,35.443208047375009],[137.7432512195555,35.443166380722218],[137.74300121816668,35.443166381055548],[137.74300121820832,35.443208047708339],[137.74281371716671,35.443208047958365],[137.74281371712505,35.443166381305574],[137.74275121677775,35.443166381388878],[137.74275121669444,35.443083048083295],[137.74262621600002,35.443083048250003],[137.74262621608332,35.443166381555592],[137.74256371573614,35.443166381638903],[137.74256371577778,35.443208048291694],[137.74237621473617,35.443208048541635],[137.74237621469442,35.443166381888837],[137.74187621191666,35.443166382555503],[137.741876211875,35.443124715902798],[137.74181371152778,35.443124715986109],[137.74181371156945,35.443166382638907],[137.74162621052773,35.443166382888926],[137.74162621048606,35.443124716236127],[137.74137620909724,35.443124716569464],[137.74137620888888,35.44291638330558],[137.74131370854167,35.442916383388891],[137.74131370858331,35.442958050041682],[137.74125120823612,35.442958050125],[137.74125120840282,35.443124716736087],[137.74112620770831,35.443124716902801],[137.74112620774997,35.443166383555592],[137.74106370740276,35.443166383638903],[137.74106370744443,35.443208050291702],[137.74093870675,35.443208050458324],[137.74093870691672,35.44337471706941],[137.74081370622221,35.443374717236125],[137.74081370626385,35.443416383888916],[137.74075120591664,35.443416383972227],[137.7407512059583,35.443458050625026],[137.74068870561109,35.44345805070833],[137.74068870565276,35.443499717361128],[137.74062620530555,35.443499717444439],[137.74062620538885,35.443583050750028],[137.74056370504164,35.44358305083334],[137.7405637050833,35.443624717486131],[137.74050120473609,35.443624717569449],[137.74050120477776,35.44366638422224],[137.74043870443055,35.443666384305551],[137.7404387044723,35.44370805095835],[137.74031370377779,35.443708051124972],[137.74031370369445,35.443624717819468],[137.74037620404167,35.443624717736071],[137.74037620400003,35.443583051083365],[137.74043870434724,35.443583050999962],[137.74043870430557,35.443541384347256],[137.74050120465279,35.443541384263852],[137.74050120461112,35.443499717611061],[137.74056370495833,35.44349971752775],[137.74056370487503,35.443416384222246],[137.74062620522224,35.44341638413885],[137.74062620518058,35.443374717486144],[137.74068870552779,35.443374717402747],[137.74068870548612,35.443333050750041],[137.74081370618055,35.443333050583327],[137.74081370605558,35.443208050625032],[137.74087620640279,35.443208050541628],[137.7408762063194,35.443124717236131],[137.7409387066667,35.443124717152727],[137.74093870662503,35.443083050500022],[137.74100120697224,35.443083050416625],[137.74100120693058,35.443041383763919],[137.74106370727779,35.443041383680523],[137.7410637071944,35.442958050375019],[137.7411262075417,35.442958050291622],[137.74112620750003,35.442916383638916],[137.74118870784724,35.442916383555513],[137.74118870776385,35.442833050250016],[137.74125120811107,35.442833050166698],[137.7412512080694,35.442791383513907],[137.74131370841661,35.442791383430595],[137.74131370837495,35.442749716777797],[137.74137620872224,35.442749716694401],[137.74137620868061,35.442708050041695],[137.74143870902779,35.442708049958298],[137.74143870898607,35.4426663833055],[137.74156370968058,35.442666383138878],[137.74156370963883,35.44262471648608],[137.74162620998612,35.442624716402776],[137.74162620990279,35.442541383097179],[137.74168871025,35.442541383013875],[137.74168871020836,35.442499716361077],[137.74175121055558,35.442499716277766],[137.74175121047224,35.442416382972176],[137.74181371081946,35.442416382888865],[137.74181371077771,35.442374716236074],[137.74193871147222,35.442374716069452],[137.74193871143058,35.442333049416654],[137.74200121177779,35.442333049333342],[137.74200121173612,35.442291382680551],[137.74206371208334,35.442291382597233],[137.74206371204167,35.442249715944442],[137.74212621238888,35.442249715861131],[137.74212621234722,35.442208049208332],[137.74225121304164,35.442208049041625],[137.742251213,35.442166382388919],[137.7423762136944,35.442166382222211],[137.74237621365276,35.442124715569413],[137.74287621643052,35.442124714902747],[137.74287621647215,35.442166381555538],[137.74300121716666,35.442166381388915],[137.74300121725,35.44224971469442],[137.74293871690278,35.442249714777731],[137.74293871694442,35.442291381430522],[137.74300121729163,35.442291381347218],[137.7430012173333,35.442333048000009],[137.74306371768051,35.442333047916698],[137.7430637177639,35.442416381222202],[137.74312621811112,35.442416381138884],[137.74312621815278,35.442458047791682],[137.74318871849999,35.442458047708286],[137.74318871854163,35.442499714361077],[137.74331371923614,35.442499714194454],[137.74331371927781,35.442541380847246],[137.74337621962502,35.442541380763849],[137.74337621974996,35.44266638072223],[137.74331371940275,35.442666380805548],[137.74331371944442,35.442708047458339],[137.74318871874999,35.442708047624961],[137.74318871900002,35.442958047541637],[137.74343872038887,35.442958047208307],[137.74343872043062,35.442999713861099],[137.74362622147223,35.44299971361108],[137.74362622143059,35.442958046958282],[137.7438137224722,35.442958046708355],[137.74381372251386,35.442999713361061],[137.74387622286108,35.442999713277743],[137.7438762229028,35.443041379930541],[137.74393872325001,35.44304137984723],[137.74393872316662,35.442958046541641],[137.74412622420834,35.442958046291622],[137.74412622408329,35.44283304633332],[137.74418872443059,35.442833046250016],[137.74418872434725,35.442749712944419],[137.74412622399996,35.442749713027737],[137.74412622395832,35.442708046375031],[137.74425122465271,35.442708046208317],[137.74425122469447,35.442749712861115],[137.7444387257361,35.442749712611089],[137.74443872577774,35.44279137926388],[137.74450122612495,35.442791379180576],[137.74450122616662,35.442833045833368],[137.74437622547219,35.44283304599999],[137.74437622551386,35.442874712652781],[137.74431372516665,35.442874712736099],[137.74431372533337,35.443041379347186],[137.74437622568058,35.443041379263875],[137.74437622563883,35.442999712611083],[137.74450122633334,35.442999712444461],[137.74450122645828,35.443124712402749],[137.74456372680561,35.443124712319445],[137.74456372693055,35.443249712277826],[137.74450122658334,35.443249712361137],[137.744501226625,35.443291379013843],[137.74437622593058,35.44329137918055],[137.74437622597225,35.443333045833349],[137.74431372562503,35.44333304591666],[137.74431372570834,35.443416379222249],[137.74425122536115,35.44341637930556],[137.74425122540279,35.443458045958351],[137.74418872505558,35.44345804604167],[137.74418872497219,35.443374712736073],[137.74412622462498,35.443374712819477],[137.74412622470837,35.443458046124974],[137.74418872505558,35.44345804604167],[137.74418872551388,35.44391637922223],[137.74412622516667,35.443916379305541],[137.74412622520833,35.44395804595834],[137.74418872555555,35.443958045875021],[137.74418872559721,35.443999712527727],[137.74431372629169,35.443999712361105],[137.74431372633336,35.444041379013903]],[[137.74368872206946,35.443249713444445],[137.74368872215277,35.443333046750041],[137.74375122249998,35.443333046666638],[137.74375122241668,35.443249713361141],[137.74368872206946,35.443249713444445]],[[137.74200121256942,35.44312471573609],[137.74200121240278,35.442958049124996],[137.74193871205557,35.442958049208308],[137.74193871222221,35.443124715819394],[137.74200121256942,35.44312471573609]],[[137.7416887107083,35.442999716194436],[137.74168871050003,35.442791382930551],[137.74162621015273,35.442791383013862],[137.7416262101944,35.44283304966666],[137.74156370984718,35.442833049749964],[137.74156370988885,35.442874716402763],[137.74150120954164,35.442874716486074],[137.74150120958336,35.442916383138865],[137.74156370993057,35.442916383055561],[137.74156370997224,35.442958049708352],[137.74162621031945,35.442958049624949],[137.74162621036112,35.442999716277747],[137.7416887107083,35.442999716194436]],[[137.74175121088891,35.442833049500038],[137.7418762115833,35.442833049333323],[137.74187621154167,35.442791382680525],[137.74181371119445,35.442791382763929],[137.74181371115279,35.442749716111138],[137.7417512108056,35.442749716194442],[137.74175121088891,35.442833049500038]]]},"properties":{"FID":223,"A31_201":"8505050237","A31_202":"阿智川","A31_203":20,"A31_204":"長野県","A31_205":2,"A31_206":" ","A31_207":" ","A31_208":" "}},{"type":"Feature","id":224,"geometry":{"type":"Polygon","coordinates":[[[137.74443872706942,35.444083045499987],[137.74456372776393,35.444083045333365],[137.7445637278056,35.444124711986071],[137.74443872711109,35.444124712152785],[137.74443872706942,35.444083045499987]]]},"properties":{"FID":224,"A31_201":"8505050237","A31_202":"阿智川","A31_203":20,"A31_204":"長野県","A31_205":2,"A31_206":" ","A31_207":" ","A31_208":" "}},{"type":"Feature","id":225,"geometry":{"type":"Polygon","coordinates":[[[137.74468872854166,35.444166378472246],[137.74468872850002,35.444124711819448],[137.74493872988884,35.444124711486111],[137.74493872984721,35.44408304483332],[137.74525123158332,35.444083044416672],[137.74525123154166,35.444041377763881],[137.74531373188887,35.44404137768057],[137.74531373184723,35.443999711027772],[137.74562623358335,35.443999710611131],[137.74562623362502,35.444041377263929],[137.74543873258338,35.444041377513855],[137.74543873262505,35.444083044166653],[137.74531373193054,35.444083044333368],[137.7453137319722,35.444124710986074],[137.74500123023614,35.444124711402807],[137.74500123027781,35.444166378055513],[137.74481372923609,35.444166378305532],[137.74481372927775,35.44420804495833],[137.74475122893054,35.444208045041634],[137.74475122888887,35.444166378388843],[137.74468872854166,35.444166378472246]]]},"properties":{"FID":225,"A31_201":"8505050237","A31_202":"阿智川","A31_203":20,"A31_204":"長野県","A31_205":2,"A31_206":" ","A31_207":" ","A31_208":" "}},{"type":"Feature","id":226,"geometry":{"type":"Polygon","coordinates":[[[137.74468872854166,35.444166378472246],[137.74468872858333,35.444208045125038],[137.7445637278889,35.44420804529166],[137.74456372784726,35.444166378638869],[137.74468872854166,35.444166378472246]]]},"properties":{"FID":226,"A31_201":"8505050237","A31_202":"阿智川","A31_203":20,"A31_204":"長野県","A31_205":2,"A31_206":" ","A31_207":" ","A31_208":" "}},{"type":"Feature","id":227,"geometry":{"type":"Polygon","coordinates":[[[137.73750118898613,35.44454138793057],[137.73750118906946,35.444624721236075],[137.73743868872714,35.444624721319471],[137.73743868864372,35.444541388013889],[137.73750118898613,35.44454138793057]]]},"properties":{"FID":227,"A31_201":"8505050237","A31_202":"阿智川","A31_203":20,"A31_204":"長野県","A31_205":2,"A31_206":" ","A31_207":" ","A31_208":" "}},{"type":"Feature","id":228,"geometry":{"type":"Polygon","coordinates":[[[137.73793869070829,35.443833054249978],[137.73793869066662,35.44379138759718],[137.73812619170835,35.443791387347247],[137.73812619166668,35.443749720694456],[137.7382511923611,35.443749720527741],[137.73825119231944,35.443708053875035],[137.73831369266665,35.443708053791639],[137.73831369258335,35.443624720486135],[137.73837619293056,35.443624720402738],[137.73837619284723,35.443541387097234],[137.73850119354165,35.443541386930519],[137.73850119358332,35.443583053583318],[137.73856369393053,35.443583053500006],[137.73856369401392,35.443666386805596],[137.73862619436113,35.443666386722199],[137.7386261944028,35.443708053374991],[137.7388761957917,35.443708053041661],[137.73887619587501,35.443791386347243],[137.73881369552782,35.443791386430561],[137.73881369561113,35.443874719736144],[137.73875119526392,35.443874719819462],[137.73875119534722,35.443958053124959],[137.73868869500001,35.443958053208362],[137.73868869504167,35.443999719861068],[137.73862619469446,35.443999719944465],[137.73862619473613,35.444041386597171],[137.73856369438892,35.444041386680567],[137.73856369443055,35.444083053333365],[137.73850119408337,35.444083053416676],[137.73850119416667,35.444166386722173],[137.73843869381946,35.444166386805577],[137.7384386938611,35.444208053458368],[137.73837619351391,35.444208053541686],[137.73837619355555,35.444249720194478],[137.73831369320834,35.444249720277789],[137.73831369329167,35.444333053583293],[137.73825119294446,35.444333053666689],[137.7382511929861,35.444374720319395],[137.73818869263891,35.444374720402791],[137.73818869268055,35.44441638705559],[137.73812619233334,35.444416387138901],[137.73812619237501,35.444458053791692],[137.73806369202779,35.44445805387501],[137.7380636921111,35.444541387180507],[137.73800119176389,35.444541387263911],[137.73800119180555,35.444583053916617],[137.73793869145834,35.444583054000013],[137.73793869154164,35.444666387305517],[137.73787619119446,35.444666387388914],[137.73787619131951,35.444791387347209],[137.73781369097219,35.44479138743052],[137.73781369113891,35.444958054041699],[137.7377511907917,35.44495805412501],[137.73775119087503,35.445041387430507],[137.7376886905277,35.445041387513911],[137.73768869061112,35.445124720819408],[137.73762619026391,35.445124720902811],[137.73762619030558,35.445166387555517],[137.73756368995836,35.44516638763892],[137.73756369004167,35.445249720944418],[137.73750118969446,35.445249721027729],[137.73750118973612,35.445291387680527],[137.73743868939493,35.445291387763923],[137.73743868947844,35.445374721069427],[137.73737618913736,35.445374721152824],[137.7373761891792,35.44541638780553],[137.73731368883819,35.445416387888841],[137.73731368888011,35.445458054541632],[137.73725118853912,35.44545805462495],[137.73725118858113,35.445499721277741],[137.73718868824034,35.445499721361145],[137.73718868832435,35.445583054666642],[137.73712618798362,35.445583054749953],[137.73712618802571,35.445624721402751],[137.7369386870038,35.44562472165277],[137.73693868704609,35.445666388305568],[137.736813686365,35.445666388472191],[137.73681368640746,35.445708055124982],[137.73668868572645,35.445708055291689],[137.736688685769,35.445749721944395],[137.73656368508816,35.44574972211111],[137.73656368513088,35.445791388763908],[137.73643868445023,35.44579138893053],[137.73643868449304,35.445833055583321],[137.73637618415276,35.445833055666633],[137.73637618419573,35.445874722319431],[137.73625118351526,35.445874722486138],[137.73625118355835,35.445916389138844],[137.73612618287805,35.445916389305552],[137.73612618292123,35.44595805595835],[137.7360011822411,35.445958056124972],[137.73600118228444,35.445999722777771],[137.73587618160443,35.445999722944478],[137.73587618164794,35.446041389597184],[137.73575118096809,35.446041389763892],[137.73575118101169,35.44608305641669],[137.73562618033193,35.446083056583312],[137.73562618037573,35.44612472323611],[137.73550117969614,35.446124723402818],[137.73550117974,35.446166390055524],[137.73537617906061,35.446166390222231],[137.73537617910458,35.44620805687503],[137.73525117842533,35.446208057041652],[137.73525117851364,35.446291390347241],[137.7350011771556,35.446291390680571],[137.73500117720002,35.446333057333369],[137.73475117584226,35.446333057666706],[137.7347511757975,35.446291391013908],[137.73493867681603,35.446291390763889],[137.73493867677155,35.446249724111091],[137.73506367745068,35.446249723944469],[137.73506367740634,35.44620805729167],[137.7346886753684,35.44620805779163],[137.73468867527887,35.446124724486126],[137.73475117561861,35.446124724402729],[137.73475117557393,35.446083057750023],[137.73487617625364,35.446083057583309],[137.7348761762982,35.446124724236107],[137.73500117697779,35.446124724069485],[137.73500117688889,35.446041390763895],[137.73518867790867,35.446041390513869],[137.73518867786444,35.445999723861078],[137.73525117820444,35.445999723777767],[137.7352511781603,35.445958057124969],[137.73531367850032,35.445958057041665],[137.73531367845627,35.445916390388867],[137.73537617879637,35.445916390305555],[137.73537617870835,35.445833056999966],[137.73543867904863,35.445833056916655],[137.73543867896069,35.445749723611065],[137.73556367964153,35.445749723444443],[137.73556367959773,35.445708056791645],[137.73562617993821,35.445708056708341],[137.73562617989441,35.445666390055543],[137.73575118057559,35.44566638988892],[137.73575118053191,35.445624723236122],[137.73581368087264,35.445624723152818],[137.7358136807855,35.445541389847222],[137.73587618112623,35.445541389763918],[137.73587618103934,35.445458056458321],[137.73593868138025,35.445458056375017],[137.73593868120662,35.445291389763923],[137.73600118154778,35.44529138968052],[137.73600118146109,35.445208056375023],[137.73606368180245,35.445208056291619],[137.73606368167268,35.445083056333331],[137.73612618201412,35.445083056250013],[137.73612618197095,35.445041389597222],[137.73618868231256,35.445041389513911],[137.73618868226941,35.444999722861112],[137.73625118261111,35.444999722777808],[137.73625118256811,35.44495805612501],[137.73637618325154,35.444958055958296],[137.73637618320862,35.44491638930559],[137.7364386835504,35.444916389222193],[137.73643868342191,35.444791389263898],[137.73650118376386,35.444791389180587],[137.7365011836356,35.444666389222206],[137.73656368397775,35.444666389138888],[137.73656368393503,35.444624722486097],[137.73662618427736,35.444624722402786],[137.73662618423472,35.444583055749987],[137.73668868457705,35.444583055666683],[137.73668868449195,35.444499722361087],[137.73681368517697,35.444499722194465],[137.73681368513451,35.444458055541674],[137.73693868581969,35.444458055374966],[137.7369386857774,35.44441638872226],[137.73725118749053,35.444416388305527],[137.73725118753248,35.444458054958318],[137.73731368787506,35.444458054875007],[137.73731368808438,35.444666388138891],[137.73725118774217,35.444666388222203],[137.73725118770025,35.444624721569411],[137.73718868735801,35.444624721652808],[137.73718868731601,35.44458305500001],[137.73712618697357,35.444583055083328],[137.73712618688947,35.444499721777824],[137.73706368654697,35.444499721861135],[137.73706368658907,35.444541388513841],[137.73693868590425,35.444541388680548],[137.73693868594651,35.444583055333347],[137.73687618560419,35.444583055416658],[137.73687618564657,35.444624722069449],[137.73675118496192,35.444624722236071],[137.73675118500447,35.444666388888869],[137.73668868466223,35.44466638897218],[137.73668868474732,35.44474972227777],[137.73675118508947,35.444749722194459],[137.73675118513191,35.44479138884725],[137.737126187184,35.444791388347213],[137.7371261872261,35.444833055000004],[137.73718868756805,35.444833054916693],[137.73718868761006,35.444874721569398],[137.73706368692632,35.444874721736113],[137.7370636869685,35.444916388388904],[137.73700118662663,35.444916388472215],[137.73700118666889,35.444958055125014],[137.73693868632719,35.444958055208318],[137.73693868641175,35.445041388513914],[137.73700118675336,35.445041388430511],[137.73700118688001,35.445166388388898],[137.73693868653859,35.445166388472202],[137.73693868658094,35.445208055125001],[137.73687618623961,35.445208055208312],[137.73687618628196,35.445249721861103],[137.73693868662323,35.445249721777799],[137.73693868670779,35.445333055083296],[137.73700118704886,35.445333054999985],[137.73700118713333,35.445416388305574],[137.73706368747432,35.445416388222171],[137.73706368755862,35.445499721527767],[137.73712618789943,35.445499721444449],[137.7371261878574,35.445458054791658],[137.7371886881983,35.445458054708347],[137.73718868811429,35.445374721402757],[137.73725118845528,35.445374721319446],[137.73725118841335,35.445333054666648],[137.73731368875445,35.445333054583344],[137.73731368871262,35.445291387930546],[137.73737618905378,35.445291387847234],[137.7373761889701,35.445208054541645],[137.73743868931146,35.445208054458334],[137.73743868918623,35.445083054500039],[137.73750118952773,35.445083054416642],[137.73750118940279,35.44495805445834],[137.73756368975,35.444958054375036],[137.73756368966667,35.444874721069439],[137.73762619001388,35.444874720986135],[137.73762618993058,35.444791387680539],[137.73768869027779,35.444791387597235],[137.73768869019449,35.444708054291638],[137.73775119054167,35.444708054208334],[137.73775119045837,35.444624720902738],[137.73781369080558,35.444624720819434],[137.73781369072219,35.444541387513929],[137.73775119037498,35.444541387597241],[137.73775119033331,35.444499720944449],[137.73756368929168,35.444499721194468],[137.73756368933334,35.444541387847174],[137.73750118898613,35.44454138793057],[137.73750118890283,35.444458054624988],[137.73756368924995,35.44445805454167],[137.73756368887496,35.444083054666699],[137.73762618922225,35.444083054583302],[137.73762618913887,35.443999721277798],[137.73768868948605,35.443999721194402],[137.73768868944441,35.443958054541604],[137.73775118979171,35.443958054458292],[137.73775118974996,35.443916387805587],[137.73781369009717,35.443916387722183],[137.7378136900555,35.443874721069477],[137.7378761904028,35.443874720986081],[137.73787619036108,35.443833054333282],[137.73793869070829,35.443833054249978],[137.73793869079168,35.443916387555561],[137.73787619044447,35.443916387638879],[137.73787619052777,35.443999720944461],[137.73781369018056,35.44399972102778],[137.73781369022223,35.444041387680571],[137.73775118987501,35.444041387763882],[137.73775118995832,35.444124721069471],[137.7376886896111,35.444124721152782],[137.73768868973607,35.444249721111078],[137.73775119008337,35.444249721027766],[137.73775119012504,35.444291387680565],[137.73781369047225,35.444291387597247],[137.73781369051392,35.444333054249952],[137.73800119155553,35.444333054000026],[137.73800119151389,35.444291387347228],[137.73806369186116,35.444291387263917],[137.73806369181943,35.444249720611126],[137.73812619216665,35.444249720527722],[137.73812619208331,35.444166387222225],[137.73818869243053,35.444166387138907],[137.73818869238889,35.444124720486116],[137.73825119273607,35.444124720402804],[137.73825119244441,35.44383305383333],[137.73831369279171,35.443833053750019],[137.73831369275004,35.443791387097221],[137.73825119240274,35.443791387180539],[137.73825119244441,35.44383305383333],[137.73793869070829,35.443833054249978]]]},"properties":{"FID":228,"A31_201":"8505050237","A31_202":"阿智川","A31_203":20,"A31_204":"長野県","A31_205":2,"A31_206":" ","A31_207":" ","A31_208":" "}},{"type":"Feature","id":229,"geometry":{"type":"Polygon","coordinates":[[[137.73712618882524,35.446416387805584],[137.73712618874114,35.446333054499988],[137.73718868908054,35.446333054416684],[137.73718868916464,35.446416387722181],[137.73712618882524,35.446416387805584]]]},"properties":{"FID":229,"A31_201":"8505050237","A31_202":"阿智川","A31_203":20,"A31_204":"長野県","A31_205":2,"A31_206":" ","A31_207":" ","A31_208":" "}},{"type":"Feature","id":230,"geometry":{"type":"Polygon","coordinates":[[[137.73712618882524,35.446416387805584],[137.73712618886736,35.446458054458375],[137.73706368852814,35.446458054541687],[137.73706368848596,35.446416387888888],[137.73712618882524,35.446416387805584]]]},"properties":{"FID":230,"A31_201":"8505050237","A31_202":"阿智川","A31_203":20,"A31_204":"長野県","A31_205":2,"A31_206":" ","A31_207":" ","A31_208":" "}},{"type":"Feature","id":231,"geometry":{"type":"Polygon","coordinates":[[[137.73687618755278,35.446499721444411],[137.7368761875104,35.446458054791705],[137.73693868784972,35.446458054708309],[137.73693868789198,35.446499721361107],[137.73687618755278,35.446499721444411]]]},"properties":{"FID":231,"A31_201":"8505050237","A31_202":"阿智川","A31_203":20,"A31_204":"長野県","A31_205":2,"A31_206":" ","A31_207":" ","A31_208":" "}},{"type":"Feature","id":232,"geometry":{"type":"Polygon","coordinates":[[[137.73687618759513,35.446541388097209],[137.73693868793427,35.446541388013898],[137.73693868797653,35.446583054666689],[137.73687618763751,35.446583054750008],[137.73687618759513,35.446541388097209]]]},"properties":{"FID":232,"A31_201":"8505050237","A31_202":"阿智川","A31_203":20,"A31_204":"長野県","A31_205":2,"A31_206":" ","A31_207":" ","A31_208":" "}},{"type":"Feature","id":233,"geometry":{"type":"Polygon","coordinates":[[[137.73681368729848,35.446583054833312],[137.73675118695942,35.446583054916715],[137.73675118687444,35.446499721611126],[137.73687618755278,35.446499721444411],[137.73687618759513,35.446541388097209],[137.7368136872561,35.44654138818052],[137.73681368729848,35.446583054833312]]]},"properties":{"FID":233,"A31_201":"8505050237","A31_202":"阿智川","A31_203":20,"A31_204":"長野県","A31_205":2,"A31_206":" ","A31_207":" ","A31_208":" "}},{"type":"Feature","id":234,"geometry":{"type":"Polygon","coordinates":[[[137.73687618763751,35.446583054750008],[137.73687618767988,35.446624721402799],[137.73681368734091,35.44662472148611],[137.73681368729848,35.446583054833312],[137.73687618763751,35.446583054750008]]]},"properties":{"FID":234,"A31_201":"8505050237","A31_202":"阿智川","A31_203":20,"A31_204":"長野県","A31_205":2,"A31_206":" ","A31_207":" ","A31_208":" "}},{"type":"Feature","id":235,"geometry":{"type":"Polygon","coordinates":[[[137.73681368734091,35.44662472148611],[137.73681368738337,35.446666388138908],[137.73675118704443,35.446666388222212],[137.73675118700197,35.446624721569421],[137.73681368734091,35.44662472148611]]]},"properties":{"FID":235,"A31_201":"8505050237","A31_202":"阿智川","A31_203":20,"A31_204":"長野県","A31_205":2,"A31_206":" ","A31_207":" ","A31_208":" "}},{"type":"Feature","id":236,"geometry":{"type":"Polygon","coordinates":[[[137.73675118704443,35.446666388222212],[137.73675118708698,35.44670805487501],[137.73662618640935,35.446708055041633],[137.73662618632409,35.446624721736129],[137.73668868666303,35.446624721652732],[137.73668868670558,35.44666638830553],[137.73675118704443,35.446666388222212]]]},"properties":{"FID":236,"A31_201":"8505050237","A31_202":"阿智川","A31_203":20,"A31_204":"長野県","A31_205":2,"A31_206":" ","A31_207":" ","A31_208":" "}},{"type":"Feature","id":237,"geometry":{"type":"Polygon","coordinates":[[[137.73662618640935,35.446708055041633],[137.73662618645199,35.446749721694431],[137.73656368611321,35.446749721777735],[137.7365636860705,35.446708055125029],[137.73662618640935,35.446708055041633]]]},"properties":{"FID":237,"A31_201":"8505050237","A31_202":"阿智川","A31_203":20,"A31_204":"長野県","A31_205":2,"A31_206":" ","A31_207":" ","A31_208":" "}},{"type":"Feature","id":238,"geometry":{"type":"Polygon","coordinates":[[[137.73656368611321,35.446749721777735],[137.73656368615593,35.446791388430533],[137.73650118581725,35.446791388513844],[137.73650118577444,35.446749721861138],[137.73656368611321,35.446749721777735]]]},"properties":{"FID":238,"A31_201":"8505050237","A31_202":"阿智川","A31_203":20,"A31_204":"長野県","A31_205":2,"A31_206":" ","A31_207":" ","A31_208":" "}},{"type":"Feature","id":239,"geometry":{"type":"Polygon","coordinates":[[[137.73650118581725,35.446791388513844],[137.73650118586005,35.446833055166636],[137.73643868552136,35.446833055250039],[137.73643868547856,35.446791388597248],[137.73650118581725,35.446791388513844]]]},"properties":{"FID":239,"A31_201":"8505050237","A31_202":"阿智川","A31_203":20,"A31_204":"長野県","A31_205":2,"A31_206":" ","A31_207":" ","A31_208":" "}},{"type":"Feature","id":240,"geometry":{"type":"Polygon","coordinates":[[[137.73581368213524,35.446833056083328],[137.73562618111947,35.446833056333347],[137.7356261810757,35.446791389680556],[137.73581368209173,35.44679138943053],[137.73581368213524,35.446833056083328]]]},"properties":{"FID":240,"A31_201":"8505050237","A31_202":"阿智川","A31_203":20,"A31_204":"長野県","A31_205":2,"A31_206":" ","A31_207":" ","A31_208":" "}},{"type":"Feature","id":241,"geometry":{"type":"Polygon","coordinates":[[[137.73643868552136,35.446833055250039],[137.73643868556428,35.446874721902745],[137.73637618522568,35.446874721986148],[137.73637618518279,35.44683305533335],[137.73643868552136,35.446833055250039]]]},"properties":{"FID":241,"A31_201":"8505050237","A31_202":"阿智川","A31_203":20,"A31_204":"長野県","A31_205":2,"A31_206":" ","A31_207":" ","A31_208":" "}},{"type":"Feature","id":242,"geometry":{"type":"Polygon","coordinates":[[[137.73543868014758,35.446874723236078],[137.73543868010361,35.446833056583372],[137.7355636807809,35.446833056416665],[137.73556368082467,35.446874723069456],[137.73543868014758,35.446874723236078]]]},"properties":{"FID":242,"A31_201":"8505050237","A31_202":"阿智川","A31_203":20,"A31_204":"長野県","A31_205":2,"A31_206":" ","A31_207":" ","A31_208":" "}},{"type":"Feature","id":243,"geometry":{"type":"Polygon","coordinates":[[[137.73625118459174,35.446916388805562],[137.73625118454868,35.446874722152771],[137.73631368488716,35.446874722069452],[137.73631368493017,35.446916388722251],[137.73625118459174,35.446916388805562]]]},"properties":{"FID":243,"A31_201":"8505050237","A31_202":"阿智川","A31_203":20,"A31_204":"長野県","A31_205":2,"A31_206":" ","A31_207":" ","A31_208":" "}},{"type":"Feature","id":244,"geometry":{"type":"Polygon","coordinates":[[[137.73543868014758,35.446874723236078],[137.73543868019155,35.44691638988887],[137.73525117917612,35.446916390138895],[137.73525117913198,35.446874723486104],[137.73543868014758,35.446874723236078]]]},"properties":{"FID":244,"A31_201":"8505050237","A31_202":"阿智川","A31_203":20,"A31_204":"長野県","A31_205":2,"A31_206":" ","A31_207":" ","A31_208":" "}},{"type":"Feature","id":245,"geometry":{"type":"Polygon","coordinates":[[[137.73625118459174,35.446916388805562],[137.73625118463474,35.446958055458353],[137.73618868429631,35.446958055541671],[137.73618868425325,35.446916388888873],[137.73625118459174,35.446916388805562]]]},"properties":{"FID":245,"A31_201":"8505050237","A31_202":"阿智川","A31_203":20,"A31_204":"長野県","A31_205":2,"A31_206":" ","A31_207":" ","A31_208":" "}},{"type":"Feature","id":246,"geometry":{"type":"Polygon","coordinates":[[[137.73525117917612,35.446916390138895],[137.73525117922034,35.446958056791686],[137.73506367820511,35.446958057041627],[137.73506367816069,35.446916390388921],[137.73525117917612,35.446916390138895]]]},"properties":{"FID":246,"A31_201":"8505050237","A31_202":"阿智川","A31_203":20,"A31_204":"長野県","A31_205":2,"A31_206":" ","A31_207":" ","A31_208":" "}},{"type":"Feature","id":247,"geometry":{"type":"Polygon","coordinates":[[[137.73618868429631,35.446958055541671],[137.73618868433948,35.446999722194462],[137.73612618400108,35.446999722277774],[137.73612618395791,35.446958055624975],[137.73618868429631,35.446958055541671]]]},"properties":{"FID":247,"A31_201":"8505050237","A31_202":"阿智川","A31_203":20,"A31_204":"長野県","A31_205":2,"A31_206":" ","A31_207":" ","A31_208":" "}},{"type":"Feature","id":248,"geometry":{"type":"Polygon","coordinates":[[[137.73612618400108,35.446999722277774],[137.73612618404431,35.447041388930572],[137.73606368370608,35.447041389013876],[137.73606368366282,35.446999722361085],[137.73612618400108,35.446999722277774]]]},"properties":{"FID":248,"A31_201":"8505050237","A31_202":"阿智川","A31_203":20,"A31_204":"長野県","A31_205":2,"A31_206":" ","A31_207":" ","A31_208":" "}},{"type":"Feature","id":249,"geometry":{"type":"Polygon","coordinates":[[[137.73593868307296,35.447083055833296],[137.73593868302953,35.44704138918059],[137.73600118336776,35.447041389097194],[137.7360011834111,35.447083055749985],[137.73593868307296,35.447083055833296]]]},"properties":{"FID":249,"A31_201":"8505050237","A31_202":"阿智川","A31_203":20,"A31_204":"長野県","A31_205":2,"A31_206":" ","A31_207":" ","A31_208":" "}},{"type":"Feature","id":250,"geometry":{"type":"Polygon","coordinates":[[[137.73593868307296,35.447083055833296],[137.7359386831163,35.447124722486095],[137.73587618277824,35.447124722569399],[137.7358761827347,35.447083055916693],[137.73593868307296,35.447083055833296]]]},"properties":{"FID":250,"A31_201":"8505050237","A31_202":"阿智川","A31_203":20,"A31_204":"長野県","A31_205":2,"A31_206":" ","A31_207":" ","A31_208":" "}},{"type":"Feature","id":251,"geometry":{"type":"Polygon","coordinates":[[[137.73281366621006,35.447124726652802],[137.732751165872,35.447124726736114],[137.73275116582502,35.447083060083315],[137.73281366616317,35.447083060000011],[137.73281366621006,35.447124726652802]]]},"properties":{"FID":251,"A31_201":"8505050237","A31_202":"阿智川","A31_203":20,"A31_204":"長野県","A31_205":2,"A31_206":" ","A31_207":" ","A31_208":" "}},{"type":"Feature","id":252,"geometry":{"type":"Polygon","coordinates":[[[137.73581368248361,35.447166389305508],[137.73575118214555,35.447166389388912],[137.73575118210192,35.447124722736113],[137.7358136824401,35.447124722652802],[137.73581368248361,35.447166389305508]]]},"properties":{"FID":252,"A31_201":"8505050237","A31_202":"阿智川","A31_203":20,"A31_204":"長野県","A31_205":2,"A31_206":" ","A31_207":" ","A31_208":" "}},{"type":"Feature","id":253,"geometry":{"type":"Polygon","coordinates":[[[137.73568868189489,35.447249722777812],[137.735626181557,35.447249722861116],[137.7356261815132,35.447208056208325],[137.73568868185117,35.447208056125014],[137.73568868189489,35.447249722777812]]]},"properties":{"FID":253,"A31_201":"8505050237","A31_202":"阿智川","A31_203":20,"A31_204":"長野県","A31_205":2,"A31_206":" ","A31_207":" ","A31_208":" "}},{"type":"Feature","id":254,"geometry":{"type":"Polygon","coordinates":[[[137.73550118092501,35.447291389680537],[137.73550118088113,35.447249723027738],[137.73556368121902,35.447249722944434],[137.73556368126282,35.447291389597225],[137.73550118092501,35.447291389680537]]]},"properties":{"FID":254,"A31_201":"8505050237","A31_202":"阿智川","A31_203":20,"A31_204":"長野県","A31_205":2,"A31_206":" ","A31_207":" ","A31_208":" "}},{"type":"Feature","id":255,"geometry":{"type":"Polygon","coordinates":[[[137.73550118092501,35.447291389680537],[137.7355011809689,35.447333056333335],[137.73543868063109,35.447333056416639],[137.73543868058712,35.447291389763848],[137.73550118092501,35.447291389680537]]]},"properties":{"FID":255,"A31_201":"8505050237","A31_202":"阿智川","A31_203":20,"A31_204":"長野県","A31_205":2,"A31_206":" ","A31_207":" ","A31_208":" "}},{"type":"Feature","id":256,"geometry":{"type":"Polygon","coordinates":[[[137.73543868063109,35.447333056416639],[137.73543868067506,35.447374723069437],[137.73537618033737,35.447374723152748],[137.7353761802934,35.447333056500042],[137.73543868063109,35.447333056416639]]]},"properties":{"FID":256,"A31_201":"8505050237","A31_202":"阿智川","A31_203":20,"A31_204":"長野県","A31_205":2,"A31_206":" ","A31_207":" ","A31_208":" "}},{"type":"Feature","id":257,"geometry":{"type":"Polygon","coordinates":[[[137.73487617785864,35.4475830570833],[137.73487617790323,35.447624723736098],[137.73481367756597,35.447624723819402],[137.73481367752129,35.447583057166611],[137.73487617785864,35.4475830570833]]]},"properties":{"FID":257,"A31_201":"8505050237","A31_202":"阿智川","A31_203":20,"A31_204":"長野県","A31_205":2,"A31_206":" ","A31_207":" ","A31_208":" "}},{"type":"Feature","id":258,"geometry":{"type":"Polygon","coordinates":[[[137.73462617664373,35.447708057375017],[137.73462617659885,35.447666390722219],[137.73468867693612,35.447666390638915],[137.73468867698097,35.447708057291706],[137.73462617664373,35.447708057375017]]]},"properties":{"FID":258,"A31_201":"8505050237","A31_202":"阿智川","A31_203":20,"A31_204":"長野県","A31_205":2,"A31_206":" ","A31_207":" ","A31_208":" "}},{"type":"Feature","id":259,"geometry":{"type":"Polygon","coordinates":[[[137.73462617664373,35.447708057375017],[137.73462617668866,35.447749724027815],[137.7345011760145,35.447749724194438],[137.73450117605944,35.447791390847229],[137.73443867572243,35.44779139093054],[137.73443867576756,35.447833057583338],[137.73431367509366,35.447833057750046],[137.73431367513876,35.447874724402752],[137.73425117480195,35.447874724486155],[137.73425117484726,35.447916391138861],[137.7340636738368,35.44791639138888],[137.73406367379133,35.447874724736081],[137.73393867311762,35.447874724902796],[137.73393867316318,35.447916391555594],[137.73381367248962,35.447916391722217],[137.73381367253538,35.447958058375008],[137.73356367118845,35.447958058708338],[137.73356367109636,35.447874725402755],[137.73350117075944,35.447874725486152],[137.73350117062117,35.447749725527771],[137.73343867028407,35.447749725611075],[137.73343867014552,35.447624725652787],[137.73350117048278,35.447624725569469],[137.73350117043668,35.447583058916678],[137.73356367077403,35.447583058833274],[137.73356367072802,35.447541392180568],[137.73362617106545,35.447541392097264],[137.73362617101947,35.447499725444466],[137.73368867135699,35.447499725361155],[137.73368867126516,35.447416392055565],[137.73375117160276,35.447416391972254],[137.73375117155695,35.447374725319463],[137.73381367189464,35.447374725236145],[137.73381367184891,35.447333058583354],[137.73393867252449,35.447333058416646],[137.73393867247884,35.447291391763848],[137.7340011728167,35.447291391680537],[137.73400117277114,35.447249725027746],[137.73412617344701,35.447249724861123],[137.73412617340153,35.447208058208325],[137.73425117407749,35.447208058041703],[137.73425117403227,35.447166391388905],[137.73431367437033,35.447166391305508],[137.73431367432511,35.447124724652802],[137.73443867500134,35.447124724486088],[137.73443867495629,35.447083057833296],[137.73456367563267,35.447083057666674],[137.73456367558774,35.447041391013883],[137.73475117660254,35.447041390763857],[137.73475117655778,35.446999724111151],[137.73487617723444,35.446999723944444],[137.73487617718985,35.446958057291646],[137.73506367820511,35.446958057041627],[137.7350636782495,35.446999723694418],[137.73493867757276,35.446999723861126],[137.73493867761735,35.447041390513924],[137.73500117795558,35.447041390430527],[137.73500117804448,35.44712472373611],[137.73506367838255,35.447124723652806],[137.73506367847136,35.447208056958303],[137.73512617880934,35.447208056874992],[137.73512617889799,35.447291390180581],[137.73518867923579,35.447291390097178],[137.73518867932424,35.447374723402774],[137.73531367999965,35.447374723236152],[137.73531368004379,35.447416389888858],[137.73525117970618,35.447416389972254],[137.73525117975032,35.44745805662496],[137.73512617907517,35.447458056791675],[137.7351261791195,35.447499723444466],[137.73506367878196,35.447499723527777],[137.73506367882638,35.447541390180575],[137.73500117848894,35.447541390263879],[137.73500117853334,35.447583056916677],[137.73487617785864,35.4475830570833],[137.73487617781407,35.447541390430594],[137.73481367747661,35.447541390513905],[137.73481367743196,35.447499723861114],[137.73475117709449,35.447499723944418],[137.73475117700497,35.447416390638921],[137.73443867531682,35.447416391055569],[137.73443867527178,35.447374724402771],[137.73437617493408,35.447374724486082],[137.73437617488895,35.447333057833376],[137.73425117421337,35.447333057999998],[137.73425117425867,35.447374724652789],[137.73418867392095,35.447374724736108],[137.73418867396626,35.447416391388899],[137.73425117430395,35.447416391305588],[137.73425117439447,35.447499724611092],[137.73431367473199,35.447499724527773],[137.7343136748224,35.447583057833278],[137.73437617515975,35.447583057749966],[137.73437617524999,35.447666391055556],[137.73443867558726,35.447666390972245],[137.7344386756323,35.447708057625036],[137.73462617664373,35.447708057375017]]]},"properties":{"FID":259,"A31_201":"8505050237","A31_202":"阿智川","A31_203":20,"A31_204":"長野県","A31_205":2,"A31_206":" ","A31_207":" ","A31_208":" "}},{"type":"Feature","id":260,"geometry":{"type":"Polygon","coordinates":[[[137.73093865748615,35.448333062083364],[137.73087615715002,35.448333062166668],[137.73087615710099,35.448291395513877],[137.73093865743721,35.448291395430566],[137.73093865748615,35.448333062083364]]]},"properties":{"FID":260,"A31_201":"8505050237","A31_202":"阿智川","A31_203":20,"A31_204":"長野県","A31_205":2,"A31_206":" ","A31_207":" ","A31_208":" "}},{"type":"Feature","id":261,"geometry":{"type":"Polygon","coordinates":[[[137.73475117584226,35.446333057666706],[137.73475117588694,35.446374724319412],[137.73462617520823,35.44637472448612],[137.73462617525308,35.446416391138911],[137.73443867423518,35.446416391388851],[137.73443867428023,35.446458058041642],[137.73431367360178,35.44645805820835],[137.73431367364691,35.446499724861148],[137.73418867296866,35.44649972502777],[137.73418867301396,35.446541391680569],[137.73406367233579,35.446541391847191],[137.73406367238127,35.446583058499982],[137.73393867170319,35.44658305866669],[137.73393867174883,35.446624725319396],[137.73381367107095,35.44662472548611],[137.73381367111668,35.446666392138908],[137.73375117077782,35.446666392222212],[137.73375117082367,35.446708058875011],[137.73362617014601,35.446708059041633],[137.73362617019194,35.446749725694431],[137.73350116951448,35.446749725861139],[137.73350116956058,35.446791392513845],[137.7334386692219,35.446791392597248],[137.73343866926808,35.446833059250039],[137.73331366859082,35.446833059416662],[137.73331366863718,35.446874726069453],[137.73325116829866,35.446874726152771],[137.73325116834502,35.446916392805562],[137.7331261676681,35.446916392972184],[137.73312616771457,35.446958059624976],[137.73306366737623,35.446958059708294],[137.73306366742278,35.446999726361085],[137.73281366606946,35.446999726694415],[137.73281366602257,35.446958060041624],[137.73262616500742,35.446958060291649],[137.73262616514864,35.44708306025003],[137.73256366481047,35.447083060333341],[137.73256366485757,35.447124726986132],[137.73268866553386,35.447124726819425],[137.73268866558084,35.447166393472216],[137.73262616524278,35.447166393555534],[137.73262616528996,35.447208060208325],[137.7325636649519,35.447208060291636],[137.73256366499905,35.447249726944435],[137.73250116466116,35.447249727027739],[137.73250116470831,35.447291393680537],[137.73243866437053,35.447291393763848],[137.73243866441777,35.447333060416639],[137.73237616407999,35.447333060500043],[137.7323761641274,35.447374727152749],[137.73231366378971,35.447374727236152],[137.73231366383715,35.447416393888858],[137.73225116349943,35.447416393972254],[137.73225116359447,35.447499727277759],[137.73218866325695,35.447499727361155],[137.73218866330456,35.447541394013861],[137.73212616296712,35.447541394097257],[137.73212616301473,35.447583060749963],[137.73206366267738,35.447583060833367],[137.73206366277284,35.447666394138864],[137.73200116243558,35.447666394222267],[137.73200116248336,35.447708060874973],[137.73193866214621,35.447708060958377],[137.73193866219407,35.447749727611082],[137.73187616185697,35.447749727694479],[137.73187616195281,35.447833060999983],[137.73181366161583,35.447833061083379],[137.73181366166386,35.447874727736085],[137.73175116132697,35.447874727819482],[137.73175116142306,35.447958061124986],[137.73168866108634,35.447958061208297],[137.73168866113448,35.447999727861088],[137.73162616079784,35.447999727944406],[137.73162616089422,35.448083061249989],[137.73156366055767,35.448083061333307],[137.73156366065422,35.448166394638889],[137.73150116031783,35.448166394722207],[137.73150116036615,35.448208061374999],[137.73143866002985,35.44820806145831],[137.73143866012657,35.448291394763899],[137.73137615979047,35.44829139484721],[137.73137615988739,35.4483747281528],[137.73131365955135,35.448374728236111],[137.73131365964844,35.4484580615417],[137.73125115931251,35.448458061625011],[137.73125115936108,35.44849972827781],[137.73118865902535,35.448499728361114],[137.73118865917135,35.448624728319416],[137.73112615883571,35.448624728402812],[137.73112615888445,35.448666395055518],[137.73106365854889,35.448666395138915],[137.73106365859775,35.448708061791713],[137.73100115826225,35.448708061875024],[137.7310011583111,35.44874972852773],[137.7308761576403,35.448749728694438],[137.73087615768932,35.448791395347236],[137.73075115701863,35.448791395513858],[137.73075115706783,35.448833062166656],[137.73062615639722,35.448833062333364],[137.73062615624934,35.448708062374976],[137.73068865658482,35.448708062291672],[137.73068865653562,35.448666395638874],[137.73081365720668,35.448666395472252],[137.73081365715765,35.448624728819453],[137.73087615749321,35.448624728736149],[137.73087615739516,35.448541395430553],[137.73093865773092,35.448541395347249],[137.73093865748615,35.448333062083364],[137.73100115782225,35.448333061999961],[137.73100115787111,35.448374728652752],[137.7310636582072,35.448374728569448],[137.73106365810958,35.448291395263851],[137.73100115777339,35.448291395347255],[137.73100115767562,35.448208062041665],[137.73106365801189,35.448208061958354],[137.73106365796312,35.448166395305563],[137.7311261582995,35.448166395222245],[137.73112615820199,35.448083061916662],[137.73106365786543,35.448083061999967],[137.73106365781666,35.448041395347175],[137.73100115748002,35.448041395430579],[137.73100115728445,35.447874728819485],[137.73106365762135,35.447874728736082],[137.73106365752375,35.447791395430585],[137.73112615786073,35.447791395347181],[137.73112615781199,35.447749728694475],[137.73125115848615,35.447749728527768],[137.73125115834031,35.447624728569473],[137.73131365867758,35.447624728486076],[137.73131365858049,35.447541395180572],[137.73137615891793,35.447541395097261],[137.73137615886952,35.44749972844447],[137.73143865920696,35.447499728361151],[137.73143865915856,35.44745806170836],[137.73162616017132,35.447458061458335],[137.73162616012308,35.447416394805543],[137.73168866046072,35.447416394722232],[137.73168866041257,35.447374728069434],[137.73156365973716,35.447374728236056],[137.73156365964061,35.447291394930559],[137.7316261599785,35.447291394847248],[137.73162615973754,35.447083061583363],[137.73168866007569,35.447083061499967],[137.73168865993136,35.446958061541665],[137.73175116026977,35.446958061458361],[137.73175116017367,35.446874728152764],[137.73181366051216,35.44687472806946],[137.73181366046421,35.446833061416662],[137.73187616080281,35.446833061333351],[137.73187616065911,35.446708061374963],[137.73193866099786,35.446708061291659],[137.73193866090213,35.446624727986062],[137.73200116124116,35.446624727902758],[137.7320011611456,35.446541394597254],[137.73206366148472,35.446541394513858],[137.73206366143694,35.446499727861152],[137.73212616177614,35.446499727777748],[137.73212616172844,35.446458061125043],[137.73218866206776,35.446458061041639],[137.73218866202015,35.446416394388848],[137.73225116235946,35.446416394305537],[137.73225116226442,35.446333061000033],[137.7323136626039,35.446333060916636],[137.73231366255646,35.44629139426393],[137.73237616289595,35.446291394180534],[137.73237616284862,35.446249727527828],[137.73243866318819,35.446249727444425],[137.73243866314093,35.446208060791633],[137.73250116348049,35.446208060708315],[137.73250116343334,35.446166394055524],[137.73256366377308,35.446166393972213],[137.73256366367877,35.446083060666624],[137.73268866435845,35.446083060500001],[137.73268866440552,35.446124727152792],[137.73287616542484,35.446124726902774],[137.73287616533122,35.446041393597184],[137.73293866567116,35.446041393513873],[137.73293866562443,35.445999726861075],[137.73306366630447,35.445999726694453],[137.73306366625783,35.445958060041661],[137.73318866693805,35.445958059875039],[137.73318866698449,35.445999726527745],[137.73381367038448,35.445999725694456],[137.73381367043021,35.446041392347254],[137.73343866839065,35.446041392847206],[137.73343866843683,35.446083059499998],[137.73387617081588,35.446083058916642],[137.73387617077015,35.446041392263851],[137.73431367314961,35.446041391680581],[137.73431367310451,35.445999725027789],[137.73437617344442,35.445999724944478],[137.73437617348964,35.446041391597184],[137.73443867382954,35.446041391513873],[137.73443867387459,35.446083058166664],[137.73393867115573,35.446083058833338],[137.73393867120129,35.446124725486129],[137.73431367324011,35.446124724986085],[137.73431367328524,35.446166391638883],[137.73443867396475,35.446166391472261],[137.73443867387459,35.446083058166664],[137.73450117421442,35.44608305808336],[137.73450117425946,35.446124724736151],[137.73456367459929,35.446124724652748],[137.73456367473403,35.446249724611135],[137.7346261750736,35.446249724527824],[137.73462617511845,35.44629139118053],[137.73468867545802,35.446291391097219],[137.73468867550278,35.44633305775001],[137.73475117584226,35.446333057666706]],[[137.73412617258404,35.446458058458376],[137.73412617253865,35.446416391805585],[137.73425117321727,35.44641639163887],[137.73425117317197,35.446374724986072],[137.73443867419007,35.446374724736145],[137.7344386740549,35.446249724777758],[137.7343761737153,35.446249724861161],[137.73437617367011,35.446208058208363],[137.73431367333046,35.446208058291674],[137.73431367337565,35.446249724944465],[137.73425117303609,35.446249725027783],[137.73425117308139,35.446291391680575],[137.73400117172338,35.446291392013904],[137.73400117163223,35.446208058708322],[137.73406367197191,35.446208058625004],[137.73406367192644,35.446166391972213],[137.73387617090728,35.446166392222239],[137.73387617095293,35.44620805887503],[137.73381367061327,35.446208058958341],[137.733813670659,35.446249725611139],[137.73387617099866,35.446249725527821],[137.7338761710443,35.446291392180527],[137.73393867138378,35.446291392097223],[137.73393867142946,35.446333058750014],[137.73400117176894,35.446333058666703],[137.73400117186006,35.446416391972207],[137.73406367219928,35.446416391888889],[137.73406367224476,35.446458058541687],[137.73412617258404,35.446458058458376]],[[137.73137615925722,35.447833061666643],[137.73137615920882,35.447791395013851],[137.73125115853475,35.447791395180559],[137.73125115858332,35.447833061833357],[137.73137615925722,35.447833061666643]],[[137.73143865978784,35.447999728194425],[137.73143865969104,35.447916394888921],[137.7313761593542,35.447916394972239],[137.73137615945112,35.447999728277736],[137.73143865978784,35.447999728194425]]]},"properties":{"FID":261,"A31_201":"8505050237","A31_202":"阿智川","A31_203":20,"A31_204":"長野県","A31_205":2,"A31_206":" ","A31_207":" ","A31_208":" "}},{"type":"Feature","id":262,"geometry":{"type":"Polygon","coordinates":[[[137.73050115577615,35.448874729152777],[137.73043865544093,35.448874729236096],[137.7304386553914,35.448833062583297],[137.7305011557267,35.448833062499986],[137.73050115577615,35.448874729152777]]]},"properties":{"FID":262,"A31_201":"8505050237","A31_202":"阿智川","A31_203":20,"A31_204":"長野県","A31_205":2,"A31_206":" ","A31_207":" ","A31_208":" "}},{"type":"Feature","id":263,"geometry":{"type":"Polygon","coordinates":[[[137.72650113475393,35.449208067708298],[137.72650113470002,35.449166401055592],[137.72681363637363,35.449166400638859],[137.72681363632017,35.449124733986153],[137.72712613799411,35.44912473356942],[137.72712613804723,35.449166400222211],[137.7268761367084,35.449166400555541],[137.72687613676186,35.449208067208339],[137.72650113475393,35.449208067708298]]]},"properties":{"FID":263,"A31_201":"8505050237","A31_202":"阿智川","A31_203":20,"A31_204":"長野県","A31_205":2,"A31_206":" ","A31_207":" ","A31_208":" "}},{"type":"Feature","id":264,"geometry":{"type":"Polygon","coordinates":[[[137.72650113475393,35.449208067708298],[137.72650113480785,35.449249734361089],[137.72643863447325,35.449249734444493],[137.72643863441925,35.449208067791695],[137.72650113475393,35.449208067708298]]]},"properties":{"FID":264,"A31_201":"8505050237","A31_202":"阿智川","A31_203":20,"A31_204":"長野県","A31_205":2,"A31_206":" ","A31_207":" ","A31_208":" "}},{"type":"Feature","id":265,"geometry":{"type":"Polygon","coordinates":[[[137.73100115909341,35.449416394972268],[137.73100115904447,35.449374728319469],[137.73106365937889,35.449374728236073],[137.73106365942766,35.449416394888871],[137.73100115909341,35.449416394972268]]]},"properties":{"FID":265,"A31_201":"8505050237","A31_202":"阿智川","A31_203":20,"A31_204":"長野県","A31_205":2,"A31_206":" ","A31_207":" ","A31_208":" "}},{"type":"Feature","id":266,"geometry":{"type":"Polygon","coordinates":[[[137.72793864302616,35.449666398972255],[137.72787614269228,35.449666399055573],[137.72787614274461,35.449708065708364],[137.72775114207701,35.449708065874987],[137.72775114197194,35.449624732569397],[137.7278136423059,35.449624732486086],[137.72781364225352,35.449583065833295],[137.72793864292154,35.449583065666673],[137.72793864302616,35.449666398972255]]]},"properties":{"FID":266,"A31_201":"8505050237","A31_202":"阿智川","A31_203":20,"A31_204":"長野県","A31_205":2,"A31_206":" ","A31_207":" ","A31_208":" "}},{"type":"Feature","id":267,"geometry":{"type":"Polygon","coordinates":[[[137.73100115909341,35.449416394972268],[137.73100115914227,35.449458061624973],[137.73093865880801,35.44945806170837],[137.73093865885696,35.449499728361076],[137.73087615852279,35.449499728444479],[137.73087615857182,35.449541395097185],[137.73075115790363,35.449541395263893],[137.73075115795282,35.449583061916691],[137.73062615728477,35.449583062083313],[137.73062615733409,35.449624728736111],[137.73050115666612,35.449624728902734],[137.7305011567156,35.449666395555525],[137.73031365571393,35.449666395805551],[137.73031365576358,35.449708062458342],[137.73018865509599,35.449708062624964],[137.73018865514572,35.449749729277755],[137.7300011541445,35.449749729527781],[137.73000115419444,35.449791396180572],[137.72981365319347,35.449791396430598],[137.72981365324367,35.449833063083304],[137.72906364924032,35.449833064083307],[137.72906364929139,35.449874730736099],[137.72900114895785,35.44987473081941],[137.72900114900892,35.449916397472208],[137.72893864867549,35.449916397555512],[137.72893864872665,35.44995806420831],[137.7288761483932,35.449958064291621],[137.72887614834195,35.449916397638916],[137.7286261470081,35.449916397972245],[137.72862614695657,35.449874731319454],[137.72856364662306,35.449874731402765],[137.72856364657144,35.449833064749967],[137.72850114623782,35.449833064833371],[137.72850114618615,35.449791398180579],[137.72843864585252,35.449791398263883],[137.72843864574904,35.449708064958301],[137.72831364508136,35.449708065125009],[137.72831364502949,35.449666398472218],[137.72806364369396,35.449666398805547],[137.7280636436418,35.449624732152756],[137.72812614397577,35.449624732069438],[137.72812614392365,35.449583065416647],[137.7282511445917,35.449583065250025],[137.72825114453974,35.449541398597233],[137.72831364487388,35.449541398513915],[137.72831364482201,35.449499731861124],[137.72850114582448,35.449499731611098],[137.72850114577278,35.449458064958307],[137.72856364610703,35.449458064874996],[137.72856364605551,35.449416398222198],[137.72862614638976,35.449416398138894],[137.72862614633823,35.449374731486095],[137.72831364466631,35.449374731902736],[137.72831364461445,35.44933306525003],[137.72843864528338,35.449333065083323],[137.72843864523168,35.449291398430532],[137.7286261462352,35.449291398180591],[137.72862614618361,35.4492497315278],[137.72881364718739,35.449249731277774],[137.72881364723872,35.449291397930573],[137.72887614757323,35.449291397847261],[137.72887614762448,35.449333064499967],[137.72925114963118,35.449333064000015],[137.72925114952949,35.449249730694419],[137.72943865053318,35.449249730444492],[137.72943865058389,35.449291397097198],[137.72975115225643,35.44929139668055],[137.7297511523067,35.449333063333341],[137.72987615297555,35.449333063166634],[137.72987615307591,35.449416396472223],[137.73000115374447,35.449416396305601],[137.73000115379449,35.449458062958307],[137.73081365813954,35.449458061874992],[137.73081365809051,35.449416395222201],[137.73100115909341,35.449416394972268]],[[137.72937615050279,35.449499730444479],[137.72925114983448,35.449499730611102],[137.72925114993618,35.449583063916691],[137.72918864960212,35.449583064000002],[137.729188649653,35.449624730652801],[137.72906364898515,35.449624730819423],[137.72906364913825,35.449749730777803],[137.72931365047327,35.449749730444466],[137.72931365037167,35.449666397138884],[137.72943865103952,35.449666396972262],[137.72943865098881,35.449624730319464],[137.72937615065493,35.449624730402775],[137.72937615050279,35.449499730444479]],[[137.72956365170722,35.449666396805547],[137.72962615204119,35.449666396722236],[137.72962615199074,35.449624730069445],[137.72987615332656,35.449624729736108],[137.72987615327645,35.44958306308331],[137.7298136529424,35.449583063166628],[137.7298136528922,35.449541396513922],[137.72950115122171,35.449541396930563],[137.72950115132289,35.449624730236067],[137.72956365165678,35.449624730152749],[137.72956365170722,35.449666396805547]]]},"properties":{"FID":267,"A31_201":"8505050237","A31_202":"阿智川","A31_203":20,"A31_204":"長野県","A31_205":2,"A31_206":" ","A31_207":" ","A31_208":" "}},{"type":"Feature","id":268,"geometry":{"type":"Polygon","coordinates":[[[137.72737614047895,35.450166399566072],[137.72731364014615,35.45016639964912],[137.72731364016363,35.450249732959861],[137.72725113983117,35.450249733042817],[137.72725113984006,35.450291399698102],[137.72706363884294,35.450291399946607],[137.72706363882438,35.450208066636492],[137.72712613915701,35.450208066553444],[137.72712613914786,35.450166399898343],[137.7271886394806,35.450166399815302],[137.72718863947162,35.450124733160109],[137.72725113980445,35.450124733076976],[137.72725113979564,35.450083066421691],[137.72731364012864,35.450083066338465],[137.72731364011116,35.449999733027816],[137.72737614044451,35.44999973294442],[137.72737614047895,35.450166399566072]]]},"properties":{"FID":268,"A31_201":"8505050237","A31_202":"阿智川","A31_203":20,"A31_204":"長野県","A31_205":2,"A31_206":" ","A31_207":" ","A31_208":" "}},{"type":"Feature","id":269,"geometry":{"type":"Polygon","coordinates":[[[137.72581363229239,35.450624734832971],[137.72581363230447,35.450666401486657],[137.72568863164221,35.450666401651148],[137.72568863159282,35.450499735036942],[137.72575113192448,35.450499734954434],[137.72575113190007,35.450416401647246],[137.72587613256394,35.450416401481959],[137.72587613255203,35.450374734828188],[137.72593863288404,35.450374734745495],[137.72593863287224,35.450333068091638],[137.72600113320445,35.45033306800886],[137.7260011331928,35.450291401354995],[137.72612613385755,35.450291401189261],[137.72612613384618,35.450249734535312],[137.72618863417864,35.450249734452356],[137.7261886341449,35.450124734490061],[137.72625113447782,35.450124734406927],[137.72625113446671,35.4500830677528],[137.72631363479979,35.450083067669581],[137.72631363477785,35.44999973436115],[137.72643863544448,35.449999734194527],[137.72643863539056,35.449958067541644],[137.72650113572391,35.449958067458333],[137.72650113567011,35.449916400805535],[137.72656363600353,35.44991640072223],[137.7265636359497,35.449874734069432],[137.72662613628324,35.449874733986121],[137.72662613617578,35.449791400680532],[137.72668863650938,35.449791400597221],[137.72668863640209,35.449708067291631],[137.72675113673588,35.44970806720832],[137.72675113662871,35.449624733902731],[137.72681363696259,35.449624733819419],[137.7268136369091,35.449583067166628],[137.7268761372431,35.44958306708331],[137.72687613713614,35.449499733777813],[137.72681363680201,35.449499733861124],[137.72681363674843,35.449458067208326],[137.72668863607996,35.449458067375041],[137.72668863602632,35.449416400722242],[137.72681363669489,35.449416400555535],[137.72681363664134,35.449374733902744],[137.72693863731007,35.449374733736121],[137.72693863736353,35.449416400388913],[137.72706363803212,35.449416400222205],[137.72706363813862,35.449499733527787],[137.72712613847284,35.449499733444483],[137.72712613857925,35.44958306674998],[137.7270636382452,35.449583066833291],[137.72706363835169,35.449666400138881],[137.7270011380179,35.449666400222192],[137.72700113817785,35.449791400180573],[137.72693863784414,35.449791400263891],[137.72693863789752,35.449833066916682],[137.72687613756398,35.449833066999993],[137.72687613777785,35.449999733611079],[137.72681363744451,35.449999733694483],[137.72681363746423,35.450083067004073],[137.72675113713115,35.450083067087206],[137.72675113714118,35.450124733741951],[137.72668863680826,35.450124733825085],[137.7266886368285,35.450208067134405],[137.72662613649587,35.450208067217361],[137.72662613650618,35.450249733871928],[137.72656363617369,35.450249733954891],[137.7265636361841,35.450291400609373],[137.72650113585172,35.450291400692237],[137.72650113586229,35.450333067346634],[137.72643863553009,35.450333067429412],[137.72643863554075,35.450374734083802],[137.72637613520865,35.450374734166488],[137.72637613521948,35.450416400820799],[137.72631363488756,35.450416400903485],[137.72631363489856,35.450458067557705],[137.72625113456672,35.450458067640298],[137.72625113457781,35.450499734294425],[137.72618863424614,35.45049973437694],[137.72618863425743,35.450541401031067],[137.72612613392585,35.45054140111349],[137.72612613393733,35.450583067767525],[137.72606363360592,35.450583067849863],[137.72606363361746,35.450624734503812],[137.72600113328616,35.450624734586142],[137.72600113329779,35.450666401240007],[137.72593863296666,35.450666401322252],[137.72593863295492,35.450624734668395],[137.72581363229239,35.450624734832971]]]},"properties":{"FID":269,"A31_201":"8505050237","A31_202":"阿智川","A31_203":20,"A31_204":"長野県","A31_205":2,"A31_206":" ","A31_207":" ","A31_208":" "}},{"type":"Feature","id":270,"geometry":{"type":"Polygon","coordinates":[[[137.72568863167933,35.450791401611752],[137.72562613134863,35.450791401693728],[137.72562613133613,35.450749735040311],[137.725688631667,35.450749734958151],[137.72568863167933,35.450791401611752]]]},"properties":{"FID":270,"A31_201":"8505050237","A31_202":"阿智川","A31_203":20,"A31_204":"長野県","A31_205":2,"A31_206":" ","A31_207":" ","A31_208":" "}},{"type":"Feature","id":271,"geometry":{"type":"Polygon","coordinates":[[[137.72543863035659,35.450791401939753],[137.72525112936444,35.450791402185871],[137.72525112935111,35.45074973553281],[137.72543863034372,35.450749735286514],[137.72543863035659,35.450791401939753]]]},"properties":{"FID":271,"A31_201":"8505050237","A31_202":"阿智川","A31_203":20,"A31_204":"長野県","A31_205":2,"A31_206":" ","A31_207":" ","A31_208":" "}},{"type":"Feature","id":272,"geometry":{"type":"Polygon","coordinates":[[[137.72543863035659,35.450791401939753],[137.72550113068726,35.450791401857771],[137.72550113070005,35.450833068511102],[137.72543863036947,35.450833068593084],[137.72543863035659,35.450791401939753]]]},"properties":{"FID":272,"A31_201":"8505050237","A31_202":"阿智川","A31_203":20,"A31_204":"長野県","A31_205":2,"A31_206":" ","A31_207":" ","A31_208":" "}},{"type":"Feature","id":273,"geometry":{"type":"Polygon","coordinates":[[[137.72456362616589,35.451749735937071],[137.7244386255386,35.45174973605404],[137.7244386255235,35.451708069400624],[137.72456362615097,35.451708069283825],[137.72456362616589,35.451749735937071]]]},"properties":{"FID":273,"A31_201":"8505050237","A31_202":"阿智川","A31_203":20,"A31_204":"長野県","A31_205":2,"A31_206":" ","A31_207":" ","A31_208":" "}},{"type":"Feature","id":274,"geometry":{"type":"Polygon","coordinates":[[[137.72406362367295,35.451791403058643],[137.72406362365697,35.451749736404871],[137.72412612397062,35.451749736346429],[137.7241261239547,35.451708069692657],[137.72431362489596,35.451708069517423],[137.72431362492679,35.451791402824519],[137.72406362367295,35.451791403058643]]]},"properties":{"FID":274,"A31_201":"8505050237","A31_202":"阿智川","A31_203":20,"A31_204":"長野県","A31_205":2,"A31_206":" ","A31_207":" ","A31_208":" "}},{"type":"Feature","id":275,"geometry":{"type":"Polygon","coordinates":[[[137.72406362367295,35.451791403058643],[137.72406362368895,35.451833069712507],[137.72393862306228,35.451833069829746],[137.72393862304597,35.45179140317579],[137.72406362367295,35.451791403058643]]]},"properties":{"FID":275,"A31_201":"8505050237","A31_202":"阿智川","A31_203":20,"A31_204":"長野県","A31_205":2,"A31_206":" ","A31_207":" ","A31_208":" "}},{"type":"Feature","id":276,"geometry":{"type":"Polygon","coordinates":[[[137.72312611904312,35.451958070556223],[137.72312611902501,35.451916403901386],[137.72318861933809,35.451916403842674],[137.72318861932015,35.451874737187836],[137.72325111963335,35.451874737129131],[137.72325111961558,35.451833070474471],[137.72337612024225,35.451833070357232],[137.72337612022474,35.451791403702657],[137.72343862053819,35.45179140364413],[137.72343862055561,35.451833070298612],[137.72387612274892,35.451833069888366],[137.72387612276526,35.451874736542401],[137.72343862057292,35.451874736953094],[137.72343862059026,35.451916403607669],[137.72325111965111,35.451916403783883],[137.72325111966896,35.451958070438629],[137.72312611904312,35.451958070556223]]]},"properties":{"FID":276,"A31_201":"8505050237","A31_202":"阿智川","A31_203":20,"A31_204":"長野県","A31_205":2,"A31_206":" ","A31_207":" ","A31_208":" "}},{"type":"Feature","id":277,"geometry":{"type":"Polygon","coordinates":[[[137.72312611904312,35.451958070556223],[137.72312611906113,35.451999737211153],[137.72300111843558,35.451999737328919],[137.72300111841727,35.451958070673911],[137.72312611904312,35.451958070556223]]]},"properties":{"FID":277,"A31_201":"8505050237","A31_202":"阿智川","A31_203":20,"A31_204":"長野県","A31_205":2,"A31_206":" ","A31_207":" ","A31_208":" "}},{"type":"Feature","id":278,"geometry":{"type":"Polygon","coordinates":[[[137.71837609632004,35.453499741451701],[137.71837609629145,35.453458074791534],[137.71843859659933,35.45345807473025],[137.71843859662775,35.453499741390331],[137.71837609632004,35.453499741451701]]]},"properties":{"FID":278,"A31_201":"8505050237","A31_202":"阿智川","A31_203":20,"A31_204":"長野県","A31_205":2,"A31_206":" ","A31_207":" ","A31_208":" "}},{"type":"Feature","id":279,"geometry":{"type":"Polygon","coordinates":[[[137.71837609632004,35.453499741451701],[137.71837609640585,35.453624741432108],[137.71831359609851,35.453624741493662],[137.71831359612722,35.453666408153921],[137.71818859551283,35.453666408277201],[137.71818859554185,35.453708074937538],[137.71812609523471,35.45370807499927],[137.71812609514723,35.453583075018059],[137.71806359483972,35.453583075079607],[137.71806359481042,35.453541408419085],[137.71800109450282,35.453541408480547],[137.71800109447332,35.453499741820025],[137.71793859416556,35.453499741881402],[137.71793859413597,35.453458075220794],[137.71806359475178,35.453458075098133],[137.71806359478109,35.453499741758655],[137.71812609508888,35.453499741697193],[137.71812609511809,35.453541408357623],[137.71831359604096,35.453541408173237],[137.71831359601219,35.45349974151307],[137.71837609632004,35.453499741451701]]]},"properties":{"FID":279,"A31_201":"8505050237","A31_202":"阿智川","A31_203":20,"A31_204":"長野県","A31_205":2,"A31_206":" ","A31_207":" ","A31_208":" "}},{"type":"Feature","id":280,"geometry":{"type":"Polygon","coordinates":[[[137.71812609523471,35.45370807499927],[137.71812609526393,35.453749741659706],[137.71806359495696,35.453749741721523],[137.71806359492766,35.453708075061087],[137.71812609523471,35.45370807499927]]]},"properties":{"FID":280,"A31_201":"8505050237","A31_202":"阿智川","A31_203":20,"A31_204":"長野県","A31_205":2,"A31_206":" ","A31_207":" ","A31_208":" "}},{"type":"Feature","id":281,"geometry":{"type":"Polygon","coordinates":[[[137.71568858446886,35.455166410616428],[137.71562608416667,35.455166410680548],[137.71562608413194,35.455124744017368],[137.7156885844343,35.455124743953235],[137.71568858446886,35.455166410616428]]]},"properties":{"FID":281,"A31_201":"8505050237","A31_202":"阿智川","A31_203":20,"A31_204":"長野県","A31_205":2,"A31_206":" ","A31_207":" ","A31_208":" "}},{"type":"Feature","id":282,"geometry":{"type":"Polygon","coordinates":[[[137.71356357376101,35.454708079477697],[137.71350107345722,35.454708079541106],[137.71350107353612,35.45479141287219],[137.71343857323268,35.454791412935784],[137.71343857331183,35.454874746267038],[137.71337607300867,35.454874746330724],[137.71337607308806,35.45495807966207],[137.71331357278518,35.454958079725927],[137.71331357286485,35.455041413057458],[137.71325107256223,35.455041413121407],[137.71325107264227,35.455124746453016],[137.7131885723399,35.455124746517143],[137.71318857242019,35.45520807984893],[137.71312607211809,35.455208079913234],[137.71312607219858,35.455291413245121],[137.71293857129319,35.455291413438296],[137.71293857125252,35.45524974677209],[137.71300107155443,35.455249746707786],[137.71300107147334,35.455166413375551],[137.71306357177559,35.455166413311424],[137.71306357169476,35.455083079979275],[137.71312607199721,35.455083079915241],[137.71312607195691,35.455041413249305],[137.71318857225961,35.455041413185356],[137.71318857217932,35.454958079853562],[137.71325107248219,35.454958079789705],[137.71325107240219,35.454874746458088],[137.71331357270543,35.45487474639441],[137.71331357262568,35.454791413062878],[137.71337607292918,35.454791412999285],[137.71337607281006,35.45466641300218],[137.71331357250611,35.454666413065596],[137.71331357242644,35.454583079734071],[137.71325107212223,35.454583079797217],[137.71325107208224,35.454541413131366],[137.71331357238657,35.454541413068313],[137.71331357234669,35.454499746402547],[137.71362607386894,35.454499746087244],[137.71362607382977,35.45445807942184],[137.71368857413435,35.454458079358773],[137.71368857405628,35.454374746028137],[137.71375107436114,35.454374745965254],[137.71375107428332,35.45429141263471],[137.71381357458844,35.454291412572005],[137.71381357447225,35.454166412576406],[137.71400107538892,35.454166412388915],[137.71400107535055,35.45412474572386],[137.71406357565627,35.454124745661417],[137.7140635756181,35.454083078996547],[137.7141260759239,35.454083078934197],[137.71412607588582,35.454041412269319],[137.71418857619182,35.454041412207062],[137.71418857611596,35.453958078877406],[137.71425107642222,35.453958078815319],[137.71425107638447,35.453916412150534],[137.71431357669081,35.453916412088446],[137.71431357676613,35.453999745417754],[137.71425107646004,35.453999745480019],[137.71425107653556,35.454083078809404],[137.71418857622973,35.454083078871847],[137.71418857626765,35.454124745536632],[137.71412607596193,35.454124745598982],[137.71412607603804,35.45420807892873],[137.71406357573267,35.454208078991343],[137.71406357577087,35.45424974565622],[137.71400107546557,35.454249745718926],[137.71400107554223,35.454333079048851],[137.71393857523719,35.454333079111649],[137.71393857527573,35.454374745776789],[137.71387607497081,35.45437474583958],[137.71387607500944,35.45441641250472],[137.71381357470469,35.454416412567603],[137.71381357478222,35.454499745898062],[137.71375107447776,35.454499745961122],[137.71375107451672,35.454541412626355],[137.71368857421234,35.454541412689501],[137.71368857425142,35.454583079354904],[137.71362607394718,35.454583079418057],[137.71362607402554,35.454666412748871],[137.71356357372167,35.454666412812202],[137.71356357376101,35.454708079477697]]]},"properties":{"FID":282,"A31_201":"8505050237","A31_202":"阿智川","A31_203":20,"A31_204":"長野県","A31_205":2,"A31_206":" ","A31_207":" ","A31_208":" "}},{"type":"Feature","id":283,"geometry":{"type":"Polygon","coordinates":[[[137.71587608551226,35.455333077075551],[137.71581358521053,35.455333077140025],[137.71581358514197,35.455249743814008],[137.71587608544388,35.455249743749704],[137.71587608551226,35.455333077075551]]]},"properties":{"FID":283,"A31_201":"8505050237","A31_202":"阿智川","A31_203":20,"A31_204":"長野県","A31_205":2,"A31_206":" ","A31_207":" ","A31_208":" "}},{"type":"Feature","id":284,"geometry":{"type":"Polygon","coordinates":[[[137.7137510752556,35.45533307926668],[137.71375107521672,35.455291412601369],[137.71381357551843,35.455291412536972],[137.71381357555725,35.455333079202205],[137.7137510752556,35.45533307926668]]]},"properties":{"FID":284,"A31_201":"8505050237","A31_202":"阿智川","A31_203":20,"A31_204":"長野県","A31_205":2,"A31_206":" ","A31_207":" ","A31_208":" "}},{"type":"Feature","id":285,"geometry":{"type":"Polygon","coordinates":[[[137.71593858584794,35.455374743673985],[137.71587608554637,35.455374743738467],[137.71587608551226,35.455333077075551],[137.71593858581392,35.455333077011154],[137.71593858584794,35.455374743673985]]]},"properties":{"FID":285,"A31_201":"8505050237","A31_202":"阿智川","A31_203":20,"A31_204":"長野県","A31_205":2,"A31_206":" ","A31_207":" ","A31_208":" "}},{"type":"Feature","id":286,"geometry":{"type":"Polygon","coordinates":[[[137.71593858584794,35.455374743673985],[137.71600108614948,35.455374743609411],[137.71600108618333,35.45541641027225],[137.71593858588193,35.455416410336817],[137.71593858584794,35.455374743673985]]]},"properties":{"FID":286,"A31_201":"8505050237","A31_202":"阿智川","A31_203":20,"A31_204":"長野県","A31_205":2,"A31_206":" ","A31_207":" ","A31_208":" "}},{"type":"Feature","id":287,"geometry":{"type":"Polygon","coordinates":[[[137.71350107432499,35.455624746183346],[137.7135010743645,35.455666412848927],[137.71343857406393,35.455666412913857],[137.71343857402431,35.455624746248276],[137.71350107432499,35.455624746183346]]]},"properties":{"FID":287,"A31_201":"8505050237","A31_202":"阿智川","A31_203":20,"A31_204":"長野県","A31_205":2,"A31_206":" ","A31_207":" ","A31_208":" "}},{"type":"Feature","id":288,"geometry":{"type":"Polygon","coordinates":[[[137.71337607384277,35.455749746310303],[137.71337607380306,35.455708079644545],[137.71343857410346,35.45570807957953],[137.71343857414308,35.455749746245118],[137.71337607384277,35.455749746310303]]]},"properties":{"FID":288,"A31_201":"8505050237","A31_202":"阿智川","A31_203":20,"A31_204":"長野県","A31_205":2,"A31_206":" ","A31_207":" ","A31_208":" "}},{"type":"Feature","id":289,"geometry":{"type":"Polygon","coordinates":[[[137.71337607384277,35.455749746310303],[137.71337607392223,35.45583307964165],[137.7133135736222,35.455833079706935],[137.71331357354254,35.45574974637541],[137.71337607384277,35.455749746310303]]]},"properties":{"FID":289,"A31_201":"8505050237","A31_202":"阿智川","A31_203":20,"A31_204":"長野県","A31_205":2,"A31_206":" ","A31_207":" ","A31_208":" "}},{"type":"Feature","id":290,"geometry":{"type":"Polygon","coordinates":[[[137.7133135736222,35.455833079706935],[137.71331357370195,35.455916413038459],[137.71325107340226,35.455916413103921],[137.71325107332225,35.455833079772219],[137.7133135736222,35.455833079706935]]]},"properties":{"FID":290,"A31_201":"8505050237","A31_202":"阿智川","A31_203":20,"A31_204":"長野県","A31_205":2,"A31_206":" ","A31_207":" ","A31_208":" "}},{"type":"Feature","id":291,"geometry":{"type":"Polygon","coordinates":[[[137.71325107340226,35.455916413103921],[137.71325107348221,35.455999746435531],[137.71318857318278,35.455999746501078],[137.71318857310249,35.455916413169291],[137.71325107340226,35.455916413103921]]]},"properties":{"FID":291,"A31_201":"8505050237","A31_202":"阿智川","A31_203":20,"A31_204":"長野県","A31_205":2,"A31_206":" ","A31_207":" ","A31_208":" "}},{"type":"Feature","id":292,"geometry":{"type":"Polygon","coordinates":[[[137.71318857318278,35.455999746501078],[137.71318857322294,35.456041413167014],[137.71312607292359,35.456041413232654],[137.71312607288337,35.455999746566626],[137.71318857318278,35.455999746501078]]]},"properties":{"FID":292,"A31_201":"8505050237","A31_202":"阿智川","A31_203":20,"A31_204":"長野県","A31_205":2,"A31_206":" ","A31_207":" ","A31_208":" "}},{"type":"Feature","id":293,"geometry":{"type":"Polygon","coordinates":[[[137.71218856894274,35.456458080848975],[137.71218856890073,35.456416414182684],[137.71225106918169,35.456416414123879],[137.71225106909785,35.456333080791111],[137.71231356937886,35.456333080732229],[137.71231356929513,35.456249747399283],[137.71225106901392,35.456249747458344],[137.71225106897199,35.456208080791967],[137.71212606840928,35.45620808091018],[137.71212606832518,35.456124747577675],[137.71218856860665,35.456124747518437],[137.71218856856456,35.456083080852054],[137.71225106884611,35.456083080792808],[137.71225106880422,35.456041414126432],[137.71231356908578,35.456041414067009],[137.71231356900202,35.455958080734064],[137.71237606928378,35.455958080674556],[137.71237606924194,35.455916414008087],[137.71243856952378,35.455916413948486],[137.71243856944028,35.455833080615278],[137.71250106972221,35.455833080555593],[137.7125010696389,35.4557497472222],[137.71262607023945,35.4557497470919],[137.71262607028083,35.455791413758462],[137.71268857058098,35.455791413693277],[137.71268857062219,35.455833080359746],[137.71262607032222,35.455833080425023],[137.71262607048777,35.455999747091099],[137.71256357018837,35.455999747156639],[137.71256357027141,35.456083080489854],[137.71250106997223,35.45608308055558],[137.7125010700972,35.456208080555527],[137.7124385698159,35.456208080614687],[137.7124385698994,35.456291413947895],[137.71237606961819,35.456291414006785],[137.71237606970183,35.456374747339908],[137.71231356942081,35.456374747398698],[137.71231356950454,35.456458080731558],[137.71218856894274,35.456458080848975]]]},"properties":{"FID":293,"A31_201":"8505050237","A31_202":"阿智川","A31_203":20,"A31_204":"長野県","A31_205":2,"A31_206":" ","A31_207":" ","A31_208":" "}},{"type":"Feature","id":294,"geometry":{"type":"Polygon","coordinates":[[[137.71218856894274,35.456458080848975],[137.71218856902675,35.456541414181565],[137.71212606874599,35.456541414240185],[137.7121260686618,35.45645808090768],[137.71218856894274,35.456458080848975]]]},"properties":{"FID":294,"A31_201":"8505050237","A31_202":"阿智川","A31_203":20,"A31_204":"長野県","A31_205":2,"A31_206":" ","A31_207":" ","A31_208":" "}},{"type":"Feature","id":295,"geometry":{"type":"Polygon","coordinates":[[[137.71212606874599,35.456541414240185],[137.71212606878808,35.456583080906391],[137.7120635685074,35.456583080964833],[137.71206356846523,35.456541414298712],[137.71212606874599,35.456541414240185]]]},"properties":{"FID":295,"A31_201":"8505050237","A31_202":"阿智川","A31_203":20,"A31_204":"長野県","A31_205":2,"A31_206":" ","A31_207":" ","A31_208":" "}},{"type":"Feature","id":296,"geometry":{"type":"Polygon","coordinates":[[[137.7120635685074,35.456583080964833],[137.7120635685495,35.456624747631039],[137.7120010682689,35.456624747689482],[137.71200106822664,35.456583081023368],[137.7120635685074,35.456583080964833]]]},"properties":{"FID":296,"A31_201":"8505050237","A31_202":"阿智川","A31_203":20,"A31_204":"長野県","A31_205":2,"A31_206":" ","A31_207":" ","A31_208":" "}},{"type":"Feature","id":297,"geometry":{"type":"Polygon","coordinates":[[[137.71562608413194,35.455124744017368],[137.71556358382961,35.455124744081488],[137.71556358396904,35.455291410734503],[137.71562608427087,35.455291410670114],[137.71562608434022,35.455374743996487],[137.71568858464178,35.455374743931998],[137.71568858467643,35.455416410595099],[137.7157510849778,35.455416410530532],[137.71575108508111,35.455541410519729],[137.71568858478017,35.45554141058448],[137.7156885848147,35.455583077247667],[137.71562608451387,35.455583077312504],[137.7156260845486,35.45562474397569],[137.71556358424792,35.45562474404062],[137.71556358431764,35.455708077367163],[137.71550108401726,35.455708077432178],[137.71550108405225,35.455749744095542],[137.71543858375193,35.455749744160741],[137.71543858382228,35.455833077487469],[137.71537608352222,35.455833077552747],[137.71537608355749,35.455874744216288],[137.71531358325763,35.455874744281573],[137.71531358329307,35.455916410945107],[137.7151885826936,35.45591641107594],[137.7151885827293,35.455958077739659],[137.71512608242969,35.455958077805121],[137.71512608246556,35.455999744468926],[137.71506358216607,35.455999744534473],[137.71506358220211,35.456041411198285],[137.71500108190278,35.456041411263918],[137.71500108193894,35.456083077927815],[137.71493858163979,35.456083077993455],[137.71493858167599,35.456124744657437],[137.71487608137693,35.456124744723162],[137.71487608141337,35.456166411387237],[137.71475108081557,35.456166411518865],[137.71475108085224,35.456208078183025],[137.71456357995601,35.45620807838074],[137.71456357999307,35.45624974504517],[137.71450107969443,35.456249745111066],[137.71450107973163,35.456291411775588],[137.71437607913475,35.456291411907657],[137.71437607917224,35.456333078572179],[137.71431357887388,35.456333078638352],[137.71431357891154,35.456374745302952],[137.71425107861336,35.456374745369125],[137.7142510786511,35.45641641203391],[137.71418857835309,35.456416412100168],[137.71418857839103,35.456458078764953],[137.7141260780931,35.456458078831211],[137.71412607816913,35.456541412160959],[137.71400107757393,35.456541412293916],[137.71400107761221,35.456583078958886],[137.71393857731474,35.456583079025407],[137.71393857735319,35.456624745690462],[137.71381357675844,35.456624745823689],[137.71381357679724,35.456666412488914],[137.71368857620274,35.456666412622226],[137.71368857624182,35.456708079287552],[137.71362607594472,35.456708079354343],[137.71362607598388,35.456749746019746],[137.71356357568695,35.456749746086537],[137.71356357572628,35.456791412752032],[137.71350107542943,35.456791412818916],[137.71350107546888,35.456833079484497],[137.71337607487561,35.456833079618349],[137.71337607483582,35.456791412952668],[137.71343857513267,35.456791412885792],[137.71343857509305,35.456749746220119],[137.71350107539001,35.456749746153328],[137.71350107535056,35.45670807948774],[137.7135635756477,35.456708079421041],[137.71356357560833,35.456666412755546],[137.71362607590555,35.456666412688932],[137.71362607582728,35.456583079358026],[137.71356357552975,35.456583079424554],[137.71356357549038,35.456541412759059],[137.71350107519282,35.456541412825587],[137.71350107515332,35.456499746159999],[137.71343857485556,35.456499746226434],[137.71343857481594,35.456458079560761],[137.71337607451812,35.456458079627112],[137.71337607447833,35.456416412961346],[137.71331357418035,35.456416413027604],[137.71331357414044,35.456374746361845],[137.71325107384229,35.456374746428011],[137.71325107380221,35.456333079762246],[137.71318857350394,35.456333079828326],[137.7131885734637,35.45629141316239],[137.71312607316526,35.45629141322847],[137.71312607308471,35.456208079896498],[137.71318857338352,35.456208079830603],[137.71318857334336,35.456166413164752],[137.71331357394115,35.456166413033031],[137.71331357398103,35.456208079698797],[137.71337607427975,35.456208079632887],[137.71337607431946,35.456249746298653],[137.71350107491668,35.456249746166669],[137.71350107471943,35.456041412838928],[137.71356357501875,35.456041412773288],[137.71356357494017,35.455958079442297],[137.71350107464056,35.455958079507752],[137.71350107460111,35.455916412842257],[137.71343857430142,35.455916412907627],[137.71343857422221,35.455833079576372],[137.71356357482222,35.45583307944581],[137.71356357486155,35.455874746111306],[137.71362607516141,35.455874746046021],[137.71362607520058,35.455916412711431],[137.71368857550027,35.455916412645976],[137.71368857546122,35.455874745980651],[137.71381357606094,35.455874745849911],[137.71381357586722,35.455666412523854],[137.71375107556665,35.455666412588869],[137.71375107552785,35.455624745923643],[137.71368857522708,35.455624745988572],[137.71368857518809,35.455583079323162],[137.7135635745864,35.455583079452921],[137.71356357462574,35.455624746118417],[137.71350107432499,35.455624746183346],[137.71350107424612,35.45554141285227],[137.71356357454704,35.455541412787426],[137.71356357446845,35.455458079456434],[137.71362607476973,35.455458079391775],[137.71362607473057,35.455416412726372],[137.71368857503194,35.455416412661805],[137.71368857495389,35.455333079331169],[137.7137510752556,35.45533307926668],[137.71375107529443,35.455374745931913],[137.71400107650055,35.455374745673893],[137.71400107653892,35.455416412338863],[137.71412607714169,35.455416412209715],[137.71412607717971,35.455458078874592],[137.714188577481,35.455458078809933],[137.71418857751891,35.455499745474718],[137.71425107782002,35.455499745409966],[137.71425107785777,35.455541412074751],[137.71431357815879,35.455541412009921],[137.71431357793293,35.455291412022007],[137.7142510776311,35.455291412086396],[137.71425107759336,35.455249745421703],[137.71418857729137,35.455249745486007],[137.71418857725345,35.455208078821222],[137.71412607695143,35.455208078885434],[137.71412607691335,35.455166412220564],[137.71406357661115,35.45516641228469],[137.71406357657298,35.455124745619813],[137.71393857596817,35.45512474574798],[137.71393857592972,35.455083079082925],[137.71400107623225,35.455083079018891],[137.7140010761556,35.45499974568888],[137.71406357645839,35.454999745625017],[137.71406357642019,35.454958078960054],[137.71412607672309,35.454958078896283],[137.71412607668498,35.454916412231412],[137.71418857698805,35.454916412167634],[137.71418857691231,35.454833078838064],[137.71425107721552,35.45483307877447],[137.71425107717778,35.454791412109685],[137.71431357748131,35.454791412046184],[137.71431357740599,35.454708078716877],[137.71437607770974,35.454708078653468],[137.71437607763471,35.454624745324338],[137.71443857793875,35.454624745261015],[137.71443857790143,35.454583078596492],[137.71450107820559,35.454583078533346],[137.71450107816835,35.454541411868917],[137.71456357847268,35.454541411805764],[137.71456357843556,35.454499745141419],[137.71462607874003,35.454499745078365],[137.71462607870308,35.454458078414021],[137.71468857900766,35.454458078351053],[137.71468857893404,35.454374745022548],[137.71475107923888,35.45437474495975],[137.71475107920227,35.454333078295591],[137.71481357950722,35.454333078232793],[137.7148135794707,35.454291411568718],[137.71487607977582,35.454291411506013],[137.7148760797395,35.454249744841938],[137.7149385800447,35.454249744779318],[137.71493858000846,35.454208078115336],[137.71500108031393,35.454208078052808],[137.71500108034996,35.454249744716705],[137.71506358065525,35.454249744654],[137.71506358069124,35.454291411317811],[137.71512608099644,35.454291411255099],[137.71512608103222,35.454333077918911],[137.71518858133726,35.45433307785612],[137.71518858137296,35.454374744519839],[137.71525108167779,35.454374744456956],[137.71525108171332,35.454416411120583],[137.71531358201807,35.454416411057608],[137.71531358205351,35.454458077721156],[137.71537608235809,35.454458077658181],[137.71537608228749,35.454374744331275],[137.71550108289725,35.454374744205595],[137.71550108293224,35.454416410868873],[137.71556358323693,35.45441641080599],[137.71556358320208,35.454374744142712],[137.71562608350695,35.454374744079828],[137.71562608343748,35.454291410753456],[137.71556358313237,35.454291410816168],[137.71556358302783,35.454166410826431],[137.7155010827222,35.454166410888867],[137.71550108268721,35.454124744225595],[137.71543858238155,35.454124744287938],[137.71543858234639,35.454083077624574],[137.71537608204056,35.454083077686931],[137.71537608200532,35.454041411023475],[137.71525108139332,35.454041411148083],[137.71525108135779,35.453999744484456],[137.71531358166388,35.453999744422191],[137.71531358162852,35.453958077758656],[137.71537608193469,35.453958077696569],[137.71537608189942,35.453916411033028],[137.71550108251222,35.45391641090886],[137.71550108247723,35.453874744245581],[137.71556358278377,35.453874744183501],[137.71556358274887,35.453833077520315],[137.71568858336227,35.453833077396411],[137.71568858332765,35.453791410733231],[137.71575108363444,35.453791410671414],[137.71575108360005,35.453749744008313],[137.71587608421393,35.453749743884678],[137.71587608428223,35.453833077210604],[137.7158135839756,35.453833077272513],[137.71581358400988,35.453874743935522],[137.71587608431642,35.453874743873442],[137.71587608435061,35.453916410536358],[137.71581358404416,35.453916410598438],[137.7158135841471,35.454041410587465],[137.7158760844531,35.454041410525122],[137.71587608438472,35.453958077199275],[137.71593858469097,35.453958077137194],[137.71593858465695,35.453916410474278],[137.71600108496332,35.453916410412191],[137.71600108492947,35.453874743749452],[137.71606358523601,35.45387474368745],[137.71606358516851,35.453791410362058],[137.71612608547531,35.453791410300155],[137.71612608544172,35.453749743637502],[137.71618858574863,35.453749743575685],[137.71618858571514,35.453708076913117],[137.7162510860222,35.453708076851385],[137.71625108595558,35.453624743526348],[137.71631358626291,35.4536247434648],[137.71631358622969,35.453583076802317],[137.71643858684479,35.453583076679308],[137.71643858681185,35.45354141001701],[137.71656358742712,35.453541409894086],[137.71656358739443,35.453499743231966],[137.71662608770222,35.453499743170596],[137.71662608766971,35.453458076508468],[137.71675108828552,35.453458076385814],[137.71675108825337,35.453416409723872],[137.71681358856142,35.45341640966268],[137.71681358852933,35.453374743000737],[137.71725109068669,35.453374742572542],[137.71725109071778,35.453416409233867],[137.71750109195003,35.4534164089889],[137.71750109207224,35.453583075633304],[137.71743859176473,35.453583075694851],[137.71743859179546,35.453624742356084],[137.71731359118073,35.453624742479278],[137.71731359121171,35.453666409140595],[137.71725109090448,35.453666409202235],[137.71725109096673,35.453749742524963],[137.71731359127361,35.453749742463238],[137.71731359136652,35.453874742447113],[137.71743859197957,35.453874742323123],[137.71743859201024,35.453916408984355],[137.71756359262309,35.453916408860188],[137.71756359259265,35.453874742199133],[137.71762609289917,35.453874742137046],[137.7176260928083,35.453749742154152],[137.7176885931153,35.453749742092334],[137.71768859308517,35.453708075431457],[137.71775109339225,35.453708075369732],[137.71775109336221,35.453666408708855],[137.71781359366946,35.453666408647209],[137.7178135936993,35.453708075308001],[137.71787609400636,35.453708075246269],[137.71787609406587,35.453791408567668],[137.71781359375908,35.453791408629485],[137.71781359378892,35.453833075290277],[137.71775109348221,35.453833075352271],[137.71775109351222,35.453874742013056],[137.71781359381876,35.453874741951068],[137.71781359378892,35.453833075290277],[137.71787609409554,35.453833075228374],[137.71787609406587,35.453791408567668],[137.71793859437267,35.453791408505765],[137.71793859434308,35.453749741845158],[137.71806359495696,35.453749741721523],[137.71806359498626,35.453791408382045],[137.71800109467947,35.453791408443863],[137.71800109470888,35.45383307510447],[137.71793859440226,35.453833075166372],[137.71793859443181,35.453874741826986],[137.7178760941253,35.453874741888981],[137.71787609424413,35.454041408531779],[137.71793859455013,35.454041408469521],[137.71793859457972,35.454083075130129],[137.71787609427389,35.454083075192479],[137.71787609442248,35.454291408495976],[137.71781359411736,35.454291408558682],[137.7178135941472,35.454333075219466],[137.7177510938422,35.454333075282264],[137.71775109387221,35.454374741943056],[137.71768859356737,35.454374742005939],[137.71768859359756,35.454416408666816],[137.71762609329281,35.454416408729699],[137.71762609335337,35.454499742051624],[137.71756359304891,35.454499742114692],[137.71756359307926,35.454541408775739],[137.71737609216643,35.454541408965099],[137.71737609213554,35.454499742303867],[137.71725109152672,35.454499742429988],[137.71725109149554,35.454458075768585],[137.71706359058183,35.454458075957589],[137.71706359055031,35.454416409296002],[137.71700109024562,35.454416409358885],[137.71700109021393,35.454374742697205],[137.71650108777501,35.454374743200006],[137.71650108780779,35.454416409862212],[137.71637608719837,35.45441640998807],[137.71637608716532,35.45437474332568],[137.71631358686039,35.454374743388563],[137.71631358676083,35.45424974340122],[137.71625108645554,35.454249743463933],[137.71625108648894,35.454291410126402],[137.71618858618373,35.454291410189114],[137.71618858625069,35.454374743514236],[137.71612608594586,35.454374743577119],[137.71612608611389,35.454583076890302],[137.71600108550555,35.454583077016693],[137.71600108557331,35.454666410342263],[137.71606358587727,35.454666410278847],[137.71606358591094,35.454708076941586],[137.7161260862147,35.454708076878177],[137.7161260863156,35.454833076866137],[137.71606358601218,35.454833076929731],[137.71606358604595,35.45487474359247],[137.71612608634919,35.454874743528791],[137.71612608638276,35.454916410191352],[137.71618858668583,35.454916410127666],[137.71618858675279,35.454999743452802],[137.71612608645,35.454999743516659],[137.71612608648365,35.455041410179312],[137.71606358618095,35.455041410243261],[137.71606358621469,35.455083076906007],[137.71600108591224,35.455083076969956],[137.71600108594609,35.45512474363278],[137.71593858564373,35.455124743696913],[137.71593858567775,35.455166410359737],[137.71587608537556,35.455166410423871],[137.71587608540977,35.455208077086787],[137.71575108480559,35.455208077215303],[137.71575108484004,35.455249743878312],[137.71568858453804,35.455249743942616],[137.71568858446886,35.455166410616428],[137.71575108477111,35.455166410552209],[137.71575108473667,35.455124743889201],[137.7156885844343,35.455124743953235],[137.715688584296,35.454958077300759],[137.71562608399304,35.454958077364623],[137.71562608413194,35.455124744017368]],[[137.71475108033889,35.455624744884744],[137.71462607973754,35.455624745014589],[137.71462607981144,35.455708078343186],[137.71468858011184,35.455708078278079],[137.71468858014862,35.455749744942338],[137.71481358074917,35.455749744812124],[137.71481358067615,35.45566641148389],[137.71475108037558,35.455666411548904],[137.71475108033889,35.455624744884744]],[[137.71550108338718,35.45495807749225],[137.71556358369014,35.454958077428387],[137.71556358348099,35.454708077448828],[137.7155010831772,35.454708077512244],[137.71550108321219,35.454749744175516],[137.7154385829086,35.454749744239024],[137.71543858294376,35.454791410902473],[137.71537608264026,35.454791410965981],[137.71537608267553,35.454833077629431],[137.71543858297895,35.454833077565837],[137.71543858304921,35.454916410892658],[137.71550108335219,35.454916410828886],[137.71550108338718,35.45495807749225]],[[137.71568858391561,35.454499744006419],[137.71562608361111,35.45449974406948],[137.71562608395831,35.454916410701429],[137.71568858426139,35.454916410637665],[137.71568858391561,35.454499744006419],[137.71575108422002,35.454499743943359],[137.71575108418554,35.454458077280265],[137.71568858388096,35.454458077343233],[137.71568858391561,35.454499744006419]],[[137.71568858377722,35.454333077353851],[137.71575108408226,35.454333077291146],[137.71575108401333,35.454249743965036],[137.71581358431862,35.454249743902338],[137.7158135841814,35.454083077250388],[137.71575108387557,35.454083077312738],[137.71575108397894,35.454208077301942],[137.71568858367348,35.45420807736447],[137.71568858377722,35.454333077353851]],[[137.71675108883335,35.45416640963893],[137.71675108892998,35.454291409624759],[137.71681358923519,35.45429140956206],[137.71681358926725,35.454333076223911],[137.71687608957225,35.45433307616112],[137.71687608954028,35.454291409499348],[137.7169385898454,35.454291409436557],[137.71693858978182,35.454208076113119],[137.71681358917095,35.45420807623826],[137.71681358913889,35.454166409576402],[137.71675108883335,35.45416640963893]],[[137.71631358629614,35.453666410127184],[137.71631358636247,35.45374974345205],[137.71637608666944,35.453749743390318],[137.71637608660336,35.453666410065544],[137.71631358629614,35.453666410127184]]]},"properties":{"FID":297,"A31_201":"8505050237","A31_202":"阿智川","A31_203":20,"A31_204":"長野県","A31_205":2,"A31_206":" ","A31_207":" ","A31_208":" "}},{"type":"Feature","id":298,"geometry":{"type":"Polygon","coordinates":[[[137.71175106752889,35.456999747915553],[137.71175106740145,35.456874747918093],[137.71181356768159,35.456874747860091],[137.71181356759678,35.456791414528297],[137.71187606787709,35.456791414470125],[137.71187606783474,35.456749747804182],[137.71193856811516,35.456749747746009],[137.71193856819971,35.456833081078067],[137.71187606791946,35.456833081136153],[137.71187606804656,35.456958081134061],[137.71181356776651,35.456958081191885],[137.71181356780895,35.456999747857822],[137.71175106752889,35.456999747915553]]]},"properties":{"FID":298,"A31_201":"8505050237","A31_202":"阿智川","A31_203":20,"A31_204":"長野県","A31_205":2,"A31_206":" ","A31_207":" ","A31_208":" "}},{"type":"Feature","id":299,"geometry":{"type":"Polygon","coordinates":[[[137.71300107362282,35.45737474667942],[137.7129385733279,35.457374746747277],[137.71293857328723,35.457333080081156],[137.71300107358223,35.457333080013299],[137.71300107362282,35.45737474667942]]]},"properties":{"FID":299,"A31_201":"8505050237","A31_202":"阿智川","A31_203":20,"A31_204":"長野県","A31_205":2,"A31_206":" ","A31_207":" ","A31_208":" "}},{"type":"Feature","id":300,"geometry":{"type":"Polygon","coordinates":[[[137.71175106752889,35.456999747915553],[137.71175106774143,35.457208081244715],[137.71168856746172,35.457208081302184],[137.71168856758945,35.457333081299467],[137.71162606730999,35.457333081356666],[137.71162606739526,35.457416414688012],[137.711563567116,35.457416414745126],[137.71156356715872,35.457458081410799],[137.71143856660021,35.457458081524841],[137.71143856655738,35.457416414859345],[137.71150106683666,35.457416414802239],[137.71150106670831,35.457291414805567],[137.71156356698785,35.457291414748283],[137.7115635669025,35.457208081417022],[137.7116260671821,35.45720808135956],[137.71162606709683,35.457124748028214],[137.71168856737663,35.45712474797066],[137.71168856724893,35.45699974797337],[137.71175106752889,35.456999747915553]]]},"properties":{"FID":300,"A31_201":"8505050237","A31_202":"阿智川","A31_203":20,"A31_204":"長野県","A31_205":2,"A31_206":" ","A31_207":" ","A31_208":" "}},{"type":"Feature","id":301,"geometry":{"type":"Polygon","coordinates":[[[137.71293857345003,35.457499746745803],[137.7128760731556,35.457499746813923],[137.71287607311473,35.457458080147632],[137.71293857340936,35.457458080079689],[137.71293857345003,35.457499746745803]]]},"properties":{"FID":301,"A31_201":"8505050237","A31_202":"阿智川","A31_203":20,"A31_204":"長野県","A31_205":2,"A31_206":" ","A31_207":" ","A31_208":" "}},{"type":"Feature","id":302,"geometry":{"type":"Polygon","coordinates":[[[137.71143856660021,35.457458081524841],[137.7114385666431,35.457499748190244],[137.71137606636393,35.45749974824718],[137.71137606632095,35.457458081581777],[137.71143856660021,35.457458081524841]]]},"properties":{"FID":302,"A31_201":"8505050237","A31_202":"阿智川","A31_203":20,"A31_204":"長野県","A31_205":2,"A31_206":" ","A31_207":" ","A31_208":" "}},{"type":"Feature","id":303,"geometry":{"type":"Polygon","coordinates":[[[137.71137606653554,35.4576664149089],[137.71131356625671,35.457666414965558],[137.71131356617073,35.457583081634837],[137.71137606644973,35.457583081578079],[137.71137606653554,35.4576664149089]]]},"properties":{"FID":303,"A31_201":"8505050237","A31_202":"阿智川","A31_203":20,"A31_204":"長野県","A31_205":2,"A31_206":" ","A31_207":" ","A31_208":" "}},{"type":"Feature","id":304,"geometry":{"type":"Polygon","coordinates":[[[137.71275107277222,35.457708080281918],[137.71275107273109,35.457666413615527],[137.71281357302502,35.45766641354723],[137.71281357306606,35.457708080213521],[137.71275107277222,35.457708080281918]]]},"properties":{"FID":304,"A31_201":"8505050237","A31_202":"阿智川","A31_203":20,"A31_204":"長野県","A31_205":2,"A31_206":" ","A31_207":" ","A31_208":" "}},{"type":"Feature","id":305,"geometry":{"type":"Polygon","coordinates":[[[137.71275107277222,35.457708080281918],[137.71275107281335,35.457749746948295],[137.71268857251968,35.457749747016777],[137.71268857247847,35.457708080350393],[137.71275107277222,35.457708080281918]]]},"properties":{"FID":305,"A31_201":"8505050237","A31_202":"阿智川","A31_203":20,"A31_204":"長野県","A31_205":2,"A31_206":" ","A31_207":" ","A31_208":" "}},{"type":"Feature","id":306,"geometry":{"type":"Polygon","coordinates":[[[137.71125106606394,35.457749748352775],[137.71125106602088,35.457708081687542],[137.71131356629968,35.457708081630884],[137.71131356634268,35.457749748296287],[137.71125106606394,35.457749748352775]]]},"properties":{"FID":306,"A31_201":"8505050237","A31_202":"阿智川","A31_203":20,"A31_204":"長野県","A31_205":2,"A31_206":" ","A31_207":" ","A31_208":" "}},{"type":"Feature","id":307,"geometry":{"type":"Polygon","coordinates":[[[137.71268857251968,35.457749747016777],[137.71268857256098,35.457791413683253],[137.71262607226751,35.457791413751821],[137.71262607222613,35.457749747085259],[137.71268857251968,35.457749747016777]]]},"properties":{"FID":307,"A31_201":"8505050237","A31_202":"阿智川","A31_203":20,"A31_204":"長野県","A31_205":2,"A31_206":" ","A31_207":" ","A31_208":" "}},{"type":"Feature","id":308,"geometry":{"type":"Polygon","coordinates":[[[137.71125106606394,35.457749748352775],[137.71125106610694,35.457791415018093],[137.71118856582831,35.457791415074496],[137.71118856578514,35.457749748409263],[137.71125106606394,35.457749748352775]]]},"properties":{"FID":308,"A31_201":"8505050237","A31_202":"阿智川","A31_203":20,"A31_204":"長野県","A31_205":2,"A31_206":" ","A31_207":" ","A31_208":" "}},{"type":"Feature","id":309,"geometry":{"type":"Polygon","coordinates":[[[137.71118856582831,35.457791415074496],[137.71118856587137,35.457833081739722],[137.71106356531419,35.45783308185252],[137.71106356527093,35.457791415187472],[137.71118856582831,35.457791415074496]]]},"properties":{"FID":309,"A31_201":"8505050237","A31_202":"阿智川","A31_203":20,"A31_204":"長野県","A31_205":2,"A31_206":" ","A31_207":" ","A31_208":" "}},{"type":"Feature","id":310,"geometry":{"type":"Polygon","coordinates":[[[137.71250107176388,35.457874747222249],[137.71250107172222,35.457833080555517],[137.7125635720156,35.457833080486949],[137.71256357205709,35.457874747153511],[137.71250107176388,35.457874747222249]]]},"properties":{"FID":310,"A31_201":"8505050237","A31_202":"阿智川","A31_203":20,"A31_204":"長野県","A31_205":2,"A31_206":" ","A31_207":" ","A31_208":" "}},{"type":"Feature","id":311,"geometry":{"type":"Polygon","coordinates":[[[137.71200106953555,35.457874747672733],[137.711938569257,35.457874747729136],[137.71193856921471,35.457833081063015],[137.71187606893608,35.457833081119418],[137.71187606897854,35.457874747785446],[137.71181356869997,35.457874747841757],[137.71181356861507,35.45779141450997],[137.71187606889379,35.457791414453482],[137.71187606885132,35.457749747787538],[137.71193856913015,35.457749747730958],[137.7119385690456,35.457666414398901],[137.71200106932443,35.457666414342242],[137.7120010694089,35.45774974767447],[137.71206356968761,35.457749747617896],[137.71206356972982,35.457791414284102],[137.71200106945108,35.457791414340591],[137.71200106953555,35.457874747672733]]]},"properties":{"FID":311,"A31_201":"8505050237","A31_202":"阿智川","A31_203":20,"A31_204":"長野県","A31_205":2,"A31_206":" ","A31_207":" ","A31_208":" "}},{"type":"Feature","id":312,"geometry":{"type":"Polygon","coordinates":[[[137.71250107176388,35.457874747222249],[137.7125010718056,35.457916413888903],[137.7123760712486,35.457916414001346],[137.71237607120685,35.45787474733487],[137.71250107176388,35.457874747222249]]]},"properties":{"FID":312,"A31_201":"8505050237","A31_202":"阿智川","A31_203":20,"A31_204":"長野県","A31_205":2,"A31_206":" ","A31_207":" ","A31_208":" "}},{"type":"Feature","id":313,"geometry":{"type":"Polygon","coordinates":[[[137.71200106953555,35.457874747672733],[137.71206356981409,35.45787474761643],[137.7120635698563,35.457916414282636],[137.71200106957781,35.457916414338854],[137.71200106953555,35.457874747672733]]]},"properties":{"FID":313,"A31_201":"8505050237","A31_202":"阿智川","A31_203":20,"A31_204":"長野県","A31_205":2,"A31_206":" ","A31_207":" ","A31_208":" "}},{"type":"Feature","id":314,"geometry":{"type":"Polygon","coordinates":[[[137.71100106512222,35.457916415238934],[137.71100106507888,35.457874748573886],[137.71106356535742,35.457874748517568],[137.71106356540068,35.457916415182623],[137.71100106512222,35.457916415238934]]]},"properties":{"FID":314,"A31_201":"8505050237","A31_202":"阿智川","A31_203":20,"A31_204":"長野県","A31_205":2,"A31_206":" ","A31_207":" ","A31_208":" "}},{"type":"Feature","id":315,"geometry":{"type":"Polygon","coordinates":[[[137.7123760712486,35.457916414001346],[137.71237607129044,35.457958080667908],[137.71231357101206,35.457958080724126],[137.71231357097014,35.457916414057657],[137.7123760712486,35.457916414001346]]]},"properties":{"FID":315,"A31_201":"8505050237","A31_202":"阿智川","A31_203":20,"A31_204":"長野県","A31_205":2,"A31_206":" ","A31_207":" ","A31_208":" "}},{"type":"Feature","id":316,"geometry":{"type":"Polygon","coordinates":[[[137.71100106512222,35.457916415238934],[137.71100106516556,35.457958081903897],[137.71093856488719,35.45795808196003],[137.71093856484376,35.457916415295159],[137.71100106512222,35.457916415238934]]]},"properties":{"FID":316,"A31_201":"8505050237","A31_202":"阿智川","A31_203":20,"A31_204":"長野県","A31_205":2,"A31_206":" ","A31_207":" ","A31_208":" "}},{"type":"Feature","id":317,"geometry":{"type":"Polygon","coordinates":[[[137.71093856488719,35.45795808196003],[137.71093856493053,35.457999748624992],[137.71087606465224,35.457999748681125],[137.71087606460873,35.457958082016248],[137.71093856488719,35.45795808196003]]]},"properties":{"FID":317,"A31_201":"8505050237","A31_202":"阿智川","A31_203":20,"A31_204":"長野県","A31_205":2,"A31_206":" ","A31_207":" ","A31_208":" "}},{"type":"Feature","id":318,"geometry":{"type":"Polygon","coordinates":[[[137.71075106422643,35.458124748787483],[137.71068856394831,35.458124748843431],[137.7106885639046,35.458083082178739],[137.7107510641828,35.458083082122783],[137.71075106422643,35.458124748787483]]]},"properties":{"FID":318,"A31_201":"8505050237","A31_202":"阿智川","A31_203":20,"A31_204":"長野県","A31_205":2,"A31_206":" ","A31_207":" ","A31_208":" "}},{"type":"Feature","id":319,"geometry":{"type":"Polygon","coordinates":[[[137.71050106333337,35.458333082333361],[137.71050106336338,35.458374749000015],[137.71037606280797,35.458374749111123],[137.71037606277775,35.458333082444469],[137.71043856305562,35.458333082388961],[137.71043856301165,35.458291415724531],[137.71050106328948,35.458291415668931],[137.71050106333337,35.458333082333361]]]},"properties":{"FID":319,"A31_201":"8505050237","A31_202":"阿智川","A31_203":20,"A31_204":"長野県","A31_205":2,"A31_206":" ","A31_207":" ","A31_208":" "}},{"type":"Feature","id":320,"geometry":{"type":"Polygon","coordinates":[[[137.71031356259061,35.458458082500023],[137.7103135625604,35.458416415833369],[137.71037606283807,35.458416415777776],[137.71037606286819,35.458458082444423],[137.71031356259061,35.458458082500023]]]},"properties":{"FID":320,"A31_201":"8505050237","A31_202":"阿智川","A31_203":20,"A31_204":"長野県","A31_205":2,"A31_206":" ","A31_207":" ","A31_208":" "}},{"type":"Feature","id":321,"geometry":{"type":"Polygon","coordinates":[[[137.71031356259061,35.458458082500023],[137.7103135626208,35.458499749166677],[137.71025106234333,35.458499749222185],[137.71025106231303,35.458458082555538],[137.71031356259061,35.458458082500023]]]},"properties":{"FID":321,"A31_201":"8505050237","A31_202":"阿智川","A31_203":20,"A31_204":"長野県","A31_205":2,"A31_206":" ","A31_207":" ","A31_208":" "}},{"type":"Feature","id":322,"geometry":{"type":"Polygon","coordinates":[[[137.71006356157179,35.4585830827222],[137.71006356154132,35.458541416055546],[137.71012606181873,35.458541416000031],[137.71012606178834,35.458499749333299],[137.71018856206584,35.458499749277784],[137.71018856212649,35.458583082611085],[137.71006356157179,35.4585830827222]]]},"properties":{"FID":322,"A31_201":"8505050237","A31_202":"阿智川","A31_203":20,"A31_204":"長野県","A31_205":2,"A31_206":" ","A31_207":" ","A31_208":" "}},{"type":"Feature","id":323,"geometry":{"type":"Polygon","coordinates":[[[137.71006356157179,35.4585830827222],[137.71006356160225,35.458624749388846],[137.71000106132504,35.458624749444446],[137.71000106129446,35.458583082777793],[137.71006356157179,35.4585830827222]]]},"properties":{"FID":323,"A31_201":"8505050237","A31_202":"阿智川","A31_203":20,"A31_204":"長野県","A31_205":2,"A31_206":" ","A31_207":" ","A31_208":" "}},{"type":"Feature","id":324,"geometry":{"type":"Polygon","coordinates":[[[137.71006356172421,35.458791416055533],[137.71000106144726,35.45879141611114],[137.71000106135557,35.4586664161111],[137.71006356163281,35.458666416055586],[137.71006356172421,35.458791416055533]]]},"properties":{"FID":324,"A31_201":"8505050237","A31_202":"阿智川","A31_203":20,"A31_204":"長野県","A31_205":2,"A31_206":" ","A31_207":" ","A31_208":" "}},{"type":"Feature","id":325,"geometry":{"type":"Polygon","coordinates":[[[137.70981356064692,35.458833082944409],[137.7098135606162,35.458791416277762],[137.70987606089324,35.458791416222248],[137.70987606092388,35.458833082888901],[137.70981356064692,35.458833082944409]]]},"properties":{"FID":325,"A31_201":"8505050237","A31_202":"阿智川","A31_203":20,"A31_204":"長野県","A31_205":2,"A31_206":" ","A31_207":" ","A31_208":" "}},{"type":"Feature","id":326,"geometry":{"type":"Polygon","coordinates":[[[137.71181356869997,35.457874747841757],[137.7118135688697,35.458041414505338],[137.71175106859141,35.458041414561379],[137.71175106871888,35.458166414558846],[137.71168856844085,35.458166414614709],[137.71168856852603,35.45824974794624],[137.71162606824811,35.458249748001926],[137.71162606833337,35.458333081333365],[137.71156356805562,35.458333081388957],[137.71156356811326,35.458416414722265],[137.7115010678356,35.458416414777773],[137.71150106786445,35.458458081444419],[137.71143856758687,35.458458081500027],[137.71143856773165,35.45866641483336],[137.71137606745444,35.458666414888874],[137.71137606748349,35.458708081555528],[137.71131356720633,35.458708081611121],[137.71131356726451,35.458791414944429],[137.71125106698756,35.458791415000022],[137.71125106704582,35.458874748333329],[137.71112606649211,35.458874748444437],[137.71112606643348,35.458791415111136],[137.71118856671052,35.458791415055536],[137.711188566652,35.458708081722236],[137.71125106692921,35.458708081666636],[137.71125106687086,35.458624748333335],[137.71131356714818,35.458624748277735],[137.71131356708992,35.458541414944435],[137.71137606736738,35.458541414888927],[137.71137606728027,35.458416414888887],[137.71143856755793,35.458416414833373],[137.71143856750001,35.458333081499987],[137.71150106777776,35.458333081444472],[137.71150106769224,35.458249748113303],[137.71156356797016,35.458249748057611],[137.71156356788472,35.458166414726357],[137.71162606816273,35.458166414670579],[137.71162606807746,35.45808308133914],[137.71168856835575,35.458083081283192],[137.71168856827057,35.457999747951661],[137.71175106854886,35.457999747895528],[137.71175106842142,35.457874747898067],[137.71181356869997,35.457874747841757]]]},"properties":{"FID":326,"A31_201":"8505050237","A31_202":"阿智川","A31_203":20,"A31_204":"長野県","A31_205":2,"A31_206":" ","A31_207":" ","A31_208":" "}},{"type":"Feature","id":327,"geometry":{"type":"Polygon","coordinates":[[[137.70981356064692,35.458833082944409],[137.70981356067767,35.458874749611148],[137.70975106040089,35.458874749666663],[137.70975106036997,35.458833083000009],[137.70981356064692,35.458833082944409]]]},"properties":{"FID":327,"A31_201":"8505050237","A31_202":"阿智川","A31_203":20,"A31_204":"長野県","A31_205":2,"A31_206":" ","A31_207":" ","A31_208":" "}},{"type":"Feature","id":328,"geometry":{"type":"Polygon","coordinates":[[[137.70975106040089,35.458874749666663],[137.7097510604317,35.458916416333309],[137.70968856015486,35.458916416388909],[137.70968856012394,35.458874749722256],[137.70975106040089,35.458874749666663]]]},"properties":{"FID":328,"A31_201":"8505050237","A31_202":"阿智川","A31_203":20,"A31_204":"長野県","A31_205":2,"A31_206":" ","A31_207":" ","A31_208":" "}},{"type":"Feature","id":329,"geometry":{"type":"Polygon","coordinates":[[[137.70968856018575,35.458958083055563],[137.70962605990906,35.458958083111156],[137.70962605987808,35.458916416444424],[137.70968856015486,35.458916416388909],[137.70968856018575,35.458958083055563]]]},"properties":{"FID":329,"A31_201":"8505050237","A31_202":"阿智川","A31_203":20,"A31_204":"長野県","A31_205":2,"A31_206":" ","A31_207":" ","A31_208":" "}},{"type":"Feature","id":330,"geometry":{"type":"Polygon","coordinates":[[[137.70912605807348,35.459458083555589],[137.7090010575217,35.459458083666696],[137.70900105749001,35.459416416999957],[137.70912605804196,35.459416416888935],[137.70912605807348,35.459458083555589]]]},"properties":{"FID":330,"A31_201":"8505050237","A31_202":"阿智川","A31_203":20,"A31_204":"長野県","A31_205":2,"A31_206":" ","A31_207":" ","A31_208":" "}},{"type":"Feature","id":331,"geometry":{"type":"Polygon","coordinates":[[[137.70875105648193,35.459541417222219],[137.70868855620614,35.459541417277819],[137.70868855617417,35.45949975061108],[137.70875105645004,35.459499750555565],[137.70875105648193,35.459541417222219]]]},"properties":{"FID":331,"A31_201":"8505050237","A31_202":"阿智川","A31_203":20,"A31_204":"長野県","A31_205":2,"A31_206":" ","A31_207":" ","A31_208":" "}},{"type":"Feature","id":332,"geometry":{"type":"Polygon","coordinates":[[[137.70831355474621,35.459791417611143],[137.70831355471378,35.459749750944404],[137.70843855526459,35.459749750833296],[137.70843855529691,35.459791417500028],[137.70831355474621,35.459791417611143]]]},"properties":{"FID":332,"A31_201":"8505050237","A31_202":"阿智川","A31_203":20,"A31_204":"長野県","A31_205":2,"A31_206":" ","A31_207":" ","A31_208":" "}},{"type":"Feature","id":333,"geometry":{"type":"Polygon","coordinates":[[[137.70831355481104,35.459874750944444],[137.70825105453585,35.459874750999958],[137.70825105447085,35.459791417666651],[137.70831355474621,35.459791417611143],[137.70831355481104,35.459874750944444]]]},"properties":{"FID":333,"A31_201":"8505050237","A31_202":"阿智川","A31_203":20,"A31_204":"長野県","A31_205":2,"A31_206":" ","A31_207":" ","A31_208":" "}},{"type":"Feature","id":334,"geometry":{"type":"Polygon","coordinates":[[[137.70968856018575,35.458958083055563],[137.70981356073921,35.458958082944449],[137.70981356077004,35.458999749611095],[137.7100010616,35.458999749444473],[137.71000106156947,35.458958082777826],[137.70993856129269,35.458958082833334],[137.70993856126205,35.458916416166687],[137.71000106153889,35.458916416111087],[137.71000106150836,35.458874749444433],[137.7100635617852,35.458874749388926],[137.71006356175474,35.458833082722187],[137.71018856230864,35.458833082611079],[137.71018856242998,35.458999749277766],[137.71012606215331,35.458999749333366],[137.71012606230545,35.459208082666706],[137.71006356202912,35.459208082722213],[137.71006356212058,35.459333082722253],[137.71000106184442,35.459333082777768],[137.71000106196664,35.459499749444461],[137.70993856169085,35.459499749499969],[137.70993856181332,35.459666416166655],[137.70987606153778,35.459666416222262],[137.70987606166054,35.459833082888863],[137.70981356138529,35.459833082944456],[137.70981356156983,35.46008308294445],[137.70975106129501,35.460083082999958],[137.70975106151084,35.460374749666691],[137.70968856123648,35.460374749722206],[137.70968856154548,35.460791416388886],[137.70962606127179,35.460791416444479],[137.7096260615196,35.461124749777774],[137.70956356124645,35.461124749833374],[137.70956356165004,35.461666416500009],[137.70950106137781,35.461666416555516],[137.70950106168885,35.462083083222197],[137.70943856141741,35.462083083277797],[137.70943856157328,35.462291416611137],[137.70937606130209,35.462291416666645],[137.70937606145833,35.462499749999992],[137.70931356118751,35.462499750055585],[137.70931356125013,35.462583083388893],[137.70937606152086,35.462583083333286],[137.70937606161456,35.462708083333325],[137.70931356134409,35.462708083388932],[137.70931356150066,35.462916416722265],[137.70925106123056,35.46291641677778],[137.70925106129334,35.462999750111081],[137.70918856102332,35.462999750166681],[137.70918856121207,35.463249750166668],[137.70912606094248,35.463249750222182],[137.70912606106862,35.463416416888876],[137.70906356079928,35.463416416944469],[137.70906356083091,35.463458083611123],[137.70900106056169,35.463458083666637],[137.70900106062501,35.463541417000023],[137.70906356089407,35.463541416944423],[137.70906356092567,35.46358308361107],[137.7090010606567,35.463583083666677],[137.70900106075166,35.463708083666624],[137.70893856048286,35.463708083722224],[137.70893856064151,35.463916417055565],[137.70887606037309,35.463916417111164],[137.70887606043667,35.463999750444465],[137.70881356016832,35.46399975049998],[137.70881356020021,35.464041417166627],[137.70875105993196,35.464041417222226],[137.70875105996396,35.46408308388888],[137.7086885596957,35.464083083944473],[137.70868855972768,35.464124750611127],[137.70862605945959,35.464124750666642],[137.70862605949165,35.464166417333374],[137.70856355922359,35.464166417388888],[137.70856355925574,35.464208084055542],[137.70818855764784,35.464208084388872],[137.70818855761524,35.464166417722225],[137.70800105681113,35.464166417888933],[137.7080010568439,35.46420808455558],[137.7079385565759,35.464208084611094],[137.70793855654304,35.46416641794444],[137.7078135560069,35.464166418055555],[137.70781355597396,35.464124751388908],[137.70775105570587,35.464124751444416],[137.70775105567276,35.464083084777769],[137.70781355594099,35.464083084722255],[137.70781355590796,35.464041418055515],[137.70800105671279,35.464041417888893],[137.70800105674556,35.46408308455554],[137.7081260572819,35.464083084444432],[137.7081260572493,35.464041417777779],[137.70818855751753,35.464041417722186],[137.70818855745244,35.463958084388878],[137.70831355798921,35.46395808427777],[137.70831355795679,35.463916417611117],[137.7083760582253,35.463916417555609],[137.70837605816055,35.463833084222216],[137.70862605923497,35.463833084000001],[137.70862605929921,35.463916417333387],[137.70868855956763,35.463916417277787],[137.70868855959958,35.463958083944433],[137.70881356013643,35.463958083833326],[137.70881356007268,35.463874750500025],[137.70875105980417,35.463874750555533],[137.7087510597722,35.463833083888886],[137.70868855950357,35.463833083944486],[137.7086885594716,35.463791417277747],[137.70856355893423,35.463791417388862],[137.70856355886991,35.463708084055554],[137.70850105860103,35.463708084111069],[137.70850105853665,35.463624750777768],[137.70856355880562,35.463624750722261],[137.70856355877345,35.463583084055514],[137.7086260590425,35.463583084000007],[137.70862605901044,35.46354141733336],[137.70875105954863,35.463541417222245],[137.70875105951666,35.463499750555599],[137.70868855924752,35.463499750611106],[137.70868855918349,35.463416417277806],[137.70862605891418,35.46341641733332],[137.70862605878582,35.463249750666627],[137.70868855905542,35.463249750611112],[137.70868855899135,35.463166417277819],[137.70875105926112,35.463166417222212],[137.70875105916531,35.463041417222264],[137.70868855889535,35.463041417277779],[137.70868855879934,35.462916417277825],[137.70862605852915,35.462916417333332],[137.70862605849709,35.462874750666685],[137.70856355822687,35.462874750722193],[137.70856355819473,35.462833084055546],[137.70862605846503,35.462833084000039],[137.70862605843294,35.462791417333385],[137.70868855870324,35.462791417277785],[137.70868855867127,35.462749750611138],[137.70843855758957,35.462749750833353],[137.70843855755732,35.462708084166707],[137.70837605728676,35.462708084222214],[137.7083760572221,35.462624750888921],[137.70831355695145,35.462624750944428],[137.70831355688662,35.462541417611128],[137.70825105661581,35.462541417666642],[137.70825105642083,35.462291417666648],[137.70831355669202,35.462291417611141],[137.70831355649742,35.462041417611147],[137.70825105622581,35.462041417666654],[137.70825105593332,35.461666417666628],[137.70818855566108,35.461666417722228],[137.70818855556337,35.461541417722188],[137.70812605529096,35.461541417777788],[137.70812605516039,35.461374751111094],[137.7080635548877,35.461374751166701],[137.70806355482233,35.461291417833309],[137.70800105454947,35.461291417888908],[137.70800105431996,35.460999751222268],[137.70818855513997,35.460999751055553],[137.70818855510737,35.460958084388906],[137.7082510553808,35.460958084333306],[137.70825105508831,35.460583084333365],[137.70812605454026,35.46058308444448],[137.70812605450766,35.460541417777826],[137.70800105395944,35.460541417888848],[137.70800105386112,35.460416417888894],[137.70806355413541,35.460416417833301],[137.7080635539719,35.460208084499953],[137.70812605424655,35.460208084444446],[137.70812605411598,35.460041417777759],[137.70818855439089,35.460041417722245],[137.70818855445609,35.460124751055545],[137.70825105473082,35.460124751000038],[137.70825105466579,35.460041417666645],[137.70818855439089,35.460041417722245],[137.7081885542606,35.459874751055551],[137.70825105453585,35.459874750999958],[137.70825105463331,35.459999750999998],[137.7083135549083,35.459999750944483],[137.70831355481104,35.459874750944444],[137.70837605508621,35.459874750888844],[137.70837605505389,35.459833084222197],[137.70850105560442,35.459833084111082],[137.70850105557219,35.459791417444436],[137.70856355584755,35.459791417388921],[137.70856355581546,35.459749750722182],[137.70850105554001,35.459749750777782],[137.70850105550778,35.459708084111128],[137.70856355578323,35.459708084055535],[137.70856355571891,35.459624750722227],[137.70868855627018,35.45962475061112],[137.7086885562382,35.459583083944466],[137.7087510565139,35.459583083888873],[137.70875105648193,35.459541417222219],[137.70881355675772,35.459541417166704],[137.70881355672583,35.459499750500058],[137.70875105645004,35.459499750555565],[137.70875105641807,35.459458083888919],[137.70881355669397,35.459458083833319],[137.70881355666208,35.459416417166665],[137.70893855721403,35.459416417055557],[137.70893855724574,35.459458083722211],[137.7090010575217,35.459458083666696],[137.70900105755334,35.45949975033335],[137.70912605810503,35.459499750222236],[137.70912605807348,35.459458083555589],[137.70918855834938,35.459458083499982],[137.70918855831792,35.459416416833335],[137.70912605804196,35.459416416888935],[137.70912605801044,35.459374750222196],[137.70925105856247,35.459374750111081],[137.70925105840553,35.459166416777748],[137.70931355868194,35.459166416722233],[137.70931355865068,35.45912475005558],[137.70937605892709,35.459124749999987],[137.70937605886456,35.459041416666679],[137.70943855914118,35.459041416611086],[137.70943855911,35.458999749944432],[137.70956355966337,35.458999749833325],[137.7095635596323,35.458958083166671],[137.70962605990906,35.458958083111156],[137.70962605993998,35.45899974977781],[137.70968856021665,35.45899974972221],[137.70968856018575,35.458958083055563]],[[137.70906355817675,35.459958083611077],[137.70900105790167,35.459958083666677],[137.709001057965,35.460041416999978],[137.7090635582399,35.460041416944463],[137.70906355827154,35.460083083611117],[137.70912605854636,35.460083083555517],[137.70912605848338,35.459999750222217],[137.7090635582083,35.459999750277817],[137.70906355817675,35.459958083611077]],[[137.70950106131554,35.461583083222216],[137.70950106125329,35.461499749888915],[137.70943856098086,35.461499749944423],[137.70943856104321,35.461583083277816],[137.70950106131554,35.461583083222216]],[[137.70881355828772,35.461541417166629],[137.708563557198,35.461541417388858],[137.70856355723015,35.46158308405559],[137.70850105695774,35.461583084111105],[137.70850105698997,35.461624750777759],[137.70856355726232,35.461624750722244],[137.70856355729447,35.461666417388898],[137.70881355838335,35.461666417166668],[137.70881355828772,35.461541417166629]],[[137.7084385585583,35.46399975083331],[137.70837605828996,35.46399975088891],[137.7083760583547,35.46408308422221],[137.70850105889113,35.464083084111095],[137.70850105885887,35.464041417444449],[137.70843855859064,35.464041417499956],[137.7084385585583,35.46399975083331]]]},"properties":{"FID":334,"A31_201":"8505050237","A31_202":"阿智川","A31_203":20,"A31_204":"長野県","A31_205":2,"A31_206":" ","A31_207":" ","A31_208":" "}},{"type":"Feature","id":335,"geometry":{"type":"Polygon","coordinates":[[[137.75362626923445,35.439291369201754],[137.75356376890304,35.439291369281158],[137.75356376878997,35.439249702646215],[137.75362626912113,35.439249702566897],[137.75362626923445,35.439291369201754]]]},"properties":{"FID":335,"A31_201":"8505050237","A31_202":"阿智川","A31_203":20,"A31_204":"長野県","A31_205":3,"A31_206":" ","A31_207":" ","A31_208":" "}},{"type":"Feature","id":336,"geometry":{"type":"Polygon","coordinates":[[[137.75350126857165,35.439291369360561],[137.75343876824024,35.439291369439964],[137.75343876812772,35.439249702804844],[137.75350126845885,35.439249702725533],[137.75350126857165,35.439291369360561]]]},"properties":{"FID":336,"A31_201":"8505050237","A31_202":"阿智川","A31_203":20,"A31_204":"長野県","A31_205":3,"A31_206":" ","A31_207":" ","A31_208":" "}},{"type":"Feature","id":337,"geometry":{"type":"Polygon","coordinates":[[[137.75325126746944,35.439374702948591],[137.75325126735777,35.439333036313293],[137.75331376768946,35.43933303623389],[137.75331376780136,35.439374702869102],[137.75325126746944,35.439374702948591]]]},"properties":{"FID":337,"A31_201":"8505050237","A31_202":"阿智川","A31_203":20,"A31_204":"長野県","A31_205":3,"A31_206":" ","A31_207":" ","A31_208":" "}},{"type":"Feature","id":338,"geometry":{"type":"Polygon","coordinates":[[[137.75325126746944,35.439374702948591],[137.75325126758108,35.439416369583888],[137.75318876724887,35.439416369663469],[137.75318876713749,35.439374703028172],[137.75325126746944,35.439374702948591]]]},"properties":{"FID":338,"A31_201":"8505050237","A31_202":"阿智川","A31_203":20,"A31_204":"長野県","A31_205":3,"A31_206":" ","A31_207":" ","A31_208":" "}},{"type":"Feature","id":339,"geometry":{"type":"Polygon","coordinates":[[[137.75306376702775,35.439583036364624],[137.75293876636107,35.439583036524311],[137.75293876647137,35.439624703159964],[137.75281376580412,35.439624703319751],[137.7528137661333,35.439749703227065],[137.75275126579888,35.439749703307179],[137.7527512653611,35.439583036763857],[137.75281376569444,35.439583036684013],[137.75281376558468,35.439541370048268],[137.75306376691691,35.439541369729056],[137.75306376702775,35.439583036364624]]]},"properties":{"FID":339,"A31_201":"8505050237","A31_202":"阿智川","A31_203":20,"A31_204":"長野県","A31_205":3,"A31_206":" ","A31_207":" ","A31_208":" "}},{"type":"Feature","id":340,"geometry":{"type":"Polygon","coordinates":[[[137.75268876601024,35.439958036566892],[137.75268876568276,35.439833036659131],[137.75275126601773,35.439833036578932],[137.75275126634608,35.439958036486416],[137.75268876601024,35.439958036566892]]]},"properties":{"FID":340,"A31_201":"8505050237","A31_202":"阿智川","A31_203":20,"A31_204":"長野県","A31_205":3,"A31_206":" ","A31_207":" ","A31_208":" "}},{"type":"Feature","id":341,"geometry":{"type":"Polygon","coordinates":[[[137.75268876601024,35.439958036566892],[137.75268876611941,35.439999703202808],[137.75262626578328,35.439999703283277],[137.75262626567439,35.439958036647354],[137.75268876601024,35.439958036566892]]]},"properties":{"FID":341,"A31_201":"8505050237","A31_202":"阿智川","A31_203":20,"A31_204":"長野県","A31_205":3,"A31_206":" ","A31_207":" ","A31_208":" "}},{"type":"Feature","id":342,"geometry":{"type":"Polygon","coordinates":[[[137.75287626756773,35.440166369503928],[137.75281376723055,35.440166369584745],[137.75281376701108,35.440083036313176],[137.75262626600107,35.440083036555293],[137.75262626610996,35.440124703191216],[137.75256376577306,35.440124703272033],[137.75256376555581,35.440041369999932],[137.75287626723775,35.440041369596784],[137.75287626756773,35.440166369503928]]]},"properties":{"FID":342,"A31_201":"8505050237","A31_202":"阿智川","A31_203":20,"A31_204":"長野県","A31_205":3,"A31_206":" ","A31_207":" ","A31_208":" "}},{"type":"Feature","id":343,"geometry":{"type":"Polygon","coordinates":[[[137.75293876823582,35.440291369329884],[137.75287626789776,35.440291369410971],[137.75287626767778,35.44020803613958],[137.7529387680153,35.440208036058664],[137.75293876823582,35.440291369329884]]]},"properties":{"FID":343,"A31_201":"8505050237","A31_202":"阿智川","A31_203":20,"A31_204":"長野県","A31_205":3,"A31_206":" ","A31_207":" ","A31_208":" "}},{"type":"Feature","id":344,"geometry":{"type":"Polygon","coordinates":[[[137.7529387686769,35.440458035872403],[137.75287626833776,35.44045803595376],[137.75287626811777,35.440374702682362],[137.75293876845637,35.44037470260119],[137.7529387686769,35.440458035872403]]]},"properties":{"FID":344,"A31_201":"8505050237","A31_202":"阿智川","A31_203":20,"A31_204":"長野県","A31_205":3,"A31_206":" ","A31_207":" ","A31_208":" "}},{"type":"Feature","id":345,"geometry":{"type":"Polygon","coordinates":[[[137.75281376854718,35.440666369213915],[137.75281376821803,35.440541369306601],[137.75287626855777,35.440541369225159],[137.75287626888772,35.440666369132202],[137.75281376854718,35.440666369213915]]]},"properties":{"FID":345,"A31_201":"8505050237","A31_202":"阿智川","A31_203":20,"A31_204":"長野県","A31_205":3,"A31_206":" ","A31_207":" ","A31_208":" "}},{"type":"Feature","id":346,"geometry":{"type":"Polygon","coordinates":[[[137.75281376854718,35.440666369213915],[137.75281376887642,35.440791369121143],[137.75275126853501,35.440791369203026],[137.75275126820662,35.440666369295542],[137.75281376854718,35.440666369213915]]]},"properties":{"FID":346,"A31_201":"8505050237","A31_202":"阿智川","A31_203":20,"A31_204":"長野県","A31_205":3,"A31_206":" ","A31_207":" ","A31_208":" "}},{"type":"Feature","id":347,"geometry":{"type":"Polygon","coordinates":[[[137.75268876841196,35.440874702556755],[137.75268876830279,35.440833035920839],[137.75275126864443,35.440833035838864],[137.75275126875385,35.440874702474687],[137.75268876841196,35.440874702556755]]]},"properties":{"FID":347,"A31_201":"8505050237","A31_202":"阿智川","A31_203":20,"A31_204":"長野県","A31_205":3,"A31_206":" ","A31_207":" ","A31_208":" "}},{"type":"Feature","id":348,"geometry":{"type":"Polygon","coordinates":[[[137.75268876841196,35.440874702556755],[137.75268876873943,35.440999702464424],[137.75262626839665,35.440999702546677],[137.75262626807,35.440874702638737],[137.75268876841196,35.440874702556755]]]},"properties":{"FID":348,"A31_201":"8505050237","A31_202":"阿智川","A31_203":20,"A31_204":"長野県","A31_205":3,"A31_206":" ","A31_207":" ","A31_208":" "}},{"type":"Feature","id":349,"geometry":{"type":"Polygon","coordinates":[[[137.74981375315571,35.441083039527811],[137.74975125280946,35.441083039611122],[137.74975125261557,35.440999706333329],[137.74981375296164,35.440999706250025],[137.74981375315571,35.441083039527811]]]},"properties":{"FID":349,"A31_201":"8505050237","A31_202":"阿智川","A31_203":20,"A31_204":"長野県","A31_205":3,"A31_206":" ","A31_207":" ","A31_208":" "}},{"type":"Feature","id":350,"geometry":{"type":"Polygon","coordinates":[[[137.74981375315571,35.441083039527811],[137.74987625350192,35.441083039444408],[137.74987625359901,35.44112470608335],[137.74981375325268,35.441124706166661],[137.74981375315571,35.441083039527811]]]},"properties":{"FID":350,"A31_201":"8505050237","A31_202":"阿智川","A31_203":20,"A31_204":"長野県","A31_205":3,"A31_206":" ","A31_207":" ","A31_208":" "}},{"type":"Feature","id":351,"geometry":{"type":"Polygon","coordinates":[[[137.75262626894113,35.441208035726532],[137.75256376859693,35.44120803580914],[137.75256376816253,35.441041369264923],[137.75262626850557,35.441041369182592],[137.75262626894113,35.441208035726532]]]},"properties":{"FID":351,"A31_201":"8505050237","A31_202":"阿智川","A31_203":20,"A31_204":"長野県","A31_205":3,"A31_206":" ","A31_207":" ","A31_208":" "}},{"type":"Feature","id":352,"geometry":{"type":"Polygon","coordinates":[[[137.74981375344674,35.441208039444447],[137.74975125310024,35.441208039527766],[137.74975125300335,35.441166372888915],[137.74981375334968,35.441166372805512],[137.74981375344674,35.441208039444447]]]},"properties":{"FID":352,"A31_201":"8505050237","A31_202":"阿智川","A31_203":20,"A31_204":"長野県","A31_205":3,"A31_206":" ","A31_207":" ","A31_208":" "}},{"type":"Feature","id":353,"geometry":{"type":"Polygon","coordinates":[[[137.74962625250416,35.441249706333323],[137.74943875146457,35.441249706583349],[137.74943875136793,35.441208039944406],[137.74918874998212,35.441208040277743],[137.74918874988583,35.441166373638893],[137.74912624953944,35.441166373722197],[137.74912624944315,35.441124707083347],[137.74900124875052,35.441124707249969],[137.74900124855833,35.441041373972183],[137.74887624786595,35.441041374138891],[137.74887624796196,35.441083040777741],[137.74881374761571,35.441083040861145],[137.74881374771164,35.441124707499995],[137.74875124736525,35.441124707583306],[137.74875124746106,35.441166374222249],[137.74862624676834,35.441166374388871],[137.74862624667267,35.441124707750021],[137.74856374632628,35.441124707833325],[137.74856374613506,35.441041374555539],[137.74837624509652,35.441041374805565],[137.74837624519193,35.441083041444415],[137.74831374484569,35.441083041527811],[137.74831374513167,35.441208041444455],[137.74825124478528,35.441208041527759],[137.74825124468998,35.441166374888908],[137.74818874434357,35.441166374972227],[137.74818874424835,35.441124708333376],[137.74806374355572,35.441124708499999],[137.74806374346068,35.441083041861148],[137.74818874415314,35.441083041694434],[137.74818874405801,35.441041375055583],[137.74825124440414,35.441041374972187],[137.74825124430885,35.440999708333337],[137.74837624500114,35.440999708166622],[137.74837624490567,35.440958041527772],[137.74856374594381,35.440958041277753],[137.74856374603939,35.440999707916689],[137.74862624638553,35.440999707833285],[137.74862624648128,35.441041374472228],[137.74875124717357,35.441041374305513],[137.74875124707773,35.440999707666663],[137.74881374742387,35.440999707583359],[137.74881374732794,35.440958040944416],[137.74887624767399,35.440958040861105],[137.7488762475781,35.440916374222255],[137.74912624896194,35.440916373888925],[137.74912624886565,35.440874707249982],[137.74918874921156,35.440874707166671],[137.74918874911526,35.440833040527735],[137.74937625015272,35.440833040277795],[137.74937625005626,35.440791373638859],[137.74943875040196,35.440791373555548],[137.74943875030542,35.440749706916698],[137.74950125065112,35.440749706833302],[137.74950125074776,35.440791373472237],[137.74956375109355,35.440791373388926],[137.74956375119027,35.440833040027776],[137.74968875188193,35.440833039861062],[137.74968875217252,35.440958039777797],[137.74975125251859,35.440958039694394],[137.74975125261557,35.440999706333329],[137.74968875226944,35.440999706416648],[137.74968875236632,35.441041373055583],[137.74962625202011,35.441041373138894],[137.74962625211691,35.441083039777745],[137.74950125142445,35.441083039944459],[137.7495012512311,35.440999706666666],[137.74931375019275,35.440999706916685],[137.74931375028922,35.441041373555535],[137.74937625063535,35.441041373472231],[137.7493762507319,35.441083040111081],[137.74943875107823,35.441083040027763],[137.74943875117475,35.441124706666706],[137.74950125152108,35.441124706583309],[137.7495012516178,35.441166373222245],[137.74956375196413,35.441166373138842],[137.74956375206085,35.441208039777784],[137.74962625240735,35.441208039694473],[137.74962625250416,35.441249706333323]]]},"properties":{"FID":353,"A31_201":"8505050237","A31_202":"阿智川","A31_203":20,"A31_204":"長野県","A31_205":3,"A31_206":" ","A31_207":" ","A31_208":" "}},{"type":"Feature","id":354,"geometry":{"type":"Polygon","coordinates":[[[137.75018875571476,35.441291372224057],[137.75012625537002,35.441291372306836],[137.75012625527222,35.441249705668078],[137.7501887556167,35.441249705585392],[137.75018875571476,35.441291372224057]]]},"properties":{"FID":354,"A31_201":"8505050237","A31_202":"阿智川","A31_203":20,"A31_204":"長野県","A31_205":3,"A31_206":" ","A31_207":" ","A31_208":" "}},{"type":"Feature","id":355,"geometry":{"type":"Polygon","coordinates":[[[137.75006375502531,35.441291372389529],[137.75000125468057,35.441291372472222],[137.75000125458331,35.441249705833279],[137.75006375492779,35.441249705750678],[137.75006375502531,35.441291372389529]]]},"properties":{"FID":355,"A31_201":"8505050237","A31_202":"阿智川","A31_203":20,"A31_204":"長野県","A31_205":3,"A31_206":" ","A31_207":" ","A31_208":" "}},{"type":"Feature","id":356,"geometry":{"type":"Polygon","coordinates":[[[137.74662623568386,35.441166377055538],[137.74650123499111,35.441166377222245],[137.74650123517773,35.441249710499946],[137.74643873483123,35.441249710583349],[137.74643873492448,35.4412913772222],[137.74637623457789,35.441291377305504],[137.74637623439148,35.441208044027803],[137.74643873473798,35.441208043944407],[137.74643873455148,35.441124710666706],[137.74650123489778,35.44112471058331],[137.74650123480444,35.44108304394446],[137.74656373515066,35.441083043861141],[137.74656373496387,35.440999710583355],[137.74662623530995,35.440999710499952],[137.74662623568386,35.441166377055538]]]},"properties":{"FID":356,"A31_201":"8505050237","A31_202":"阿智川","A31_203":20,"A31_204":"長野県","A31_205":3,"A31_206":" ","A31_207":" ","A31_208":" "}},{"type":"Feature","id":357,"geometry":{"type":"Polygon","coordinates":[[[137.75256376892281,35.44133303571725],[137.75250126857773,35.441333035800028],[137.75250126846944,35.441291369163842],[137.75256376881418,35.441291369081156],[137.75256376892281,35.44133303571725]]]},"properties":{"FID":357,"A31_201":"8505050237","A31_202":"阿智川","A31_203":20,"A31_204":"長野県","A31_205":3,"A31_206":" ","A31_207":" ","A31_208":" "}},{"type":"Feature","id":358,"geometry":{"type":"Polygon","coordinates":[[[137.74962625250416,35.441249706333323],[137.74975125319725,35.441249706166616],[137.74975125339114,35.441333039444402],[137.74962625269779,35.441333039611109],[137.74962625250416,35.441249706333323]]]},"properties":{"FID":358,"A31_201":"8505050237","A31_202":"阿智川","A31_203":20,"A31_204":"長野県","A31_205":3,"A31_206":" ","A31_207":" ","A31_208":" "}},{"type":"Feature","id":359,"geometry":{"type":"Polygon","coordinates":[[[137.75000125497218,35.441416372388858],[137.74993875462542,35.441416372472169],[137.74993875443107,35.441333039194468],[137.75000125477774,35.441333039111072],[137.75000125497218,35.441416372388858]]]},"properties":{"FID":359,"A31_201":"8505050237","A31_202":"阿智川","A31_203":20,"A31_204":"長野県","A31_205":3,"A31_206":" ","A31_207":" ","A31_208":" "}},{"type":"Feature","id":360,"geometry":{"type":"Polygon","coordinates":[[[137.74831374570377,35.441458041277727],[137.74818874501005,35.441458041444442],[137.74818874472442,35.441333041527798],[137.74831374541776,35.441333041361091],[137.74831374570377,35.441458041277727]]]},"properties":{"FID":360,"A31_201":"8505050237","A31_202":"阿智川","A31_203":20,"A31_204":"長野県","A31_205":3,"A31_206":" ","A31_207":" ","A31_208":" "}},{"type":"Feature","id":361,"geometry":{"type":"Polygon","coordinates":[[[137.7472512398069,35.441458042694464],[137.74725123971274,35.441416376055528],[137.7473137400595,35.44141637597221],[137.74731374015383,35.44145804261106],[137.7472512398069,35.441458042694464]]]},"properties":{"FID":361,"A31_201":"8505050237","A31_202":"阿智川","A31_203":20,"A31_204":"長野県","A31_205":3,"A31_206":" ","A31_207":" ","A31_208":" "}},{"type":"Feature","id":362,"geometry":{"type":"Polygon","coordinates":[[[137.7472512398069,35.441458042694464],[137.74725123990112,35.441499709333314],[137.74718873955419,35.441499709416625],[137.74718873946003,35.441458042777775],[137.7472512398069,35.441458042694464]]]},"properties":{"FID":362,"A31_201":"8505050237","A31_202":"阿智川","A31_203":20,"A31_204":"長野県","A31_205":3,"A31_206":" ","A31_207":" ","A31_208":" "}},{"type":"Feature","id":363,"geometry":{"type":"Polygon","coordinates":[[[137.74631373469691,35.441499710583336],[137.74625123434996,35.441499710666648],[137.74625123425696,35.441458044027797],[137.74631373460383,35.441458043944394],[137.74631373469691,35.441499710583336]]]},"properties":{"FID":363,"A31_201":"8505050237","A31_202":"阿智川","A31_203":20,"A31_204":"長野県","A31_205":3,"A31_206":" ","A31_207":" ","A31_208":" "}},{"type":"Feature","id":364,"geometry":{"type":"Polygon","coordinates":[[[137.75000125526384,35.441541372305586],[137.74993875491683,35.441541372388897],[137.74993875481974,35.441499705749962],[137.75000125516669,35.441499705666644],[137.75000125526384,35.441541372305586]]]},"properties":{"FID":364,"A31_201":"8505050237","A31_202":"阿智川","A31_203":20,"A31_204":"長野県","A31_205":3,"A31_206":" ","A31_207":" ","A31_208":" "}},{"type":"Feature","id":365,"geometry":{"type":"Polygon","coordinates":[[[137.74575123175944,35.441583044611107],[137.74568873141232,35.441583044694411],[137.74568873131994,35.441541378055561],[137.74575123166699,35.441541377972257],[137.74575123175944,35.441583044611107]]]},"properties":{"FID":365,"A31_201":"8505050237","A31_202":"阿智川","A31_203":20,"A31_204":"長野県","A31_205":3,"A31_206":" ","A31_207":" ","A31_208":" "}},{"type":"Feature","id":366,"geometry":{"type":"Polygon","coordinates":[[[137.7473137405307,35.441624709166646],[137.74712623948932,35.441624709416665],[137.74712623939527,35.441583042777722],[137.74731374043654,35.441583042527796],[137.7473137405307,35.441624709166646]]]},"properties":{"FID":366,"A31_201":"8505050237","A31_202":"阿智川","A31_203":20,"A31_204":"長野県","A31_205":3,"A31_206":" ","A31_207":" ","A31_208":" "}},{"type":"Feature","id":367,"geometry":{"type":"Polygon","coordinates":[[[137.74975125424999,35.441749705861149],[137.74975125420835,35.441708039208351],[137.74987625490277,35.441708039041643],[137.74987625494441,35.441749705694434],[137.74975125424999,35.441749705861149]]]},"properties":{"FID":367,"A31_201":"8505050237","A31_202":"阿智川","A31_203":20,"A31_204":"長野県","A31_205":3,"A31_206":" ","A31_207":" ","A31_208":" "}},{"type":"Feature","id":368,"geometry":{"type":"Polygon","coordinates":[[[137.74693873862498,35.44174970961113],[137.74693873854167,35.441666376305534],[137.74700123888888,35.44166637622223],[137.74700123897219,35.441749709527812],[137.74693873862498,35.44174970961113]]]},"properties":{"FID":368,"A31_201":"8505050237","A31_202":"阿智川","A31_203":20,"A31_204":"長野県","A31_205":3,"A31_206":" ","A31_207":" ","A31_208":" "}},{"type":"Feature","id":369,"geometry":{"type":"Polygon","coordinates":[[[137.74625123472219,35.441666377222226],[137.74625123480558,35.441749710527816],[137.74618873445831,35.441749710611127],[137.74618873437498,35.441666377305538],[137.74618873428199,35.441624710666687],[137.74625123462911,35.441624710583284],[137.74625123472219,35.441666377222226]]]},"properties":{"FID":369,"A31_201":"8505050237","A31_202":"阿智川","A31_203":20,"A31_204":"長野県","A31_205":3,"A31_206":" ","A31_207":" ","A31_208":" "}},{"type":"Feature","id":370,"geometry":{"type":"Polygon","coordinates":[[[137.75168876506117,35.441791369930584],[137.75150126401891,35.441791370180525],[137.75150126397557,35.441749703527819],[137.75143876362819,35.441749703611123],[137.75143876358493,35.441708036958332],[137.75137626323763,35.441708037041643],[137.75137626319446,35.441666370388937],[137.75131376284719,35.441666370472248],[137.75131376274413,35.441624703834819],[137.7512512623972,35.441624703918038],[137.75125126229443,35.441583037280523],[137.75118876194776,35.441583037363742],[137.75118876174278,35.441499704088621],[137.75112626139662,35.441499704171662],[137.75112626119218,35.441416370896363],[137.75106376084665,35.441416370979319],[137.75106376064272,35.441333037703927],[137.75100126029781,35.441333037786706],[137.75100126009443,35.441249704511137],[137.75106376043888,35.441249704428444],[137.75106376054077,35.441291371066143],[137.75112626088557,35.44129137098345],[137.7511262609878,35.441333037621149],[137.75118876133271,35.441333037538371],[137.75118876153778,35.441416370813499],[137.75125126188331,35.441416370730536],[137.75125126198617,35.441458037368058],[137.75131376233193,35.441458037285102],[137.75131376243496,35.441499703922531],[137.75143876312725,35.44149970375635],[137.7514387630236,35.441458037119105],[137.75156376371527,35.441458036953101],[137.75156376381946,35.441499703590267],[137.75225126762666,35.44149970267668],[137.75225126751945,35.441458036040231],[137.75243876855691,35.441458035791271],[137.75243876844891,35.441416369155093],[137.75250126879445,35.441416369072222],[137.75250126901108,35.441499702344416],[137.75231376797274,35.441499702593639],[137.75231376808028,35.44154136922991],[137.75225126773387,35.441541369313043],[137.75225126805557,35.441666369222226],[137.75193876631943,35.441666369638867],[137.75193876636322,35.441708036291665],[137.75181376566863,35.441708036458287],[137.75181376571234,35.441749703111086],[137.75168876501766,35.441749703277793],[137.75168876506117,35.441791369930584]]]},"properties":{"FID":370,"A31_201":"8505050237","A31_202":"阿智川","A31_203":20,"A31_204":"長野県","A31_205":3,"A31_206":" ","A31_207":" ","A31_208":" "}},{"type":"Feature","id":371,"geometry":{"type":"Polygon","coordinates":[[[137.74693873862498,35.44174970961113],[137.74693873866664,35.441791376263922],[137.74687623831943,35.441791376347233],[137.74687623827776,35.441749709694435],[137.74693873862498,35.44174970961113]]]},"properties":{"FID":371,"A31_201":"8505050237","A31_202":"阿智川","A31_203":20,"A31_204":"長野県","A31_205":3,"A31_206":" ","A31_207":" ","A31_208":" "}},{"type":"Feature","id":372,"geometry":{"type":"Polygon","coordinates":[[[137.75037625784927,35.441874704986063],[137.75018875680658,35.441874705236089],[137.75018875676474,35.441833038583297],[137.75012625641719,35.441833038666694],[137.75012625637544,35.441791372013896],[137.75006375602797,35.441791372097214],[137.75006375590274,35.441666372138911],[137.75000125555553,35.44166637222223],[137.7500012553611,35.441583038944437],[137.75006375570777,35.441583038861211],[137.75006375580529,35.441624705500061],[137.75012625615224,35.441624705416842],[137.75012625624993,35.441666372055515],[137.7501262563336,35.441749705361104],[137.75018875668098,35.441749705277793],[137.75018875672282,35.441791371930591],[137.75025125707032,35.441791371847188],[137.75025125711221,35.441833038499979],[137.75037625780718,35.441833038333357],[137.75037625784927,35.441874704986063]]]},"properties":{"FID":372,"A31_201":"8505050237","A31_202":"阿智川","A31_203":20,"A31_204":"長野県","A31_205":3,"A31_206":" ","A31_207":" ","A31_208":" "}},{"type":"Feature","id":373,"geometry":{"type":"Polygon","coordinates":[[[137.74587623280556,35.441833044333364],[137.74581373245837,35.441833044416668],[137.74581373250001,35.441874711069467],[137.74575123215271,35.441874711152778],[137.74575123211105,35.441833044499987],[137.74568873176386,35.441833044583291],[137.74568873163889,35.441708044625003],[137.74575123198611,35.441708044541684],[137.74575123194444,35.441666377888893],[137.74575123175944,35.441583044611107],[137.74587623245358,35.441583044444393],[137.7458762322683,35.441499711166692],[137.74593873261526,35.441499711083296],[137.74593873289342,35.441624711000017],[137.74600123324055,35.441624710916621],[137.74600123333329,35.441666377555563],[137.74581373229165,35.441666377805582],[137.74581373233332,35.441708044458288],[137.74587623268059,35.441708044374977],[137.74587623280556,35.441833044333364]]]},"properties":{"FID":373,"A31_201":"8505050237","A31_202":"阿智川","A31_203":20,"A31_204":"長野県","A31_205":3,"A31_206":" ","A31_207":" ","A31_208":" "}},{"type":"Feature","id":374,"geometry":{"type":"Polygon","coordinates":[[[137.75037625784927,35.441874704986063],[137.75056375889204,35.441874704736136],[137.75056375893433,35.441916371388928],[137.75037625789139,35.441916371638861],[137.75037625784927,35.441874704986063]]]},"properties":{"FID":374,"A31_201":"8505050237","A31_202":"阿智川","A31_203":20,"A31_204":"長野県","A31_205":3,"A31_206":" ","A31_207":" ","A31_208":" "}},{"type":"Feature","id":375,"geometry":{"type":"Polygon","coordinates":[[[137.74975125424999,35.441749705861149],[137.74975125437496,35.441874705819444],[137.74968875402777,35.441874705902755],[137.74968875406941,35.441916372555553],[137.7495012530278,35.441916372805572],[137.74950125298614,35.441874706152774],[137.74956375333335,35.44187470606947],[137.74956375329168,35.441833039416672],[137.74962625363889,35.44183303933336],[137.74962625359723,35.441791372680569],[137.74968875394444,35.441791372597166],[137.7496887539028,35.44174970594446],[137.74975125424999,35.441749705861149]]]},"properties":{"FID":375,"A31_201":"8505050237","A31_202":"阿智川","A31_203":20,"A31_204":"長野県","A31_205":3,"A31_206":" ","A31_207":" ","A31_208":" "}},{"type":"Feature","id":376,"geometry":{"type":"Polygon","coordinates":[[[137.75075126001974,35.4419580377917],[137.75068875967202,35.441958037875011],[137.75068875962955,35.44191637122222],[137.75075125997719,35.441916371138902],[137.75075126001974,35.4419580377917]]]},"properties":{"FID":376,"A31_201":"8505050237","A31_202":"阿智川","A31_203":20,"A31_204":"長野県","A31_205":3,"A31_206":" ","A31_207":" ","A31_208":" "}},{"type":"Feature","id":377,"geometry":{"type":"Polygon","coordinates":[[[137.7495012530278,35.441916372805572],[137.74950125306944,35.44195803945837],[137.74943875272223,35.441958039541674],[137.74943875268048,35.441916372888883],[137.7495012530278,35.441916372805572]]]},"properties":{"FID":377,"A31_201":"8505050237","A31_202":"阿智川","A31_203":20,"A31_204":"長野県","A31_205":3,"A31_206":" ","A31_207":" ","A31_208":" "}},{"type":"Feature","id":378,"geometry":{"type":"Polygon","coordinates":[[[137.75075126001974,35.4419580377917],[137.75081376036741,35.441958037708304],[137.75081376040995,35.441999704361095],[137.7507512600622,35.441999704444406],[137.75075126001974,35.4419580377917]]]},"properties":{"FID":378,"A31_201":"8505050237","A31_202":"阿智川","A31_203":20,"A31_204":"長野県","A31_205":3,"A31_206":" ","A31_207":" ","A31_208":" "}},{"type":"Feature","id":379,"geometry":{"type":"Polygon","coordinates":[[[137.74587623280556,35.441833044333364],[137.74593873315277,35.441833044249961],[137.74593873311113,35.441791377597255],[137.74600123345834,35.441791377513852],[137.74600123337501,35.441708044208355],[137.74606373372222,35.441708044124951],[137.74606373376389,35.441749710777749],[137.7461262341111,35.441749710694438],[137.74612623415274,35.441791377347229],[137.74606373380553,35.441791377430548],[137.74606373384719,35.441833044083339],[137.74612623419441,35.441833044000028],[137.7461262342778,35.441916377305532],[137.7460637339305,35.441916377388928],[137.74606373397216,35.441958044041634],[137.74600123362504,35.44195804412503],[137.74600123370834,35.442041377430535],[137.74593873336113,35.442041377513846],[137.74593873331941,35.44199971086114],[137.74581373262498,35.441999711027762],[137.74581373258331,35.441958044374971],[137.74587623293053,35.441958044291653],[137.74587623288889,35.441916377638861],[137.74593873323607,35.44191637755555],[137.74593873319444,35.441874710902752],[137.74587623284722,35.44187471098607],[137.74587623280556,35.441833044333364]]]},"properties":{"FID":379,"A31_201":"8505050237","A31_202":"阿智川","A31_203":20,"A31_204":"長野県","A31_205":3,"A31_206":" ","A31_207":" ","A31_208":" "}},{"type":"Feature","id":380,"geometry":{"type":"Polygon","coordinates":[[[137.74581373262498,35.441999711027762],[137.74581373266665,35.442041377680553],[137.74568873197222,35.442041377847175],[137.74568873193056,35.44199971119447],[137.74562623158334,35.441999711277788],[137.74562623154162,35.44195804462499],[137.7455012308472,35.441958044791704],[137.74550123080553,35.441916378138906],[137.74568873184725,35.441916377888887],[137.74568873188892,35.441958044541678],[137.7457512322361,35.441958044458367],[137.74575123227777,35.441999711111073],[137.74581373262498,35.441999711027762]]]},"properties":{"FID":380,"A31_201":"8505050237","A31_202":"阿智川","A31_203":20,"A31_204":"長野県","A31_205":3,"A31_206":" ","A31_207":" ","A31_208":" "}},{"type":"Feature","id":381,"geometry":{"type":"Polygon","coordinates":[[[137.75100126153887,35.442083037416666],[137.75093876119095,35.44208303749997],[137.75093876114823,35.442041370847178],[137.7508762608004,35.442041370930582],[137.75087626075776,35.441999704277784],[137.75100126145335,35.441999704111069],[137.75100126153887,35.442083037416666]]]},"properties":{"FID":381,"A31_201":"8505050237","A31_202":"阿智川","A31_203":20,"A31_204":"長野県","A31_205":3,"A31_206":" ","A31_207":" ","A31_208":" "}},{"type":"Feature","id":382,"geometry":{"type":"Polygon","coordinates":[[[137.74593873336113,35.442041377513846],[137.7459387334028,35.442083044166637],[137.74587623305558,35.44208304425004],[137.74587623301386,35.442041377597249],[137.74593873336113,35.442041377513846]]]},"properties":{"FID":382,"A31_201":"8505050237","A31_202":"阿智川","A31_203":20,"A31_204":"長野県","A31_205":3,"A31_206":" ","A31_207":" ","A31_208":" "}},{"type":"Feature","id":383,"geometry":{"type":"Polygon","coordinates":[[[137.75125126297362,35.442124703736127],[137.7510637619296,35.442124703986053],[137.7510637618868,35.442083037333347],[137.75125126293057,35.442083037083329],[137.75125126297362,35.442124703736127]]]},"properties":{"FID":383,"A31_201":"8505050237","A31_202":"阿智川","A31_203":20,"A31_204":"長野県","A31_205":3,"A31_206":" ","A31_207":" ","A31_208":" "}},{"type":"Feature","id":384,"geometry":{"type":"Polygon","coordinates":[[[137.74587623305558,35.44208304425004],[137.74587623309725,35.442124710902746],[137.74581373274995,35.442124710986057],[137.74581373270829,35.442083044333351],[137.74587623305558,35.44208304425004]]]},"properties":{"FID":384,"A31_201":"8505050237","A31_202":"阿智川","A31_203":20,"A31_204":"長野県","A31_205":3,"A31_206":" ","A31_207":" ","A31_208":" "}},{"type":"Feature","id":385,"geometry":{"type":"Polygon","coordinates":[[[137.7455012308472,35.441958044791704],[137.7455012309305,35.442041378097201],[137.74562623162501,35.442041377930579],[137.74562623174998,35.442166377888874],[137.74581373279159,35.442166377638856],[137.74581373283334,35.442208044291647],[137.74575123248613,35.442208044374958],[137.74575123252779,35.442249711027756],[137.74568873218058,35.44224971111106],[137.74568873226389,35.442333044416657],[137.74550123122219,35.442333044666675],[137.74550123126383,35.442374711319474],[137.74537623056943,35.442374711486096],[137.74537623061107,35.442416378138887],[137.74512622922225,35.442416378472217],[137.74512622918058,35.442374711819426],[137.74525122987501,35.442374711652803],[137.74525122979168,35.442291378347214],[137.74518872944441,35.442291378430525],[137.74518872936108,35.442208045125028],[137.74512622901386,35.442208045208332],[137.74512622897223,35.442166378555541],[137.74518872931944,35.44216637847223],[137.74518872923611,35.44208304516664],[137.74531372993053,35.442083045000018],[137.74531372984723,35.441999711694429],[137.74537623019444,35.441999711611118],[137.74537623015277,35.441958044958326],[137.7455012308472,35.441958044791704]]]},"properties":{"FID":385,"A31_201":"8505050237","A31_202":"阿智川","A31_203":20,"A31_204":"長野県","A31_205":3,"A31_206":" ","A31_207":" ","A31_208":" "}},{"type":"Feature","id":386,"geometry":{"type":"Polygon","coordinates":[[[137.74668873806945,35.442583042999999],[137.74668873802779,35.442541376347208],[137.74681373872221,35.442541376180586],[137.74681373880551,35.442624709486083],[137.7467512384583,35.442624709569486],[137.74675123841664,35.442583042916688],[137.74668873806945,35.442583042999999]]]},"properties":{"FID":386,"A31_201":"8505050237","A31_202":"阿智川","A31_203":20,"A31_204":"長野県","A31_205":3,"A31_206":" ","A31_207":" ","A31_208":" "}},{"type":"Feature","id":387,"geometry":{"type":"Polygon","coordinates":[[[137.74668873806945,35.442583042999999],[137.74668873811109,35.44262470965279],[137.74662623776388,35.442624709736108],[137.74662623772224,35.44258304308331],[137.74668873806945,35.442583042999999]]]},"properties":{"FID":387,"A31_201":"8505050237","A31_202":"阿智川","A31_203":20,"A31_204":"長野県","A31_205":3,"A31_206":" ","A31_207":" ","A31_208":" "}},{"type":"Feature","id":388,"geometry":{"type":"Polygon","coordinates":[[[137.74662623776388,35.442624709736108],[137.74662623780554,35.4426663763889],[137.74656373745833,35.442666376472211],[137.74656373741666,35.442624709819412],[137.74662623776388,35.442624709736108]]]},"properties":{"FID":388,"A31_201":"8505050237","A31_202":"阿智川","A31_203":20,"A31_204":"長野県","A31_205":3,"A31_206":" ","A31_207":" ","A31_208":" "}},{"type":"Feature","id":389,"geometry":{"type":"Polygon","coordinates":[[[137.74656373745833,35.442666376472211],[137.7465637375,35.442708043125009],[137.74650123715278,35.442708043208313],[137.74650123711112,35.442666376555522],[137.74656373745833,35.442666376472211]]]},"properties":{"FID":389,"A31_201":"8505050237","A31_202":"阿智川","A31_203":20,"A31_204":"長野県","A31_205":3,"A31_206":" ","A31_207":" ","A31_208":" "}},{"type":"Feature","id":390,"geometry":{"type":"Polygon","coordinates":[[[137.74650123715278,35.442708043208313],[137.74650123719442,35.442749709861111],[137.74637623650003,35.442749710027734],[137.74637623645836,35.442708043375028],[137.74650123715278,35.442708043208313]]]},"properties":{"FID":390,"A31_201":"8505050237","A31_202":"阿智川","A31_203":20,"A31_204":"長野県","A31_205":3,"A31_206":" ","A31_207":" ","A31_208":" "}},{"type":"Feature","id":391,"geometry":{"type":"Polygon","coordinates":[[[137.74637623650003,35.442749710027734],[137.74637623654166,35.442791376680532],[137.74631373619445,35.442791376763928],[137.74631373615273,35.44274971011113],[137.74637623650003,35.442749710027734]]]},"properties":{"FID":391,"A31_201":"8505050237","A31_202":"阿智川","A31_203":20,"A31_204":"長野県","A31_205":3,"A31_206":" ","A31_207":" ","A31_208":" "}},{"type":"Feature","id":392,"geometry":{"type":"Polygon","coordinates":[[[137.74631373619445,35.442791376763928],[137.74631373623612,35.442833043416634],[137.74618873554169,35.442833043583349],[137.74618873549997,35.44279137693055],[137.74631373619445,35.442791376763928]]]},"properties":{"FID":392,"A31_201":"8505050237","A31_202":"阿智川","A31_203":20,"A31_204":"長野県","A31_205":3,"A31_206":" ","A31_207":" ","A31_208":" "}},{"type":"Feature","id":393,"geometry":{"type":"Polygon","coordinates":[[[137.74618873554169,35.442833043583349],[137.74618873558336,35.44287471023614],[137.74606373488885,35.442874710402762],[137.74606373484718,35.442833043749971],[137.74618873554169,35.442833043583349]]]},"properties":{"FID":393,"A31_201":"8505050237","A31_202":"阿智川","A31_203":20,"A31_204":"長野県","A31_205":3,"A31_206":" ","A31_207":" ","A31_208":" "}},{"type":"Feature","id":394,"geometry":{"type":"Polygon","coordinates":[[[137.74475122763886,35.442916378805535],[137.74475122759719,35.442874712152744],[137.7448137279444,35.442874712069425],[137.74481372798607,35.442916378722224],[137.74475122763886,35.442916378805535]]]},"properties":{"FID":394,"A31_201":"8505050237","A31_202":"阿智川","A31_203":20,"A31_204":"長野県","A31_205":3,"A31_206":" ","A31_207":" ","A31_208":" "}},{"type":"Feature","id":395,"geometry":{"type":"Polygon","coordinates":[[[137.74687623948606,35.442958042624952],[137.74681373913893,35.442958042708355],[137.74681373909726,35.442916376055557],[137.74687623944439,35.442916375972246],[137.74687623948606,35.442958042624952]]]},"properties":{"FID":395,"A31_201":"8505050237","A31_202":"阿智川","A31_203":20,"A31_204":"長野県","A31_205":3,"A31_206":" ","A31_207":" ","A31_208":" "}},{"type":"Feature","id":396,"geometry":{"type":"Polygon","coordinates":[[[137.74393872325001,35.44304137984723],[137.7438762229028,35.443041379930541],[137.74387622286108,35.442999713277743],[137.74381372251386,35.442999713361061],[137.7438137224722,35.442958046708355],[137.74362622143059,35.442958046958282],[137.74362622147223,35.44299971361108],[137.74343872043062,35.442999713861099],[137.74343872038887,35.442958047208307],[137.74318871900002,35.442958047541637],[137.74318871874999,35.442708047624961],[137.74331371944442,35.442708047458339],[137.74331371940275,35.442666380805548],[137.74337621974996,35.44266638072223],[137.74337621962502,35.442541380763849],[137.74331371927781,35.442541380847246],[137.74331371923614,35.442499714194454],[137.74318871854163,35.442499714361077],[137.74318871849999,35.442458047708286],[137.74312621815278,35.442458047791682],[137.74312621811112,35.442416381138884],[137.7430637177639,35.442416381222202],[137.74306371768051,35.442333047916698],[137.7430012173333,35.442333048000009],[137.74300121729163,35.442291381347218],[137.74293871694442,35.442291381430522],[137.74293871690278,35.442249714777731],[137.74300121725,35.44224971469442],[137.74300121720833,35.442208048041621],[137.74312621790276,35.442208047874999],[137.74312621794439,35.442249714527797],[137.74318871829169,35.442249714444401],[137.74318871833336,35.442291381097192],[137.74325121868057,35.442291381013881],[137.74325121872221,35.442333047666679],[137.74331371906942,35.442333047583361],[137.74331371911109,35.442374714236067],[137.74350122015281,35.44237471398614],[137.74350122019445,35.442416380638846],[137.74362622088887,35.442416380472224],[137.74362622093054,35.442458047125015],[137.74368872127775,35.442458047041612],[137.74368872131939,35.44249971369441],[137.74375122166668,35.442499713611099],[137.74375122170835,35.44254138026389],[137.74387622240278,35.442541380097182],[137.74387622244441,35.442583046749974],[137.74393872279163,35.44258304666667],[137.74393872283329,35.442624713319461],[137.7440637235278,35.442624713152753],[137.74406372356944,35.442666379805544],[137.74412622391665,35.442666379722233],[137.74412622399996,35.442749713027737],[137.74418872434725,35.442749712944419],[137.74418872443059,35.442833046250016],[137.74412622408329,35.44283304633332],[137.74412622420834,35.442958046291622],[137.74393872316662,35.442958046541641],[137.74393872325001,35.44304137984723]]]},"properties":{"FID":396,"A31_201":"8505050237","A31_202":"阿智川","A31_203":20,"A31_204":"長野県","A31_205":3,"A31_206":" ","A31_207":" ","A31_208":" "}},{"type":"Feature","id":397,"geometry":{"type":"Polygon","coordinates":[[[137.74687623965275,35.44312470923613],[137.74687623952769,35.442999709277743],[137.74693873987502,35.442999709194439],[137.74693873999996,35.443124709152727],[137.74687623965275,35.44312470923613]]]},"properties":{"FID":397,"A31_201":"8505050237","A31_202":"阿智川","A31_203":20,"A31_204":"長野県","A31_205":3,"A31_206":" ","A31_207":" ","A31_208":" "}},{"type":"Feature","id":398,"geometry":{"type":"Polygon","coordinates":[[[137.74687623965275,35.44312470923613],[137.74687623969442,35.443166375888921],[137.7468137393472,35.44316637597224],[137.74681373930557,35.443124709319441],[137.74687623965275,35.44312470923613]]]},"properties":{"FID":398,"A31_201":"8505050237","A31_202":"阿智川","A31_203":20,"A31_204":"長野県","A31_205":3,"A31_206":" ","A31_207":" ","A31_208":" "}},{"type":"Feature","id":399,"geometry":{"type":"Polygon","coordinates":[[[137.74675123912496,35.443291376013846],[137.74675123904166,35.443208042708342],[137.74681373938887,35.443208042625031],[137.74681373947226,35.443291375930528],[137.74675123912496,35.443291376013846]]]},"properties":{"FID":399,"A31_201":"8505050237","A31_202":"阿智川","A31_203":20,"A31_204":"長野県","A31_205":3,"A31_206":" ","A31_207":" ","A31_208":" "}},{"type":"Feature","id":400,"geometry":{"type":"Polygon","coordinates":[[[137.74675123912496,35.443291376013846],[137.74675123916663,35.443333042666637],[137.74668873881942,35.443333042750041],[137.74668873877775,35.443291376097243],[137.74675123912496,35.443291376013846]]]},"properties":{"FID":400,"A31_201":"8505050237","A31_202":"阿智川","A31_203":20,"A31_204":"長野県","A31_205":3,"A31_206":" ","A31_207":" ","A31_208":" "}},{"type":"Feature","id":401,"geometry":{"type":"Polygon","coordinates":[[[137.74375122249998,35.443333046666638],[137.74368872215277,35.443333046750041],[137.74368872206946,35.443249713444445],[137.74375122241668,35.443249713361141],[137.74375122249998,35.443333046666638]]]},"properties":{"FID":401,"A31_201":"8505050237","A31_202":"阿智川","A31_203":20,"A31_204":"長野県","A31_205":3,"A31_206":" ","A31_207":" ","A31_208":" "}},{"type":"Feature","id":402,"geometry":{"type":"Polygon","coordinates":[[[137.74081370618055,35.443333050583327],[137.74075120583333,35.443333050666638],[137.74075120574994,35.443249717361141],[137.74081370609724,35.443249717277737],[137.74081370618055,35.443333050583327]]]},"properties":{"FID":402,"A31_201":"8505050237","A31_202":"阿智川","A31_203":20,"A31_204":"長野県","A31_205":3,"A31_206":" ","A31_207":" ","A31_208":" "}},{"type":"Feature","id":403,"geometry":{"type":"Polygon","coordinates":[[[137.74656373820829,35.443416376222245],[137.74656373816666,35.443374709569454],[137.74662623851387,35.443374709486143],[137.74662623855551,35.443416376138849],[137.74656373820829,35.443416376222245]]]},"properties":{"FID":403,"A31_201":"8505050237","A31_202":"阿智川","A31_203":20,"A31_204":"長野県","A31_205":3,"A31_206":" ","A31_207":" ","A31_208":" "}},{"type":"Feature","id":404,"geometry":{"type":"Polygon","coordinates":[[[137.74656373820829,35.443416376222245],[137.74656373825005,35.443458042874951],[137.74650123790275,35.443458042958355],[137.74650123786111,35.443416376305564],[137.74656373820829,35.443416376222245]]]},"properties":{"FID":404,"A31_201":"8505050237","A31_202":"阿智川","A31_203":20,"A31_204":"長野県","A31_205":3,"A31_206":" ","A31_207":" ","A31_208":" "}},{"type":"Feature","id":405,"geometry":{"type":"Polygon","coordinates":[[[137.74418872505558,35.44345804604167],[137.74412622470837,35.443458046124974],[137.74412622462498,35.443374712819477],[137.74418872497219,35.443374712736073],[137.74418872505558,35.44345804604167]]]},"properties":{"FID":405,"A31_201":"8505050237","A31_202":"阿智川","A31_203":20,"A31_204":"長野県","A31_205":3,"A31_206":" ","A31_207":" ","A31_208":" "}},{"type":"Feature","id":406,"geometry":{"type":"Polygon","coordinates":[[[137.74643873768059,35.443583042999961],[137.7464387375972,35.443499709694464],[137.74650123794441,35.443499709611061],[137.7465012380278,35.44358304291665],[137.74643873768059,35.443583042999961]]]},"properties":{"FID":406,"A31_201":"8505050237","A31_202":"阿智川","A31_203":20,"A31_204":"長野県","A31_205":3,"A31_206":" ","A31_207":" ","A31_208":" "}},{"type":"Feature","id":407,"geometry":{"type":"Polygon","coordinates":[[[137.74643873768059,35.443583042999961],[137.74643873772226,35.443624709652752],[137.74637623737496,35.443624709736071],[137.74637623733329,35.443583043083365],[137.74643873768059,35.443583042999961]]]},"properties":{"FID":407,"A31_201":"8505050237","A31_202":"阿智川","A31_203":20,"A31_204":"長野県","A31_205":3,"A31_206":" ","A31_207":" ","A31_208":" "}},{"type":"Feature","id":408,"geometry":{"type":"Polygon","coordinates":[[[137.74637623737496,35.443624709736071],[137.74637623741663,35.443666376388862],[137.74631373706941,35.443666376472265],[137.74631373702775,35.443624709819467],[137.74637623737496,35.443624709736071]]]},"properties":{"FID":408,"A31_201":"8505050237","A31_202":"阿智川","A31_203":20,"A31_204":"長野県","A31_205":3,"A31_206":" ","A31_207":" ","A31_208":" "}},{"type":"Feature","id":409,"geometry":{"type":"Polygon","coordinates":[[[137.74631373706941,35.443666376472265],[137.74631373711117,35.443708043124971],[137.74625123676384,35.443708043208368],[137.7462512367222,35.443666376555569],[137.74631373706941,35.443666376472265]]]},"properties":{"FID":409,"A31_201":"8505050237","A31_202":"阿智川","A31_203":20,"A31_204":"長野県","A31_205":3,"A31_206":" ","A31_207":" ","A31_208":" "}},{"type":"Feature","id":410,"geometry":{"type":"Polygon","coordinates":[[[137.74625123676384,35.443708043208368],[137.74625123680559,35.443749709861073],[137.74618873645829,35.44374970994447],[137.74618873641666,35.443708043291679],[137.74625123676384,35.443708043208368]]]},"properties":{"FID":410,"A31_201":"8505050237","A31_202":"阿智川","A31_203":20,"A31_204":"長野県","A31_205":3,"A31_206":" ","A31_207":" ","A31_208":" "}},{"type":"Feature","id":411,"geometry":{"type":"Polygon","coordinates":[[[137.73893869618058,35.443749719611141],[137.73887619583337,35.443749719694452],[137.7388761957917,35.443708053041661],[137.7386261944028,35.443708053374991],[137.73862619436113,35.443666386722199],[137.73856369401392,35.443666386805596],[137.73856369393053,35.443583053500006],[137.73850119358332,35.443583053583318],[137.73850119354165,35.443541386930519],[137.73843869319444,35.443541387013923],[137.7384386931528,35.443499720361132],[137.73850119349999,35.443499720277728],[137.73850119345835,35.443458053625022],[137.73856369380556,35.443458053541619],[137.73856369376389,35.443416386888913],[137.73875119480553,35.443416386638894],[137.73875119472223,35.443333053333305],[137.73881369506941,35.443333053249994],[137.73881369498611,35.443249719944404],[137.73875119463889,35.443249720027808],[137.73875119459726,35.44320805337501],[137.73887619529165,35.443208053208295],[137.73887619520835,35.443124719902798],[137.73893869555556,35.443124719819394],[137.73893869551389,35.443083053166603],[137.73912619655553,35.44308305291667],[137.7391261965972,35.443124719569468],[137.73918869694438,35.443124719486065],[137.73918869686108,35.443041386180568],[137.7393761979028,35.443041385930542],[137.73937619781941,35.442958052624952],[137.73950119851389,35.44295805245833],[137.73950119847217,35.442916385805532],[137.73956369881947,35.442916385722228],[137.7395636987778,35.44287471906943],[137.73987620051383,35.442874718652789],[137.7398762004722,35.44283305199999],[137.7400637015138,35.442833051749972],[137.74006370147217,35.442791385097173],[137.74012620181946,35.442791385013862],[137.74012620173608,35.442708051708365],[137.74018870208334,35.442708051624962],[137.74018870204162,35.442666384972256],[137.74025120238892,35.442666384888852],[137.74025120234725,35.442624718236061],[137.74031370269438,35.44262471815275],[137.74031370265271,35.442583051499952],[137.74043870334722,35.44258305133333],[137.74043870338889,35.442624717986128],[137.74037620304168,35.442624718069439],[137.74037620308331,35.44266638472223],[137.74031370273605,35.442666384805548],[137.7403137028611,35.442791384763929],[137.74025120251389,35.44279138484724],[137.74025120259719,35.442874718152737],[137.74018870224998,35.442874718236141],[137.74018870229165,35.442916384888846],[137.74012620194443,35.44291638497225],[137.74012620202774,35.442999718277747],[137.74006370168053,35.442999718361058],[137.74006370172219,35.443041385013856],[137.74000120137498,35.443041385097253],[137.74000120141665,35.443083051749959],[137.73993870106943,35.443083051833355],[137.73993870115274,35.443166385138859],[137.73987620080553,35.44316638522217],[137.73987620088892,35.44324971852776],[137.73975120019441,35.443249718694474],[137.73975120023607,35.44329138534718],[137.73968869988886,35.443291385430577],[137.73968869997219,35.443374718736081],[137.73956369927777,35.443374718902788],[137.7395636993194,35.443416385555579],[137.73931369793058,35.443416385888916],[137.73931369797225,35.443458052541622],[137.73918869727783,35.443458052708337],[137.73918869731946,35.443499719361128],[137.73912619697228,35.443499719444439],[137.73912619701392,35.443541386097237],[137.73906369666662,35.443541386180542],[137.73906369675001,35.443624719486138],[137.73900119640274,35.443624719569442],[137.73900119644446,35.44366638622224],[137.73893869609716,35.443666386305551],[137.73893869618058,35.443749719611141]]]},"properties":{"FID":411,"A31_201":"8505050237","A31_202":"阿智川","A31_203":20,"A31_204":"長野県","A31_205":3,"A31_206":" ","A31_207":" ","A31_208":" "}},{"type":"Feature","id":412,"geometry":{"type":"Polygon","coordinates":[[[137.74618873645829,35.44374970994447],[137.74618873649996,35.443791376597176],[137.74593873511111,35.443791376930513],[137.74593873506947,35.443749710277807],[137.74618873645829,35.44374970994447]]]},"properties":{"FID":412,"A31_201":"8505050237","A31_202":"阿智川","A31_203":20,"A31_204":"長野県","A31_205":3,"A31_206":" ","A31_207":" ","A31_208":" "}},{"type":"Feature","id":413,"geometry":{"type":"Polygon","coordinates":[[[137.74593873511111,35.443791376930513],[137.74593873515278,35.443833043583311],[137.74587623480556,35.443833043666707],[137.7458762347639,35.443791377013909],[137.74593873511111,35.443791376930513]]]},"properties":{"FID":413,"A31_201":"8505050237","A31_202":"阿智川","A31_203":20,"A31_204":"長野県","A31_205":3,"A31_206":" ","A31_207":" ","A31_208":" "}},{"type":"Feature","id":414,"geometry":{"type":"Polygon","coordinates":[[[137.73825119244441,35.44383305383333],[137.73825119240274,35.443791387180539],[137.73831369275004,35.443791387097221],[137.73831369279171,35.443833053750019],[137.73825119244441,35.44383305383333]]]},"properties":{"FID":414,"A31_201":"8505050237","A31_202":"阿智川","A31_203":20,"A31_204":"長野県","A31_205":3,"A31_206":" ","A31_207":" ","A31_208":" "}},{"type":"Feature","id":415,"geometry":{"type":"Polygon","coordinates":[[[137.74587623480556,35.443833043666707],[137.74587623484723,35.443874710319413],[137.74581373450002,35.44387471040281],[137.74581373445835,35.443833043750018],[137.74587623480556,35.443833043666707]]]},"properties":{"FID":415,"A31_201":"8505050237","A31_202":"阿智川","A31_203":20,"A31_204":"長野県","A31_205":3,"A31_206":" ","A31_207":" ","A31_208":" "}},{"type":"Feature","id":416,"geometry":{"type":"Polygon","coordinates":[[[137.74606373488885,35.442874710402762],[137.74606373493052,35.442916377055553],[137.7460012345833,35.442916377138872],[137.74600123462506,35.442958043791663],[137.74581373358333,35.442958044041688],[137.74581373362497,35.442999710694394],[137.74543873154164,35.442999711194432],[137.74543873162503,35.443083044500028],[137.74537623127773,35.443083044583332],[137.74537623123609,35.443041377930541],[137.74531373088888,35.443041378013852],[137.74531373084722,35.442999711361054],[137.74487622841667,35.44299971194441],[137.74487622854164,35.443124711902797],[137.74493872888885,35.443124711819394],[137.74493872893061,35.443166378472192],[137.74500122927779,35.443166378388881],[137.74500122931946,35.443208045041672],[137.74481372827773,35.443208045291698],[137.7448137283194,35.443249711944404],[137.74475122797219,35.443249712027807],[137.74475122809724,35.443374711986095],[137.74481372844446,35.443374711902791],[137.74481372852776,35.443458045208288],[137.74487622887497,35.443458045124977],[137.74487622900003,35.443583045083358],[137.74493872934724,35.443583044999961],[137.74493872943054,35.443666378305551],[137.74500122977776,35.44366637822224],[137.74500122986115,35.443749711527744],[137.74506373020836,35.443749711444426],[137.74506373033333,35.443874711402813],[137.74512623068054,35.44387471131941],[137.74512623076393,35.443958044625006],[137.74518873111106,35.443958044541688],[137.74518873115272,35.443999711194394],[137.74525123150002,35.44399971111109],[137.74525123145835,35.443958044458292],[137.7456887338889,35.443958043875028],[137.74568873384726,35.44391637722223],[137.74575123419447,35.443916377138919],[137.74575123431941,35.444041377097214],[137.74562623362502,35.444041377263929],[137.74562623358335,35.443999710611131],[137.74531373184723,35.443999711027772],[137.74531373188887,35.44404137768057],[137.74525123154166,35.444041377763881],[137.74525123158332,35.444083044416672],[137.74493872984721,35.44408304483332],[137.74493872988884,35.444124711486111],[137.74468872850002,35.444124711819448],[137.74468872854166,35.444166378472246],[137.74456372784726,35.444166378638869],[137.74456372776393,35.444083045333365],[137.74443872706942,35.444083045499987],[137.74443872702778,35.444041378847189],[137.74431372633336,35.444041379013903],[137.74431372629169,35.443999712361105],[137.74418872559721,35.443999712527727],[137.74418872555555,35.443958045875021],[137.74412622520833,35.44395804595834],[137.74412622516667,35.443916379305541],[137.74418872551388,35.44391637922223],[137.74418872505558,35.44345804604167],[137.74425122540279,35.443458045958351],[137.74425122536115,35.44341637930556],[137.74431372570834,35.443416379222249],[137.74431372562503,35.44333304591666],[137.74437622597225,35.443333045833349],[137.74437622593058,35.44329137918055],[137.744501226625,35.443291379013843],[137.74450122658334,35.443249712361137],[137.74456372693055,35.443249712277826],[137.74456372680561,35.443124712319445],[137.74450122645828,35.443124712402749],[137.74450122633334,35.442999712444461],[137.74437622563883,35.442999712611083],[137.74437622568058,35.443041379263875],[137.74431372533337,35.443041379347186],[137.74431372516665,35.442874712736099],[137.74437622551386,35.442874712652781],[137.74437622547219,35.44283304599999],[137.74450122616662,35.442833045833368],[137.74450122620829,35.442874712486073],[137.74456372655558,35.442874712402762],[137.74456372651392,35.442833045749964],[137.74462622686113,35.44283304566666],[137.74462622694443,35.442916378972242],[137.74475122763886,35.442916378805535],[137.74475122768052,35.442958045458326],[137.74575123323612,35.442958044124993],[137.74575123319445,35.442916377472201],[137.74593873423609,35.442916377222176],[137.74593873419443,35.442874710569384],[137.74606373488885,35.442874710402762]]]},"properties":{"FID":416,"A31_201":"8505050237","A31_202":"阿智川","A31_203":20,"A31_204":"長野県","A31_205":3,"A31_206":" ","A31_207":" ","A31_208":" "}},{"type":"Feature","id":417,"geometry":{"type":"Polygon","coordinates":[[[137.73825119244441,35.44383305383333],[137.73825119273607,35.444124720402804],[137.73818869238889,35.444124720486116],[137.73818869243053,35.444166387138907],[137.73812619208331,35.444166387222225],[137.73812619216665,35.444249720527722],[137.73806369181943,35.444249720611126],[137.73806369186116,35.444291387263917],[137.73800119151389,35.444291387347228],[137.73800119155553,35.444333054000026],[137.73781369051392,35.444333054249952],[137.73781369047225,35.444291387597247],[137.73775119012504,35.444291387680565],[137.73775119008337,35.444249721027766],[137.73768868973607,35.444249721111078],[137.7376886896111,35.444124721152782],[137.73775118995832,35.444124721069471],[137.73775118987501,35.444041387763882],[137.73781369022223,35.444041387680571],[137.73781369018056,35.44399972102778],[137.73787619052777,35.443999720944461],[137.73787619044447,35.443916387638879],[137.73793869079168,35.443916387555561],[137.73793869070829,35.443833054249978],[137.73825119244441,35.44383305383333]]]},"properties":{"FID":417,"A31_201":"8505050237","A31_202":"阿智川","A31_203":20,"A31_204":"長野県","A31_205":3,"A31_206":" ","A31_207":" ","A31_208":" "}},{"type":"Feature","id":418,"geometry":{"type":"Polygon","coordinates":[[[137.7371886881983,35.445458054708347],[137.7371261878574,35.445458054791658],[137.73712618789943,35.445499721444449],[137.73706368755862,35.445499721527767],[137.73706368747432,35.445416388222171],[137.73700118713333,35.445416388305574],[137.73700118704886,35.445333054999985],[137.73693868670779,35.445333055083296],[137.73693868662323,35.445249721777799],[137.73687618628196,35.445249721861103],[137.73687618623961,35.445208055208312],[137.73693868658094,35.445208055125001],[137.73693868653859,35.445166388472202],[137.73700118688001,35.445166388388898],[137.73700118675336,35.445041388430511],[137.73693868641175,35.445041388513914],[137.73693868632719,35.444958055208318],[137.73700118666889,35.444958055125014],[137.73700118662663,35.444916388472215],[137.7370636869685,35.444916388388904],[137.73706368692632,35.444874721736113],[137.73718868761006,35.444874721569398],[137.73718868756805,35.444833054916693],[137.7371261872261,35.444833055000004],[137.737126187184,35.444791388347213],[137.73675118513191,35.44479138884725],[137.73675118508947,35.444749722194459],[137.73668868474732,35.44474972227777],[137.73668868466223,35.44466638897218],[137.73675118500447,35.444666388888869],[137.73675118496192,35.444624722236071],[137.73687618564657,35.444624722069449],[137.73687618560419,35.444583055416658],[137.73693868594651,35.444583055333347],[137.73693868590425,35.444541388680548],[137.73706368658907,35.444541388513841],[137.73706368654697,35.444499721861135],[137.73712618688947,35.444499721777824],[137.73712618697357,35.444583055083328],[137.73718868731601,35.44458305500001],[137.73718868735801,35.444624721652808],[137.73725118770025,35.444624721569411],[137.73725118774217,35.444666388222203],[137.73743868876886,35.444666387972177],[137.73743868872714,35.444624721319471],[137.73750118906946,35.444624721236075],[137.73750118898613,35.44454138793057],[137.73756368933334,35.444541387847174],[137.73756368929168,35.444499721194468],[137.73775119033331,35.444499720944449],[137.73775119037498,35.444541387597241],[137.73781369072219,35.444541387513929],[137.73781369080558,35.444624720819434],[137.73775119045837,35.444624720902738],[137.73775119054167,35.444708054208334],[137.73768869019449,35.444708054291638],[137.73768869027779,35.444791387597235],[137.73762618993058,35.444791387680539],[137.73762619001388,35.444874720986135],[137.73756368966667,35.444874721069439],[137.73756368975,35.444958054375036],[137.73750118940279,35.44495805445834],[137.73750118952773,35.445083054416642],[137.73743868918623,35.445083054500039],[137.73743868931146,35.445208054458334],[137.7373761889701,35.445208054541645],[137.73737618905378,35.445291387847234],[137.73731368871262,35.445291387930546],[137.73731368875445,35.445333054583344],[137.73725118841335,35.445333054666648],[137.73725118845528,35.445374721319446],[137.73718868811429,35.445374721402757],[137.7371886881983,35.445458054708347]]]},"properties":{"FID":418,"A31_201":"8505050237","A31_202":"阿智川","A31_203":20,"A31_204":"長野県","A31_205":3,"A31_206":" ","A31_207":" ","A31_208":" "}},{"type":"Feature","id":419,"geometry":{"type":"Polygon","coordinates":[[[137.73387617081588,35.446083058916642],[137.73343866843683,35.446083059499998],[137.73343866839065,35.446041392847206],[137.73387617077015,35.446041392263851],[137.73387617081588,35.446083058916642]]]},"properties":{"FID":419,"A31_201":"8505050237","A31_202":"阿智川","A31_203":20,"A31_204":"長野県","A31_205":3,"A31_206":" ","A31_207":" ","A31_208":" "}},{"type":"Feature","id":420,"geometry":{"type":"Polygon","coordinates":[[[137.73443867396475,35.446166391472261],[137.73431367328524,35.446166391638883],[137.73431367324011,35.446124724986085],[137.73393867120129,35.446124725486129],[137.73393867115573,35.446083058833338],[137.73443867387459,35.446083058166664],[137.73443867396475,35.446166391472261]]]},"properties":{"FID":420,"A31_201":"8505050237","A31_202":"阿智川","A31_203":20,"A31_204":"長野県","A31_205":3,"A31_206":" ","A31_207":" ","A31_208":" "}},{"type":"Feature","id":421,"geometry":{"type":"Polygon","coordinates":[[[137.73687618759513,35.446541388097209],[137.73687618755278,35.446499721444411],[137.73693868789198,35.446499721361107],[137.73693868793427,35.446541388013898],[137.73687618759513,35.446541388097209]]]},"properties":{"FID":421,"A31_201":"8505050237","A31_202":"阿智川","A31_203":20,"A31_204":"長野県","A31_205":3,"A31_206":" ","A31_207":" ","A31_208":" "}},{"type":"Feature","id":422,"geometry":{"type":"Polygon","coordinates":[[[137.73687618759513,35.446541388097209],[137.73687618763751,35.446583054750008],[137.73681368729848,35.446583054833312],[137.7368136872561,35.44654138818052],[137.73687618759513,35.446541388097209]]]},"properties":{"FID":422,"A31_201":"8505050237","A31_202":"阿智川","A31_203":20,"A31_204":"長野県","A31_205":3,"A31_206":" ","A31_207":" ","A31_208":" "}},{"type":"Feature","id":423,"geometry":{"type":"Polygon","coordinates":[[[137.73681368729848,35.446583054833312],[137.73681368734091,35.44662472148611],[137.73675118700197,35.446624721569421],[137.73675118704443,35.446666388222212],[137.73668868670558,35.44666638830553],[137.73668868666303,35.446624721652732],[137.73662618632409,35.446624721736129],[137.73662618636672,35.446666388388927],[137.73656368602775,35.446666388472238],[137.73656368611321,35.446749721777735],[137.73650118577444,35.446749721861138],[137.73650118581725,35.446791388513844],[137.73643868547856,35.446791388597248],[137.73643868552136,35.446833055250039],[137.73637618518279,35.44683305533335],[137.73637618522568,35.446874721986148],[137.73625118454868,35.446874722152771],[137.73625118459174,35.446916388805562],[137.73618868425325,35.446916388888873],[137.73618868429631,35.446958055541671],[137.73612618395791,35.446958055624975],[137.73612618400108,35.446999722277774],[137.73606368366282,35.446999722361085],[137.73606368370608,35.447041389013876],[137.73593868302953,35.44704138918059],[137.73593868307296,35.447083055833296],[137.7358761827347,35.447083055916693],[137.73587618277824,35.447124722569399],[137.73575118210192,35.447124722736113],[137.73575118218915,35.447208056041703],[137.7356261815132,35.447208056208325],[137.735626181557,35.447249722861116],[137.73550118088113,35.447249723027738],[137.73550118092501,35.447291389680537],[137.73543868058712,35.447291389763848],[137.73543868063109,35.447333056416639],[137.7353761802934,35.447333056500042],[137.73537618033737,35.447374723152748],[137.73518867932424,35.447374723402774],[137.73518867923579,35.447291390097178],[137.73512617889799,35.447291390180581],[137.73512617880934,35.447208056874992],[137.73506367847136,35.447208056958303],[137.73506367838255,35.447124723652806],[137.73500117804448,35.44712472373611],[137.73500117795558,35.447041390430527],[137.73493867761735,35.447041390513924],[137.73493867757276,35.446999723861126],[137.7350636782495,35.446999723694418],[137.73506367820511,35.446958057041627],[137.73525117922034,35.446958056791686],[137.73525117917612,35.446916390138895],[137.73543868019155,35.44691638988887],[137.73543868014758,35.446874723236078],[137.73556368082467,35.446874723069456],[137.7355636807809,35.446833056416665],[137.73581368213524,35.446833056083328],[137.73581368209173,35.44679138943053],[137.73587618243042,35.446791389347226],[137.73587618238699,35.446749722694427],[137.73606368340322,35.446749722444409],[137.73606368335996,35.446708055791703],[137.73625118437644,35.446708055541677],[137.73625118433338,35.446666388888886],[137.73643868535004,35.44666638863886],[137.73643868530715,35.446624721986069],[137.73656368598512,35.446624721819447],[137.7365636859424,35.446583055166649],[137.73662618628134,35.446583055083337],[137.73662618623871,35.446541388430546],[137.73675118691699,35.446541388263924],[137.73675118695942,35.446583054916715],[137.73681368729848,35.446583054833312]]]},"properties":{"FID":423,"A31_201":"8505050237","A31_202":"阿智川","A31_203":20,"A31_204":"長野県","A31_205":3,"A31_206":" ","A31_207":" ","A31_208":" "}},{"type":"Feature","id":424,"geometry":{"type":"Polygon","coordinates":[[[137.73462617664373,35.447708057375017],[137.7344386756323,35.447708057625036],[137.73443867558726,35.447666390972245],[137.73437617524999,35.447666391055556],[137.73437617515975,35.447583057749966],[137.7343136748224,35.447583057833278],[137.73431367473199,35.447499724527773],[137.73425117439447,35.447499724611092],[137.73425117430395,35.447416391305588],[137.73418867396626,35.447416391388899],[137.73418867392095,35.447374724736108],[137.73425117425867,35.447374724652789],[137.73425117421337,35.447333057999998],[137.73437617488895,35.447333057833376],[137.73437617493408,35.447374724486082],[137.73443867527178,35.447374724402771],[137.73443867531682,35.447416391055569],[137.73475117700497,35.447416390638921],[137.73475117709449,35.447499723944418],[137.73481367743196,35.447499723861114],[137.73481367747661,35.447541390513905],[137.73487617781407,35.447541390430594],[137.73487617785864,35.4475830570833],[137.73481367752129,35.447583057166611],[137.73481367756597,35.447624723819402],[137.73475117722862,35.447624723902805],[137.73475117727338,35.447666390555511],[137.73462617659885,35.447666390722219],[137.73462617664373,35.447708057375017]]]},"properties":{"FID":424,"A31_201":"8505050237","A31_202":"阿智川","A31_203":20,"A31_204":"長野県","A31_205":3,"A31_206":" ","A31_207":" ","A31_208":" "}},{"type":"Feature","id":425,"geometry":{"type":"Polygon","coordinates":[[[137.72656363514244,35.449249734277778],[137.72650113480785,35.449249734361089],[137.72650113475393,35.449208067708298],[137.72656363508861,35.44920806762498],[137.72656363514244,35.449249734277778]]]},"properties":{"FID":425,"A31_201":"8505050237","A31_202":"阿智川","A31_203":20,"A31_204":"長野県","A31_205":3,"A31_206":" ","A31_207":" ","A31_208":" "}},{"type":"Feature","id":426,"geometry":{"type":"Polygon","coordinates":[[[137.72925114963118,35.449333064000015],[137.72887614762448,35.449333064499967],[137.72887614757323,35.449291397847261],[137.72881364723872,35.449291397930573],[137.72881364718739,35.449249731277774],[137.72925114952949,35.449249730694419],[137.72925114963118,35.449333064000015]]]},"properties":{"FID":426,"A31_201":"8505050237","A31_202":"阿智川","A31_203":20,"A31_204":"長野県","A31_205":3,"A31_206":" ","A31_207":" ","A31_208":" "}},{"type":"Feature","id":427,"geometry":{"type":"Polygon","coordinates":[[[137.72787614258758,35.449583065749977],[137.72781364225352,35.449583065833295],[137.72781364220111,35.449541399180589],[137.72787614253517,35.449541399097185],[137.72787614258758,35.449583065749977]]]},"properties":{"FID":427,"A31_201":"8505050237","A31_202":"阿智川","A31_203":20,"A31_204":"長野県","A31_205":3,"A31_206":" ","A31_207":" ","A31_208":" "}},{"type":"Feature","id":428,"geometry":{"type":"Polygon","coordinates":[[[137.72962615204119,35.449666396722236],[137.72956365170722,35.449666396805547],[137.72956365165678,35.449624730152749],[137.72950115132289,35.449624730236067],[137.72950115122171,35.449541396930563],[137.7298136528922,35.449541396513922],[137.7298136529424,35.449583063166628],[137.72987615327645,35.44958306308331],[137.72987615332656,35.449624729736108],[137.72962615199074,35.449624730069445],[137.72962615204119,35.449666396722236]]]},"properties":{"FID":428,"A31_201":"8505050237","A31_202":"阿智川","A31_203":20,"A31_204":"長野県","A31_205":3,"A31_206":" ","A31_207":" ","A31_208":" "}},{"type":"Feature","id":429,"geometry":{"type":"Polygon","coordinates":[[[137.72943865103952,35.449666396972262],[137.72931365037167,35.449666397138884],[137.72931365047327,35.449749730444466],[137.72906364913825,35.449749730777803],[137.72906364898515,35.449624730819423],[137.729188649653,35.449624730652801],[137.72918864960212,35.449583064000002],[137.72925114993618,35.449583063916691],[137.72925114983448,35.449499730611102],[137.72937615050279,35.449499730444479],[137.72937615065493,35.449624730402775],[137.72943865098881,35.449624730319464],[137.72943865103952,35.449666396972262]]]},"properties":{"FID":429,"A31_201":"8505050237","A31_202":"阿智川","A31_203":20,"A31_204":"長野県","A31_205":3,"A31_206":" ","A31_207":" ","A31_208":" "}},{"type":"Feature","id":430,"geometry":{"type":"Polygon","coordinates":[[[137.72556363103058,35.450833068429212],[137.72550113070005,35.450833068511102],[137.72550113068726,35.450791401857771],[137.72556363101796,35.450791401775795],[137.72556363103058,35.450833068429212]]]},"properties":{"FID":430,"A31_201":"8505050237","A31_202":"阿智川","A31_203":20,"A31_204":"長野県","A31_205":3,"A31_206":" ","A31_207":" ","A31_208":" "}},{"type":"Feature","id":431,"geometry":{"type":"Polygon","coordinates":[[[137.72543863036947,35.450833068593084],[137.72531362970835,35.45083306875695],[137.72531362969519,35.450791402103803],[137.72543863035659,35.450791401939753],[137.72543863036947,35.450833068593084]]]},"properties":{"FID":431,"A31_201":"8505050237","A31_202":"阿智川","A31_203":20,"A31_204":"長野県","A31_205":3,"A31_206":" ","A31_207":" ","A31_208":" "}},{"type":"Feature","id":432,"geometry":{"type":"Polygon","coordinates":[[[137.72412612397062,35.451749736346429],[137.72406362365697,35.451749736404871],[137.72406362367295,35.451791403058643],[137.72393862304597,35.45179140317579],[137.72393862306228,35.451833069829746],[137.72362612149561,35.451833070122753],[137.72362612147867,35.451791403468448],[137.72375112210557,35.451791403351386],[137.72375112208888,35.451749736697259],[137.72381362240253,35.451749736638732],[137.72381362238599,35.45170806998469],[137.72375112207226,35.45170807004304],[137.72375112205557,35.451666403388913],[137.72387612268338,35.451666403272213],[137.72387612266695,35.451624736618172],[137.72393862298102,35.451624736559907],[137.72393862299728,35.451666403213856],[137.724063623625,35.451666403097235],[137.72406362360908,35.451624736443378],[137.72425112455116,35.451624736268585],[137.72425112453561,35.451583069614991],[137.72443862547811,35.451583069440375],[137.72443862546294,35.451541402787043],[137.72456362609154,35.451541402670784],[137.72456362615097,35.451708069283825],[137.7244386255235,35.451708069400624],[137.7244386255386,35.45174973605404],[137.72431362491142,35.451749736170925],[137.72431362489596,35.451708069517423],[137.7241261239547,35.451708069692657],[137.72412612397062,35.451749736346429]]]},"properties":{"FID":432,"A31_201":"8505050237","A31_202":"阿智川","A31_203":20,"A31_204":"長野県","A31_205":3,"A31_206":" ","A31_207":" ","A31_208":" "}},{"type":"Feature","id":433,"geometry":{"type":"Polygon","coordinates":[[[137.72312611902501,35.451916403901386],[137.72312611900696,35.451874737246548],[137.72318861932015,35.451874737187836],[137.72318861933809,35.451916403842674],[137.72312611902501,35.451916403901386]]]},"properties":{"FID":433,"A31_201":"8505050237","A31_202":"阿智川","A31_203":20,"A31_204":"長野県","A31_205":3,"A31_206":" ","A31_207":" ","A31_208":" "}},{"type":"Feature","id":434,"geometry":{"type":"Polygon","coordinates":[[[137.72312611902501,35.451916403901386],[137.72312611904312,35.451958070556223],[137.72300111841727,35.451958070673911],[137.72300111839888,35.451916404018888],[137.72312611902501,35.451916403901386]]]},"properties":{"FID":434,"A31_201":"8505050237","A31_202":"阿智川","A31_203":20,"A31_204":"長野県","A31_205":3,"A31_206":" ","A31_207":" ","A31_208":" "}},{"type":"Feature","id":435,"geometry":{"type":"Polygon","coordinates":[[[137.72300111841727,35.451958070673911],[137.72300111843558,35.451999737328919],[137.72293861812281,35.451999737387808],[137.72293861810434,35.451958070732701],[137.72300111841727,35.451958070673911]]]},"properties":{"FID":435,"A31_201":"8505050237","A31_202":"阿智川","A31_203":20,"A31_204":"長野県","A31_205":3,"A31_206":" ","A31_207":" ","A31_208":" "}},{"type":"Feature","id":436,"geometry":{"type":"Polygon","coordinates":[[[137.71681358852933,35.453374743000737],[137.71681358856142,35.45341640966268],[137.71675108825337,35.453416409723872],[137.71675108822112,35.453374743061929],[137.71681358852933,35.453374743000737]]]},"properties":{"FID":436,"A31_201":"8505050237","A31_202":"阿智川","A31_203":20,"A31_204":"長野県","A31_205":3,"A31_206":" ","A31_207":" ","A31_208":" "}},{"type":"Feature","id":437,"geometry":{"type":"Polygon","coordinates":[[[137.71675108825337,35.453416409723872],[137.71675108828552,35.453458076385814],[137.71662608766971,35.453458076508468],[137.7166260876372,35.453416409846355],[137.71675108825337,35.453416409723872]]]},"properties":{"FID":437,"A31_201":"8505050237","A31_202":"阿智川","A31_203":20,"A31_204":"長野県","A31_205":3,"A31_206":" ","A31_207":" ","A31_208":" "}},{"type":"Feature","id":438,"geometry":{"type":"Polygon","coordinates":[[[137.71662608766971,35.453458076508468],[137.71662608770222,35.453499743170596],[137.71656358739443,35.453499743231966],[137.71656358736183,35.45345807656976],[137.71662608766971,35.453458076508468]]]},"properties":{"FID":438,"A31_201":"8505050237","A31_202":"阿智川","A31_203":20,"A31_204":"長野県","A31_205":3,"A31_206":" ","A31_207":" ","A31_208":" "}},{"type":"Feature","id":439,"geometry":{"type":"Polygon","coordinates":[[[137.71656358739443,35.453499743231966],[137.71656358742712,35.453541409894086],[137.71643858681185,35.45354141001701],[137.71643858677891,35.453499743354712],[137.71656358739443,35.453499743231966]]]},"properties":{"FID":439,"A31_201":"8505050237","A31_202":"阿智川","A31_203":20,"A31_204":"長野県","A31_205":3,"A31_206":" ","A31_207":" ","A31_208":" "}},{"type":"Feature","id":440,"geometry":{"type":"Polygon","coordinates":[[[137.71643858681185,35.45354141001701],[137.71643858684479,35.453583076679308],[137.7163760865372,35.453583076740856],[137.71637608650417,35.453541410078472],[137.71643858681185,35.45354141001701]]]},"properties":{"FID":440,"A31_201":"8505050237","A31_202":"阿智川","A31_203":20,"A31_204":"長野県","A31_205":3,"A31_206":" ","A31_207":" ","A31_208":" "}},{"type":"Feature","id":441,"geometry":{"type":"Polygon","coordinates":[[[137.71618858571514,35.453708076913117],[137.71618858568164,35.453666410250548],[137.71625108598889,35.453666410188916],[137.7162510860222,35.453708076851385],[137.71618858571514,35.453708076913117]]]},"properties":{"FID":441,"A31_201":"8505050237","A31_202":"阿智川","A31_203":20,"A31_204":"長野県","A31_205":3,"A31_206":" ","A31_207":" ","A31_208":" "}},{"type":"Feature","id":442,"geometry":{"type":"Polygon","coordinates":[[[137.71637608666944,35.453749743390318],[137.71631358636247,35.45374974345205],[137.71631358629614,35.453666410127184],[137.71637608660336,35.453666410065544],[137.71637608666944,35.453749743390318]]]},"properties":{"FID":442,"A31_201":"8505050237","A31_202":"阿智川","A31_203":20,"A31_204":"長野県","A31_205":3,"A31_206":" ","A31_207":" ","A31_208":" "}},{"type":"Feature","id":443,"geometry":{"type":"Polygon","coordinates":[[[137.71618858571514,35.453708076913117],[137.71618858574863,35.453749743575685],[137.71612608544172,35.453749743637502],[137.71612608540806,35.453708076974848],[137.71618858571514,35.453708076913117]]]},"properties":{"FID":443,"A31_201":"8505050237","A31_202":"阿智川","A31_203":20,"A31_204":"長野県","A31_205":3,"A31_206":" ","A31_207":" ","A31_208":" "}},{"type":"Feature","id":444,"geometry":{"type":"Polygon","coordinates":[[[137.71593858452081,35.453749743822954],[137.71581358390694,35.453749743946496],[137.71581358380399,35.453624743957562],[137.71593858441875,35.453624743834368],[137.71593858452081,35.453749743822954]]]},"properties":{"FID":444,"A31_201":"8505050237","A31_202":"阿智川","A31_203":20,"A31_204":"長野県","A31_205":3,"A31_206":" ","A31_207":" ","A31_208":" "}},{"type":"Feature","id":445,"geometry":{"type":"Polygon","coordinates":[[[137.71787609406587,35.453791408567668],[137.71787609409554,35.453833075228374],[137.71781359378892,35.453833075290277],[137.71781359375908,35.453791408629485],[137.71787609406587,35.453791408567668]]]},"properties":{"FID":445,"A31_201":"8505050237","A31_202":"阿智川","A31_203":20,"A31_204":"長野県","A31_205":3,"A31_206":" ","A31_207":" ","A31_208":" "}},{"type":"Feature","id":446,"geometry":{"type":"Polygon","coordinates":[[[137.71587608431642,35.453874743873442],[137.71581358400988,35.453874743935522],[137.7158135839756,35.453833077272513],[137.71587608428223,35.453833077210604],[137.71587608431642,35.453874743873442]]]},"properties":{"FID":446,"A31_201":"8505050237","A31_202":"阿智川","A31_203":20,"A31_204":"長野県","A31_205":3,"A31_206":" ","A31_207":" ","A31_208":" "}},{"type":"Feature","id":447,"geometry":{"type":"Polygon","coordinates":[[[137.71787609406587,35.453791408567668],[137.71787609400636,35.453708075246269],[137.7178135936993,35.453708075308001],[137.71781359366946,35.453666408647209],[137.71775109336221,35.453666408708855],[137.71775109339225,35.453708075369732],[137.71768859308517,35.453708075431457],[137.7176885931153,35.453749742092334],[137.7176260928083,35.453749742154152],[137.71762609289917,35.453874742137046],[137.71756359259265,35.453874742199133],[137.71756359262309,35.453916408860188],[137.71743859201024,35.453916408984355],[137.71743859197957,35.453874742323123],[137.71731359136652,35.453874742447113],[137.71731359127361,35.453749742463238],[137.71725109096673,35.453749742524963],[137.71725109090448,35.453666409202235],[137.71731359121171,35.453666409140595],[137.71731359118073,35.453624742479278],[137.71743859179546,35.453624742356084],[137.71743859176473,35.453583075694851],[137.71750109207224,35.453583075633304],[137.71750109195003,35.4534164089889],[137.71725109071778,35.453416409233867],[137.71725109068669,35.453374742572542],[137.71681358852933,35.453374743000737],[137.71681358849727,35.453333076338879],[137.71693858911391,35.453333076216666],[137.7169385890821,35.4532914095549],[137.71706358969908,35.453291409432865],[137.7170635897306,35.453333076094452],[137.7173135909639,35.453333075850026],[137.71731359099491,35.453374742511343],[137.71756359222769,35.453374742266561],[137.71756359225807,35.453416408927623],[137.71781359349032,35.453416408682656],[137.71781359352016,35.453458075343448],[137.71787609382812,35.453458075282072],[137.71787609379837,35.453416408621379],[137.71793859410639,35.45341640856018],[137.71793859416556,35.453499741881402],[137.71800109447332,35.453499741820025],[137.71800109450282,35.453541408480547],[137.71806359481042,35.453541408419085],[137.71806359483972,35.453583075079607],[137.71812609514723,35.453583075018059],[137.71812609523471,35.45370807499927],[137.71806359492766,35.453708075061087],[137.71806359495696,35.453749741721523],[137.71793859434308,35.453749741845158],[137.71793859437267,35.453791408505765],[137.71787609406587,35.453791408567668]]]},"properties":{"FID":447,"A31_201":"8505050237","A31_202":"阿智川","A31_203":20,"A31_204":"長野県","A31_205":3,"A31_206":" ","A31_207":" ","A31_208":" "}},{"type":"Feature","id":448,"geometry":{"type":"Polygon","coordinates":[[[137.71612608544172,35.453749743637502],[137.71612608547531,35.453791410300155],[137.71606358516851,35.453791410362058],[137.71606358523601,35.45387474368745],[137.71600108492947,35.453874743749452],[137.71600108496332,35.453916410412191],[137.71593858465695,35.453916410474278],[137.71593858458886,35.453833077148616],[137.71600108489554,35.453833077086706],[137.71600108482778,35.453749743761136],[137.71612608544172,35.453749743637502]]]},"properties":{"FID":448,"A31_201":"8505050237","A31_202":"阿智川","A31_203":20,"A31_204":"長野県","A31_205":3,"A31_206":" ","A31_207":" ","A31_208":" "}},{"type":"Feature","id":449,"geometry":{"type":"Polygon","coordinates":[[[137.71593858465695,35.453916410474278],[137.71593858469097,35.453958077137194],[137.71587608438472,35.453958077199275],[137.7158760844531,35.454041410525122],[137.7158135841471,35.454041410587465],[137.71581358404416,35.453916410598438],[137.71593858465695,35.453916410474278]]]},"properties":{"FID":449,"A31_201":"8505050237","A31_202":"阿智川","A31_203":20,"A31_204":"長野県","A31_205":3,"A31_206":" ","A31_207":" ","A31_208":" "}},{"type":"Feature","id":450,"geometry":{"type":"Polygon","coordinates":[[[137.71581358431862,35.454249743902338],[137.71575108401333,35.454249743965036],[137.71575108408226,35.454333077291146],[137.71568858377722,35.454333077353851],[137.71568858367348,35.45420807736447],[137.71575108397894,35.454208077301942],[137.71575108387557,35.454083077312738],[137.7158135841814,35.454083077250388],[137.71581358431862,35.454249743902338]]]},"properties":{"FID":450,"A31_201":"8505050237","A31_202":"阿智川","A31_203":20,"A31_204":"長野県","A31_205":3,"A31_206":" ","A31_207":" ","A31_208":" "}},{"type":"Feature","id":451,"geometry":{"type":"Polygon","coordinates":[[[137.71537608235809,35.454458077658181],[137.71531358205351,35.454458077721156],[137.71531358201807,35.454416411057608],[137.71525108171332,35.454416411120583],[137.71525108167779,35.454374744456956],[137.71518858137296,35.454374744519839],[137.71518858133726,35.45433307785612],[137.71512608103222,35.454333077918911],[137.71512608099644,35.454291411255099],[137.71506358069124,35.454291411317811],[137.71506358065525,35.454249744654],[137.71500108034996,35.454249744716705],[137.71500108027777,35.454166411388911],[137.71506358058332,35.454166411326383],[137.71506358054734,35.454124744662579],[137.71512608085308,35.454124744600136],[137.71512608081719,35.454083077936417],[137.7151885811231,35.454083077874067],[137.7151885810874,35.454041411210348],[137.71537608200532,35.454041411023475],[137.71537608204056,35.454083077686931],[137.71543858234639,35.454083077624574],[137.71543858238155,35.454124744287938],[137.71550108268721,35.454124744225595],[137.7155010827222,35.454166410888867],[137.71556358302783,35.454166410826431],[137.71556358313237,35.454291410816168],[137.71562608343748,35.454291410753456],[137.71562608350695,35.454374744079828],[137.71556358320208,35.454374744142712],[137.71556358323693,35.45441641080599],[137.71550108293224,35.454416410868873],[137.71550108289725,35.454374744205595],[137.71537608228749,35.454374744331275],[137.71537608235809,35.454458077658181]]]},"properties":{"FID":451,"A31_201":"8505050237","A31_202":"阿智川","A31_203":20,"A31_204":"長野県","A31_205":3,"A31_206":" ","A31_207":" ","A31_208":" "}},{"type":"Feature","id":452,"geometry":{"type":"Polygon","coordinates":[[[137.71568858391561,35.454499744006419],[137.71568858388096,35.454458077343233],[137.71575108418554,35.454458077280265],[137.71575108422002,35.454499743943359],[137.71568858391561,35.454499744006419]]]},"properties":{"FID":452,"A31_201":"8505050237","A31_202":"阿智川","A31_203":20,"A31_204":"長野県","A31_205":3,"A31_206":" ","A31_207":" ","A31_208":" "}},{"type":"Feature","id":453,"geometry":{"type":"Polygon","coordinates":[[[137.71450107820559,35.454583078533346],[137.71443857790143,35.454583078596492],[137.71443857786406,35.454541411932063],[137.71450107816835,35.454541411868917],[137.71450107820559,35.454583078533346]]]},"properties":{"FID":453,"A31_201":"8505050237","A31_202":"阿智川","A31_203":20,"A31_204":"長野県","A31_205":3,"A31_206":" ","A31_207":" ","A31_208":" "}},{"type":"Feature","id":454,"geometry":{"type":"Polygon","coordinates":[[[137.71568858391561,35.454499744006419],[137.71568858426139,35.454916410637665],[137.71562608395831,35.454916410701429],[137.71562608361111,35.45449974406948],[137.71568858391561,35.454499744006419]]]},"properties":{"FID":454,"A31_201":"8505050237","A31_202":"阿智川","A31_203":20,"A31_204":"長野県","A31_205":3,"A31_206":" ","A31_207":" ","A31_208":" "}},{"type":"Feature","id":455,"geometry":{"type":"Polygon","coordinates":[[[137.71556358369014,35.454958077428387],[137.71550108338718,35.45495807749225],[137.71550108335219,35.454916410828886],[137.71543858304921,35.454916410892658],[137.71543858297895,35.454833077565837],[137.71537608267553,35.454833077629431],[137.71537608264026,35.454791410965981],[137.71543858294376,35.454791410902473],[137.7154385829086,35.454749744239024],[137.71550108321219,35.454749744175516],[137.7155010831772,35.454708077512244],[137.71556358348099,35.454708077448828],[137.71556358369014,35.454958077428387]]]},"properties":{"FID":455,"A31_201":"8505050237","A31_202":"阿智川","A31_203":20,"A31_204":"長野県","A31_205":3,"A31_206":" ","A31_207":" ","A31_208":" "}},{"type":"Feature","id":456,"geometry":{"type":"Polygon","coordinates":[[[137.7156885844343,35.455124743953235],[137.71562608413194,35.455124744017368],[137.71562608399304,35.454958077364623],[137.715688584296,35.454958077300759],[137.7156885844343,35.455124743953235]]]},"properties":{"FID":456,"A31_201":"8505050237","A31_202":"阿智川","A31_203":20,"A31_204":"長野県","A31_205":3,"A31_206":" ","A31_207":" ","A31_208":" "}},{"type":"Feature","id":457,"geometry":{"type":"Polygon","coordinates":[[[137.7156885844343,35.455124743953235],[137.71575108473667,35.455124743889201],[137.71575108477111,35.455166410552209],[137.71568858446886,35.455166410616428],[137.7156885844343,35.455124743953235]]]},"properties":{"FID":457,"A31_201":"8505050237","A31_202":"阿智川","A31_203":20,"A31_204":"長野県","A31_205":3,"A31_206":" ","A31_207":" ","A31_208":" "}},{"type":"Feature","id":458,"geometry":{"type":"Polygon","coordinates":[[[137.71581358517625,35.455291410477017],[137.71575108487443,35.455291410541413],[137.71575108480559,35.455208077215303],[137.71581358510767,35.455208077151092],[137.71581358517625,35.455291410477017]]]},"properties":{"FID":458,"A31_201":"8505050237","A31_202":"阿智川","A31_203":20,"A31_204":"長野県","A31_205":3,"A31_206":" ","A31_207":" ","A31_208":" "}},{"type":"Feature","id":459,"geometry":{"type":"Polygon","coordinates":[[[137.71431357815879,35.455541412009921],[137.71425107785777,35.455541412074751],[137.71425107782002,35.455499745409966],[137.71418857751891,35.455499745474718],[137.714188577481,35.455458078809933],[137.71412607717971,35.455458078874592],[137.71412607714169,35.455416412209715],[137.71400107653892,35.455416412338863],[137.71400107650055,35.455374745673893],[137.71375107529443,35.455374745931913],[137.7137510752556,35.45533307926668],[137.71381357555725,35.455333079202205],[137.71381357551843,35.455291412536972],[137.71375107521672,35.455291412601369],[137.71375107517781,35.455249745936136],[137.71381357547972,35.455249745871832],[137.71381357544101,35.455208079206599],[137.71387607574309,35.455208079142388],[137.71387607566581,35.455124745812107],[137.71406357657298,35.455124745619813],[137.71406357661115,35.45516641228469],[137.71412607691335,35.455166412220564],[137.71412607695143,35.455208078885434],[137.71418857725345,35.455208078821222],[137.71418857729137,35.455249745486007],[137.71425107759336,35.455249745421703],[137.7142510776311,35.455291412086396],[137.71431357793293,35.455291412022007],[137.71431357815879,35.455541412009921]]]},"properties":{"FID":459,"A31_201":"8505050237","A31_202":"阿智川","A31_203":20,"A31_204":"長野県","A31_205":3,"A31_206":" ","A31_207":" ","A31_208":" "}},{"type":"Feature","id":460,"geometry":{"type":"Polygon","coordinates":[[[137.71481358074917,35.455749744812124],[137.71468858014862,35.455749744942338],[137.71468858011184,35.455708078278079],[137.71462607981144,35.455708078343186],[137.71462607973754,35.455624745014589],[137.71475108033889,35.455624744884744],[137.71475108037558,35.455666411548904],[137.71481358067615,35.45566641148389],[137.71481358074917,35.455749744812124]]]},"properties":{"FID":460,"A31_201":"8505050237","A31_202":"阿智川","A31_203":20,"A31_204":"長野県","A31_205":3,"A31_206":" ","A31_207":" ","A31_208":" "}},{"type":"Feature","id":461,"geometry":{"type":"Polygon","coordinates":[[[137.71268857062219,35.455833080359746],[137.71268857058098,35.455791413693277],[137.71262607028083,35.455791413758462],[137.71262607023945,35.4557497470919],[137.71256356993914,35.4557497471571],[137.71256356985609,35.455666413823884],[137.71262607015666,35.45566641375887],[137.7126260700739,35.455583080425839],[137.71268857037472,35.455583080360995],[137.71268857033351,35.455541413694526],[137.71275107063445,35.455541413629689],[137.7127510705522,35.455458080296921],[137.71281357085351,35.455458080232262],[137.71281357077152,35.455374746899672],[137.71287607107308,35.455374746835105],[137.71287607103221,35.455333080168899],[137.71293857133395,35.455333080104502],[137.71293857129319,35.455291413438296],[137.71306357189684,35.45529141330951],[137.71306357197767,35.455374746641567],[137.7130010716761,35.455374746706141],[137.71300107175719,35.455458080038369],[137.71293857145599,35.455458080102943],[137.71293857153734,35.455541413435355],[137.71287607123642,35.4555414135001],[137.71287607135889,35.455666413498903],[137.71281357105832,35.455666413563918],[137.71281357114029,35.455749746896501],[137.71275107084006,35.4557497469617],[137.71275107092222,35.455833080294468],[137.71268857062219,35.455833080359746]]]},"properties":{"FID":461,"A31_201":"8505050237","A31_202":"阿智川","A31_203":20,"A31_204":"長野県","A31_205":3,"A31_206":" ","A31_207":" ","A31_208":" "}},{"type":"Feature","id":462,"geometry":{"type":"Polygon","coordinates":[[[137.71268857062219,35.455833080359746],[137.7126885707047,35.455916413692606],[137.71262607040501,35.455916413758061],[137.71262607032222,35.455833080425023],[137.71268857062219,35.455833080359746]]]},"properties":{"FID":462,"A31_201":"8505050237","A31_202":"阿智川","A31_203":20,"A31_204":"長野県","A31_205":3,"A31_206":" ","A31_207":" ","A31_208":" "}},{"type":"Feature","id":463,"geometry":{"type":"Polygon","coordinates":[[[137.71187606804656,35.456958081134061],[137.71187606791946,35.456833081136153],[137.71193856819971,35.456833081078067],[137.7119385680306,35.45666641441386],[137.71200106831111,35.456666414355595],[137.7120010682689,35.456624747689482],[137.7120635685495,35.456624747631039],[137.7120635685074,35.456583080964833],[137.71212606878808,35.456583080906391],[137.71212606874599,35.456541414240185],[137.71218856902675,35.456541414181565],[137.71218856894274,35.456458080848975],[137.71231356950454,35.456458080731558],[137.71231356954638,35.456499747398027],[137.71225106926562,35.456499747456647],[137.71225106934946,35.456583080789414],[137.71218856906879,35.456583080847949],[137.71218856911079,35.45662474751424],[137.71212606883012,35.456624747572597],[137.7121260689143,35.456708080905187],[137.71206356863379,35.456708080963452],[137.71206356871818,35.456791414295779],[137.71200106843776,35.456791414353859],[137.71200106852223,35.456874747686101],[137.71193856824206,35.456874747744095],[137.71193856832662,35.456958081076152],[137.71187606804656,35.456958081134061]]]},"properties":{"FID":463,"A31_201":"8505050237","A31_202":"阿智川","A31_203":20,"A31_204":"長野県","A31_205":3,"A31_206":" ","A31_207":" ","A31_208":" "}},{"type":"Feature","id":464,"geometry":{"type":"Polygon","coordinates":[[[137.71187606804656,35.456958081134061],[137.71187606813129,35.457041414465941],[137.71181356785132,35.457041414523673],[137.71181356793622,35.45712474785546],[137.71175106765642,35.457124747913014],[137.71175106752889,35.456999747915553],[137.71181356780895,35.456999747857822],[137.71181356776651,35.456958081191885],[137.71187606804656,35.456958081134061]]]},"properties":{"FID":464,"A31_201":"8505050237","A31_202":"阿智川","A31_203":20,"A31_204":"長野県","A31_205":3,"A31_206":" ","A31_207":" ","A31_208":" "}},{"type":"Feature","id":465,"geometry":{"type":"Polygon","coordinates":[[[137.71137606653554,35.4576664149089],[137.71137606636393,35.45749974824718],[137.7114385666431,35.457499748190244],[137.71143856660021,35.457458081524841],[137.71156356715872,35.457458081410799],[137.71156356720144,35.457499748076387],[137.71150106692227,35.457499748133316],[137.71150106700782,35.457583081464485],[137.71143856672873,35.457583081521236],[137.71143856681442,35.457666414852227],[137.71137606653554,35.4576664149089]]]},"properties":{"FID":465,"A31_201":"8505050237","A31_202":"阿智川","A31_203":20,"A31_204":"長野県","A31_205":3,"A31_206":" ","A31_207":" ","A31_208":" "}},{"type":"Feature","id":466,"geometry":{"type":"Polygon","coordinates":[[[137.71137606653554,35.4576664149089],[137.7113760666214,35.457749748239706],[137.71131356634268,35.457749748296287],[137.71131356625671,35.457666414965558],[137.71137606653554,35.4576664149089]]]},"properties":{"FID":466,"A31_201":"8505050237","A31_202":"阿智川","A31_203":20,"A31_204":"長野県","A31_205":3,"A31_206":" ","A31_207":" ","A31_208":" "}},{"type":"Feature","id":467,"geometry":{"type":"Polygon","coordinates":[[[137.7123760712486,35.457916414001346],[137.71231357097014,35.457916414057657],[137.71231357101206,35.457958080724126],[137.7122510707336,35.457958080780259],[137.71225107077561,35.45799974744665],[137.71206356994057,35.457999747615048],[137.71206356981409,35.45787474761643],[137.71200106953555,35.457874747672733],[137.71200106945108,35.457791414340591],[137.71206356972982,35.457791414284102],[137.71206356968761,35.457749747617896],[137.7120010694089,35.45774974767447],[137.71200106924005,35.45758308101],[137.71206356951905,35.457583080953157],[137.71206356943475,35.457499747620837],[137.71212606971392,35.457499747563901],[137.71212606962973,35.457416414231403],[137.71218856990907,35.45741641417429],[137.71218856982497,35.457333080841707],[137.71225107010451,35.457333080784416],[137.71225107002056,35.457249747451648],[137.71231357030018,35.457249747394272],[137.71231357021642,35.457166414061419],[137.71237607049613,35.457166414003865],[137.71237607041257,35.457083080670827],[137.71243857069237,35.457083080613188],[137.7124385705672,35.456958080613411],[137.71250107084728,35.456958080555594],[137.71250107076395,35.456874747222201],[137.71256357106046,35.456874747155233],[137.71256357097741,35.456791413822017],[137.71262607127417,35.456791413755141],[137.71262607119138,35.456708080422104],[137.71268857148851,35.456708080355313],[137.71268857136471,35.456583080355983],[137.71275107166227,35.456583080289462],[137.71275107158002,35.456499746956695],[137.71281357187783,35.456499746890259],[137.71281357175491,35.456374746891285],[137.71287607205309,35.456374746825119],[137.71287607197138,35.456291413492615],[137.71293857226993,35.456291413426626],[137.71293857218848,35.456208080094214],[137.7130010724872,35.456208080028304],[137.71300107244667,35.45616641336219],[137.71306357274557,35.456166413296373],[137.71306357266477,35.456083079964316],[137.71312607296392,35.45608307989859],[137.71312607292359,35.456041413232654],[137.71318857322294,35.456041413167014],[137.71318857318278,35.455999746501078],[137.71325107348221,35.455999746435531],[137.71325107340226,35.455916413103921],[137.71331357370195,35.455916413038459],[137.7133135736222,35.455833079706935],[137.71337607392223,35.45583307964165],[137.71337607384277,35.455749746310303],[137.71343857414308,35.455749746245118],[137.71343857406393,35.455666412913857],[137.7135010743645,35.455666412848927],[137.71350107432499,35.455624746183346],[137.71356357462574,35.455624746118417],[137.7135635745864,35.455583079452921],[137.71368857518809,35.455583079323162],[137.71368857522708,35.455624745988572],[137.71375107552785,35.455624745923643],[137.71375107556665,35.455666412588869],[137.71381357586722,35.455666412523854],[137.71381357606094,35.455874745849911],[137.71368857546122,35.455874745980651],[137.71368857550027,35.455916412645976],[137.71362607520058,35.455916412711431],[137.71362607516141,35.455874746046021],[137.71356357486155,35.455874746111306],[137.71356357482222,35.45583307944581],[137.71343857422221,35.455833079576372],[137.71343857430142,35.455916412907627],[137.71350107460111,35.455916412842257],[137.71350107464056,35.455958079507752],[137.71356357494017,35.455958079442297],[137.71356357501875,35.456041412773288],[137.71350107471943,35.456041412838928],[137.71350107491668,35.456249746166669],[137.71337607431946,35.456249746298653],[137.71337607427975,35.456208079632887],[137.71331357398103,35.456208079698797],[137.71331357394115,35.456166413033031],[137.71318857334336,35.456166413164752],[137.71318857338352,35.456208079830603],[137.71312607308471,35.456208079896498],[137.71312607316526,35.45629141322847],[137.7131885734637,35.45629141316239],[137.71318857350394,35.456333079828326],[137.71325107380221,35.456333079762246],[137.71325107384229,35.456374746428011],[137.71331357414044,35.456374746361845],[137.71331357418035,35.456416413027604],[137.71337607447833,35.456416412961346],[137.71337607451812,35.456458079627112],[137.71343857481594,35.456458079560761],[137.71343857485556,35.456499746226434],[137.71350107515332,35.456499746159999],[137.71350107519282,35.456541412825587],[137.71356357549038,35.456541412759059],[137.71356357552975,35.456583079424554],[137.71362607582728,35.456583079358026],[137.71362607590555,35.456666412688932],[137.71356357560833,35.456666412755546],[137.7135635756477,35.456708079421041],[137.71350107535056,35.45670807948774],[137.71350107539001,35.456749746153328],[137.71343857509305,35.456749746220119],[137.71343857513267,35.456791412885792],[137.71337607483582,35.456791412952668],[137.71337607487561,35.456833079618349],[137.71331357457893,35.45683307968531],[137.71331357473838,35.456999746348359],[137.71325107444224,35.456999746415597],[137.71325107452225,35.457083079747207],[137.71318857422639,35.457083079814623],[137.71318857430668,35.45716641314641],[137.71312607401109,35.457166413213912],[137.71312607409163,35.457249746545799],[137.71306357379638,35.457249746613471],[137.71306357383679,35.457291413279506],[137.71300107354165,35.457291413347271],[137.71300107358223,35.457333080013299],[137.71293857328723,35.457333080081156],[137.71293857340936,35.457458080079689],[137.71287607311473,35.457458080147632],[137.71287607327807,35.457624746812634],[137.71281357298406,35.457624746880938],[137.71281357302502,35.45766641354723],[137.71275107273109,35.457666413615527],[137.71275107277222,35.457708080281918],[137.71268857247847,35.457708080350393],[137.71268857251968,35.457749747016777],[137.71262607222613,35.457749747085259],[137.71262607230889,35.45783308041829],[137.71250107172222,35.457833080555517],[137.71250107176388,35.457874747222249],[137.71237607120685,35.45787474733487],[137.7123760712486,35.457916414001346]]]},"properties":{"FID":467,"A31_201":"8505050237","A31_202":"阿智川","A31_203":20,"A31_204":"長野県","A31_205":3,"A31_206":" ","A31_207":" ","A31_208":" "}},{"type":"Feature","id":468,"geometry":{"type":"Polygon","coordinates":[[[137.71131356634268,35.457749748296287],[137.71131356642857,35.457833081626923],[137.71125106615,35.457833081683319],[137.71125106619309,35.457874748348644],[137.71118856591454,35.457874748404947],[137.71118856595763,35.45791641507018],[137.71112606567925,35.457916415126405],[137.71112606576557,35.457999748456686],[137.71106356548719,35.457999748512819],[137.71106356553054,35.458041415177867],[137.71100106525225,35.458041415233907],[137.71100106533893,35.458124748563925],[137.71093856506081,35.458124748619795],[137.71093856510419,35.458166415284751],[137.71087606482607,35.458166415340528],[137.71087606486958,35.458208082005406],[137.71081356459158,35.458208082061184],[137.71081356467869,35.458291415390754],[137.71075106440085,35.458291415446354],[137.71075106444445,35.458333082111139],[137.7106885641667,35.458333082166739],[137.7106885642263,35.458416415500039],[137.71062606394864,35.458416415555547],[137.71062606397848,35.458458082222201],[137.7105635637009,35.458458082277801],[137.71056356376079,35.458541415611101],[137.71050106348338,35.458541415666701],[137.71050106351331,35.458583082333348],[137.71043856323598,35.458583082388863],[137.71043856329612,35.458666415722249],[137.71037606301891,35.458666415777763],[137.71037606304901,35.458708082444417],[137.71031356277189,35.45870808250001],[137.71031356283228,35.458791415833318],[137.71025106255533,35.458791415888911],[137.7102510625856,35.458833082555564],[137.71006356175474,35.458833082722187],[137.7100635617852,35.458874749388926],[137.71000106150836,35.458874749444433],[137.71000106153889,35.458916416111087],[137.70993856126205,35.458916416166687],[137.70993856129269,35.458958082833334],[137.71000106156947,35.458958082777826],[137.7100010616,35.458999749444473],[137.70981356077004,35.458999749611095],[137.70981356073921,35.458958082944449],[137.70968856018575,35.458958083055563],[137.70968856015486,35.458916416388909],[137.7097510604317,35.458916416333309],[137.70975106040089,35.458874749666663],[137.70981356067767,35.458874749611148],[137.70981356064692,35.458833082944409],[137.71000106147778,35.458833082777787],[137.71000106144726,35.45879141611114],[137.71006356172421,35.458791416055533],[137.71006356163281,35.458666416055586],[137.71000106135557,35.4586664161111],[137.71000106132504,35.458624749444446],[137.71006356160225,35.458624749388846],[137.71006356157179,35.4585830827222],[137.71018856212649,35.458583082611085],[137.71018856206584,35.458499749277784],[137.7103135626208,35.458499749166677],[137.71031356259061,35.458458082500023],[137.71043856314577,35.458458082388915],[137.71043856308563,35.458374749055523],[137.71050106336338,35.458374749000015],[137.71050106333337,35.458333082333361],[137.71050106320163,35.458208082339979],[137.71056356347967,35.458208082284202],[137.71056356343587,35.458166415619687],[137.7106260637139,35.458166415563909],[137.71062606367011,35.458124748899301],[137.71075106422643,35.458124748787483],[137.7107510641392,35.458041415458084],[137.71081356441738,35.458041415402043],[137.71081356437386,35.457999748737258],[137.71093856493053,35.457999748624992],[137.71093856488719,35.45795808196003],[137.71100106516556,35.457958081903897],[137.71100106512222,35.457916415238934],[137.71106356540068,35.457916415182623],[137.71106356531419,35.45783308185252],[137.71118856587137,35.457833081739722],[137.71118856582831,35.457791415074496],[137.71125106610694,35.457791415018093],[137.71125106606394,35.457749748352775],[137.71131356634268,35.457749748296287]]]},"properties":{"FID":468,"A31_201":"8505050237","A31_202":"阿智川","A31_203":20,"A31_204":"長野県","A31_205":3,"A31_206":" ","A31_207":" ","A31_208":" "}},{"type":"Feature","id":469,"geometry":{"type":"Polygon","coordinates":[[[137.70968856018575,35.458958083055563],[137.70968856021665,35.45899974972221],[137.70962605993998,35.45899974977781],[137.70962605990906,35.458958083111156],[137.70968856018575,35.458958083055563]]]},"properties":{"FID":469,"A31_201":"8505050237","A31_202":"阿智川","A31_203":20,"A31_204":"長野県","A31_205":3,"A31_206":" ","A31_207":" ","A31_208":" "}},{"type":"Feature","id":470,"geometry":{"type":"Polygon","coordinates":[[[137.70925105856247,35.459374750111081],[137.70918855828648,35.459374750166688],[137.70918855825505,35.459333083500034],[137.70925105853112,35.459333083444434],[137.70925105856247,35.459374750111081]]]},"properties":{"FID":470,"A31_201":"8505050237","A31_202":"阿智川","A31_203":20,"A31_204":"長野県","A31_205":3,"A31_206":" ","A31_207":" ","A31_208":" "}},{"type":"Feature","id":471,"geometry":{"type":"Polygon","coordinates":[[[137.70912605807348,35.459458083555589],[137.70912605804196,35.459416416888935],[137.70918855831792,35.459416416833335],[137.70918855834938,35.459458083499982],[137.70912605807348,35.459458083555589]]]},"properties":{"FID":471,"A31_201":"8505050237","A31_202":"阿智川","A31_203":20,"A31_204":"長野県","A31_205":3,"A31_206":" ","A31_207":" ","A31_208":" "}},{"type":"Feature","id":472,"geometry":{"type":"Polygon","coordinates":[[[137.7090010575217,35.459458083666696],[137.70893855724574,35.459458083722211],[137.70893855721403,35.459416417055557],[137.70900105749001,35.459416416999957],[137.7090010575217,35.459458083666696]]]},"properties":{"FID":472,"A31_201":"8505050237","A31_202":"阿智川","A31_203":20,"A31_204":"長野県","A31_205":3,"A31_206":" ","A31_207":" ","A31_208":" "}},{"type":"Feature","id":473,"geometry":{"type":"Polygon","coordinates":[[[137.70912605807348,35.459458083555589],[137.70912605810503,35.459499750222236],[137.70900105755334,35.45949975033335],[137.7090010575217,35.459458083666696],[137.70912605807348,35.459458083555589]]]},"properties":{"FID":473,"A31_201":"8505050237","A31_202":"阿智川","A31_203":20,"A31_204":"長野県","A31_205":3,"A31_206":" ","A31_207":" ","A31_208":" "}},{"type":"Feature","id":474,"geometry":{"type":"Polygon","coordinates":[[[137.70875105648193,35.459541417222219],[137.70875105645004,35.459499750555565],[137.70881355672583,35.459499750500058],[137.70881355675772,35.459541417166704],[137.70875105648193,35.459541417222219]]]},"properties":{"FID":474,"A31_201":"8505050237","A31_202":"阿智川","A31_203":20,"A31_204":"長野県","A31_205":3,"A31_206":" ","A31_207":" ","A31_208":" "}},{"type":"Feature","id":475,"geometry":{"type":"Polygon","coordinates":[[[137.70875105648193,35.459541417222219],[137.7087510565139,35.459583083888873],[137.7086885562382,35.459583083944466],[137.70868855620614,35.459541417277819],[137.70875105648193,35.459541417222219]]]},"properties":{"FID":475,"A31_201":"8505050237","A31_202":"阿智川","A31_203":20,"A31_204":"長野県","A31_205":3,"A31_206":" ","A31_207":" ","A31_208":" "}},{"type":"Feature","id":476,"geometry":{"type":"Polygon","coordinates":[[[137.70831355481104,35.459874750944444],[137.70831355474621,35.459791417611143],[137.70843855529691,35.459791417500028],[137.70843855526459,35.459749750833296],[137.70856355581546,35.459749750722182],[137.70856355584755,35.459791417388921],[137.70850105557219,35.459791417444436],[137.70850105560442,35.459833084111082],[137.70837605505389,35.459833084222197],[137.70837605508621,35.459874750888844],[137.70831355481104,35.459874750944444]]]},"properties":{"FID":476,"A31_201":"8505050237","A31_202":"阿智川","A31_203":20,"A31_204":"長野県","A31_205":3,"A31_206":" ","A31_207":" ","A31_208":" "}},{"type":"Feature","id":477,"geometry":{"type":"Polygon","coordinates":[[[137.70831355481104,35.459874750944444],[137.7083135549083,35.459999750944483],[137.70825105463331,35.459999750999998],[137.70825105453585,35.459874750999958],[137.70831355481104,35.459874750944444]]]},"properties":{"FID":477,"A31_201":"8505050237","A31_202":"阿智川","A31_203":20,"A31_204":"長野県","A31_205":3,"A31_206":" ","A31_207":" ","A31_208":" "}},{"type":"Feature","id":478,"geometry":{"type":"Polygon","coordinates":[[[137.70825105473082,35.460124751000038],[137.70818855445609,35.460124751055545],[137.70818855439089,35.460041417722245],[137.70825105466579,35.460041417666645],[137.70825105473082,35.460124751000038]]]},"properties":{"FID":478,"A31_201":"8505050237","A31_202":"阿智川","A31_203":20,"A31_204":"長野県","A31_205":3,"A31_206":" ","A31_207":" ","A31_208":" "}},{"type":"Feature","id":479,"geometry":{"type":"Polygon","coordinates":[[[137.70950106131554,35.461583083222216],[137.70943856104321,35.461583083277816],[137.70943856098086,35.461499749944423],[137.70950106125329,35.461499749888915],[137.70950106131554,35.461583083222216]]]},"properties":{"FID":479,"A31_201":"8505050237","A31_202":"阿智川","A31_203":20,"A31_204":"長野県","A31_205":3,"A31_206":" ","A31_207":" ","A31_208":" "}},{"type":"Feature","id":480,"geometry":{"type":"Polygon","coordinates":[[[137.70881355838335,35.461666417166668],[137.70856355729447,35.461666417388898],[137.70856355726232,35.461624750722244],[137.70850105698997,35.461624750777759],[137.70850105695774,35.461583084111105],[137.70856355723015,35.46158308405559],[137.708563557198,35.461541417388858],[137.70881355828772,35.461541417166629],[137.70881355838335,35.461666417166668]]]},"properties":{"FID":480,"A31_201":"8505050237","A31_202":"阿智川","A31_203":20,"A31_204":"長野県","A31_205":3,"A31_206":" ","A31_207":" ","A31_208":" "}},{"type":"Feature","id":481,"geometry":{"type":"Polygon","coordinates":[[[137.75381377022865,35.439291368963637],[137.75362626923445,35.439291369201754],[137.75362626912113,35.439249702566897],[137.75381377011442,35.43924970232905],[137.75381377022865,35.439291368963637]]]},"properties":{"FID":481,"A31_201":"8505050237","A31_202":"阿智川","A31_203":20,"A31_204":"長野県","A31_205":4,"A31_206":" ","A31_207":" ","A31_208":" "}},{"type":"Feature","id":482,"geometry":{"type":"Polygon","coordinates":[[[137.75350126857165,35.439291369360561],[137.75350126845885,35.439249702725533],[137.75356376878997,35.439249702646215],[137.75356376890304,35.439291369281158],[137.75350126857165,35.439291369360561]]]},"properties":{"FID":482,"A31_201":"8505050237","A31_202":"阿智川","A31_203":20,"A31_204":"長野県","A31_205":4,"A31_206":" ","A31_207":" ","A31_208":" "}},{"type":"Feature","id":483,"geometry":{"type":"Polygon","coordinates":[[[137.75350126857165,35.439291369360561],[137.75350126868443,35.439333035995588],[137.75343876835279,35.439333036074999],[137.75343876824024,35.439291369439964],[137.75350126857165,35.439291369360561]]]},"properties":{"FID":483,"A31_201":"8505050237","A31_202":"阿智川","A31_203":20,"A31_204":"長野県","A31_205":4,"A31_206":" ","A31_207":" ","A31_208":" "}},{"type":"Feature","id":484,"geometry":{"type":"Polygon","coordinates":[[[137.74975125319725,35.441249706166616],[137.74962625250416,35.441249706333323],[137.74962625240735,35.441208039694473],[137.74956375206085,35.441208039777784],[137.74956375196413,35.441166373138842],[137.7495012516178,35.441166373222245],[137.74950125152108,35.441124706583309],[137.74943875117475,35.441124706666706],[137.74943875107823,35.441083040027763],[137.7493762507319,35.441083040111081],[137.74937625063535,35.441041373472231],[137.74931375028922,35.441041373555535],[137.74931375019275,35.440999706916685],[137.7495012512311,35.440999706666666],[137.74950125142445,35.441083039944459],[137.74962625211691,35.441083039777745],[137.74962625202011,35.441041373138894],[137.74968875236632,35.441041373055583],[137.74968875226944,35.440999706416648],[137.74975125261557,35.440999706333329],[137.74975125280946,35.441083039611122],[137.74981375315571,35.441083039527811],[137.74981375334968,35.441166372805512],[137.74975125300335,35.441166372888915],[137.74975125319725,35.441249706166616]]]},"properties":{"FID":484,"A31_201":"8505050237","A31_202":"阿智川","A31_203":20,"A31_204":"長野県","A31_205":4,"A31_206":" ","A31_207":" ","A31_208":" "}},{"type":"Feature","id":485,"geometry":{"type":"Polygon","coordinates":[[[137.74631373479008,35.441541377222187],[137.74625123444304,35.441541377305583],[137.74625123434996,35.441499710666648],[137.74631373469691,35.441499710583336],[137.74631373479008,35.441541377222187]]]},"properties":{"FID":485,"A31_201":"8505050237","A31_202":"阿智川","A31_203":20,"A31_204":"長野県","A31_205":4,"A31_206":" ","A31_207":" ","A31_208":" "}},{"type":"Feature","id":486,"geometry":{"type":"Polygon","coordinates":[[[137.75143876362819,35.441749703611123],[137.7513762632808,35.441749703694441],[137.75137626323763,35.441708037041643],[137.75143876358493,35.441708036958332],[137.75143876362819,35.441749703611123]]]},"properties":{"FID":486,"A31_201":"8505050237","A31_202":"阿智川","A31_203":20,"A31_204":"長野県","A31_205":4,"A31_206":" ","A31_207":" ","A31_208":" "}},{"type":"Feature","id":487,"geometry":{"type":"Polygon","coordinates":[[[137.75143876362819,35.441749703611123],[137.75150126397557,35.441749703527819],[137.75150126401891,35.441791370180525],[137.75143876367144,35.441791370263921],[137.75143876362819,35.441749703611123]]]},"properties":{"FID":487,"A31_201":"8505050237","A31_202":"阿智川","A31_203":20,"A31_204":"長野県","A31_205":4,"A31_206":" ","A31_207":" ","A31_208":" "}},{"type":"Feature","id":488,"geometry":{"type":"Polygon","coordinates":[[[137.74981375463886,35.441791372430544],[137.74975125429165,35.441791372513855],[137.74975125424999,35.441749705861149],[137.7498137545972,35.441749705777752],[137.74981375463886,35.441791372430544]]]},"properties":{"FID":488,"A31_201":"8505050237","A31_202":"阿智川","A31_203":20,"A31_204":"長野県","A31_205":4,"A31_206":" ","A31_207":" ","A31_208":" "}},{"type":"Feature","id":489,"geometry":{"type":"Polygon","coordinates":[[[137.74612623419441,35.441833044000028],[137.74606373384719,35.441833044083339],[137.74606373380553,35.441791377430548],[137.74612623415274,35.441791377347229],[137.74612623419441,35.441833044000028]]]},"properties":{"FID":489,"A31_201":"8505050237","A31_202":"阿智川","A31_203":20,"A31_204":"長野県","A31_205":4,"A31_206":" ","A31_207":" ","A31_208":" "}},{"type":"Feature","id":490,"geometry":{"type":"Polygon","coordinates":[[[137.74587623280556,35.441833044333364],[137.74587623268059,35.441708044374977],[137.74581373233332,35.441708044458288],[137.74581373229165,35.441666377805582],[137.74600123333329,35.441666377555563],[137.74600123345834,35.441791377513852],[137.74593873311113,35.441791377597255],[137.74593873315277,35.441833044249961],[137.74587623280556,35.441833044333364]]]},"properties":{"FID":490,"A31_201":"8505050237","A31_202":"阿智川","A31_203":20,"A31_204":"長野県","A31_205":4,"A31_206":" ","A31_207":" ","A31_208":" "}},{"type":"Feature","id":491,"geometry":{"type":"Polygon","coordinates":[[[137.74612623419441,35.441833044000028],[137.74618873454162,35.441833043916631],[137.74618873458337,35.441874710569422],[137.74612623423604,35.441874710652733],[137.74612623419441,35.441833044000028]]]},"properties":{"FID":491,"A31_201":"8505050237","A31_202":"阿智川","A31_203":20,"A31_204":"長野県","A31_205":4,"A31_206":" ","A31_207":" ","A31_208":" "}},{"type":"Feature","id":492,"geometry":{"type":"Polygon","coordinates":[[[137.75343876835279,35.439333036074999],[137.75343876846523,35.439374702710111],[137.75337626813337,35.439374702789607],[137.75337626824555,35.439416369424727],[137.75331376791326,35.439416369504308],[137.75331376802527,35.439458036139513],[137.7532512676928,35.439458036219186],[137.75325126780444,35.439499702854484],[137.75318876747161,35.439499702934157],[137.75318876780585,35.43962470284022],[137.753001266805,35.439624703080028],[137.75300126691556,35.439666369715511],[137.75293876658168,35.439666369795532],[137.75293876779475,35.440124702787443],[137.75300126813167,35.440124702706626],[137.7530012696794,35.44070803560443],[137.7530637700203,35.440708035522718],[137.75306377079613,35.440999701971137],[137.75300127045327,35.44099970205329],[137.75300127078501,35.441124701959978],[137.75293877044135,35.441124702042401],[137.7529387707722,35.441249701949275],[137.75287627042775,35.441249702031968],[137.75287627064773,35.441333035303359],[137.75281377030277,35.441333035386137],[137.75281377052221,35.44141636865762],[137.75275127017662,35.441416368740576],[137.75275127028613,35.441458035376407],[137.75268876994025,35.441458035459362],[137.75268877015864,35.441541368731201],[137.75262626981214,35.441541368814335],[137.75262627003002,35.441624702086258],[137.75256376968309,35.441624702169484],[137.75256376979172,35.441666368805585],[137.75250126944439,35.441666368888889],[137.75250126953333,35.441749702194485],[137.75243876918591,35.441749702277789],[137.75243876923034,35.441791368930588],[137.75237626888287,35.441791369013899],[137.75237626892718,35.44183303566669],[137.75231376857971,35.441833035750008],[137.75231376862394,35.441874702402799],[137.75212626758125,35.441874702652733],[137.7521262676253,35.441916369305531],[137.75181376588705,35.441916369722172],[137.75181376584342,35.441874703069466],[137.75162626480065,35.441874703319399],[137.75162626475722,35.441833036666694],[137.75156376440975,35.441833036750005],[137.7515637643663,35.441791370097206],[137.75168876506117,35.441791369930584],[137.75168876501766,35.441749703277793],[137.75181376571234,35.441749703111086],[137.75181376566863,35.441708036458287],[137.75193876636322,35.441708036291665],[137.75193876631943,35.441666369638867],[137.75225126805557,35.441666369222226],[137.75225126773387,35.441541369313043],[137.75231376808028,35.44154136922991],[137.75231376797274,35.441499702593639],[137.75250126901108,35.441499702344416],[137.75250126857773,35.441333035800028],[137.75256376892281,35.44133303571725],[137.75256376859693,35.44120803580914],[137.75262626894113,35.441208035726532],[137.75262626839665,35.440999702546677],[137.75268876873943,35.440999702464424],[137.75268876841196,35.440874702556755],[137.75275126875385,35.440874702474687],[137.75275126853501,35.440791369203026],[137.75281376887642,35.440791369121143],[137.75281376854718,35.440666369213915],[137.75287626888772,35.440666369132202],[137.75287626833776,35.44045803595376],[137.7529387686769,35.440458035872403],[137.7529387680153,35.440208036058664],[137.75287626767778,35.44020803613958],[137.75287626723775,35.440041369596784],[137.75262626589219,35.440041369919285],[137.75262626578328,35.439999703283277],[137.75268876611941,35.439999703202808],[137.75268876601024,35.439958036566892],[137.75275126634608,35.439958036486416],[137.75275126579888,35.439749703307179],[137.7528137661333,35.439749703227065],[137.75281376580412,35.439624703319751],[137.75293876647137,35.439624703159964],[137.75293876636107,35.439583036524311],[137.75306376702775,35.439583036364624],[137.75306376669533,35.439458036458106],[137.7531262670278,35.43945803637844],[137.75312626691667,35.43941636974305],[137.75325126758108,35.439416369583888],[137.75325126746944,35.439374702948591],[137.75331376780136,35.439374702869102],[137.75331376768946,35.43933303623389],[137.75343876835279,35.439333036074999]]]},"properties":{"FID":492,"A31_201":"8505050237","A31_202":"阿智川","A31_203":20,"A31_204":"長野県","A31_205":4,"A31_206":" ","A31_207":" ","A31_208":" "}},{"type":"Feature","id":493,"geometry":{"type":"Polygon","coordinates":[[[137.74587623280556,35.441833044333364],[137.74587623284722,35.44187471098607],[137.74593873319444,35.441874710902752],[137.74593873323607,35.44191637755555],[137.74587623288889,35.441916377638861],[137.74587623293053,35.441958044291653],[137.74581373258331,35.441958044374971],[137.74581373245837,35.441833044416668],[137.74587623280556,35.441833044333364]]]},"properties":{"FID":493,"A31_201":"8505050237","A31_202":"阿智川","A31_203":20,"A31_204":"長野県","A31_205":4,"A31_206":" ","A31_207":" ","A31_208":" "}},{"type":"Feature","id":494,"geometry":{"type":"Polygon","coordinates":[[[137.75100126145335,35.441999704111069],[137.75081376040995,35.441999704361095],[137.75081376036741,35.441958037708304],[137.75075126001974,35.4419580377917],[137.75075125997719,35.441916371138902],[137.75056375893433,35.441916371388928],[137.75056375889204,35.441874704736136],[137.75037625784927,35.441874704986063],[137.75037625780718,35.441833038333357],[137.75025125711221,35.441833038499979],[137.75025125707032,35.441791371847188],[137.75018875672282,35.441791371930591],[137.75018875668098,35.441749705277793],[137.7501262563336,35.441749705361104],[137.75012625624993,35.441666372055515],[137.75012625615224,35.441624705416842],[137.75006375580529,35.441624705500061],[137.75006375570777,35.441583038861211],[137.7500012553611,35.441583038944437],[137.75000125516669,35.441499705666644],[137.74993875481974,35.441499705749962],[137.74993875462542,35.441416372472169],[137.75000125497226,35.441416372388858],[137.75000125477783,35.441333039111072],[137.74993875443107,35.441333039194468],[137.7499387543339,35.441291372555526],[137.75000125468057,35.441291372472222],[137.75031375640418,35.441291372058686],[137.75031375660137,35.441374705335761],[137.75037625694662,35.441374705252898],[137.75037625714441,35.441458038529888],[137.75043875749029,35.441458038446839],[137.75043875768861,35.441541371723652],[137.75050125803494,35.441541371640518],[137.75050125813442,35.441583038278836],[137.75056375848109,35.441583038195702],[137.75056375868058,35.441666371472159],[137.7506262590278,35.441666371388848],[137.75062625911252,35.441749704694438],[137.75068875945982,35.441749704611127],[137.75068875950228,35.441791371263918],[137.75075125984975,35.441791371180521],[137.75075125993476,35.441874704486111],[137.75081376028231,35.4418747044028],[137.75081376032486,35.441916371055505],[137.7508762606725,35.441916370972194],[137.75087626071513,35.441958037624985],[137.75100126141052,35.441958037458363],[137.75100126145335,35.441999704111069]]]},"properties":{"FID":494,"A31_201":"8505050237","A31_202":"阿智川","A31_203":20,"A31_204":"長野県","A31_205":4,"A31_206":" ","A31_207":" ","A31_208":" "}},{"type":"Feature","id":495,"geometry":{"type":"Polygon","coordinates":[[[137.75100126145335,35.441999704111069],[137.75106376180108,35.441999704027765],[137.75106376184391,35.442041370680556],[137.7511262621918,35.442041370597245],[137.75112626223472,35.442083037250043],[137.75100126153887,35.442083037416666],[137.75100126145335,35.441999704111069]]]},"properties":{"FID":495,"A31_201":"8505050237","A31_202":"阿智川","A31_203":20,"A31_204":"長野県","A31_205":4,"A31_206":" ","A31_207":" ","A31_208":" "}},{"type":"Feature","id":496,"geometry":{"type":"Polygon","coordinates":[[[137.75131376332163,35.442124703652723],[137.75125126297362,35.442124703736127],[137.75125126293057,35.442083037083329],[137.75131376327846,35.442083037000017],[137.75131376332163,35.442124703652723]]]},"properties":{"FID":496,"A31_201":"8505050237","A31_202":"阿智川","A31_203":20,"A31_204":"長野県","A31_205":4,"A31_206":" ","A31_207":" ","A31_208":" "}},{"type":"Feature","id":497,"geometry":{"type":"Polygon","coordinates":[[[137.75131376332163,35.442124703652723],[137.75137626366956,35.442124703569412],[137.75137626371273,35.442166370222211],[137.75131376336472,35.442166370305515],[137.75131376332163,35.442124703652723]]]},"properties":{"FID":497,"A31_201":"8505050237","A31_202":"阿智川","A31_203":20,"A31_204":"長野県","A31_205":4,"A31_206":" ","A31_207":" ","A31_208":" "}},{"type":"Feature","id":498,"geometry":{"type":"Polygon","coordinates":[[[137.74587623305558,35.44208304425004],[137.74581373270829,35.442083044333351],[137.74581373279159,35.442166377638856],[137.74562623174998,35.442166377888874],[137.74562623162501,35.442041377930579],[137.7455012309305,35.442041378097201],[137.7455012308472,35.441958044791704],[137.74562623154162,35.44195804462499],[137.74562623158334,35.441999711277788],[137.74568873193056,35.44199971119447],[137.74568873197222,35.442041377847175],[137.74581373266665,35.442041377680553],[137.74581373262498,35.441999711027762],[137.74593873331941,35.44199971086114],[137.74593873336113,35.442041377513846],[137.74587623301386,35.442041377597249],[137.74587623305558,35.44208304425004]]]},"properties":{"FID":498,"A31_201":"8505050237","A31_202":"阿智川","A31_203":20,"A31_204":"長野県","A31_205":4,"A31_206":" ","A31_207":" ","A31_208":" "}},{"type":"Feature","id":499,"geometry":{"type":"Polygon","coordinates":[[[137.74681373872221,35.442541376180586],[137.746751238375,35.44254137626389],[137.74675123833333,35.442499709611099],[137.74681373868054,35.442499709527787],[137.74681373872221,35.442541376180586]]]},"properties":{"FID":499,"A31_201":"8505050237","A31_202":"阿智川","A31_203":20,"A31_204":"長野県","A31_205":4,"A31_206":" ","A31_207":" ","A31_208":" "}},{"type":"Feature","id":500,"geometry":{"type":"Polygon","coordinates":[[[137.73918869694438,35.443124719486065],[137.7391261965972,35.443124719569468],[137.73912619655553,35.44308305291667],[137.73918869690274,35.443083052833359],[137.73918869694438,35.443124719486065]]]},"properties":{"FID":500,"A31_201":"8505050237","A31_202":"阿智川","A31_203":20,"A31_204":"長野県","A31_205":4,"A31_206":" ","A31_207":" ","A31_208":" "}},{"type":"Feature","id":501,"geometry":{"type":"Polygon","coordinates":[[[137.74525123150002,35.44399971111109],[137.74518873115272,35.443999711194394],[137.74518873111106,35.443958044541688],[137.74512623076393,35.443958044625006],[137.74512623068054,35.44387471131941],[137.74506373033333,35.443874711402813],[137.74506373020836,35.443749711444426],[137.74500122986115,35.443749711527744],[137.74500122977776,35.44366637822224],[137.74493872943054,35.443666378305551],[137.74493872934724,35.443583044999961],[137.74487622900003,35.443583045083358],[137.74487622887497,35.443458045124977],[137.74481372852776,35.443458045208288],[137.74481372844446,35.443374711902791],[137.74475122809724,35.443374711986095],[137.74475122797219,35.443249712027807],[137.7448137283194,35.443249711944404],[137.74481372827773,35.443208045291698],[137.74500122931946,35.443208045041672],[137.74500122927779,35.443166378388881],[137.74493872893061,35.443166378472192],[137.74493872888885,35.443124711819394],[137.74487622854164,35.443124711902797],[137.74487622841667,35.44299971194441],[137.74531373084722,35.442999711361054],[137.74531373088888,35.443041378013852],[137.74537623123609,35.443041377930541],[137.74537623127773,35.443083044583332],[137.74543873162503,35.443083044500028],[137.74543873154164,35.442999711194432],[137.74581373362497,35.442999710694394],[137.74581373358333,35.442958044041688],[137.74600123462506,35.442958043791663],[137.7460012345833,35.442916377138872],[137.74606373493052,35.442916377055553],[137.74606373488885,35.442874710402762],[137.74618873558336,35.44287471023614],[137.74618873554169,35.442833043583349],[137.74631373623612,35.442833043416634],[137.74631373619445,35.442791376763928],[137.74637623654166,35.442791376680532],[137.74637623650003,35.442749710027734],[137.74650123719442,35.442749709861111],[137.74650123715278,35.442708043208313],[137.7465637375,35.442708043125009],[137.74656373745833,35.442666376472211],[137.74662623780554,35.4426663763889],[137.74662623776388,35.442624709736108],[137.74668873811109,35.44262470965279],[137.74668873806945,35.442583042999999],[137.74675123841664,35.442583042916688],[137.7467512384583,35.442624709569486],[137.74681373880551,35.442624709486083],[137.74681373913893,35.442958042708355],[137.74687623948606,35.442958042624952],[137.74687623965275,35.44312470923613],[137.74681373930557,35.443124709319441],[137.74681373938887,35.443208042625031],[137.74675123904166,35.443208042708342],[137.74675123912496,35.443291376013846],[137.74668873877775,35.443291376097243],[137.74668873881942,35.443333042750041],[137.7466262384722,35.443333042833345],[137.74662623851387,35.443374709486143],[137.74656373816666,35.443374709569454],[137.74656373820829,35.443416376222245],[137.74650123786111,35.443416376305564],[137.74650123794441,35.443499709611061],[137.7464387375972,35.443499709694464],[137.74643873768059,35.443583042999961],[137.74637623733329,35.443583043083365],[137.74637623737496,35.443624709736071],[137.74631373702775,35.443624709819467],[137.74631373706941,35.443666376472265],[137.7462512367222,35.443666376555569],[137.74625123676384,35.443708043208368],[137.74618873641666,35.443708043291679],[137.74618873645829,35.44374970994447],[137.74593873506947,35.443749710277807],[137.74593873511111,35.443791376930513],[137.7458762347639,35.443791377013909],[137.74587623480556,35.443833043666707],[137.74581373445835,35.443833043750018],[137.74581373450002,35.44387471040281],[137.74575123415281,35.443874710486128],[137.74575123419447,35.443916377138919],[137.74568873384726,35.44391637722223],[137.7456887338889,35.443958043875028],[137.74525123145835,35.443958044458292],[137.74525123150002,35.44399971111109]]]},"properties":{"FID":501,"A31_201":"8505050237","A31_202":"阿智川","A31_203":20,"A31_204":"長野県","A31_205":4,"A31_206":" ","A31_207":" ","A31_208":" "}},{"type":"Feature","id":502,"geometry":{"type":"Polygon","coordinates":[[[137.73662618640935,35.446708055041633],[137.7365636860705,35.446708055125029],[137.73656368602775,35.446666388472238],[137.73662618636672,35.446666388388927],[137.73662618640935,35.446708055041633]]]},"properties":{"FID":502,"A31_201":"8505050237","A31_202":"阿智川","A31_203":20,"A31_204":"長野県","A31_205":4,"A31_206":" ","A31_207":" ","A31_208":" "}},{"type":"Feature","id":503,"geometry":{"type":"Polygon","coordinates":[[[137.71600108489554,35.453833077086706],[137.71593858458886,35.453833077148616],[137.71593858455483,35.453791410485778],[137.71587608424804,35.453791410547595],[137.71587608421393,35.453749743884678],[137.71600108482778,35.453749743761136],[137.71600108489554,35.453833077086706]]]},"properties":{"FID":503,"A31_201":"8505050237","A31_202":"阿智川","A31_203":20,"A31_204":"長野県","A31_205":4,"A31_206":" ","A31_207":" ","A31_208":" "}},{"type":"Feature","id":504,"geometry":{"type":"Polygon","coordinates":[[[137.71593858465695,35.453916410474278],[137.71587608435061,35.453916410536358],[137.71587608431642,35.453874743873442],[137.71593858462296,35.45387474381144],[137.71593858465695,35.453916410474278]]]},"properties":{"FID":504,"A31_201":"8505050237","A31_202":"阿智川","A31_203":20,"A31_204":"長野県","A31_205":4,"A31_206":" ","A31_207":" ","A31_208":" "}},{"type":"Feature","id":505,"geometry":{"type":"Polygon","coordinates":[[[137.71443857793875,35.454624745261015],[137.71437607763471,35.454624745324338],[137.71437607759722,35.454583078659731],[137.71443857790143,35.454583078596492],[137.71443857793875,35.454624745261015]]]},"properties":{"FID":505,"A31_201":"8505050237","A31_202":"阿智川","A31_203":20,"A31_204":"長野県","A31_205":4,"A31_206":" ","A31_207":" ","A31_208":" "}},{"type":"Feature","id":506,"geometry":{"type":"Polygon","coordinates":[[[137.71043856314577,35.458458082388915],[137.71037606286819,35.458458082444423],[137.71037606280797,35.458374749111123],[137.71043856308563,35.458374749055523],[137.71043856314577,35.458458082388915]]]},"properties":{"FID":506,"A31_201":"8505050237","A31_202":"阿智川","A31_203":20,"A31_204":"長野県","A31_205":4,"A31_206":" ","A31_207":" ","A31_208":" "}},{"type":"Feature","id":507,"geometry":{"type":"Polygon","coordinates":[[[137.75368876967946,35.439333035757201],[137.75350126868443,35.439333035995588],[137.75350126857165,35.439291369360561],[137.75368876956585,35.439291369122444],[137.75368876967946,35.439333035757201]]]},"properties":{"FID":507,"A31_201":"8505050237","A31_202":"阿智川","A31_203":20,"A31_204":"長野県","A31_205":5,"A31_206":" ","A31_207":" ","A31_208":" "}},{"type":"Feature","id":508,"geometry":{"type":"Polygon","coordinates":[[[137.75300126691556,35.439666369715511],[137.753001266805,35.439624703080028],[137.7530637671386,35.439624703000092],[137.75306376724944,35.439666369635574],[137.75300126691556,35.439666369715511]]]},"properties":{"FID":508,"A31_201":"8505050237","A31_202":"阿智川","A31_203":20,"A31_204":"長野県","A31_205":5,"A31_206":" ","A31_207":" ","A31_208":" "}},{"type":"Feature","id":509,"geometry":{"type":"Polygon","coordinates":[[[137.75300126691556,35.439666369715511],[137.75300126702606,35.439708036351071],[137.7529387666919,35.439708036431185],[137.75293876658168,35.439666369795532],[137.75300126691556,35.439666369715511]]]},"properties":{"FID":509,"A31_201":"8505050237","A31_202":"阿智川","A31_203":20,"A31_204":"長野県","A31_205":5,"A31_206":" ","A31_207":" ","A31_208":" "}},{"type":"Feature","id":510,"geometry":{"type":"Polygon","coordinates":[[[137.74706373904817,35.44158304286109],[137.74712623939527,35.441583042777758],[137.74712623948929,35.441624709416658],[137.74706373914213,35.44162470949999],[137.74706373904817,35.44158304286109]]]},"properties":{"FID":510,"A31_201":"8505050237","A31_202":"阿智川","A31_203":20,"A31_204":"長野県","A31_205":6,"A31_206":" ","A31_207":" ","A31_208":" "}}]
}