{
  "type" : "FeatureCollection",
  "crs" : {
    "type" : "name",
    "properties" : {
      "name" : "EPSG:6668"
    }
  },
  "features" : [{"type":"Feature","id":0,"geometry":{"type":"Polygon","coordinates":[[[138.43619289903896,36.725707331697372],[138.43619289906817,36.725749001668134],[138.43613039899995,36.72574900163918],[138.43613039897065,36.725707331668332],[138.43619289903896,36.725707331697372]]]},"properties":{"FID":0,"A31_201":"8404030649","A31_202":"角間川","A31_203":20,"A31_204":"長野県","A31_205":1,"A31_206":" ","A31_207":" ","A31_208":" "}},{"type":"Feature","id":1,"geometry":{"type":"Polygon","coordinates":[[[138.43531789817376,36.72583233120136],[138.43531789814358,36.725790671231664],[138.43538039821172,36.725790671260796],[138.4353803982419,36.725832331230492],[138.43531789817376,36.72583233120136]]]},"properties":{"FID":1,"A31_201":"8404030649","A31_202":"角間川","A31_203":20,"A31_204":"長野県","A31_205":1,"A31_206":" ","A31_207":" ","A31_208":" "}},{"type":"Feature","id":2,"geometry":{"type":"Polygon","coordinates":[[[138.43638039930175,36.725790671726294],[138.43638039933077,36.725832331697234],[138.4363178992628,36.725832331668016],[138.4363178992337,36.725790671697254],[138.43638039930175,36.725790671726294]]]},"properties":{"FID":2,"A31_201":"8404030649","A31_202":"角間川","A31_203":20,"A31_204":"長野県","A31_205":1,"A31_206":" ","A31_207":" ","A31_208":" "}},{"type":"Feature","id":3,"geometry":{"type":"Polygon","coordinates":[[[138.43531789817376,36.72583233120136],[138.43531789820398,36.72587400117115],[138.43525539813601,36.725874001141932],[138.43519289806812,36.725874001112707],[138.43519289803774,36.72583233114301],[138.43525539810571,36.725832331172228],[138.43531789817376,36.72583233120136]]]},"properties":{"FID":3,"A31_201":"8404030649","A31_202":"角間川","A31_203":20,"A31_204":"長野県","A31_205":1,"A31_206":" ","A31_207":" ","A31_208":" "}},{"type":"Feature","id":4,"geometry":{"type":"Polygon","coordinates":[[[138.4353803982419,36.725832331230492],[138.43544289830996,36.725832331259717],[138.43544289834,36.725874001229684],[138.43538039827203,36.725874001200459],[138.4353803982419,36.725832331230492]]]},"properties":{"FID":4,"A31_201":"8404030649","A31_202":"角間川","A31_203":20,"A31_204":"長野県","A31_205":1,"A31_206":" ","A31_207":" ","A31_208":" "}},{"type":"Feature","id":5,"geometry":{"type":"Polygon","coordinates":[[[138.43500539789468,36.725915670994567],[138.43494289782672,36.72591567096525],[138.43494289779619,36.725874000995731],[138.43500539786413,36.725874001025048],[138.43500539789468,36.725915670994567]]]},"properties":{"FID":5,"A31_201":"8404030649","A31_202":"角間川","A31_203":20,"A31_204":"長野県","A31_205":1,"A31_206":" ","A31_207":" ","A31_208":" "}},{"type":"Feature","id":6,"geometry":{"type":"Polygon","coordinates":[[[138.43613039914649,36.725957331492637],[138.43606789907861,36.725957331463235],[138.43606789904931,36.725915671492743],[138.43606789901992,36.72587400152198],[138.4360678989905,36.725832331551395],[138.43606789896111,36.72579067158081],[138.43613039902925,36.725790671609943],[138.43613039905856,36.725832331580527],[138.43613039908789,36.72587400155129],[138.43613039911719,36.725915671522053],[138.43613039914649,36.725957331492637]]]},"properties":{"FID":6,"A31_201":"8404030649","A31_202":"角間川","A31_203":20,"A31_204":"長野県","A31_205":1,"A31_206":" ","A31_207":" ","A31_208":" "}},{"type":"Feature","id":7,"geometry":{"type":"Polygon","coordinates":[[[138.43625539928226,36.725957331551434],[138.43625539925301,36.725915671580672],[138.43631789932098,36.725915671609982],[138.43631789935012,36.725957331580744],[138.43625539928226,36.725957331551434]]]},"properties":{"FID":7,"A31_201":"8404030649","A31_202":"角間川","A31_203":20,"A31_204":"長野県","A31_205":1,"A31_206":" ","A31_207":" ","A31_208":" "}},{"type":"Feature","id":8,"geometry":{"type":"Polygon","coordinates":[[[138.43519289806812,36.725874001112707],[138.43519289809851,36.72591567108249],[138.43519289812878,36.725957331052015],[138.43519289815916,36.725999001021798],[138.43513039809139,36.72599900099231],[138.43513039806092,36.725957331022613],[138.43513039803054,36.725915671053187],[138.43513039800015,36.725874001083483],[138.43519289806812,36.725874001112707]]]},"properties":{"FID":8,"A31_201":"8404030649","A31_202":"角間川","A31_203":20,"A31_204":"長野県","A31_205":1,"A31_206":" ","A31_207":" ","A31_208":" "}},{"type":"Feature","id":9,"geometry":{"type":"Polygon","coordinates":[[[138.43625539928226,36.725957331551434],[138.43625539931139,36.725999001522283],[138.43619289924359,36.725999001492887],[138.43613039917579,36.7259990014634],[138.43613039914649,36.725957331492637],[138.43619289921438,36.725957331522039],[138.43625539928226,36.725957331551434]]]},"properties":{"FID":9,"A31_201":"8404030649","A31_202":"角間川","A31_203":20,"A31_204":"長野県","A31_205":1,"A31_206":" ","A31_207":" ","A31_208":" "}},{"type":"Feature","id":10,"geometry":{"type":"Polygon","coordinates":[[[138.43569289858218,36.725832331376338],[138.43569289861202,36.725874001346568],[138.43575539867999,36.725874001375871],[138.43575539870974,36.725915671346193],[138.43581789877754,36.725915671375503],[138.43581789880722,36.725957331345732],[138.43581789883686,36.725999001316225],[138.43581789886653,36.72604067128637],[138.43575539879893,36.726040671256882],[138.43575539876917,36.725999001286738],[138.43569289870138,36.725999001257343],[138.43569289867162,36.72595733128702],[138.43569289864178,36.725915671316884],[138.43563039857389,36.725915671287574],[138.43563039854405,36.725874001317344],[138.43563039851412,36.725832331347206],[138.43569289858218,36.725832331376338]]]},"properties":{"FID":10,"A31_201":"8404030649","A31_202":"角間川","A31_203":20,"A31_204":"長野県","A31_205":1,"A31_206":" ","A31_207":" ","A31_208":" "}},{"type":"Feature","id":11,"geometry":{"type":"Polygon","coordinates":[[[138.43463039758015,36.726040670725666],[138.43463039754917,36.725999000756765],[138.43469289761686,36.725999000786253],[138.43475539768465,36.725999000815648],[138.43475539765382,36.725957330846398],[138.43475539762292,36.725915670877328],[138.43481789769089,36.72591567090663],[138.43488039775886,36.725915670935947],[138.4348803977895,36.725957330905104],[138.43481789772162,36.725957330875801],[138.43481789775245,36.725999000845135],[138.43481789778318,36.726040670814214],[138.4348178978139,36.72608233078347],[138.4347553977463,36.72608233075389],[138.43475539771546,36.726040670784641],[138.43469289764769,36.726040670755154],[138.43463039758015,36.726040670725666]]]},"properties":{"FID":11,"A31_201":"8404030649","A31_202":"角間川","A31_203":20,"A31_204":"長野県","A31_205":1,"A31_206":" ","A31_207":" ","A31_208":" "}},{"type":"Feature","id":12,"geometry":{"type":"Polygon","coordinates":[[[138.43513039809139,36.72599900099231],[138.43513039812183,36.726040670961737],[138.43513039815221,36.726082330931433],[138.43513039818259,36.726124000901045],[138.43506789811499,36.726124000871465],[138.43506789808453,36.72608233090186],[138.43506789805406,36.72604067093225],[138.43500539798634,36.726040670902762],[138.43500539795579,36.725999000933427],[138.43500539792524,36.725957330963908],[138.43500539789468,36.725915670994567],[138.43506789796265,36.72591567102387],[138.43506789799312,36.725957330993303],[138.43506789802359,36.725999000962915],[138.43513039809139,36.72599900099231]]]},"properties":{"FID":12,"A31_201":"8404030649","A31_202":"角間川","A31_203":20,"A31_204":"長野県","A31_205":1,"A31_206":" ","A31_207":" ","A31_208":" "}},{"type":"Feature","id":13,"geometry":{"type":"Polygon","coordinates":[[[138.43513039818259,36.726124000901045],[138.43519289825019,36.72612400093071],[138.43519289828058,36.726165670900315],[138.43513039821306,36.726165670870564],[138.43513039818259,36.726124000901045]]]},"properties":{"FID":13,"A31_201":"8404030649","A31_202":"角間川","A31_203":20,"A31_204":"長野県","A31_205":1,"A31_206":" ","A31_207":" ","A31_208":" "}},{"type":"Feature","id":14,"geometry":{"type":"Polygon","coordinates":[[[138.43569289890993,36.726290671048773],[138.43563039884259,36.726290671018845],[138.43563039881275,36.726249001048615],[138.43563039878291,36.726207331078555],[138.43563039875306,36.726165671108333],[138.43563039872311,36.726124001138274],[138.43556789865559,36.726124001108701],[138.43556789862566,36.726082331138471],[138.43550539855798,36.726082331108898],[138.43550539852805,36.726040671138847],[138.43544289846025,36.726040671109359],[138.43544289843024,36.72599900113957],[138.43550539849801,36.725999001168972],[138.435505398468,36.725957331198913],[138.43550539843798,36.725915671228954],[138.43550539840794,36.725874001258902],[138.43556789847599,36.725874001288119],[138.43556789850595,36.725915671258264],[138.43556789853588,36.725957331228315],[138.43556789856581,36.72599900119846],[138.43556789859574,36.726040671168334],[138.43563039866342,36.726040671197907],[138.43563039869326,36.726082331168044],[138.43569289876098,36.726082331197716],[138.43569289879073,36.726124001167946],[138.43575539885833,36.726124001197604],[138.43581789892585,36.726124001227276],[138.43581789895543,36.726165671197506],[138.43575539888809,36.726165671167834],[138.43575539891776,36.726207331138156],[138.43575539894752,36.7262490011083],[138.43569289888009,36.726249001078457],[138.43569289890993,36.726290671048773]]]},"properties":{"FID":14,"A31_201":"8404030649","A31_202":"角間川","A31_203":20,"A31_204":"長野県","A31_205":1,"A31_206":" ","A31_207":" ","A31_208":" "}},{"type":"Feature","id":15,"geometry":{"type":"Polygon","coordinates":[[[138.43375539682378,36.726290670120889],[138.43375539685576,36.726332330088901],[138.4336928967885,36.726332330058881],[138.43369289675653,36.726290670090961],[138.43375539682378,36.726290670120889]]]},"properties":{"FID":15,"A31_201":"8404030649","A31_202":"角間川","A31_203":20,"A31_204":"長野県","A31_205":1,"A31_206":" ","A31_207":" ","A31_208":" "}},{"type":"Feature","id":16,"geometry":{"type":"Polygon","coordinates":[[[138.43425539726795,36.726165670454449],[138.43425539729938,36.72620733042308],[138.43425539733073,36.726249000391626],[138.43425539736208,36.726290670360342],[138.43425539739351,36.726332330328887],[138.43425539742486,36.726374000297518],[138.43419289735772,36.726374000267413],[138.43419289732628,36.726332330298867],[138.43419289729482,36.726290670330414],[138.43413039722748,36.726290670300486],[138.43413039719596,36.72624900033194],[138.43413039716444,36.726207330363579],[138.43406789709707,36.726207330333736],[138.43406789706555,36.726165670365276],[138.43413039713289,36.726165670395034],[138.43413039710137,36.726124000426665],[138.43419289716897,36.726124000456338],[138.4342553972366,36.72612400048591],[138.43425539726795,36.726165670454449]]]},"properties":{"FID":16,"A31_201":"8404030649","A31_202":"角間川","A31_203":20,"A31_204":"長野県","A31_205":1,"A31_206":" ","A31_207":" ","A31_208":" "}},{"type":"Feature","id":17,"geometry":{"type":"Polygon","coordinates":[[[138.43438039752795,36.726332330388843],[138.43438039755921,36.726374000357652],[138.43431789749204,36.726374000327539],[138.43431789746077,36.726332330358908],[138.43438039752795,36.726332330388843]]]},"properties":{"FID":17,"A31_201":"8404030649","A31_202":"角間川","A31_203":20,"A31_204":"長野県","A31_205":1,"A31_206":" ","A31_207":" ","A31_208":" "}},{"type":"Feature","id":18,"geometry":{"type":"Polygon","coordinates":[[[138.43463039758015,36.726040670725666],[138.43463039761107,36.726082330694737],[138.43456789754345,36.726082330665164],[138.43450539747576,36.726082330635585],[138.43450539750694,36.726124000604571],[138.43456789757445,36.726124000634236],[138.43456789760555,36.726165670603045],[138.43450539753803,36.72616567057338],[138.4345053975691,36.72620733054228],[138.43450539760019,36.726249000511089],[138.43450539763137,36.726290670480068],[138.43456789769863,36.726290670510004],[138.43456789766762,36.726249000540932],[138.43456789763655,36.726207330572031],[138.43463039770398,36.726207330601873],[138.43463039773496,36.726249000570775],[138.43463039776597,36.726290670539939],[138.43469289783314,36.726290670569867],[138.43475539790049,36.726290670599795],[138.4347553979313,36.726332330568873],[138.43475539796211,36.726374000538037],[138.43469289789496,36.726374000508017],[138.43463039782787,36.726374000477904],[138.4345678977607,36.72637400044789],[138.43450539769356,36.726374000417778],[138.43444289762638,36.726374000387665],[138.4344428975952,36.726332330418856],[138.43438039752795,36.726332330388843],[138.43438039749677,36.726290670420212],[138.4343803974655,36.726249000451404],[138.43438039743424,36.72620733048268],[138.43438039740298,36.726165670513964],[138.43438039737171,36.726124000545241],[138.43438039734045,36.726082330576432],[138.43438039730927,36.726040670607624],[138.43444289737698,36.726040670637111],[138.43450539744467,36.726040670666599],[138.43456789751238,36.726040670696086],[138.43463039758015,36.726040670725666]]]},"properties":{"FID":18,"A31_201":"8404030649","A31_202":"角間川","A31_203":20,"A31_204":"長野県","A31_205":1,"A31_206":" ","A31_207":" ","A31_208":" "}},{"type":"Feature","id":19,"geometry":{"type":"Polygon","coordinates":[[[138.43488039806573,36.726332330628914],[138.43488039809645,36.72637400059817],[138.43481789802928,36.726374000568143],[138.43481789799856,36.726332330598893],[138.43488039806573,36.726332330628914]]]},"properties":{"FID":19,"A31_201":"8404030649","A31_202":"角間川","A31_203":20,"A31_204":"長野県","A31_205":1,"A31_206":" ","A31_207":" ","A31_208":" "}},{"type":"Feature","id":20,"geometry":{"type":"Polygon","coordinates":[[[138.43506789826748,36.72633233071889],[138.43500539820022,36.726332330688862],[138.43500539823077,36.726374000658296],[138.43500539826132,36.726415670627901],[138.43494289819427,36.726415670597703],[138.43494289816363,36.726374000628276],[138.43494289813299,36.726332330658849],[138.43488039806573,36.726332330628914],[138.43488039803509,36.726290670659665],[138.43488039800434,36.726249000690231],[138.4348803979737,36.726207330721067],[138.43481789790619,36.726207330691224],[138.43481789787546,36.726165670721969],[138.43475539780792,36.726165670692218],[138.43475539777711,36.726124000723146],[138.43481789784471,36.726124000752804],[138.43488039791225,36.726124000782477],[138.43488039794298,36.726165670751726],[138.43494289801049,36.726165670781391],[138.43494289804113,36.726207330750825],[138.43494289807177,36.726249000720074],[138.43500539813911,36.726249000750002],[138.43506789820646,36.726249000779845],[138.43506789823701,36.726290670749457],[138.43506789826748,36.72633233071889]]]},"properties":{"FID":20,"A31_201":"8404030649","A31_202":"角間川","A31_203":20,"A31_204":"長野県","A31_205":1,"A31_206":" ","A31_207":" ","A31_208":" "}},{"type":"Feature","id":21,"geometry":{"type":"Polygon","coordinates":[[[138.43544289867074,36.726332330898828],[138.43538039860348,36.7263323308689],[138.43538039857339,36.726290670899118],[138.43538039854326,36.726249000929151],[138.43531789847594,36.726249000899308],[138.43531789850613,36.726290670869183],[138.43531789853631,36.726332330838879],[138.43531789856652,36.726374000808661],[138.43531789859674,36.726415670778536],[138.43525539852965,36.72641567074843],[138.43525539849935,36.726374000778648],[138.43525539846908,36.726332330808859],[138.43519289840191,36.726332330778838],[138.43519289837161,36.72629067080932],[138.43519289834126,36.72624900083953],[138.43519289831087,36.726207330870011],[138.43519289828058,36.726165670900315],[138.43525539834792,36.726165670930072],[138.43525539837822,36.726207330899769],[138.43531789844565,36.726207330929611],[138.43538039851308,36.726207330959369],[138.43538039848298,36.726165670989488],[138.43538039845285,36.726124001019706],[138.43538039842267,36.726082331049739],[138.43544289849035,36.726082331079319],[138.43544289852036,36.726124001049371],[138.43550539858799,36.726124001079036],[138.43550539861801,36.726165671048911],[138.43550539864802,36.726207331018962],[138.43550539867795,36.726249000988837],[138.43544289861063,36.726249000958994],[138.43544289864073,36.726290670929046],[138.43544289867074,36.726332330898828]]]},"properties":{"FID":21,"A31_201":"8404030649","A31_202":"角間川","A31_203":20,"A31_204":"長野県","A31_205":1,"A31_206":" ","A31_207":" ","A31_208":" "}},{"type":"Feature","id":22,"geometry":{"type":"Polygon","coordinates":[[[138.43350539665138,36.726415669904569],[138.43350539661915,36.726373999936655],[138.43356789668621,36.726373999966761],[138.43356789665398,36.72633232999884],[138.43363039672124,36.72633233002886],[138.4336303967533,36.726373999996781],[138.43369289682047,36.726374000026894],[138.43369289685253,36.726415669994992],[138.43369289688451,36.72645732996282],[138.43363039681753,36.726457329932622],[138.43363039678545,36.726415669964794],[138.4335678967183,36.726415669934681],[138.43350539665138,36.726415669904569]]]},"properties":{"FID":22,"A31_201":"8404030649","A31_202":"角間川","A31_203":20,"A31_204":"長野県","A31_205":1,"A31_206":" ","A31_207":" ","A31_208":" "}},{"type":"Feature","id":23,"geometry":{"type":"Polygon","coordinates":[[[138.4337553969516,36.726457329993018],[138.43375539691962,36.726415670025098],[138.43381789698668,36.726415670055204],[138.43381789701857,36.726457330023308],[138.4337553969516,36.726457329993018]]]},"properties":{"FID":23,"A31_201":"8404030649","A31_202":"角間川","A31_203":20,"A31_204":"長野県","A31_205":1,"A31_206":" ","A31_207":" ","A31_208":" "}},{"type":"Feature","id":24,"geometry":{"type":"Polygon","coordinates":[[[138.4340678972867,36.7264573301441],[138.43400539721964,36.726457330113902],[138.43394289715263,36.726457330083704],[138.43388039708566,36.726457330053506],[138.43388039705385,36.726415670085402],[138.43388039702205,36.72637400011704],[138.43388039699016,36.72633233014885],[138.43394289705742,36.726332330178877],[138.43394289702573,36.726290670210687],[138.43394289699401,36.726249000242319],[138.43394289696221,36.726207330274136],[138.43400539702964,36.726207330303978],[138.43400539706136,36.726249000272162],[138.43400539709296,36.726290670240616],[138.43400539712468,36.726332330208891],[138.43406789719194,36.726332330238826],[138.43406789722354,36.726374000207279],[138.43406789725509,36.726415670175825],[138.4340678972867,36.7264573301441]]]},"properties":{"FID":24,"A31_201":"8404030649","A31_202":"角間川","A31_203":20,"A31_204":"長野県","A31_205":1,"A31_206":" ","A31_207":" ","A31_208":" "}},{"type":"Feature","id":25,"geometry":{"type":"Polygon","coordinates":[[[138.43569289890993,36.726290671048773],[138.43575539897716,36.726290671078701],[138.43575539900692,36.726332331048845],[138.4358178990741,36.726332331078865],[138.43581789910368,36.726374001049273],[138.43581789913333,36.72641567101968],[138.43575539906635,36.726415670989482],[138.43575539909611,36.726457330959711],[138.43569289902911,36.726457330929513],[138.43563039896205,36.726457330899315],[138.4356303989322,36.726415670929264],[138.43569289899926,36.726415670959369],[138.43569289896953,36.726374000989054],[138.43569289893969,36.726332331018824],[138.43569289890993,36.726290671048773]]]},"properties":{"FID":25,"A31_201":"8404030649","A31_202":"角間川","A31_203":20,"A31_204":"長野県","A31_205":1,"A31_206":" ","A31_207":" ","A31_208":" "}},{"type":"Feature","id":26,"geometry":{"type":"Polygon","coordinates":[[[138.43544289867074,36.726332330898828],[138.435505398738,36.726332330928855],[138.43550539876802,36.7263740008989],[138.43550539879806,36.72641567086896],[138.43550539882798,36.726457330838919],[138.435505398858,36.726499000808971],[138.43550539888801,36.726540670779023],[138.43550539891802,36.726582330748897],[138.43544289885114,36.726582330718522],[138.43538039878433,36.726582330688061],[138.43538039875421,36.726540670718272],[138.43531789868732,36.726540670687982],[138.4353178986571,36.726499000718107],[138.43531789862692,36.726457330748232],[138.43538039869389,36.72645733077843],[138.43544289876098,36.726457330808721],[138.43544289873088,36.726415670838847],[138.43544289870084,36.726374000868795],[138.43544289867074,36.726332330898828]]]},"properties":{"FID":26,"A31_201":"8404030649","A31_202":"角間川","A31_203":20,"A31_204":"長野県","A31_205":1,"A31_206":" ","A31_207":" ","A31_208":" "}},{"type":"Feature","id":27,"geometry":{"type":"Polygon","coordinates":[[[138.4340678972867,36.7264573301441],[138.43413039735361,36.726457330174298],[138.43413039732206,36.726415670205931],[138.43419289738915,36.726415670236037],[138.43419289742067,36.726457330204497],[138.43419289745214,36.726499000173121],[138.43419289748357,36.726540670141667],[138.43425539755046,36.726540670172042],[138.43425539758181,36.726582330140587],[138.43425539761319,36.726624000109304],[138.43425539764462,36.726665670077757],[138.4341928975779,36.726665670047204],[138.43413039751127,36.726665670016651],[138.43406789744472,36.726665669986097],[138.43406789741309,36.726624000017821],[138.43406789738148,36.726582330049368],[138.43406789734993,36.726540670081008],[138.43406789731833,36.726499000112554],[138.4340678972867,36.7264573301441]]]},"properties":{"FID":27,"A31_201":"8404030649","A31_202":"角間川","A31_203":20,"A31_204":"長野県","A31_205":1,"A31_206":" ","A31_207":" ","A31_208":" "}},{"type":"Feature","id":28,"geometry":{"type":"Polygon","coordinates":[[[138.43550539906806,36.72679067059898],[138.43550539903802,36.726749000628843],[138.43550539900801,36.726707330658968],[138.43556789907464,36.726707330689607],[138.43563039914119,36.72670733072016],[138.43563039917103,36.726749000690212],[138.43563039920096,36.726790670660442],[138.4355678991345,36.726790670629711],[138.43550539906806,36.72679067059898]]]},"properties":{"FID":28,"A31_201":"8404030649","A31_202":"角間川","A31_203":20,"A31_204":"長野県","A31_205":1,"A31_206":" ","A31_207":" ","A31_208":" "}},{"type":"Feature","id":29,"geometry":{"type":"Polygon","coordinates":[[[138.43400539747302,36.726790669860634],[138.4339428974065,36.726790669829818],[138.43388039734003,36.726790669799087],[138.43388039737181,36.726832329767092],[138.43381789730546,36.726832329736276],[138.43381789727357,36.726790669768356],[138.43381789724168,36.72674899980008],[138.43381789720979,36.726707329832067],[138.43381789717802,36.726665669863884],[138.43388039724465,36.726665669894437],[138.43388039721285,36.726623999926339],[138.43388039718104,36.726582329958063],[138.43388039714924,36.726540669989966],[138.43394289721616,36.726540670020341],[138.43394289724785,36.726582329988531],[138.43394289727956,36.7266239999568],[138.43394289731128,36.726665669924991],[138.434005397378,36.726665669955544],[138.43400539740969,36.726707329923912],[138.43400539744133,36.72674899989218],[138.43400539747302,36.726790669860634]],[[138.43388039730823,36.726748999830811],[138.43394289737478,36.726748999861456],[138.43394289734306,36.726707329893358],[138.43388039727643,36.726707329862712],[138.43388039730823,36.726748999830811]]]},"properties":{"FID":29,"A31_201":"8404030649","A31_202":"角間川","A31_203":20,"A31_204":"長野県","A31_205":1,"A31_206":" ","A31_207":" ","A31_208":" "}},{"type":"Feature","id":30,"geometry":{"type":"Polygon","coordinates":[[[138.43338039684079,36.726832329520448],[138.43338039687313,36.726873999488191],[138.43331789680676,36.726873999457283],[138.43331789677435,36.726832329489625],[138.43338039684079,36.726832329520448]]]},"properties":{"FID":30,"A31_201":"8404030649","A31_202":"角間川","A31_203":20,"A31_204":"長野県","A31_205":1,"A31_206":" ","A31_207":" ","A31_208":" "}},{"type":"Feature","id":31,"geometry":{"type":"Polygon","coordinates":[[[138.43400539747302,36.726790669860634],[138.43406789753948,36.726790669891372],[138.43406789757103,36.726832329859647],[138.43406789760263,36.726873999828101],[138.43400539753634,36.726873999797192],[138.43400539750465,36.726832329828824],[138.43400539747302,36.726790669860634]]]},"properties":{"FID":31,"A31_201":"8404030649","A31_202":"角間川","A31_203":20,"A31_204":"長野県","A31_205":1,"A31_206":" ","A31_207":" ","A31_208":" "}},{"type":"Feature","id":32,"geometry":{"type":"Polygon","coordinates":[[[138.43519289840191,36.726332330778838],[138.43519289843229,36.726374000748535],[138.43513039836512,36.726374000718515],[138.4351303983955,36.726415670688127],[138.43513039842594,36.726457330657638],[138.43513039845632,36.726499000627342],[138.43513039848679,36.726540670596947],[138.43519289855368,36.72654067062723],[138.43519289858398,36.726582330596841],[138.43519289861436,36.726624000566538],[138.43525539868099,36.726624000597091],[138.43525539871126,36.726665670566611],[138.43525539874156,36.726707330536399],[138.43519289867501,36.726707330505846],[138.4351928987054,36.726749000475365],[138.43513039863885,36.72674900044472],[138.43513039866932,36.726790670414331],[138.43506789860277,36.726790670383593],[138.43506789863332,36.726832330352934],[138.4351303986997,36.726832330383758],[138.43513039873005,36.726874000353455],[138.43506789866379,36.726874000322546],[138.43500539859741,36.726874000291637],[138.43500539856686,36.726832330322118],[138.43494289850051,36.726832330291302],[138.43488039843405,36.726832330260478],[138.43488039840341,36.726790670291315],[138.43481789833695,36.726790670260499],[138.43481789836767,36.726832330229655],[138.43475539830123,36.726832330198839],[138.43475539827048,36.726790670229761],[138.43475539823959,36.726749000260511],[138.43481789830614,36.726749000291242],[138.43481789827541,36.726707330322078],[138.43481789824466,36.726665670352737],[138.43481789821385,36.726624000383666],[138.43475539814713,36.726624000353198],[138.43475539811629,36.726582330383948],[138.43475539808549,36.72654067041487],[138.43475539805456,36.726499000445614],[138.43469289798767,36.72649900041533],[138.43469289795678,36.726457330446166],[138.43475539802375,36.726457330476364],[138.43475539799294,36.726415670507293],[138.43481789806,36.726415670537492],[138.43481789809084,36.726457330506562],[138.43481789812157,36.726499000475904],[138.43481789815237,36.726540670445161],[138.43488039821921,36.726540670475529],[138.43488039824993,36.726582330444785],[138.43488039828057,36.726624000414127],[138.43494289834737,36.726624000444588],[138.43494289837801,36.726665670413844],[138.43500539844464,36.726665670444397],[138.43506789851136,36.726665670474951],[138.43506789848084,36.726624000505609],[138.43506789845037,36.726582330536004],[138.4350678984199,36.726540670566571],[138.43506789838943,36.726499000597052],[138.43500539832243,36.726499000566761],[138.43500539829188,36.726457330597242],[138.43506789835888,36.72645733062744],[138.43506789832841,36.726415670658014],[138.43506789829794,36.726374000688409],[138.43506789826748,36.72633233071889],[138.43513039833473,36.726332330748903],[138.43519289840191,36.726332330778838]]]},"properties":{"FID":32,"A31_201":"8404030649","A31_202":"角間川","A31_203":20,"A31_204":"長野県","A31_205":1,"A31_206":" ","A31_207":" ","A31_208":" "}},{"type":"Feature","id":33,"geometry":{"type":"Polygon","coordinates":[[[138.4353178988988,36.726832330476306],[138.43531789892899,36.72687400044618],[138.43525539886264,36.726874000415272],[138.43525539883234,36.72683233044549],[138.4353178988988,36.726832330476306]]]},"properties":{"FID":33,"A31_201":"8404030649","A31_202":"角間川","A31_203":20,"A31_204":"長野県","A31_205":1,"A31_206":" ","A31_207":" ","A31_208":" "}},{"type":"Feature","id":34,"geometry":{"type":"Polygon","coordinates":[[[138.43581789925202,36.726582330900953],[138.43588039931882,36.726582330931421],[138.43588039934838,36.726624000901914],[138.43588039937796,36.726665670872144],[138.43588039940755,36.726707330842729],[138.43581789934092,36.72670733081209],[138.43575539927446,36.726707330781444],[138.43575539930413,36.726749000751674],[138.43581789937056,36.72674900078232],[138.43581789940023,36.72679067075272],[138.43581789942991,36.726832330722956],[138.43581789945958,36.726874000693357],[138.43575539939329,36.726874000662448],[138.43569289932702,36.72687400063154],[138.43563039926065,36.726874000600723],[138.4356303992308,36.726832330630494],[138.43563039920096,36.726790670660442],[138.43569289926742,36.726790670691258],[138.43569289923758,36.726749000720943],[138.43569289920782,36.726707330750799],[138.43569289917806,36.726665670780484],[138.43563039911135,36.726665670749931],[138.4356303990815,36.726624000779964],[138.43569289914822,36.726624000810432],[138.43569289911846,36.726582330840202],[138.43569289908862,36.726540670870065],[138.43575539915554,36.726540670900349],[138.43581789922234,36.726540670930724],[138.43581789925202,36.726582330900953],[138.43575539918527,36.726582330870578],[138.43575539921503,36.726624000840985],[138.4357553992447,36.726665670811038],[138.43581789931125,36.726665670841591],[138.43581789928166,36.726624000871453],[138.43581789925202,36.726582330900953]]]},"properties":{"FID":34,"A31_201":"8404030649","A31_202":"角間川","A31_203":20,"A31_204":"長野県","A31_205":1,"A31_206":" ","A31_207":" ","A31_208":" "}},{"type":"Feature","id":35,"geometry":{"type":"Polygon","coordinates":[[[138.43419289779817,36.726957329827002],[138.43413039773196,36.726957329796001],[138.43413039770044,36.726915669827548],[138.43419289776671,36.726915669858542],[138.43419289779817,36.726957329827002]]]},"properties":{"FID":35,"A31_201":"8404030649","A31_202":"角間川","A31_203":20,"A31_204":"長野県","A31_205":1,"A31_206":" ","A31_207":" ","A31_208":" "}},{"type":"Feature","id":36,"geometry":{"type":"Polygon","coordinates":[[[138.43550539906806,36.72679067059898],[138.43550539909799,36.726832330568769],[138.435505399128,36.726874000538906],[138.43550539915802,36.726915670508959],[138.43544289909175,36.726915670477965],[138.43544289912177,36.726957330447831],[138.43538039905559,36.726957330416838],[138.43538039902546,36.726915670447056],[138.4353178989592,36.726915670416055],[138.43531789892899,36.72687400044618],[138.43538039899536,36.726874000477089],[138.43544289906163,36.726874000507998],[138.43544289903161,36.726832330537945],[138.43538039896515,36.726832330507122],[138.4353178988988,36.726832330476306],[138.43531789886859,36.72679067050661],[138.43531789883841,36.726749000536735],[138.43538039890495,36.726749000567466],[138.43544289897147,36.726749000598197],[138.43544289900152,36.726790670568164],[138.43550539906806,36.72679067059898]]]},"properties":{"FID":36,"A31_201":"8404030649","A31_202":"角間川","A31_203":20,"A31_204":"長野県","A31_205":1,"A31_206":" ","A31_207":" ","A31_208":" "}},{"type":"Feature","id":37,"geometry":{"type":"Polygon","coordinates":[[[138.43350539707026,36.726957329485586],[138.43350539710241,36.726998999453329],[138.43344289703631,36.726998999422236],[138.43344289700406,36.726957329454493],[138.43350539707026,36.726957329485586]]]},"properties":{"FID":37,"A31_201":"8404030649","A31_202":"角間川","A31_203":20,"A31_204":"長野県","A31_205":1,"A31_206":" ","A31_207":" ","A31_208":" "}},{"type":"Feature","id":38,"geometry":{"type":"Polygon","coordinates":[[[138.43475539823959,36.726749000260511],[138.43469289817304,36.726749000229781],[138.43463039810666,36.726749000199135],[138.43463039813759,36.726790670168214],[138.43469289820393,36.726790670199037],[138.43469289823486,36.72683233016793],[138.43469289826578,36.726874000137187],[138.43469289829667,36.726915670106351],[138.43469289832757,36.726957330075336],[138.43469289835849,36.726999000044501],[138.43463039829248,36.726999000013322],[138.43463039826148,36.726957330044335],[138.4346303982305,36.72691567007535],[138.43463039819957,36.726874000106278],[138.4345678981332,36.72687400007537],[138.43450539806685,36.726874000044461],[138.43450539809803,36.72691567001344],[138.43444289803173,36.726915669982446],[138.43444289800055,36.726874000013552],[138.4344428979694,36.726832330044651],[138.43438039790294,36.726832330013835],[138.43438039793421,36.726873999982644],[138.43438039796547,36.726915669951453],[138.43431789789918,36.726915669920452],[138.43431789786783,36.726873999951735],[138.43425539780156,36.726873999920826],[138.43425539777019,36.726832329952103],[138.43425539773875,36.72679066998365],[138.43419289767229,36.726790669952919],[138.43419289764086,36.726748999984288],[138.4342553977074,36.726749000014934],[138.43425539767597,36.72670733004648],[138.43425539764462,36.726665670077757],[138.43431789771125,36.726665670108311],[138.4343178977426,36.726707330077033],[138.43431789777395,36.726749000045658],[138.4343803978405,36.726749000076396],[138.43444289790705,36.726749000107034],[138.4345053979736,36.726749000137765],[138.43456789804014,36.726749000168411],[138.43456789800905,36.726707330199602],[138.43450539794242,36.726707330168956],[138.43450539791132,36.726665670199971],[138.43450539788023,36.726624000231254],[138.43450539784914,36.726582330262261],[138.43450539781799,36.72654067029346],[138.43444289775115,36.726540670263077],[138.43444289771998,36.726499000294268],[138.434380397653,36.726499000263985],[138.43438039762174,36.726457330295176],[138.43444289768871,36.726457330325374],[138.4345053977558,36.726457330355572],[138.43450539778689,36.726499000324559],[138.43456789785387,36.726499000354849],[138.43456789788488,36.726540670323828],[138.43456789791597,36.726582330292644],[138.43456789794695,36.726624000261715],[138.43463039801367,36.726624000292176],[138.43463039804467,36.726665670261077],[138.43469289811122,36.726665670291631],[138.43469289814215,36.726707330260794],[138.43475539820878,36.726707330291433],[138.43475539823959,36.726749000260511]]]},"properties":{"FID":38,"A31_201":"8404030649","A31_202":"角間川","A31_203":20,"A31_204":"長野県","A31_205":1,"A31_206":" ","A31_207":" ","A31_208":" "}},{"type":"Feature","id":39,"geometry":{"type":"Polygon","coordinates":[[[138.43581789954848,36.726999000604494],[138.43575539948247,36.726999000573315],[138.4357553994528,36.726957330603],[138.43575539942304,36.726915670632863],[138.43581789948922,36.726915670663857],[138.43581789951881,36.726957330634086],[138.43581789954848,36.726999000604494]]]},"properties":{"FID":39,"A31_201":"8404030649","A31_202":"角間川","A31_203":20,"A31_204":"長野県","A31_205":1,"A31_206":" ","A31_207":" ","A31_208":" "}},{"type":"Feature","id":40,"geometry":{"type":"Polygon","coordinates":[[[138.43419289779817,36.726957329827002],[138.43425539786435,36.726957329858081],[138.4342553978957,36.726998999826719],[138.43425539792713,36.727040669795343],[138.43419289786104,36.727040669764172],[138.4341928978296,36.726998999795541],[138.43419289779817,36.726957329827002]]]},"properties":{"FID":40,"A31_201":"8404030649","A31_202":"角間川","A31_203":20,"A31_204":"長野県","A31_205":1,"A31_206":" ","A31_207":" ","A31_208":" "}},{"type":"Feature","id":41,"geometry":{"type":"Polygon","coordinates":[[[138.43450539819136,36.727040669920136],[138.43450539816018,36.726998999951149],[138.43450539812909,36.726957329982255],[138.4345678981953,36.726957330013249],[138.43456789822631,36.726998999982236],[138.43456789825737,36.727040669951307],[138.43450539819136,36.727040669920136]]]},"properties":{"FID":41,"A31_201":"8404030649","A31_202":"角間川","A31_203":20,"A31_204":"長野県","A31_205":1,"A31_206":" ","A31_207":" ","A31_208":" "}},{"type":"Feature","id":42,"geometry":{"type":"Polygon","coordinates":[[[138.43581789954848,36.726999000604494],[138.43588039961466,36.72699900063558],[138.43588039964425,36.727040670606073],[138.43581789957813,36.727040670574901],[138.43581789954848,36.726999000604494]]]},"properties":{"FID":42,"A31_201":"8404030649","A31_202":"角間川","A31_203":20,"A31_204":"長野県","A31_205":1,"A31_206":" ","A31_207":" ","A31_208":" "}},{"type":"Feature","id":43,"geometry":{"type":"Polygon","coordinates":[[[138.43256789614395,36.727040668953535],[138.43256789617715,36.727082328920119],[138.43250539611125,36.72708232888894],[138.43250539607783,36.727040668922356],[138.43256789614395,36.727040668953535]]]},"properties":{"FID":43,"A31_201":"8404030649","A31_202":"角間川","A31_203":20,"A31_204":"長野県","A31_205":1,"A31_206":" ","A31_207":" ","A31_208":" "}},{"type":"Feature","id":44,"geometry":{"type":"Polygon","coordinates":[[[138.43450539819136,36.727040669920136],[138.43450539822246,36.727082329888944],[138.43444289815645,36.72708232985768],[138.43438039809044,36.727082329826416],[138.43438039805918,36.727040669857701],[138.434380398028,36.726998999888892],[138.43444289809409,36.726998999919971],[138.43444289812527,36.727040669888964],[138.43450539819136,36.727040669920136]]]},"properties":{"FID":44,"A31_201":"8404030649","A31_202":"角間川","A31_203":20,"A31_204":"長野県","A31_205":1,"A31_206":" ","A31_207":" ","A31_208":" "}},{"type":"Feature","id":45,"geometry":{"type":"Polygon","coordinates":[[[138.43425539792713,36.727040669795343],[138.43431789799314,36.727040669826522],[138.43431789802452,36.727082329795152],[138.43431789805578,36.727123999763961],[138.43431789808713,36.727165669732415],[138.43425539802129,36.727165669701066],[138.43425539798986,36.727123999732612],[138.43425539795851,36.727082329763888],[138.43425539792713,36.727040669795343]]]},"properties":{"FID":45,"A31_201":"8404030649","A31_202":"角間川","A31_203":20,"A31_204":"長野県","A31_205":1,"A31_206":" ","A31_207":" ","A31_208":" "}},{"type":"Feature","id":46,"geometry":{"type":"Polygon","coordinates":[[[138.43250539611125,36.72708232888894],[138.43250539614453,36.727123998855618],[138.43250539617793,36.727165668822209],[138.43244289611201,36.727165668790768],[138.4324428961454,36.727207328757444],[138.43238039607976,36.727207328726003],[138.43238039604628,36.727165668759412],[138.43238039601277,36.727123998793004],[138.43244289607861,36.727123998824354],[138.43244289604522,36.727082328857676],[138.43250539611125,36.72708232888894]]]},"properties":{"FID":46,"A31_201":"8404030649","A31_202":"角間川","A31_203":20,"A31_204":"長野県","A31_205":1,"A31_206":" ","A31_207":" ","A31_208":" "}},{"type":"Feature","id":47,"geometry":{"type":"Polygon","coordinates":[[[138.43425539802129,36.727165669701066],[138.43425539805264,36.727207329669781],[138.43419289798689,36.72720732963834],[138.43419289795546,36.727165669669709],[138.43425539802129,36.727165669701066]]]},"properties":{"FID":47,"A31_201":"8404030649","A31_202":"角間川","A31_203":20,"A31_204":"長野県","A31_205":1,"A31_206":" ","A31_207":" ","A31_208":" "}},{"type":"Feature","id":48,"geometry":{"type":"Polygon","coordinates":[[[138.43513039897343,36.72720733011014],[138.43513039894304,36.727165670140536],[138.43519289900888,36.727165670171885],[138.43519289903918,36.727207330141667],[138.43513039897343,36.72720733011014]]]},"properties":{"FID":48,"A31_201":"8404030649","A31_202":"角間川","A31_203":20,"A31_204":"長野県","A31_205":1,"A31_206":" ","A31_207":" ","A31_208":" "}},{"type":"Feature","id":49,"geometry":{"type":"Polygon","coordinates":[[[138.43419289798689,36.72720732963834],[138.43419289801835,36.727248999606971],[138.4341303979526,36.727248999575437],[138.43413039792114,36.727207329606813],[138.43419289798689,36.72720732963834]]]},"properties":{"FID":49,"A31_201":"8404030649","A31_202":"角間川","A31_203":20,"A31_204":"長野県","A31_205":1,"A31_206":" ","A31_207":" ","A31_208":" "}},{"type":"Feature","id":50,"geometry":{"type":"Polygon","coordinates":[[[138.43119289486506,36.7272489980936],[138.43125539493073,36.727248998125134],[138.43131789499637,36.727248998156668],[138.43131789503101,36.727290668121924],[138.43125539496543,36.727290668090305],[138.43119289489979,36.727290668058686],[138.43113039483421,36.727290668027152],[138.43106789476857,36.727290667995533],[138.43100539470291,36.727290667963914],[138.43100539466792,36.727248997999013],[138.43106789473359,36.727248998030547],[138.43113039479931,36.727248998062073],[138.43113039476449,36.727207328096817],[138.43119289483025,36.727207328128344],[138.43119289486506,36.7272489980936]]]},"properties":{"FID":50,"A31_201":"8404030649","A31_202":"角間川","A31_203":20,"A31_204":"長野県","A31_205":1,"A31_206":" ","A31_207":" ","A31_208":" "}},{"type":"Feature","id":51,"geometry":{"type":"Polygon","coordinates":[[[138.43094289463727,36.727290667932294],[138.43094289467234,36.727332327897287],[138.43088039460676,36.727332327865668],[138.4308803945716,36.72729066790076],[138.43094289463727,36.727290667932294]]]},"properties":{"FID":51,"A31_201":"8404030649","A31_202":"角間川","A31_203":20,"A31_204":"長野県","A31_205":1,"A31_206":" ","A31_207":" ","A31_208":" "}},{"type":"Feature","id":52,"geometry":{"type":"Polygon","coordinates":[[[138.4307553945109,36.727373997766882],[138.43075539447563,36.727332327802337],[138.43081789454121,36.727332327833956],[138.43081789457636,36.727373997798679],[138.4307553945109,36.727373997766882]]]},"properties":{"FID":52,"A31_201":"8404030649","A31_202":"角間川","A31_203":20,"A31_204":"長野県","A31_205":1,"A31_206":" ","A31_207":" ","A31_208":" "}},{"type":"Feature","id":53,"geometry":{"type":"Polygon","coordinates":[[[138.4341303979526,36.727248999575437],[138.43413039798412,36.727290669543805],[138.43413039801567,36.727332329512258],[138.43413039804719,36.727373999480712],[138.43406789798181,36.727373999448915],[138.43406789795026,36.727332329480639],[138.43406789791865,36.727290669512186],[138.43400539785299,36.727290669480567],[138.43394289778735,36.727290669449033],[138.43388039772168,36.727290669417414],[138.43388039775348,36.727332329385604],[138.43381789768799,36.727332329353985],[138.4338178976561,36.727290669385795],[138.43381789762424,36.727248999417789],[138.43388039768988,36.727248999449316],[138.43388039765807,36.727207329481047],[138.43381789759235,36.727207329449513],[138.43381789756046,36.727165669481323],[138.4338803976263,36.727165669512772],[138.43394289769213,36.727165669544121],[138.43394289766042,36.727123999576023],[138.4339428976287,36.727082329607654],[138.43388039756269,36.72708232957639],[138.43381789749668,36.727082329545127],[138.43375539743067,36.727082329513863],[138.43375539739878,36.727040669545943],[138.43375539736681,36.726998999577759],[138.43369289730072,36.726998999546673],[138.43363039723459,36.726998999515587],[138.43356789716842,36.726998999484501],[138.43356789713627,36.72695732951658],[138.43350539707026,36.726957329485586],[138.433505397038,36.726915669517837],[138.43356789710413,36.726915669548838],[138.43356789707207,36.726873999580917],[138.43350539700577,36.726873999550008],[138.43350539697354,36.726832329582088],[138.43350539694137,36.726790669614523],[138.43350539690914,36.726748999646603],[138.43350539687691,36.726707329678945],[138.43350539684465,36.726665669711117],[138.43344289677802,36.726665669680564],[138.4333803967113,36.726665669650011],[138.43338039667898,36.726623999682445],[138.43331789661227,36.726623999651977],[138.43331789664467,36.726665669619457],[138.4333178966771,36.726707329587022],[138.4333178967095,36.726748999554587],[138.43331789674193,36.726790669522245],[138.43325539667546,36.726790669491422],[138.43325539664295,36.726748999523856],[138.43325539661046,36.726707329556469],[138.43325539657795,36.726665669588812],[138.43325539654543,36.726623999621516],[138.43325539651295,36.726582329653951],[138.43325539648043,36.726540669686472],[138.43325539644792,36.726498999718999],[138.43331789651489,36.726498999749282],[138.4333803965819,36.726498999779572],[138.43338039654947,36.726457329811829],[138.43338039651715,36.726415669844265],[138.43344289658421,36.72641566987437],[138.43350539665138,36.726415669904569],[138.43350539668353,36.726457329872225],[138.43356789675045,36.726457329902424],[138.43363039681753,36.726457329932622],[138.43363039684959,36.726498999900627],[138.43369289691657,36.726498999930918],[138.43369289688451,36.72645732996282],[138.4337553969516,36.726457329993018],[138.43375539698349,36.726498999961208],[138.43375539701543,36.726540669929307],[138.43381789708235,36.72654066995959],[138.43381789711424,36.726582329927687],[138.43381789714613,36.726623999895878],[138.43381789717802,36.726665669863884],[138.43375539711127,36.726665669833331],[138.43375539707938,36.72662399986541],[138.43369289701258,36.726623999834857],[138.4336928969806,36.726582329866844],[138.43363039691371,36.726582329836383],[138.43363039694586,36.726623999804389],[138.43356789687905,36.726623999773928],[138.43356789691128,36.726665669741671],[138.43363039697792,36.726665669772224],[138.43363039700998,36.726707329740236],[138.43369289707661,36.72670732977079],[138.43369289710859,36.726748999738703],[138.43369289714065,36.726790669706801],[138.43369289717265,36.726832329674636],[138.43369289720471,36.726873999642734],[138.43375539727097,36.726873999673643],[138.43375539730295,36.726915669641741],[138.43381789736924,36.726915669672735],[138.43381789733735,36.726873999704466],[138.4338803974037,36.726873999735375],[138.4338803974355,36.726915669703644],[138.43388039746731,36.726957329671833],[138.43394289753348,36.726957329702827],[138.4339428975652,36.72699899967111],[138.4340053976313,36.726998999702282],[138.43400539766301,36.727040669670643],[138.43406789772902,36.727040669701822],[138.43406789776063,36.727082329670182],[138.43400539769462,36.727082329638918],[138.43400539772634,36.727123999607286],[138.43400539775803,36.72716566957547],[138.43400539778966,36.72720732954393],[138.43400539782129,36.727248999512383],[138.43406789788702,36.72724899954391],[138.4341303979526,36.727248999575437]],[[138.4334428967457,36.726623999712999],[138.43350539681242,36.726623999743467],[138.43350539678016,36.726582329775539],[138.43344289671344,36.72658232974517],[138.4334428967457,36.726623999712999]]]},"properties":{"FID":53,"A31_201":"8404030649","A31_202":"角間川","A31_203":20,"A31_204":"長野県","A31_205":1,"A31_206":" ","A31_207":" ","A31_208":" "}},{"type":"Feature","id":54,"geometry":{"type":"Polygon","coordinates":[[[138.43475539864042,36.727290669859727],[138.43481789870609,36.727290669891346],[138.43481789873681,36.727332329860602],[138.43481789876762,36.727373999829766],[138.43475539870207,36.727373999798061],[138.43475539867123,36.727332329828982],[138.43475539864042,36.727290669859727]]]},"properties":{"FID":54,"A31_201":"8404030649","A31_202":"角間川","A31_203":20,"A31_204":"長野県","A31_205":1,"A31_206":" ","A31_207":" ","A31_208":" "}},{"type":"Feature","id":55,"geometry":{"type":"Polygon","coordinates":[[[138.43513039897343,36.72720733011014],[138.43513039900381,36.727249000079837],[138.43513039903428,36.727290670049356],[138.43513039906463,36.727332330018967],[138.4351303990951,36.727373999988487],[138.43506789902963,36.727373999956683],[138.43506789899908,36.727332329987256],[138.43506789896861,36.727290670017737],[138.43506789893814,36.727249000048303],[138.43506789890768,36.727207330078699],[138.43513039897343,36.72720733011014]]]},"properties":{"FID":55,"A31_201":"8404030649","A31_202":"角間川","A31_203":20,"A31_204":"長野県","A31_205":1,"A31_206":" ","A31_207":" ","A31_208":" "}},{"type":"Feature","id":56,"geometry":{"type":"Polygon","coordinates":[[[138.4307553945109,36.727373997766882],[138.43075539454617,36.727415667731691],[138.43069289448084,36.727415667699901],[138.43069289444551,36.727373997735171],[138.4307553945109,36.727373997766882]]]},"properties":{"FID":56,"A31_201":"8404030649","A31_202":"角間川","A31_203":20,"A31_204":"長野県","A31_205":1,"A31_206":" ","A31_207":" ","A31_208":" "}},{"type":"Feature","id":57,"geometry":{"type":"Polygon","coordinates":[[[138.43125539500016,36.727332328055645],[138.4312553950349,36.727373998020809],[138.43125539506963,36.727415667986158],[138.43119289500416,36.727415667954361],[138.43119289496943,36.727373997989105],[138.43119289493461,36.727332328023934],[138.43125539500016,36.727332328055645]]]},"properties":{"FID":57,"A31_201":"8404030649","A31_202":"角間川","A31_203":20,"A31_204":"長野県","A31_205":1,"A31_206":" ","A31_207":" ","A31_208":" "}},{"type":"Feature","id":58,"geometry":{"type":"Polygon","coordinates":[[[138.43238039618021,36.727332328625593],[138.43238039621369,36.727373998592086],[138.43238039624717,36.727415668558677],[138.4323178961817,36.727415668526881],[138.43231789614813,36.727373998560296],[138.43231789611465,36.727332328593974],[138.43238039618021,36.727332328625593]]]},"properties":{"FID":58,"A31_201":"8404030649","A31_202":"角間川","A31_203":20,"A31_204":"長野県","A31_205":1,"A31_206":" ","A31_207":" ","A31_208":" "}},{"type":"Feature","id":59,"geometry":{"type":"Polygon","coordinates":[[[138.43444289834349,36.727332329670617],[138.43450539840904,36.727332329702328],[138.43450539844022,36.727373999671045],[138.43450539847132,36.727415669640038],[138.43444289840585,36.727415669608234],[138.43444289837467,36.72737399963934],[138.43444289834349,36.727332329670617]]]},"properties":{"FID":59,"A31_201":"8404030649","A31_202":"角間川","A31_203":20,"A31_204":"長野県","A31_205":1,"A31_206":" ","A31_207":" ","A31_208":" "}},{"type":"Feature","id":60,"geometry":{"type":"Polygon","coordinates":[[[138.43475539864042,36.727290669859727],[138.43469289857475,36.7272906698282],[138.43469289860568,36.727332329797278],[138.43469289863657,36.727373999766257],[138.43469289866749,36.727415669735514],[138.4346303986022,36.727415669703717],[138.43463039857119,36.727373999734553],[138.43463039854021,36.727332329765659],[138.43463039850928,36.727290669796581],[138.43456789844362,36.727290669764962],[138.43456789841255,36.727248999796061],[138.43456789838154,36.727207329827081],[138.43450539831579,36.727207329795633],[138.43450539828473,36.727165669826647],[138.43456789835054,36.727165669858003],[138.43463039841637,36.727165669889445],[138.43469289848213,36.727165669920794],[138.43469289851305,36.727207329889964],[138.43469289854386,36.727248999859128],[138.43475539860961,36.727248999890655],[138.43475539864042,36.727290669859727]]]},"properties":{"FID":60,"A31_201":"8404030649","A31_202":"角間川","A31_203":20,"A31_204":"長野県","A31_205":1,"A31_206":" ","A31_207":" ","A31_208":" "}},{"type":"Feature","id":61,"geometry":{"type":"Polygon","coordinates":[[[138.43444289834349,36.727332329670617],[138.43438039827794,36.727332329638912],[138.4343803983092,36.727373999607636],[138.43438039834047,36.727415669576445],[138.43438039837173,36.72745732954516],[138.43431789830632,36.727457329513271],[138.43431789827505,36.727415669544641],[138.43425539820959,36.727415669512851],[138.43425539817824,36.727373999544128],[138.43419289811274,36.727373999512423],[138.43419289808122,36.72733232954397],[138.43425539814677,36.727332329575589],[138.43425539811543,36.727290669606958],[138.43425539808408,36.727248999638412],[138.43431789814974,36.727248999669939],[138.43431789818109,36.727290669638577],[138.43438039824667,36.727290669670197],[138.4343803982155,36.727248999701473],[138.43444289828113,36.727248999733007],[138.43444289831231,36.727290669701816],[138.43444289834349,36.727332329670617]]]},"properties":{"FID":61,"A31_201":"8404030649","A31_202":"角間川","A31_203":20,"A31_204":"長野県","A31_205":1,"A31_206":" ","A31_207":" ","A31_208":" "}},{"type":"Feature","id":62,"geometry":{"type":"Polygon","coordinates":[[[138.43544289912177,36.726957330447831],[138.43550539918795,36.726957330478832],[138.43550539921796,36.726999000448885],[138.435505399248,36.727040670419029],[138.43556789931401,36.727040670450201],[138.43556789934394,36.72708233042016],[138.43563039940994,36.727082330451424],[138.43563039943979,36.727124000421654],[138.43569289950571,36.727124000452918],[138.43569289953555,36.727165670422977],[138.43575539960139,36.727165670454411],[138.43575539963106,36.727207330424733],[138.43581789969681,36.727207330456174],[138.43581789972637,36.727249000426667],[138.43575539966082,36.72724900039514],[138.43575539969055,36.727290670365278],[138.43575539972022,36.727332330335599],[138.43575539974998,36.727374000305829],[138.43581789981536,36.727374000337534],[138.43581789984503,36.727415670307948],[138.43581789987462,36.727457330278263],[138.43575539980941,36.727457330246381],[138.43569289974403,36.727457330214492],[138.43569289971427,36.727415670244355],[138.43563039964886,36.727415670212551],[138.43563039961901,36.727374000242321],[138.43563039958909,36.727332330272276],[138.43563039955924,36.727290670302132],[138.43569289962491,36.727290670333751],[138.43569289959507,36.727249000363614],[138.4356303995294,36.72724900033208],[138.43556789946365,36.727249000300546],[138.43550539939801,36.727249000269019],[138.435505399368,36.727207330298967],[138.43550539933796,36.72716567032883],[138.43544289927212,36.727165670297474],[138.4354428992421,36.727124000327692],[138.43544289921201,36.727082330357632],[138.43544289918191,36.727040670387851],[138.43544289915187,36.726999000417798],[138.43544289912177,36.726957330447831]]]},"properties":{"FID":62,"A31_201":"8404030649","A31_202":"角間川","A31_203":20,"A31_204":"長野県","A31_205":1,"A31_206":" ","A31_207":" ","A31_208":" "}},{"type":"Feature","id":63,"geometry":{"type":"Polygon","coordinates":[[[138.43244289634589,36.727457328556973],[138.43244289637926,36.72749899852365],[138.43238039631404,36.727498998491676],[138.43238039628068,36.727457328525091],[138.43244289634589,36.727457328556973]]]},"properties":{"FID":63,"A31_201":"8404030649","A31_202":"角間川","A31_203":20,"A31_204":"長野県","A31_205":1,"A31_206":" ","A31_207":" ","A31_208":" "}},{"type":"Feature","id":64,"geometry":{"type":"Polygon","coordinates":[[[138.43281789673804,36.727457328748287],[138.43288039680334,36.727457328780083],[138.43288039683628,36.727498998747208],[138.43281789677098,36.727498998715319],[138.43281789673804,36.727457328748287]]]},"properties":{"FID":64,"A31_201":"8404030649","A31_202":"角間川","A31_203":20,"A31_204":"長野県","A31_205":1,"A31_206":" ","A31_207":" ","A31_208":" "}},{"type":"Feature","id":65,"geometry":{"type":"Polygon","coordinates":[[[138.43419289814409,36.727415669481047],[138.43419289817564,36.727457329449507],[138.43419289820707,36.727498999418046],[138.43413039814178,36.727498999386071],[138.43413039811026,36.727457329417618],[138.43413039807871,36.727415669449258],[138.43419289814409,36.727415669481047]]]},"properties":{"FID":65,"A31_201":"8404030649","A31_202":"角間川","A31_203":20,"A31_204":"長野県","A31_205":1,"A31_206":" ","A31_207":" ","A31_208":" "}},{"type":"Feature","id":66,"geometry":{"type":"Polygon","coordinates":[[[138.43119289503898,36.727457327919524],[138.43119289507379,36.727498997884695],[138.43119289510852,36.727540667850036],[138.43113039504331,36.727540667817976],[138.43113039500849,36.727498997852805],[138.43113039497359,36.727457327887642],[138.43119289503898,36.727457327919524]]]},"properties":{"FID":66,"A31_201":"8404030649","A31_202":"角間川","A31_203":20,"A31_204":"長野県","A31_205":1,"A31_206":" ","A31_207":" ","A31_208":" "}},{"type":"Feature","id":67,"geometry":{"type":"Polygon","coordinates":[[[138.43250539647789,36.727540668522302],[138.43250539651117,36.727582328488893],[138.43244289644605,36.727582328456826],[138.43244289641268,36.727540668490327],[138.43250539647789,36.727540668522302]]]},"properties":{"FID":67,"A31_201":"8404030649","A31_202":"角間川","A31_203":20,"A31_204":"長野県","A31_205":1,"A31_206":" ","A31_207":" ","A31_208":" "}},{"type":"Feature","id":68,"geometry":{"type":"Polygon","coordinates":[[[138.43544289927212,36.727165670297474],[138.43544289930216,36.727207330267433],[138.43544289933226,36.727249000237492],[138.43544289936239,36.727290670207367],[138.4354428993924,36.727332330177326],[138.4354428994225,36.727374000147108],[138.43550539948797,36.727374000178912],[138.43550539951801,36.727415670148957],[138.43550539954794,36.727457330118838],[138.43550539957795,36.727499000088883],[138.43550539960796,36.727540670058943],[138.43544289954275,36.727540670026968],[138.43544289957279,36.727582329996835],[138.43538039950766,36.72758232996469],[138.43538039947754,36.727540669994994],[138.43538039944735,36.727499000025027],[138.43531789938206,36.727498999993053],[138.43531789935193,36.72745733002327],[138.43531789932166,36.727415670053574],[138.43531789929145,36.727374000083699],[138.43531789926126,36.72733233011391],[138.43531789923105,36.727290670144129],[138.43531789920087,36.727249000174425],[138.43531789917066,36.72720733020455],[138.43531789914047,36.727165670234683],[138.43538039920631,36.727165670266032],[138.43544289927212,36.727165670297474]]]},"properties":{"FID":68,"A31_201":"8404030649","A31_202":"角間川","A31_203":20,"A31_204":"長野県","A31_205":1,"A31_206":" ","A31_207":" ","A31_208":" "}},{"type":"Feature","id":69,"geometry":{"type":"Polygon","coordinates":[[[138.43038039433216,36.727623997362485],[138.43038039429646,36.727582327398025],[138.43044289436168,36.727582327430184],[138.4305053944268,36.727582327462244],[138.43050539439128,36.727540667497877],[138.43056789445649,36.727540667529851],[138.43056789442096,36.727498997565306],[138.43056789438552,36.72745732760076],[138.4306303944509,36.727457327632649],[138.43063039448626,36.727498997597195],[138.43069289455156,36.727498997629169],[138.43069289458691,36.727540667593885],[138.43069289462227,36.727582327558522],[138.43063039455714,36.72758232752637],[138.43063039459258,36.727623997491094],[138.43056789452746,36.727623997458942],[138.43050539446233,36.72762399742679],[138.43044289439729,36.727623997394637],[138.43038039433216,36.727623997362485]]]},"properties":{"FID":69,"A31_201":"8404030649","A31_202":"角間川","A31_203":20,"A31_204":"長野県","A31_205":1,"A31_206":" ","A31_207":" ","A31_208":" "}},{"type":"Feature","id":70,"geometry":{"type":"Polygon","coordinates":[[[138.43325539732544,36.72762399884148],[138.43325539729292,36.727582328873915],[138.43325539726044,36.727540668906443],[138.43331789732565,36.727540668938502],[138.43331789735805,36.727582328905982],[138.43331789739048,36.727623998873632],[138.43325539732544,36.72762399884148]]]},"properties":{"FID":70,"A31_201":"8404030649","A31_202":"角間川","A31_203":20,"A31_204":"長野県","A31_205":1,"A31_206":" ","A31_207":" ","A31_208":" "}},{"type":"Feature","id":71,"geometry":{"type":"Polygon","coordinates":[[[138.43038039433216,36.727623997362485],[138.43038039436786,36.727665667326761],[138.43031789430285,36.727665667294524],[138.43031789426712,36.727623997330333],[138.43038039433216,36.727623997362485]]]},"properties":{"FID":71,"A31_201":"8404030649","A31_202":"角間川","A31_203":20,"A31_204":"長野県","A31_205":1,"A31_206":" ","A31_207":" ","A31_208":" "}},{"type":"Feature","id":72,"geometry":{"type":"Polygon","coordinates":[[[138.43256789660961,36.727623998487807],[138.43256789664292,36.727665668454577],[138.43250539657788,36.727665668422333],[138.43250539654457,36.727623998455655],[138.43256789660961,36.727623998487807]]]},"properties":{"FID":72,"A31_201":"8404030649","A31_202":"角間川","A31_203":20,"A31_204":"長野県","A31_205":1,"A31_206":" ","A31_207":" ","A31_208":" "}},{"type":"Feature","id":73,"geometry":{"type":"Polygon","coordinates":[[[138.43325539732544,36.72762399884148],[138.43325539735795,36.727665668809045],[138.43319289729291,36.727665668776808],[138.43319289726031,36.727623998809328],[138.43325539732544,36.72762399884148]]]},"properties":{"FID":73,"A31_201":"8404030649","A31_202":"角間川","A31_203":20,"A31_204":"長野県","A31_205":1,"A31_206":" ","A31_207":" ","A31_208":" "}},{"type":"Feature","id":74,"geometry":{"type":"Polygon","coordinates":[[[138.43281789673804,36.727457328748287],[138.43275539667263,36.727457328716397],[138.43275539670569,36.727498998683345],[138.43275539673874,36.727540668650377],[138.43275539677185,36.727582328617231],[138.43275539680491,36.727623998584264],[138.43275539683793,36.727665668551211],[138.43275539687099,36.727707328518065],[138.43269289680603,36.72770732848582],[138.43263039674108,36.727707328453491],[138.43263039670788,36.727665668486814],[138.43263039667474,36.72762399851996],[138.43256789660961,36.727623998487807],[138.43256789657639,36.727582328520953],[138.43256789654311,36.727540668554369],[138.43256789650988,36.727498998587507],[138.43250539644458,36.727498998555532],[138.43250539641119,36.727457328588855],[138.43256789647657,36.727457328620744],[138.43256789644335,36.727415668654068],[138.43256789641003,36.727373998687298],[138.43250539634457,36.727373998655509],[138.43250539631126,36.727332328688917],[138.43256789637684,36.727332328720621],[138.43263039644239,36.727332328752333],[138.43269289650794,36.727332328783952],[138.43269289647483,36.727290668817005],[138.43275539654047,36.727290668848624],[138.43275539657353,36.727332328815571],[138.43275539660658,36.727373998782511],[138.43275539663961,36.727415668749543],[138.43281789670507,36.727415668781347],[138.43281789673804,36.727457328748287]]]},"properties":{"FID":74,"A31_201":"8404030649","A31_202":"角間川","A31_203":20,"A31_204":"長野県","A31_205":1,"A31_206":" ","A31_207":" ","A31_208":" "}},{"type":"Feature","id":75,"geometry":{"type":"Polygon","coordinates":[[[138.43031789430285,36.727665667294524],[138.43031789433863,36.727707327258713],[138.43031789437441,36.727748997222989],[138.43025539430948,36.727748997190659],[138.43025539427367,36.727707327226383],[138.43025539423789,36.727665667262372],[138.43031789430285,36.727665667294524]]]},"properties":{"FID":75,"A31_201":"8404030649","A31_202":"角間川","A31_203":20,"A31_204":"長野県","A31_205":1,"A31_206":" ","A31_207":" ","A31_208":" "}},{"type":"Feature","id":76,"geometry":{"type":"Polygon","coordinates":[[[138.43263039674108,36.727707328453491],[138.4326303967743,36.727748998420438],[138.43256789670946,36.727748998388016],[138.43256789667615,36.727707328421246],[138.43263039674108,36.727707328453491]]]},"properties":{"FID":76,"A31_201":"8404030649","A31_202":"角間川","A31_203":20,"A31_204":"長野県","A31_205":1,"A31_206":" ","A31_207":" ","A31_208":" "}},{"type":"Feature","id":77,"geometry":{"type":"Polygon","coordinates":[[[138.43544289957279,36.727582329996835],[138.435505399638,36.727582330028902],[138.43550539966793,36.727623999998954],[138.43550539969794,36.727665669969007],[138.43550539972796,36.72770732993888],[138.43544289966303,36.727707329906636],[138.43538039959807,36.727707329874306],[138.43538039962829,36.727748999844273],[138.43531789956333,36.727748999811944],[138.43525539949846,36.727748999779521],[138.43525539946819,36.727707329809739],[138.43519289940332,36.727707329777502],[138.43513039933839,36.727707329745172],[138.43513039930801,36.727665669775647],[138.43519289937305,36.727665669807891],[138.43519289934267,36.727623999838194],[138.43513039927763,36.727623999806042],[138.43513039924716,36.727582329836345],[138.4351303992168,36.727540669866912],[138.43506789915159,36.727540669834852],[138.43506789912101,36.727498999865247],[138.4350053990558,36.727498999833358],[138.43500539902516,36.727457329863839],[138.43500539899469,36.727415669894498],[138.43494289892922,36.727415669862701],[138.43494289889858,36.727373999893274],[138.43494289886794,36.727332329923925],[138.43494289883731,36.727290669954499],[138.43488039877172,36.727290669922965],[138.434880398741,36.727248999953716],[138.43488039871028,36.727207329984374],[138.43494289877611,36.727207330015816],[138.43494289874548,36.727165670046389],[138.43488039867964,36.727165670014941],[138.43488039871028,36.727207329984374],[138.43481789864452,36.727207329952847],[138.4348178986138,36.727165669983592],[138.43475539854796,36.72716566995215],[138.43475539851715,36.727123999983164],[138.43475539848623,36.727082330013914],[138.43475539845542,36.727040670044836],[138.43475539842458,36.72699900007558],[138.43475539839378,36.72695733010633],[138.43475539836294,36.726915670137259],[138.43475539833213,36.726874000168003],[138.43481789839842,36.726874000198912],[138.43481789842923,36.726915670168253],[138.43481789845995,36.726957330137417],[138.43488039852616,36.726957330168503],[138.43488039855688,36.726999000137752],[138.43494289862298,36.726999000168931],[138.43494289859234,36.726957330199497],[138.43500539865852,36.726957330230498],[138.43500539862796,36.726915670261157],[138.43506789869426,36.726915670292158],[138.43513039876052,36.726915670323152],[138.4351303987909,36.72695733029267],[138.43519289885711,36.726957330323671],[138.43519289888746,36.726999000293361],[138.43519289891785,36.727040670263065],[138.43519289894815,36.727082330232669],[138.43513039888211,36.727082330201405],[138.43513039891258,36.727124000171102],[138.43506789884665,36.727124000139753],[138.43506789887721,36.727165670109088],[138.43506789890768,36.727207330078699],[138.43500539884184,36.727207330047257],[138.43500539887239,36.727249000016776],[138.43500539890294,36.727290669986118],[138.4350053989335,36.727332329955637],[138.43500539896405,36.727373999924978],[138.43506789902963,36.727373999956683],[138.4350678990601,36.727415669926295],[138.43506789909057,36.727457329895728],[138.43513039915595,36.72745732992761],[138.43513039912548,36.727415669958091],[138.4351303990951,36.727373999988487],[138.4351928991606,36.727374000020191],[138.43519289919095,36.727415669989888],[138.43519289922125,36.727457329959492],[138.43519289925163,36.727498999929196],[138.43519289928201,36.727540669898886],[138.43519289931228,36.727582329868497],[138.43525539937733,36.727582329900557],[138.43531789944254,36.727582329932623],[138.43538039950766,36.72758232996469],[138.43538039953776,36.72762399993465],[138.43538039956798,36.727665669904525],[138.43544289963299,36.727665669936769],[138.43544289960289,36.727623999966802],[138.43544289957279,36.727582329996835]],[[138.43481789855224,36.727082330045178],[138.43488039861825,36.727082330076442],[138.43494289868426,36.727082330107613],[138.43494289865362,36.727040670138365],[138.43488039858752,36.727040670107186],[138.43481789852152,36.727040670076008],[138.43481789855224,36.727082330045178]]]},"properties":{"FID":77,"A31_201":"8404030649","A31_202":"角間川","A31_203":20,"A31_204":"長野県","A31_205":1,"A31_206":" ","A31_207":" ","A31_208":" "}},{"type":"Feature","id":78,"geometry":{"type":"Polygon","coordinates":[[[138.43025539430948,36.727748997190659],[138.43025539434535,36.727790667154679],[138.43019289428051,36.727790667122257],[138.43013039421584,36.727790667089835],[138.43013039417986,36.727748997125914],[138.43019289424461,36.727748997158329],[138.43025539430948,36.727748997190659]]]},"properties":{"FID":78,"A31_201":"8404030649","A31_202":"角間川","A31_203":20,"A31_204":"長野県","A31_205":1,"A31_206":" ","A31_207":" ","A31_208":" "}},{"type":"Feature","id":79,"geometry":{"type":"Polygon","coordinates":[[[138.43275539687099,36.727707328518065],[138.43281789693592,36.727707328550395],[138.43281789696888,36.727748998517512],[138.43281789700191,36.727790668484367],[138.43275539693707,36.727790668451945],[138.43275539690401,36.727748998485097],[138.43275539687099,36.727707328518065]]]},"properties":{"FID":79,"A31_201":"8404030649","A31_202":"角間川","A31_203":20,"A31_204":"長野県","A31_205":1,"A31_206":" ","A31_207":" ","A31_208":" "}},{"type":"Feature","id":80,"geometry":{"type":"Polygon","coordinates":[[[138.43356789771499,36.727707328937903],[138.43356789774717,36.727748998905824],[138.43356789777931,36.727790668873482],[138.43350539771464,36.72779066884106],[138.43350539768247,36.727748998873409],[138.43350539765024,36.727707328905574],[138.43356789771499,36.727707328937903]]]},"properties":{"FID":80,"A31_201":"8404030649","A31_202":"角間川","A31_203":20,"A31_204":"長野県","A31_205":1,"A31_206":" ","A31_207":" ","A31_208":" "}},{"type":"Feature","id":81,"geometry":{"type":"Polygon","coordinates":[[[138.43013039421584,36.727790667089835],[138.43013039425179,36.727832327053939],[138.43006789418712,36.727832327021432],[138.43006789415105,36.72779066705742],[138.43013039421584,36.727790667089835]]]},"properties":{"FID":81,"A31_201":"8404030649","A31_202":"角間川","A31_203":20,"A31_204":"長野県","A31_205":1,"A31_206":" ","A31_207":" ","A31_208":" "}},{"type":"Feature","id":82,"geometry":{"type":"Polygon","coordinates":[[[138.43356789777931,36.727790668873482],[138.43363039784415,36.727790668905982],[138.43363039787624,36.727832328873902],[138.43356789781146,36.727832328841487],[138.43356789777931,36.727790668873482]]]},"properties":{"FID":82,"A31_201":"8404030649","A31_202":"角間川","A31_203":20,"A31_204":"長野県","A31_205":1,"A31_206":" ","A31_207":" ","A31_208":" "}},{"type":"Feature","id":83,"geometry":{"type":"Polygon","coordinates":[[[138.43006789418712,36.727832327021432],[138.4300678942231,36.727873996985352],[138.43000539415848,36.727873996952759],[138.43000539412236,36.727832326988924],[138.43006789418712,36.727832327021432]]]},"properties":{"FID":83,"A31_201":"8404030649","A31_202":"角間川","A31_203":20,"A31_204":"長野県","A31_205":1,"A31_206":" ","A31_207":" ","A31_208":" "}},{"type":"Feature","id":84,"geometry":{"type":"Polygon","coordinates":[[[138.43319289735803,36.727748998711668],[138.43325539742295,36.727748998743998],[138.43331789748783,36.727748998776327],[138.4333178974554,36.727707328808677],[138.43338039752035,36.727707328841007],[138.43338039748792,36.727665668873442],[138.43344289755296,36.727665668905679],[138.43344289758528,36.727707328873336],[138.43344289761754,36.727748998841079],[138.43344289764985,36.727790668808638],[138.43344289768211,36.727832328776472],[138.43344289771443,36.727873998744037],[138.43338039764976,36.72787399871153],[138.43331789758508,36.72787399867893],[138.4332553975205,36.727873998646338],[138.4332553974879,36.72783232867895],[138.4331928974232,36.727832328646443],[138.4331928973906,36.727790668678963],[138.43319289735803,36.727748998711668]]]},"properties":{"FID":84,"A31_201":"8404030649","A31_202":"角間川","A31_203":20,"A31_204":"長野県","A31_205":1,"A31_206":" ","A31_207":" ","A31_208":" "}},{"type":"Feature","id":85,"geometry":{"type":"Polygon","coordinates":[[[138.43381789800668,36.727748999035228],[138.43375539794181,36.727748999002898],[138.43375539797378,36.727790668970826],[138.43375539800567,36.727832328938916],[138.43375539803765,36.727873998906929],[138.43369289797297,36.72787399887433],[138.433692897941,36.727832328906416],[138.43369289790894,36.727790668938404],[138.43369289787697,36.727748998970569],[138.43369289784491,36.72770732900247],[138.43363039777995,36.727707328970141],[138.43356789771499,36.727707328937903],[138.43356789768285,36.727665668970161],[138.4335678976507,36.72762399900224],[138.43356789761856,36.72758232903432],[138.43363039768377,36.727582329066379],[138.43369289774887,36.727582329098446],[138.43369289778087,36.727623999066545],[138.43375539784597,36.727623999098697],[138.43375539787795,36.727665669066795],[138.4338178979429,36.727665669099039],[138.43381789797479,36.727707329067044],[138.43381789800668,36.727748999035228]]]},"properties":{"FID":85,"A31_201":"8404030649","A31_202":"角間川","A31_203":20,"A31_204":"長野県","A31_205":1,"A31_206":" ","A31_207":" ","A31_208":" "}},{"type":"Feature","id":86,"geometry":{"type":"Polygon","coordinates":[[[138.4339428981682,36.727790669068078],[138.43394289819989,36.727832329036445],[138.43394289823161,36.727873999004629],[138.43388039816702,36.727873998972029],[138.43388039813513,36.727832329003931],[138.43381789807046,36.727832328971431],[138.43381789803857,36.727790669003241],[138.43381789800668,36.727748999035228],[138.43388039807152,36.72774899906765],[138.43388039810341,36.727790669035656],[138.4339428981682,36.727790669068078]]]},"properties":{"FID":86,"A31_201":"8404030649","A31_202":"角間川","A31_203":20,"A31_204":"長野県","A31_205":1,"A31_206":" ","A31_207":" ","A31_208":" "}},{"type":"Feature","id":87,"geometry":{"type":"Polygon","coordinates":[[[138.43000539415848,36.727873996952759],[138.43000539419455,36.727915666916687],[138.42994289412997,36.727915666884087],[138.42994289409381,36.727873996920167],[138.43000539415848,36.727873996952759]]]},"properties":{"FID":87,"A31_201":"8404030649","A31_202":"角間川","A31_203":20,"A31_204":"長野県","A31_205":1,"A31_206":" ","A31_207":" ","A31_208":" "}},{"type":"Feature","id":88,"geometry":{"type":"Polygon","coordinates":[[[138.43269289693853,36.727873998353239],[138.43269289697167,36.727915668320179],[138.43263039690709,36.727915668287586],[138.4325678968425,36.727915668254902],[138.43256789680919,36.727873998288047],[138.43263039687386,36.727873998320646],[138.43263039684064,36.727832328353969],[138.43263039680753,36.727790668387023],[138.43269289687228,36.72779066841953],[138.43269289690542,36.727832328386469],[138.43269289693853,36.727873998353239]]]},"properties":{"FID":88,"A31_201":"8404030649","A31_202":"角間川","A31_203":20,"A31_204":"長野県","A31_205":1,"A31_206":" ","A31_207":" ","A31_208":" "}},{"type":"Feature","id":89,"geometry":{"type":"Polygon","coordinates":[[[138.43469289866749,36.727415669735514],[138.43475539873296,36.727415669767311],[138.43475539876368,36.727457329736382],[138.4348178988291,36.727457329768271],[138.43481789879837,36.727415669799107],[138.43488039886375,36.727415669830904],[138.43488039889448,36.72745732980016],[138.4348803989252,36.727498999769409],[138.43488039895584,36.727540669738843],[138.43488039898659,36.727582329708092],[138.43494289905169,36.727582329740159],[138.43494289908236,36.727623999709586],[138.43500539914749,36.727623999741738],[138.43500539917801,36.727665669711257],[138.43500539920859,36.727707329680598],[138.43506789927343,36.727707329712842],[138.43506789930399,36.727748999682447],[138.43506789933446,36.727790669651881],[138.43506789936492,36.727832329621485],[138.43500539930022,36.727832329588978],[138.43500539933081,36.727873999558319],[138.4349428992661,36.727873999525727],[138.43488039920143,36.727873999493127],[138.43481789913676,36.72787399946062],[138.43475539907206,36.727873999428027],[138.43469289900739,36.727873999395428],[138.43469289903831,36.727915669364592],[138.43463039897381,36.727915669331992],[138.43463039894289,36.72787399936292],[138.43456789887821,36.727873999330328],[138.43456789884712,36.727832329361426],[138.43450539878245,36.727832329328919],[138.43450539875127,36.727790669359933],[138.43450539872018,36.72774899939121],[138.43450539868911,36.72770732942223],[138.43450539865802,36.727665669453415],[138.43450539862684,36.727623999484521],[138.4344428985618,36.727623999452369],[138.43444289853062,36.727582329483468],[138.43444289849947,36.727540669514752],[138.43444289846821,36.727498999545858],[138.4345053985335,36.72749899957774],[138.43450539850241,36.727457329608839],[138.43450539847132,36.727415669640038],[138.43456789853678,36.727415669671828],[138.43456789856779,36.727457329640728],[138.4345678985988,36.727498999609715],[138.43456789862989,36.727540669578786],[138.43450539856468,36.727540669546727],[138.43450539859575,36.727582329515535],[138.43456789866087,36.727582329547687],[138.43456789869197,36.727623999516673],[138.43463039875701,36.727623999548825],[138.43463039878799,36.727665669517904],[138.43469289885294,36.727665669550142],[138.43469289888384,36.727707329519127],[138.43475539894871,36.727707329551457],[138.4347553989796,36.727748999520713],[138.43475539901044,36.727790669489693],[138.43469289894566,36.727790669457278],[138.43469289897649,36.727832329426441],[138.43475539904125,36.727832329458948],[138.43475539901044,36.727790669489693],[138.4348178990752,36.727790669522115],[138.43488039914007,36.727790669554537],[138.43488039917071,36.727832329523963],[138.43494289923547,36.72783232955647],[138.43494289920483,36.727790669586952],[138.43488039914007,36.727790669554537],[138.43488039910932,36.727748999585373],[138.43488039907868,36.727707329616024],[138.43488039904796,36.727665669646775],[138.43488039901723,36.727623999677434],[138.43481789895219,36.727623999645282],[138.43481789892138,36.72758232967594],[138.43481789889063,36.727540669706869],[138.43475539882542,36.727540669674802],[138.43475539879461,36.727498999705546],[138.43469289872931,36.727498999673571],[138.43469289869839,36.7274573297045],[138.43469289866749,36.727415669735514]]]},"properties":{"FID":89,"A31_201":"8404030649","A31_202":"角間川","A31_203":20,"A31_204":"長野県","A31_205":1,"A31_206":" ","A31_207":" ","A31_208":" "}},{"type":"Feature","id":90,"geometry":{"type":"Polygon","coordinates":[[[138.43244289678012,36.7279989981228],[138.43244289674672,36.727957328156123],[138.43250539681122,36.727957328188808],[138.43256789687572,36.727957328221493],[138.43256789690901,36.72799899818834],[138.43250539684453,36.72799899815557],[138.43244289678012,36.7279989981228]]]},"properties":{"FID":90,"A31_201":"8404030649","A31_202":"角間川","A31_203":20,"A31_204":"長野県","A31_205":1,"A31_206":" ","A31_207":" ","A31_208":" "}},{"type":"Feature","id":91,"geometry":{"type":"Polygon","coordinates":[[[138.4345678989713,36.727998999237194],[138.43456789900239,36.728040669206266],[138.43450539893797,36.72804066917341],[138.43450539890688,36.727998999204416],[138.4345678989713,36.727998999237194]]]},"properties":{"FID":91,"A31_201":"8404030649","A31_202":"角間川","A31_203":20,"A31_204":"長野県","A31_205":1,"A31_206":" ","A31_207":" ","A31_208":" "}},{"type":"Feature","id":92,"geometry":{"type":"Polygon","coordinates":[[[138.43388039816702,36.727873998972029],[138.4338803981988,36.727915668940312],[138.4338803982306,36.727957328908403],[138.4339428982951,36.727957328941088],[138.43394289832682,36.727998998909456],[138.43394289835862,36.728040668877824],[138.43394289839031,36.728082328846007],[138.43388039832598,36.728082328813059],[138.43388039829421,36.728040668844955],[138.4338803982624,36.727998998876686],[138.4338178981979,36.727998998843908],[138.4338178981661,36.727957328875632],[138.43381789813421,36.727915668907713],[138.43375539806962,36.727915668875028],[138.43375539803765,36.727873998906929],[138.43381789810232,36.727873998939437],[138.43388039816702,36.727873998972029]]]},"properties":{"FID":92,"A31_201":"8404030649","A31_202":"角間川","A31_203":20,"A31_204":"長野県","A31_205":1,"A31_206":" ","A31_207":" ","A31_208":" "}},{"type":"Feature","id":93,"geometry":{"type":"Polygon","coordinates":[[[138.43444289887356,36.72804066914054],[138.43444289890473,36.728082329109263],[138.4343803988404,36.7280823290764],[138.43438039880922,36.728040669107685],[138.43444289887356,36.72804066914054]]]},"properties":{"FID":93,"A31_201":"8404030649","A31_202":"角間川","A31_203":20,"A31_204":"長野県","A31_205":1,"A31_206":" ","A31_207":" ","A31_208":" "}},{"type":"Feature","id":94,"geometry":{"type":"Polygon","coordinates":[[[138.42994289412997,36.727915666884087],[138.42994289416612,36.727957326847744],[138.42994289420236,36.727998996811664],[138.43000539426677,36.727998996844441],[138.43000539430292,36.728040666808454],[138.43000539433905,36.728082326772196],[138.43000539437512,36.728123996736123],[138.4299428943109,36.728123996703175],[138.42988039424665,36.728123996670135],[138.42981789418241,36.72812399663718],[138.4297553941181,36.728123996604225],[138.42969289405386,36.728123996571185],[138.42963039398961,36.728123996538237],[138.42963039395312,36.728082326574757],[138.42969289401745,36.72808232660762],[138.42969289398093,36.728040666644141],[138.42975539404534,36.728040666677003],[138.42975539400894,36.727998996713346],[138.42981789407344,36.727998996746123],[138.42981789403711,36.727957326782374],[138.42988039410162,36.727957326815059],[138.42988039406538,36.727915666851402],[138.42994289412997,36.727915666884087]]]},"properties":{"FID":94,"A31_201":"8404030649","A31_202":"角間川","A31_203":20,"A31_204":"長野県","A31_205":1,"A31_206":" ","A31_207":" ","A31_208":" "}},{"type":"Feature","id":95,"geometry":{"type":"Polygon","coordinates":[[[138.43406789798181,36.727373999448915],[138.43406789801341,36.727415669417454],[138.43400539794803,36.727415669385664],[138.43400539797963,36.727457329353847],[138.43406789804504,36.727457329385729],[138.43406789807665,36.727498999354182],[138.43400539801135,36.727498999322208],[138.43394289794605,36.727498999290326],[138.43394289791425,36.727457329321965],[138.43388039784895,36.727457329290075],[138.43388039788076,36.727498999258351],[138.43388039791256,36.727540669226627],[138.43388039794434,36.727582329194725],[138.43394289800946,36.727582329226792],[138.43394289804127,36.727623999195153],[138.43400539810631,36.727623999227305],[138.434005398138,36.727665669195673],[138.43406789820304,36.72766566922791],[138.43406789817141,36.727623999259457],[138.4340678981398,36.727582329291003],[138.43413039820484,36.72758232932307],[138.43413039823636,36.727623999291609],[138.43419289830149,36.727623999323761],[138.43419289826997,36.72758232935513],[138.43425539833518,36.727582329387189],[138.43425539836653,36.727623999355913],[138.43425539839797,36.727665669324544],[138.43419289833292,36.727665669292307],[138.43419289836436,36.727707329260753],[138.43425539842931,36.727707329293082],[138.43425539846066,36.727748999261806],[138.43431789852553,36.727748999294136],[138.43431789855688,36.727790669262674],[138.43431789858823,36.727832329231489],[138.43438039865291,36.727832329263904],[138.43444289871769,36.727832329296412],[138.43444289874884,36.727873999265221],[138.43438039868417,36.727873999232628],[138.43438039871543,36.727915669201437],[138.43431789865085,36.727915669168837],[138.4343178986195,36.727873999200028],[138.43425539855482,36.727873999167429],[138.43419289849024,36.727873999134928],[138.43419289852167,36.727915669103552],[138.43419289855311,36.72795732907192],[138.43419289858454,36.727998999040551],[138.43425539864904,36.727998999073321],[138.43425539868042,36.728040669042045],[138.43425539871177,36.72808232901059],[138.43431789877616,36.728082329043445],[138.43431789880742,36.728123999012169],[138.4342553987432,36.728123998979214],[138.43425539877455,36.728165668947852],[138.43419289871042,36.728165668914812],[138.43419289867896,36.728123998946174],[138.43419289864752,36.728082328977635],[138.43413039858319,36.72808232894468],[138.43413039855167,36.72804066897632],[138.43406789848734,36.728040668943457],[138.43406789845574,36.727998998975004],[138.43406789842419,36.72795732900655],[138.43406789839258,36.727915669038275],[138.43413039845709,36.727915669070867],[138.43413039842554,36.727873999102329],[138.43413039839402,36.72783232913396],[138.43406789832935,36.72783232910146],[138.43406789836095,36.727873999069729],[138.43400539829628,36.727873999037229],[138.43400539826467,36.727832329068946],[138.43400539823296,36.7277906691005],[138.4339428981682,36.727790669068078],[138.43394289813648,36.72774899909998],[138.43394289810468,36.727707329131619],[138.43388039803972,36.727707329099374],[138.43388039800794,36.727665669131184],[138.43388039797614,36.727623999163001],[138.4338178979111,36.727623999130849],[138.43381789787921,36.727582329162658],[138.43381789784735,36.727540669194568],[138.43375539778214,36.727540669162593],[138.43375539775013,36.727498999194495],[138.43381789781546,36.727498999226377],[138.43381789778357,36.727457329258279],[138.43381789775168,36.727415669290181],[138.43388039781715,36.727415669321978],[138.43394289788256,36.727415669353775],[138.43394289785084,36.727373999385499],[138.43400539791631,36.72737399941721],[138.43406789798181,36.727373999448915]]]},"properties":{"FID":95,"A31_201":"8404030649","A31_202":"角間川","A31_203":20,"A31_204":"長野県","A31_205":1,"A31_206":" ","A31_207":" ","A31_208":" "}},{"type":"Feature","id":96,"geometry":{"type":"Polygon","coordinates":[[[138.43050539492452,36.728165666964543],[138.43050539496014,36.72820732692891],[138.430442894896,36.728207326895784],[138.43044289486039,36.728165666931503],[138.43050539492452,36.728165666964543]]]},"properties":{"FID":96,"A31_201":"8404030649","A31_202":"角間川","A31_203":20,"A31_204":"長野県","A31_205":1,"A31_206":" ","A31_207":" ","A31_208":" "}},{"type":"Feature","id":97,"geometry":{"type":"Polygon","coordinates":[[[138.43181789627215,36.728165667658743],[138.43181789630626,36.728207327624531],[138.4317553962421,36.728207327591406],[138.4317553962079,36.728165667625618],[138.43181789627215,36.728165667658743]]]},"properties":{"FID":97,"A31_201":"8404030649","A31_202":"角間川","A31_203":20,"A31_204":"長野県","A31_205":1,"A31_206":" ","A31_207":" ","A31_208":" "}},{"type":"Feature","id":98,"geometry":{"type":"Polygon","coordinates":[[[138.43294289745998,36.728207328220769],[138.43288039739585,36.728207328187636],[138.43288039736296,36.728165668220697],[138.43294289742713,36.728165668253737],[138.43294289745998,36.728207328220769]]]},"properties":{"FID":98,"A31_201":"8404030649","A31_202":"角間川","A31_203":20,"A31_204":"長野県","A31_205":1,"A31_206":" ","A31_207":" ","A31_208":" "}},{"type":"Feature","id":99,"geometry":{"type":"Polygon","coordinates":[[[138.43381789832543,36.728165668716478],[138.43388039838959,36.728165668749519],[138.43388039842139,36.728207328717616],[138.43381789835732,36.728207328684576],[138.43381789832543,36.728165668716478]]]},"properties":{"FID":99,"A31_201":"8404030649","A31_202":"角間川","A31_203":20,"A31_204":"長野県","A31_205":1,"A31_206":" ","A31_207":" ","A31_208":" "}},{"type":"Feature","id":100,"geometry":{"type":"Polygon","coordinates":[[[138.43394289839031,36.728082328846007],[138.43400539845464,36.72808232887887],[138.43400539848636,36.728123998847238],[138.43406789855058,36.728123998880186],[138.4340678985821,36.728165668848732],[138.43406789861373,36.728207328817007],[138.43400539854957,36.728207328783874],[138.43400539851797,36.728165668815691],[138.43394289845384,36.728165668782559],[138.43394289842203,36.728123998814283],[138.43394289839031,36.728082328846007]]]},"properties":{"FID":100,"A31_201":"8404030649","A31_202":"角間川","A31_203":20,"A31_204":"長野県","A31_205":1,"A31_206":" ","A31_207":" ","A31_208":" "}},{"type":"Feature","id":101,"geometry":{"type":"Polygon","coordinates":[[[138.42938039387994,36.728290666259014],[138.42931789381598,36.72829066622571],[138.42931789377911,36.728248996262764],[138.42938039384316,36.728248996295981],[138.42938039387994,36.728290666259014]]]},"properties":{"FID":101,"A31_201":"8404030649","A31_202":"角間川","A31_203":20,"A31_204":"長野県","A31_205":1,"A31_206":" ","A31_207":" ","A31_208":" "}},{"type":"Feature","id":102,"geometry":{"type":"Polygon","coordinates":[[[138.42963039398961,36.728123996538237],[138.42963039402613,36.728165666501809],[138.42963039406271,36.728207326465196],[138.42963039409923,36.728248996428675],[138.42969289416328,36.728248996461893],[138.42969289419969,36.728290666425281],[138.4296928942361,36.728332326388937],[138.42963039417222,36.728332326355634],[138.42963039420874,36.728373996319206],[138.42956789414504,36.728373996285718],[138.42950539408125,36.728373996252323],[138.42950539404455,36.728332326288935],[138.42944289398068,36.728332326255625],[138.42938039391672,36.72833232622223],[138.42938039387994,36.728290666259014],[138.4294428939439,36.728290666292239],[138.42950539400789,36.728290666325542],[138.42956789407185,36.72829066635876],[138.42956789403524,36.72824899639555],[138.4295053939712,36.728248996362325],[138.42944289390715,36.728248996329114],[138.42944289387046,36.728207326365805],[138.4293803938063,36.728207326332679],[138.42931789374225,36.728207326299554],[138.42931789370539,36.728165666336515],[138.42938039376955,36.728165666369556],[138.42944289383377,36.728165666402596],[138.42950539389793,36.728165666435636],[138.42950539393462,36.728207326398937],[138.42956789399867,36.72820732643207],[138.42956789396206,36.728165666468676],[138.42950539389793,36.728165666435636],[138.42950539386123,36.728123996472249],[138.42956789392548,36.728123996505197],[138.42963039398961,36.728123996538237]]]},"properties":{"FID":102,"A31_201":"8404030649","A31_202":"角間川","A31_203":20,"A31_204":"長野県","A31_205":1,"A31_206":" ","A31_207":" ","A31_208":" "}},{"type":"Feature","id":103,"geometry":{"type":"Polygon","coordinates":[[[138.43388039842139,36.728207328717616],[138.43394289848553,36.728207328750742],[138.43394289851724,36.72824899871911],[138.43394289854905,36.728290668687208],[138.43394289858074,36.728332328655569],[138.43394289861246,36.728373998623937],[138.43388039854867,36.728373998590541],[138.43381789848479,36.728373998557146],[138.433755398421,36.72837399852375],[138.43375539838902,36.728332328555567],[138.43369289832515,36.728332328522256],[138.43369289829315,36.728290668554159],[138.43369289826109,36.728248998586324],[138.43363039819704,36.728248998553198],[138.4336303982291,36.728290668520941],[138.43356789816514,36.728290668487631],[138.43356789813299,36.72824899851998],[138.43356789810082,36.72820732855206],[138.43356789806867,36.728165668584317],[138.43356789803653,36.728123998616311],[138.43356789800438,36.728082328648476],[138.4335678979723,36.728040668680734],[138.43356789794007,36.727998998712813],[138.43350539787573,36.727998998679951],[138.4335053978435,36.727957328712122],[138.43350539781136,36.727915668744465],[138.43356789787578,36.72791566877715],[138.43363039794036,36.727915668809743],[138.43363039797251,36.727957328777578],[138.43369289803701,36.727957328810263],[138.43369289806898,36.727998998778361],[138.43369289810104,36.728040668746374],[138.43375539816546,36.728040668779229],[138.43375539819735,36.728082328747242],[138.43381789826168,36.728082328780104],[138.43381789829357,36.728123998748288],[138.43381789832543,36.728165668716478],[138.43375539826121,36.728165668683438],[138.43375539829319,36.728207328651358],[138.43375539832516,36.728248998619549],[138.43375539835705,36.728290668587462],[138.4338178984211,36.728290668620687],[138.4338178984529,36.728332328588962],[138.43388039851686,36.728332328622265],[138.43388039848506,36.72829066865399],[138.43388039845325,36.728248998685892],[138.43388039842139,36.728207328717616]]]},"properties":{"FID":103,"A31_201":"8404030649","A31_202":"角間川","A31_203":20,"A31_204":"長野県","A31_205":1,"A31_206":" ","A31_207":" ","A31_208":" "}},{"type":"Feature","id":104,"geometry":{"type":"Polygon","coordinates":[[[138.43000539451953,36.72829066659164],[138.43000539448349,36.728248996627897],[138.43000539444733,36.728207326663878],[138.43000539441127,36.728165666700136],[138.43006789447543,36.728165666733176],[138.43013039453956,36.728165666766216],[138.43019289460364,36.728165666799256],[138.43019289463959,36.728207326763268],[138.43025539470364,36.728207326796394],[138.4303178947678,36.728207326829526],[138.43031789480358,36.728248996793894],[138.43038039486757,36.72824899682702],[138.43038039490327,36.72829066679121],[138.43031789483931,36.728290666757907],[138.43031789487509,36.728332326722274],[138.43031789491087,36.728373996686557],[138.4303178949466,36.728415666650747],[138.43025539488281,36.728415666617259],[138.4301928948191,36.728415666583771],[138.43013039475539,36.728415666550291],[138.43006789469169,36.728415666516895],[138.43006789465562,36.728373996552975],[138.43006789461958,36.728332326588955],[138.43006789458352,36.728290666624858],[138.43000539451953,36.72829066659164]]]},"properties":{"FID":104,"A31_201":"8404030649","A31_202":"角間川","A31_203":20,"A31_204":"長野県","A31_205":1,"A31_206":" ","A31_207":" ","A31_208":" "}},{"type":"Feature","id":105,"geometry":{"type":"Polygon","coordinates":[[[138.42956789421822,36.728457326212499],[138.42950539415452,36.728457326178926],[138.42950539411794,36.728415666215625],[138.42956789418173,36.728415666249106],[138.42956789421822,36.728457326212499]]]},"properties":{"FID":105,"A31_201":"8404030649","A31_202":"角間川","A31_203":20,"A31_204":"長野県","A31_205":1,"A31_206":" ","A31_207":" ","A31_208":" "}},{"type":"Feature","id":106,"geometry":{"type":"Polygon","coordinates":[[[138.43294289745998,36.728207328220769],[138.43300539752397,36.728207328253902],[138.43300539755674,36.728248998221197],[138.43300539758951,36.728290668188322],[138.43300539762228,36.728332328155616],[138.43300539765505,36.728373998122919],[138.43300539768791,36.728415668090037],[138.43300539772068,36.728457328057331],[138.43294289765709,36.728457328023765],[138.43288039759338,36.728457327990185],[138.43288039756041,36.728415668023068],[138.43288039752755,36.728373998056128],[138.43281789746368,36.728373998022732],[138.43281789743074,36.728332328055608],[138.43281789739777,36.728290668088491],[138.43288039746176,36.728290668121794],[138.43288039749461,36.728332328088911],[138.43294289755849,36.728332328122306],[138.43294289752563,36.728290668155012],[138.43294289749286,36.728248998187979],[138.43294289745998,36.728207328220769]]]},"properties":{"FID":106,"A31_201":"8404030649","A31_202":"角間川","A31_203":20,"A31_204":"長野県","A31_205":1,"A31_206":" ","A31_207":" ","A31_208":" "}},{"type":"Feature","id":107,"geometry":{"type":"Polygon","coordinates":[[[138.42938039406397,36.72849899607499],[138.42938039402719,36.728457326111865],[138.42938039399036,36.728415666148656],[138.42944289405415,36.728415666182144],[138.4294428940909,36.728457326145445],[138.42944289412759,36.72849899610857],[138.42938039406397,36.72849899607499]]]},"properties":{"FID":107,"A31_201":"8404030649","A31_202":"角間川","A31_203":20,"A31_204":"長野県","A31_205":1,"A31_206":" ","A31_207":" ","A31_208":" "}},{"type":"Feature","id":108,"geometry":{"type":"Polygon","coordinates":[[[138.42956789421822,36.728457326212499],[138.42963039428184,36.728457326246073],[138.42963039431834,36.728498996209467],[138.42956789425489,36.728498996175801],[138.42956789421822,36.728457326212499]]]},"properties":{"FID":108,"A31_201":"8404030649","A31_202":"角間川","A31_203":20,"A31_204":"長野県","A31_205":1,"A31_206":" ","A31_207":" ","A31_208":" "}},{"type":"Feature","id":109,"geometry":{"type":"Polygon","coordinates":[[[138.43250539727785,36.728540667722285],[138.43244289721434,36.72854066768862],[138.43244289724774,36.728582327655118],[138.43238039718437,36.728582327621368],[138.43238039715089,36.728540667654954],[138.43238039711741,36.728498997688277],[138.43238039708393,36.72845732772187],[138.43231789702023,36.728457327688297],[138.43231789698666,36.72841566772189],[138.43231789695318,36.728373997755476],[138.43231789691959,36.728332327788976],[138.43238039698349,36.728332327822287],[138.43238039695001,36.728290667855696],[138.43238039691659,36.728248997889281],[138.43244289698049,36.728248997922506],[138.43244289701389,36.728290667888913],[138.43244289704728,36.72833232785559],[138.43244289708068,36.728373997822267],[138.43250539714455,36.728373997855662],[138.43250539717786,36.728415667822247],[138.43256789724165,36.728415667855735],[138.43256789720834,36.728373997889058],[138.43256789717512,36.728332327922288],[138.43250539711124,36.728332327888893],[138.43250539707785,36.728290667922224],[138.43250539704454,36.728248997955632],[138.43250539701123,36.728207327988954],[138.43250539697792,36.72816566802237],[138.4324428969137,36.728165667989238],[138.43238039684962,36.728165667956198],[138.4323803968831,36.728207327922696],[138.43238039691659,36.728248997889281],[138.43231789685254,36.72824899785607],[138.43231789681897,36.728207327889564],[138.43231789678541,36.728165667923157],[138.43225539672125,36.728165667890117],[138.4322553967549,36.728207327856438],[138.43219289669076,36.728207327823313],[138.43219289672442,36.72824899778972],[138.43225539678849,36.728248997822845],[138.43225539682206,36.728290667789167],[138.4321928967581,36.728290667755864],[138.43213039669411,36.728290667722646],[138.43213039666037,36.728248997756502],[138.43206789659632,36.728248997723284],[138.43200539653233,36.728248997690066],[138.43200539649843,36.728207327723922],[138.43200539646458,36.728165667757864],[138.43206789652874,36.728165667790904],[138.43213039659287,36.728165667824037],[138.4321303965591,36.728123997857622],[138.43219289662343,36.728123997890663],[138.43225539668768,36.728123997923618],[138.432255396654,36.72808232795721],[138.43231789671833,36.728082327990158],[138.43231789668485,36.728040668023752],[138.43238039674918,36.728040668056607],[138.4323803967157,36.727998998090023],[138.43244289678012,36.7279989981228],[138.43244289681351,36.728040668089477],[138.4325053968779,36.728040668122333],[138.43256789694223,36.72804066815511],[138.43256789690901,36.72799899818834],[138.43263039697342,36.727998998221118],[138.43269289703792,36.727998998253895],[138.43269289700481,36.727957328286948],[138.43275539706931,36.727957328319633],[138.43275539710234,36.727998998286665],[138.43281789716684,36.727998998319435],[138.43281789719981,36.72804066828656],[138.43288039726423,36.728040668319423],[138.43288039729708,36.728082328286362],[138.43281789723284,36.728082328253507],[138.43281789726581,36.728123998220539],[138.43281789729875,36.728165668187572],[138.43281789733177,36.728207328154511],[138.43281789736474,36.728248998121629],[138.43275539730067,36.728248998088418],[138.43275539726764,36.728207328121385],[138.43275539723459,36.728165668154531],[138.43275539720156,36.728123998187499],[138.43269289713731,36.728123998154544],[138.4326928971042,36.728082328187597],[138.43263039703987,36.728082328154741],[138.43263039707301,36.728123998121504],[138.43263039710621,36.728165668088451],[138.43263039713943,36.72820732805512],[138.43269289720359,36.728207328088253],[138.43269289723662,36.728248998055285],[138.43269289726976,36.728290668021963],[138.43275539733372,36.728290668055266],[138.43275539736686,36.728332328022304],[138.43275539739989,36.728373997989337],[138.43275539743291,36.728415667956185],[138.43275539746597,36.728457327923131],[138.43281789752967,36.728457327956704],[138.43288039759338,36.728457327990185],[138.43288039762632,36.728498997957217],[138.43281789756261,36.728498997923559],[138.43281789759567,36.728540667890684],[138.43275539753205,36.728540667857018],[138.43275539749902,36.728498997889986],[138.4326928974354,36.728498997856413],[138.43269289740226,36.728457327889558],[138.43263039733856,36.728457327856077],[138.43256789727485,36.728457327822497],[138.43256789730816,36.728498997789174],[138.43250539724454,36.728498997755516],[138.43250539727785,36.728540667722285]],[[138.43250539694452,36.728123998055601],[138.43256789700877,36.728123998088549],[138.43256789697554,36.728082328121786],[138.43250539691121,36.728082328088924],[138.43250539694452,36.728123998055601]]]},"properties":{"FID":109,"A31_201":"8404030649","A31_202":"角間川","A31_203":20,"A31_204":"長野県","A31_205":1,"A31_206":" ","A31_207":" ","A31_208":" "}},{"type":"Feature","id":110,"geometry":{"type":"Polygon","coordinates":[[[138.43288039762632,36.728498997957217],[138.43294289768994,36.728498997990798],[138.4329428977228,36.728540667958093],[138.43294289775557,36.728582327925125],[138.43294289778845,36.728623997892335],[138.432880397725,36.728623997858492],[138.43288039769214,36.728582327891374],[138.43281789762861,36.728582327857623],[138.43281789759567,36.728540667890684],[138.43288039765918,36.728540667924342],[138.43288039762632,36.728498997957217]]]},"properties":{"FID":110,"A31_201":"8404030649","A31_202":"角間川","A31_203":20,"A31_204":"長野県","A31_205":1,"A31_206":" ","A31_207":" ","A31_208":" "}},{"type":"Feature","id":111,"geometry":{"type":"Polygon","coordinates":[[[138.43356789816514,36.728290668487631],[138.43356789819728,36.728332328455643],[138.43356789822951,36.728373998423564],[138.4335678982616,36.728415668391307],[138.43363039832539,36.728415668424788],[138.43363039835745,36.728457328392707],[138.43363039838951,36.728498998360543],[138.43363039842166,36.728540668328549],[138.43363039845372,36.728582328296383],[138.43356789839021,36.728582328262632],[138.43350539832684,36.728582328228882],[138.4335053983591,36.72862399819671],[138.43344289829565,36.728623998162874],[138.43344289826334,36.728582328195131],[138.43338039819989,36.72858232816138],[138.43331789813635,36.728582328127629],[138.43325539807293,36.728582328093879],[138.43325539804042,36.728540668126492],[138.43325539800793,36.728498998158841],[138.43325539797542,36.728457328191453],[138.43319289791171,36.728457328157873],[138.4331928978792,36.728415668190493],[138.4331928978466,36.728373998223105],[138.433192897814,36.728332328255625],[138.43313039775012,36.72833232822223],[138.43313039771752,36.728290668254843],[138.43313039768483,36.728248998287633],[138.43319289774891,36.728248998320765],[138.43319289771631,36.728207328353285],[138.43319289768371,36.728165668385898],[138.4331928976512,36.728123998418425],[138.43313039758687,36.72812399838547],[138.43313039761955,36.728165668352858],[138.43313039765223,36.728207328320153],[138.43313039768483,36.728248998287633],[138.43306789762079,36.728248998254415],[138.4330678975881,36.728207328287027],[138.43306789755542,36.728165668319818],[138.43300539749117,36.728165668286778],[138.4330053974584,36.728123998319475],[138.43300539742563,36.72808232835218],[138.43294289736139,36.728082328319317],[138.43294289732862,36.728040668352193],[138.43294289729576,36.72799899838499],[138.43288039723126,36.727998998352213],[138.43281789716684,36.727998998319435],[138.43281789713382,36.727957328352318],[138.4328803971984,36.727957328385088],[138.43288039716543,36.727915668418149],[138.43281789710085,36.727915668385464],[138.43281789706791,36.727873998418346],[138.43281789703485,36.727832328451484],[138.43281789700191,36.727790668484367],[138.4328803970667,36.727790668516789],[138.43294289713154,36.727790668549204],[138.43294289709868,36.727748998582172],[138.4329428970658,36.727707328614962],[138.43294289703294,36.72766566864793],[138.43294289700009,36.72762399868072],[138.43294289696732,36.72758232871351],[138.43288039690211,36.727582328681358],[138.43288039686925,36.727540668714411],[138.43288039683628,36.727498998747208],[138.43294289690158,36.727498998779183],[138.43294289693446,36.727540668746386],[138.43300539699959,36.727540668778452],[138.43300539696679,36.727498998811157],[138.43300539693402,36.727457328843855],[138.43294289686872,36.727457328811965],[138.43294289683587,36.727415668844941],[138.43288039677049,36.727415668813137],[138.43288039673752,36.727373998845934],[138.43288039670466,36.727332328878987],[138.43288039667172,36.727290668911863],[138.43281789660605,36.727290668880244],[138.43281789657311,36.727248998913304],[138.43281789654014,36.727207328946179],[138.43281789650712,36.727165668979154],[138.43275539644128,36.727165668947706],[138.43269289637544,36.727165668916356],[138.43269289640858,36.727207328883296],[138.43263039634274,36.727207328851861],[138.43263039630961,36.727165668884915],[138.43256789624377,36.727165668853559],[138.43256789621046,36.727123998886974],[138.43256789617715,36.727082328920119],[138.43263039624318,36.727082328951383],[138.43263039621004,36.727040668984706],[138.43256789614395,36.727040668953535],[138.43256789611073,36.726998998986673],[138.43250539604455,36.726998998955594],[138.43250539601124,36.726957328988917],[138.43256789607742,36.726957329019911],[138.43256789604419,36.726915669053234],[138.4326303961104,36.726915669084235],[138.43269289617666,36.726915669115229],[138.43275539624295,36.726915669146223],[138.43275539627598,36.726957329113077],[138.43275539630903,36.726998999080024],[138.43275539634215,36.727040669047057],[138.4327553963752,36.727082329013911],[138.43281789644112,36.727082329045174],[138.43281789647415,36.727123999012292],[138.43288039654007,36.727123999043556],[138.43294289660599,36.727123999074912],[138.43294289657314,36.727082329107617],[138.43294289654028,36.727040669140578],[138.43294289650743,36.726998999173375],[138.43294289647463,36.726957329206158],[138.43294289644177,36.726915669239133],[138.43300539650789,36.726915669270042],[138.43306789657416,36.726915669301036],[138.43306789660684,36.726957329268245],[138.43306789663953,36.726998999235548],[138.43313039670571,36.726998999266719],[138.43313039673831,36.727040669234107],[138.43313039677099,36.727082329201409],[138.43306789670498,36.727082329170145],[138.43306789667221,36.727040669202935],[138.43300539660621,36.727040669171757],[138.43300539663898,36.727082329138881],[138.43300539667175,36.727123999106176],[138.43300539670452,36.727165669073301],[138.43300539673729,36.727207329040596],[138.43306789680312,36.727207329072037],[138.43306789683581,36.727248999039425],[138.43313039690156,36.727248999070952],[138.43313039686888,36.727207329103479],[138.43319289693463,36.727207329135013],[138.43319289690211,36.727165669167448],[138.43313039683628,36.727165669136092],[138.43313039680359,36.727123999168882],[138.43313039677099,36.727082329201409],[138.43319289683691,36.727082329232672],[138.43325539690292,36.727082329263936],[138.43325539687044,36.727040669296457],[138.43325539683792,36.726998999328892],[138.43325539680541,36.726957329361412],[138.43319289673923,36.726957329330332],[138.43319289670671,36.726915669363031],[138.43319289667411,36.726873999395465],[138.43325539674041,36.726873999426374],[138.43325539677301,36.726915669393939],[138.43331789683918,36.72691566942494],[138.43338039690545,36.726915669455934],[138.43344289697174,36.726915669486843],[138.43344289700406,36.726957329454493],[138.43338039693779,36.726957329423499],[138.43338039697022,36.726998999391157],[138.43344289703631,36.726998999422236],[138.43344289706863,36.727040669390071],[138.43344289710089,36.727082329357636],[138.43338039703485,36.727082329326372],[138.43331789696896,36.7270823292952],[138.43331789700136,36.727123999262851],[138.43331789703379,36.727165669230239],[138.43331789706619,36.727207329197896],[138.43338039713203,36.72720732922933],[138.43338039716437,36.727248999197073],[138.43338039719669,36.727290669164645],[138.43344289726235,36.727290669196265],[138.43344289729467,36.727332329163914],[138.43350539736025,36.727332329195619],[138.43350539739239,36.727373999163277],[138.43356789745786,36.727373999195073],[138.43363039752336,36.727373999226785],[138.43363039749121,36.72733232925895],[138.43356789742563,36.72733232922733],[138.43356789739349,36.727290669259411],[138.43356789736134,36.727248999291668],[138.43350539729576,36.727248999260141],[138.43350539726353,36.727207329292305],[138.43344289719778,36.727207329260779],[138.43344289716543,36.727165669293029],[138.4334428971332,36.727123999325471],[138.43344289710089,36.727082329357636],[138.4335053971669,36.727082329388899],[138.43356789723273,36.727082329420163],[138.43356789726488,36.727123999388084],[138.43356789729702,36.727165669355827],[138.43363039736295,36.727165669387176],[138.43363039739501,36.727207329355188],[138.43363039742707,36.727248999323194],[138.43363039745913,36.72729066929103],[138.43369289752479,36.727290669322649],[138.43369289755677,36.727332329290661],[138.43375539762235,36.72733232932228],[138.43375539765432,36.727373999290286],[138.43369289758883,36.727373999258489],[138.4336928976208,36.727415669226588],[138.43363039755542,36.727415669194791],[138.43356789748995,36.727415669162994],[138.4335678975221,36.727457329130736],[138.43356789755424,36.727498999098657],[138.43350539748911,36.727498999066682],[138.43344289742382,36.727498999034708],[138.43338039735852,36.727498999002819],[138.43331789729322,36.727498998970844],[138.43331789726079,36.727457329003286],[138.43325539719541,36.727457328971397],[138.43325539716298,36.727415669003918],[138.43325539713038,36.727373999036359],[138.43319289706491,36.727373999004648],[138.4331928970324,36.72733232903726],[138.43313039696676,36.727332329005641],[138.43313039693416,36.727290669038254],[138.43306789686849,36.727290669006635],[138.43300539680286,36.727290668975016],[138.43300539683563,36.72733232894231],[138.43306789690126,36.72733232897393],[138.43306789693395,36.727373998941147],[138.43306789696663,36.727415668908534],[138.43306789699932,36.727457328875744],[138.43306789703212,36.727498998843039],[138.43313039709733,36.727498998875014],[138.43313039713001,36.727540668842401],[138.43313039716259,36.727582328809703],[138.43313039719527,36.727623998777176],[138.43313039722787,36.727665668744564],[138.43319289729291,36.727665668776808],[138.43319289732551,36.727707328744103],[138.43319289735803,36.727748998711668],[138.43313039729316,36.727748998679246],[138.43313039726056,36.727707328711858],[138.43306789719563,36.727707328679529],[138.43306789716286,36.727665668712319],[138.4330053970979,36.727665668680082],[138.43300539713067,36.727707328647291],[138.43300539716344,36.727748998614587],[138.43300539719621,36.727790668581619],[138.433067897261,36.727790668614041],[138.43306789722831,36.727748998646916],[138.43313039729316,36.727748998679246],[138.43313039732584,36.727790668646463],[138.43313039735844,36.727832328613935],[138.43306789729368,36.727832328581428],[138.43306789732645,36.727873998548638],[138.43313039739112,36.727873998581231],[138.43313039742372,36.727915668548711],[138.43306789735914,36.727915668516026],[138.43300539729455,36.727915668483433],[138.43300539726175,36.727873998516046],[138.43300539722898,36.727832328548921],[138.43294289716439,36.727832328516413],[138.43288039709964,36.727832328483906],[138.43288039713258,36.727873998450939],[138.43294289719728,36.727873998483531],[138.43294289723005,36.727915668450748],[138.43300539729455,36.727915668483433],[138.43300539732732,36.727957328450458],[138.43306789739182,36.727957328483143],[138.43306789742459,36.727998998450531],[138.43306789745728,36.728040668417918],[138.43313039752161,36.728040668450788],[138.43313039748901,36.727998998483308],[138.43313039745641,36.72795732851592],[138.43313039742372,36.727915668548711],[138.43319289748831,36.727915668581304],[138.4332553975529,36.727915668613903],[138.43325539758541,36.72795732858129],[138.43325539761793,36.727998998548856],[138.43331789768234,36.727998998581626],[138.43331789771483,36.728040668549284],[138.43331789774726,36.728082328516763],[138.43331789777966,36.728123998484413],[138.43338039784391,36.728123998517361],[138.43338039787625,36.728165668485104],[138.43344289794047,36.728165668518145],[138.43344289797272,36.728207328485801],[138.43350539803686,36.728207328518934],[138.43350539806909,36.728248998486762],[138.43350539810135,36.72829066845442],[138.4334428980373,36.72829066842111],[138.43344289806961,36.728332328388944],[138.43338039800574,36.728332328355634],[138.43331789794178,36.728332328322239],[138.43331789797426,36.728373998289896],[138.43331789800669,36.728415668257369],[138.43331789803912,36.728457328225019],[138.43338039810283,36.728457328258507],[138.43338039813514,36.728498998226073],[138.43344289819876,36.728498998259738],[138.4334428981665,36.72845732829208],[138.43344289813419,36.728415668324338],[138.43344289810193,36.728373998356687],[138.43344289806961,36.728332328388944],[138.43350539813349,36.728332328422248],[138.43350539810135,36.72829066845442],[138.43356789816514,36.728290668487631]],[[138.43331789787703,36.728248998387201],[138.43331789790943,36.728290668354589],[138.43338039797339,36.728290668387892],[138.43338039794099,36.728248998420412],[138.43338039790865,36.728207328452669],[138.43331789784452,36.728207328419543],[138.43331789787703,36.728248998387201]],[[138.43350539742465,36.727415669131197],[138.43344289735924,36.7274156690994],[138.4334428973915,36.727457329066965],[138.43350539745688,36.727457329098854],[138.43350539742465,36.727415669131197]]]},"properties":{"FID":111,"A31_201":"8404030649","A31_202":"角間川","A31_203":20,"A31_204":"長野県","A31_205":1,"A31_206":" ","A31_207":" ","A31_208":" "}},{"type":"Feature","id":112,"geometry":{"type":"Polygon","coordinates":[[[138.43300539772068,36.728457328057331],[138.4330678977843,36.728457328090819],[138.433130397848,36.728457328124392],[138.43313039788069,36.728498998091695],[138.43319289794431,36.728498998125261],[138.43319289797682,36.728540668092741],[138.43319289800939,36.728582328060128],[138.43319289804199,36.728623998027601],[138.43319289807459,36.728665667995081],[138.43319289810711,36.728707327962468],[138.43313039804386,36.728707327928447],[138.43313039801126,36.728665667961238],[138.43313039797857,36.728623997993765],[138.43306789791512,36.728623997959929],[138.43306789788244,36.728582327992626],[138.43300539781893,36.728582327958875],[138.43300539778613,36.728540667991751],[138.43300539775345,36.728498998024456],[138.43300539772068,36.728457328057331]]]},"properties":{"FID":112,"A31_201":"8404030649","A31_202":"角間川","A31_203":20,"A31_204":"長野県","A31_205":1,"A31_206":" ","A31_207":" ","A31_208":" "}},{"type":"Feature","id":113,"geometry":{"type":"Polygon","coordinates":[[[138.42819289308412,36.728748995207766],[138.42813039302087,36.728748995173746],[138.42813039298267,36.728707325211779],[138.42813039294447,36.728665665250077],[138.4281928930078,36.728665665284005],[138.42819289304592,36.728707325245793],[138.42819289308412,36.728748995207766]]]},"properties":{"FID":113,"A31_201":"8404030649","A31_202":"角間川","A31_203":20,"A31_204":"長野県","A31_205":1,"A31_206":" ","A31_207":" ","A31_208":" "}},{"type":"Feature","id":114,"geometry":{"type":"Polygon","coordinates":[[[138.42988039482663,36.728790666090248],[138.42988039486286,36.728832326053904],[138.4298803948991,36.72887399601774],[138.42981789483611,36.728873995983541],[138.42975539477311,36.728873995949257],[138.42975539480946,36.728915665912737],[138.42969289474655,36.728915665878453],[138.42963039468364,36.72891566584417],[138.42963039464715,36.728873995880775],[138.42956789458424,36.728873995846584],[138.42956789454763,36.728832325883104],[138.42963039461054,36.728832325917296],[138.42963039457405,36.728790665953909],[138.42969289463721,36.728790665988015],[138.42969289460072,36.728748996024358],[138.42969289456428,36.728707326060785],[138.42969289452779,36.728665666097314],[138.42975539459121,36.728665666131235],[138.4297553945548,36.728623996167492],[138.42975539451839,36.728582326203835],[138.42975539448199,36.728540666240356],[138.42969289441845,36.728540666206698],[138.42963039435494,36.728540666173032],[138.42963039431834,36.728498996209467],[138.42969289438196,36.728498996243033],[138.42975539444558,36.728498996276699],[138.42975539440923,36.728457326313134],[138.42975539437282,36.728415666349477],[138.42981789443661,36.728415666382958],[138.42981789440029,36.728373996419393],[138.42981789436396,36.728332326455643],[138.42975539430009,36.728332326422247],[138.42975539426368,36.728290666458591],[138.42981789432764,36.728290666491809],[138.42981789429132,36.728248996528329],[138.429817894255,36.728207326564494],[138.42981789421873,36.72816566660093],[138.42988039428289,36.72816566663397],[138.42994289434705,36.728165666667095],[138.42994289438326,36.728207326630752],[138.42988039431913,36.728207326597627],[138.42988039435537,36.728248996561462],[138.4298803943916,36.728290666525112],[138.42994289445556,36.728290666558337],[138.43000539451953,36.72829066659164],[138.43000539455568,36.728332326555559],[138.43000539459175,36.728373996519579],[138.4300053946279,36.728415666483414],[138.43000539466397,36.728457326447334],[138.43000539470012,36.728498996411076],[138.43000539473627,36.728540666375096],[138.43006789479978,36.728540666408755],[138.43006789483584,36.728582326372589],[138.43000539477231,36.728582326338838],[138.43000539480846,36.728623996302758],[138.42994289474504,36.728623996269008],[138.42988039468159,36.728623996235171],[138.42988039471783,36.728665666199007],[138.42994289478116,36.728665666232843],[138.43000539484453,36.728665666266778],[138.43000539488068,36.728707326230605],[138.42994289481743,36.728707326196592],[138.42994289485355,36.728748996160519],[138.42994289488979,36.728790666124354],[138.42988039482663,36.728790666090248],[138.42988039479039,36.728748996126498],[138.42988039475415,36.728707326162663],[138.42981789469081,36.728707326128642],[138.42975539462756,36.728707326094721],[138.42975539466397,36.728748996058464],[138.42975539470029,36.728790666022036],[138.4297553947367,36.7288323259856],[138.42981789479978,36.728832326019798],[138.42981789476346,36.728790666056142],[138.42988039482663,36.728790666090248]],[[138.42981789458184,36.728582326237586],[138.42988039464535,36.728582326271336],[138.42988039460911,36.72854066630768],[138.42981789454558,36.728540666274014],[138.42981789458184,36.728582326237586]]]},"properties":{"FID":114,"A31_201":"8404030649","A31_202":"角間川","A31_203":20,"A31_204":"長野県","A31_205":1,"A31_206":" ","A31_207":" ","A31_208":" "}},{"type":"Feature","id":115,"geometry":{"type":"Polygon","coordinates":[[[138.43106789613077,36.728915666633142],[138.43106789609587,36.728873996668241],[138.43106789606097,36.728832326703071],[138.43106789602604,36.728790666738078],[138.43113039608915,36.728790666772184],[138.43113039612405,36.728832326737262],[138.43113039615886,36.728873996702518],[138.43113039619377,36.728915666667511],[138.43106789613077,36.728915666633142]]]},"properties":{"FID":115,"A31_201":"8404030649","A31_202":"角間川","A31_203":20,"A31_204":"長野県","A31_205":1,"A31_206":" ","A31_207":" ","A31_208":" "}},{"type":"Feature","id":116,"geometry":{"type":"Polygon","coordinates":[[[138.42938039450567,36.728998995633283],[138.42938039446881,36.728957325670159],[138.42944289453172,36.72895732570462],[138.42944289456847,36.728998995667745],[138.42938039450567,36.728998995633283]]]},"properties":{"FID":116,"A31_201":"8404030649","A31_202":"角間川","A31_203":20,"A31_204":"長野県","A31_205":1,"A31_206":" ","A31_207":" ","A31_208":" "}},{"type":"Feature","id":117,"geometry":{"type":"Polygon","coordinates":[[[138.42875539387788,36.728998995288848],[138.42875539391537,36.729040665251439],[138.42869289385263,36.729040665216978],[138.42869289381505,36.728998995254386],[138.42875539387788,36.728998995288848]]]},"properties":{"FID":117,"A31_201":"8404030649","A31_202":"角間川","A31_203":20,"A31_204":"長野県","A31_205":1,"A31_206":" ","A31_207":" ","A31_208":" "}},{"type":"Feature","id":118,"geometry":{"type":"Polygon","coordinates":[[[138.42969289481948,36.728998995805497],[138.42969289485598,36.729040665769162],[138.42963039479324,36.729040665734608],[138.42963039475666,36.728998995771128],[138.42969289481948,36.728998995805497]]]},"properties":{"FID":118,"A31_201":"8404030649","A31_202":"角間川","A31_203":20,"A31_204":"長野県","A31_205":1,"A31_206":" ","A31_207":" ","A31_208":" "}},{"type":"Feature","id":119,"geometry":{"type":"Polygon","coordinates":[[[138.43106789613077,36.728915666633142],[138.43106789616576,36.728957326598305],[138.43106789620066,36.728998996563291],[138.43113039626348,36.728998996597753],[138.4311303962983,36.729040666563009],[138.4311303963332,36.729082326528001],[138.43106789627046,36.729082326493362],[138.43106789623556,36.729040666528462],[138.43100539617285,36.729040666493916],[138.43100539613786,36.72899899652883],[138.43100539610285,36.728957326563929],[138.43100539606786,36.728915666598851],[138.43106789613077,36.728915666633142]]]},"properties":{"FID":119,"A31_201":"8404030649","A31_202":"角間川","A31_203":20,"A31_204":"長野県","A31_205":1,"A31_206":" ","A31_207":" ","A31_208":" "}},{"type":"Feature","id":120,"geometry":{"type":"Polygon","coordinates":[[[138.4278178930133,36.729082324695071],[138.42781789305184,36.72912399465659],[138.42775539298921,36.729123994621958],[138.42775539295064,36.729082324660517],[138.4278178930133,36.729082324695071]]]},"properties":{"FID":120,"A31_201":"8404030649","A31_202":"角間川","A31_203":20,"A31_204":"長野県","A31_205":1,"A31_206":" ","A31_207":" ","A31_208":" "}},{"type":"Feature","id":121,"geometry":{"type":"Polygon","coordinates":[[[138.42869289385263,36.729040665216978],[138.4286928938902,36.729082325179213],[138.42863039382749,36.72908232514466],[138.42856789376492,36.729082325110028],[138.42856789380258,36.729123995072442],[138.42850539374004,36.729123995037796],[138.42850539370221,36.729082325075474],[138.42850539366447,36.729040665113416],[138.42856789372718,36.729040665147878],[138.42863039378992,36.729040665182424],[138.42869289385263,36.729040665216978]]]},"properties":{"FID":121,"A31_201":"8404030649","A31_202":"角間川","A31_203":20,"A31_204":"長野県","A31_205":1,"A31_206":" ","A31_207":" ","A31_208":" "}},{"type":"Feature","id":122,"geometry":{"type":"Polygon","coordinates":[[[138.42938039450567,36.728998995633283],[138.42938039454242,36.729040665596585],[138.42931789447971,36.729040665562039],[138.42931789451657,36.72908232552507],[138.42931789455344,36.72912399548828],[138.42925539449089,36.729123995453648],[138.42925539445395,36.729082325490431],[138.429255394417,36.729040665527577],[138.42925539438005,36.728998995564453],[138.42931789444285,36.728998995598822],[138.42938039450567,36.728998995633283]]]},"properties":{"FID":122,"A31_201":"8404030649","A31_202":"角間川","A31_203":20,"A31_204":"長野県","A31_205":1,"A31_206":" ","A31_207":" ","A31_208":" "}},{"type":"Feature","id":123,"geometry":{"type":"Polygon","coordinates":[[[138.42850539374004,36.729123995037796],[138.42850539377778,36.729165665000124],[138.42844289371541,36.729165664965393],[138.4284428936775,36.729123995003164],[138.42850539374004,36.729123995037796]]]},"properties":{"FID":123,"A31_201":"8404030649","A31_202":"角間川","A31_203":20,"A31_204":"長野県","A31_205":1,"A31_206":" ","A31_207":" ","A31_208":" "}},{"type":"Feature","id":124,"geometry":{"type":"Polygon","coordinates":[[[138.43263039777014,36.728998997424384],[138.43263039780334,36.729040667391331],[138.43269289786599,36.729040667425792],[138.4326928978991,36.729082327392554],[138.43263039783648,36.729082327358],[138.43256789777385,36.729082327323368],[138.4325053977112,36.729082327288815],[138.43250539774451,36.729123997255584],[138.43244289768197,36.729123997220938],[138.43244289771536,36.729165667187615],[138.43244289774876,36.729207327154114],[138.43238039768639,36.729207327119298],[138.43231789762393,36.729207327084481],[138.43225539756156,36.729207327049757],[138.43225539752788,36.729165667083436],[138.43219289746543,36.729165667048704],[138.43213039740289,36.72916566701398],[138.43213039736912,36.729123997047658],[138.43219289743169,36.729123997082297],[138.43219289739801,36.72908232711589],[138.43225539746066,36.729082327150437],[138.43225539742707,36.729040667184208],[138.43231789748981,36.729040667218754],[138.43238039755255,36.729040667253216],[138.43244289761518,36.729040667287762],[138.43250539767789,36.729040667322316],[138.43250539764449,36.728998997355546],[138.43250539761118,36.728957327388962],[138.43256789767409,36.728957327423331],[138.43256789770732,36.728998997390008],[138.43263039777014,36.728998997424384]]]},"properties":{"FID":124,"A31_201":"8404030649","A31_202":"角間川","A31_203":20,"A31_204":"長野県","A31_205":1,"A31_206":" ","A31_207":" ","A31_208":" "}},{"type":"Feature","id":125,"geometry":{"type":"Polygon","coordinates":[[[138.42844289375324,36.729207324927458],[138.42850539381553,36.729207324962182],[138.4285053938533,36.729248994924504],[138.4284428937911,36.729248994889602],[138.42844289375324,36.729207324927458]]]},"properties":{"FID":125,"A31_201":"8404030649","A31_202":"角間川","A31_203":20,"A31_204":"長野県","A31_205":1,"A31_206":" ","A31_207":" ","A31_208":" "}},{"type":"Feature","id":126,"geometry":{"type":"Polygon","coordinates":[[[138.42888039415288,36.729165665208399],[138.42894289421537,36.72916566524313],[138.42894289425266,36.729207325205721],[138.42894289428997,36.72924899516849],[138.4288803942276,36.729248995133673],[138.42881789416523,36.729248995098772],[138.42881789412775,36.729207325136173],[138.42881789409034,36.729165665173674],[138.42888039415288,36.729165665208399]]]},"properties":{"FID":126,"A31_201":"8404030649","A31_202":"角間川","A31_203":20,"A31_204":"長野県","A31_205":1,"A31_206":" ","A31_207":" ","A31_208":" "}},{"type":"Feature","id":127,"geometry":{"type":"Polygon","coordinates":[[[138.429130394477,36.729248995273117],[138.42913039443985,36.729207325310171],[138.42919289450231,36.729207325344902],[138.42919289453937,36.729248995307934],[138.429130394477,36.729248995273117]]]},"properties":{"FID":127,"A31_201":"8404030649","A31_202":"角間川","A31_203":20,"A31_204":"長野県","A31_205":1,"A31_206":" ","A31_207":" ","A31_208":" "}},{"type":"Feature","id":128,"geometry":{"type":"Polygon","coordinates":[[[138.42663039198254,36.729248993878677],[138.42663039202242,36.729290663838867],[138.42656789196013,36.729290663803965],[138.42656789192017,36.729248993843768],[138.42663039198254,36.729248993878677]]]},"properties":{"FID":128,"A31_201":"8404030649","A31_202":"角間川","A31_203":20,"A31_204":"長野県","A31_205":1,"A31_206":" ","A31_207":" ","A31_208":" "}},{"type":"Feature","id":129,"geometry":{"type":"Polygon","coordinates":[[[138.4285053938533,36.729248994924504],[138.42856789391575,36.72924899495932],[138.42856789395341,36.729290664921734],[138.42850539389113,36.729290664886747],[138.4285053938533,36.729248994924504]]]},"properties":{"FID":129,"A31_201":"8404030649","A31_202":"角間川","A31_203":20,"A31_204":"長野県","A31_205":1,"A31_206":" ","A31_207":" ","A31_208":" "}},{"type":"Feature","id":130,"geometry":{"type":"Polygon","coordinates":[[[138.429130394477,36.729248995273117],[138.42913039451403,36.729290665236064],[138.42906789445175,36.729290665201162],[138.42906789441463,36.729248995238208],[138.429130394477,36.729248995273117]]]},"properties":{"FID":130,"A31_201":"8404030649","A31_202":"角間川","A31_203":20,"A31_204":"長野県","A31_205":1,"A31_206":" ","A31_207":" ","A31_208":" "}},{"type":"Feature","id":131,"geometry":{"type":"Polygon","coordinates":[[[138.43063039597376,36.729248996109781],[138.43063039600921,36.729290666074419],[138.43056789594684,36.72929066603951],[138.43056789591139,36.729248996074872],[138.43063039597376,36.729248996109781]]]},"properties":{"FID":131,"A31_201":"8404030649","A31_202":"角間川","A31_203":20,"A31_204":"長野県","A31_205":1,"A31_206":" ","A31_207":" ","A31_208":" "}},{"type":"Feature","id":132,"geometry":{"type":"Polygon","coordinates":[[[138.43144289681888,36.729290666528541],[138.43138039675659,36.729290666493547],[138.43138039672203,36.729248996528113],[138.43138039668739,36.72920732656268],[138.43144289674984,36.729207326597404],[138.4314428967844,36.72924899656293],[138.43144289681888,36.729290666528541]]]},"properties":{"FID":132,"A31_201":"8404030649","A31_202":"角間川","A31_203":20,"A31_204":"長野県","A31_205":1,"A31_206":" ","A31_207":" ","A31_208":" "}},{"type":"Feature","id":133,"geometry":{"type":"Polygon","coordinates":[[[138.42675539218678,36.729332323868874],[138.42669289212449,36.72933232383388],[138.4266928920847,36.729290663873776],[138.42669289204491,36.729248993913494],[138.42675539210728,36.729248993948403],[138.42675539214699,36.72929066390877],[138.42675539218678,36.729332323868874]]]},"properties":{"FID":133,"A31_201":"8404030649","A31_202":"角間川","A31_203":20,"A31_204":"長野県","A31_205":1,"A31_206":" ","A31_207":" ","A31_208":" "}},{"type":"Feature","id":134,"geometry":{"type":"Polygon","coordinates":[[[138.42856789395341,36.729290664921734],[138.42863039401567,36.729290664956643],[138.42863039405336,36.729332324918879],[138.42856789399116,36.729332324883885],[138.42856789395341,36.729290664921734]]]},"properties":{"FID":134,"A31_201":"8404030649","A31_202":"角間川","A31_203":20,"A31_204":"長野県","A31_205":1,"A31_206":" ","A31_207":" ","A31_208":" "}},{"type":"Feature","id":135,"geometry":{"type":"Polygon","coordinates":[[[138.42906789445175,36.729290665201162],[138.42906789448887,36.729332325163924],[138.42900539442675,36.729332325128937],[138.42900539438955,36.729290665166253],[138.42906789445175,36.729290665201162]]]},"properties":{"FID":135,"A31_201":"8404030649","A31_202":"角間川","A31_203":20,"A31_204":"長野県","A31_205":1,"A31_206":" ","A31_207":" ","A31_208":" "}},{"type":"Feature","id":136,"geometry":{"type":"Polygon","coordinates":[[[138.43144289681888,36.729290666528541],[138.43150539688116,36.729290666563443],[138.43150539691561,36.729332326528876],[138.43144289685341,36.729332326493889],[138.43144289681888,36.729290666528541]]]},"properties":{"FID":136,"A31_201":"8404030649","A31_202":"角間川","A31_203":20,"A31_204":"長野県","A31_205":1,"A31_206":" ","A31_207":" ","A31_208":" "}},{"type":"Feature","id":137,"geometry":{"type":"Polygon","coordinates":[[[138.42719289250454,36.729207324231567],[138.42719289254379,36.729248994192382],[138.42719289258304,36.729290664153197],[138.42719289262229,36.729332324113926],[138.42719289266148,36.729373994074734],[138.42713039259937,36.729373994039655],[138.42713039256,36.729332324078925],[138.42706789249783,36.729332324043938],[138.42700539243555,36.729332324008936],[138.42694289237335,36.729332323973949],[138.42688039231106,36.729332323938948],[138.42688039227156,36.729290663978581],[138.42688039223194,36.729248994018121],[138.42694289229431,36.729248994052938],[138.42700539235668,36.72924899408784],[138.42706789241905,36.729248994122656],[138.42713039248142,36.729248994157565],[138.42713039244217,36.729207324196835],[138.42719289250454,36.729207324231567]]]},"properties":{"FID":137,"A31_201":"8404030649","A31_202":"角間川","A31_203":20,"A31_204":"長野県","A31_205":1,"A31_206":" ","A31_207":" ","A31_208":" "}},{"type":"Feature","id":138,"geometry":{"type":"Polygon","coordinates":[[[138.4287553942153,36.729373994951459],[138.42869289415319,36.729373994916465],[138.42869289411561,36.729332324953873],[138.42875539417781,36.72933232498896],[138.4287553942153,36.729373994951459]]]},"properties":{"FID":138,"A31_201":"8404030649","A31_202":"角間川","A31_203":20,"A31_204":"長野県","A31_205":1,"A31_206":" ","A31_207":" ","A31_208":" "}},{"type":"Feature","id":139,"geometry":{"type":"Polygon","coordinates":[[[138.42713039259937,36.729373994039655],[138.4271303926387,36.729415664000292],[138.42706789257653,36.729415663965121],[138.42706789253717,36.729373994004661],[138.42713039259937,36.729373994039655]]]},"properties":{"FID":139,"A31_201":"8404030649","A31_202":"角間川","A31_203":20,"A31_204":"長野県","A31_205":1,"A31_206":" ","A31_207":" ","A31_208":" "}},{"type":"Feature","id":140,"geometry":{"type":"Polygon","coordinates":[[[138.4287553942153,36.729373994951459],[138.4288178942775,36.729373994986545],[138.42881789431496,36.729415664948959],[138.42875539425287,36.729415664913873],[138.4287553942153,36.729373994951459]]]},"properties":{"FID":140,"A31_201":"8404030649","A31_202":"角間川","A31_203":20,"A31_204":"長野県","A31_205":1,"A31_206":" ","A31_207":" ","A31_208":" "}},{"type":"Feature","id":141,"geometry":{"type":"Polygon","coordinates":[[[138.4289428944391,36.729415665019303],[138.42894289440187,36.729373995056704],[138.42900539446399,36.729373995091791],[138.42900539450119,36.729415665054383],[138.4289428944391,36.729415665019303]]]},"properties":{"FID":141,"A31_201":"8404030649","A31_202":"角間川","A31_203":20,"A31_204":"長野県","A31_205":1,"A31_206":" ","A31_207":" ","A31_208":" "}},{"type":"Feature","id":142,"geometry":{"type":"Polygon","coordinates":[[[138.43156789701226,36.72937399652966],[138.43156789704665,36.7294156664951],[138.43150539698453,36.729415666459929],[138.43150539695006,36.72937399649458],[138.43156789701226,36.72937399652966]]]},"properties":{"FID":142,"A31_201":"8404030649","A31_202":"角間川","A31_203":20,"A31_204":"長野県","A31_205":1,"A31_206":" ","A31_207":" ","A31_208":" "}},{"type":"Feature","id":143,"geometry":{"type":"Polygon","coordinates":[[[138.4289428944391,36.729415665019303],[138.42894289447639,36.729457324982064],[138.42888039441436,36.729457324946893],[138.42881789435236,36.729457324911635],[138.42881789431496,36.729415664948959],[138.42888039437699,36.729415664984131],[138.4289428944391,36.729415665019303]]]},"properties":{"FID":143,"A31_201":"8404030649","A31_202":"角間川","A31_203":20,"A31_204":"長野県","A31_205":1,"A31_206":" ","A31_207":" ","A31_208":" "}},{"type":"Feature","id":144,"geometry":{"type":"Polygon","coordinates":[[[138.43056789608877,36.729457325897513],[138.43050539602677,36.729457325862256],[138.43044289596475,36.729457325827084],[138.43044289592913,36.729415665862625],[138.43038039586702,36.729415665827453],[138.43038039583132,36.729373995863263],[138.43038039579562,36.729332325898895],[138.43044289585782,36.729332325933889],[138.43050539592008,36.729332325968883],[138.43056789598236,36.729332326003878],[138.43063039604456,36.729332326038872],[138.43063039608001,36.729373996003595],[138.43063039611545,36.729415665968048],[138.43056789605333,36.729415665932876],[138.43056789608877,36.729457325897513]]]},"properties":{"FID":144,"A31_201":"8404030649","A31_202":"角間川","A31_203":20,"A31_204":"長野県","A31_205":1,"A31_206":" ","A31_207":" ","A31_208":" "}},{"type":"Feature","id":145,"geometry":{"type":"Polygon","coordinates":[[[138.43075539627472,36.729457326003114],[138.4306928962128,36.729457325967857],[138.43069289617753,36.729415666003135],[138.43075539623948,36.729415666038307],[138.43075539627472,36.729457326003114]]]},"properties":{"FID":145,"A31_201":"8404030649","A31_202":"角間川","A31_203":20,"A31_204":"長野県","A31_205":1,"A31_206":" ","A31_207":" ","A31_208":" "}},{"type":"Feature","id":146,"geometry":{"type":"Polygon","coordinates":[[[138.43181789732907,36.729457326601661],[138.43175539726707,36.729457326566404],[138.43175539723296,36.729415666600524],[138.43181789729505,36.729415666635695],[138.43181789732907,36.729457326601661]]]},"properties":{"FID":146,"A31_201":"8404030649","A31_202":"角間川","A31_203":20,"A31_204":"長野県","A31_205":1,"A31_206":" ","A31_207":" ","A31_208":" "}},{"type":"Feature","id":147,"geometry":{"type":"Polygon","coordinates":[[[138.42600539160219,36.729498993286782],[138.42600539156172,36.729457323327303],[138.42606789162372,36.729457323362475],[138.42613039168572,36.729457323397739],[138.42613039172613,36.729498993357396],[138.42606789166422,36.729498993322046],[138.42600539160219,36.729498993286782]]]},"properties":{"FID":147,"A31_201":"8404030649","A31_202":"角間川","A31_203":20,"A31_204":"長野県","A31_205":1,"A31_206":" ","A31_207":" ","A31_208":" "}},{"type":"Feature","id":148,"geometry":{"type":"Polygon","coordinates":[[[138.42825539368002,36.729332324708913],[138.4283178937423,36.729332324743908],[138.4283178937803,36.729373994706052],[138.42831789381825,36.729415664667847],[138.42831789385625,36.72945732462999],[138.42831789389425,36.729498994592049],[138.42825539383225,36.729498994556792],[138.42825539379425,36.729457324594733],[138.42825539375622,36.729415664632768],[138.4282553937181,36.729373994670972],[138.42825539368002,36.729332324708913]]]},"properties":{"FID":148,"A31_201":"8404030649","A31_202":"角間川","A31_203":20,"A31_204":"長野県","A31_205":1,"A31_206":" ","A31_207":" ","A31_208":" "}},{"type":"Feature","id":149,"geometry":{"type":"Polygon","coordinates":[[[138.43075539627472,36.729457326003114],[138.43081789633675,36.729457326038286],[138.43081789637199,36.729498996003187],[138.43075539630999,36.72949899596793],[138.43075539627472,36.729457326003114]]]},"properties":{"FID":149,"A31_201":"8404030649","A31_202":"角間川","A31_203":20,"A31_204":"長野県","A31_205":1,"A31_206":" ","A31_207":" ","A31_208":" "}},{"type":"Feature","id":150,"geometry":{"type":"Polygon","coordinates":[[[138.42600539160219,36.729498993286782],[138.4260053916428,36.729540663246183],[138.42594289158095,36.729540663210827],[138.42594289154027,36.729498993251525],[138.42600539160219,36.729498993286782]]]},"properties":{"FID":150,"A31_201":"8404030649","A31_202":"角間川","A31_203":20,"A31_204":"長野県","A31_205":1,"A31_206":" ","A31_207":" ","A31_208":" "}},{"type":"Feature","id":151,"geometry":{"type":"Polygon","coordinates":[[[138.42656789211983,36.729457323644112],[138.42650539205783,36.729457323608941],[138.42650539209779,36.729498993569052],[138.42644289203585,36.729498993533788],[138.42644289207593,36.729540663493623],[138.4263803920141,36.72954066345828],[138.42631789195215,36.729540663422924],[138.42625539189024,36.729540663387581],[138.42625539184999,36.729498993427917],[138.42625539180966,36.729457323468083],[138.42625539176944,36.729415663508334],[138.42631789183153,36.729415663543413],[138.42638039189364,36.729415663578585],[138.42638039185351,36.729373993618836],[138.4264428919156,36.729373993653923],[138.4265053919778,36.729373993689002],[138.42650539201784,36.729415663648837],[138.42656789207987,36.729415663684009],[138.42656789211983,36.729457323644112]]]},"properties":{"FID":151,"A31_201":"8404030649","A31_202":"角間川","A31_203":20,"A31_204":"長野県","A31_205":1,"A31_206":" ","A31_207":" ","A31_208":" "}},{"type":"Feature","id":152,"geometry":{"type":"Polygon","coordinates":[[[138.42825539368002,36.729332324708913],[138.42819289361782,36.729332324673919],[138.42813039355562,36.729332324638925],[138.42813039359382,36.729373994600806],[138.42813039363202,36.729415664562509],[138.42813039367019,36.72945732452439],[138.4280678936081,36.729457324489132],[138.4280678935699,36.729415664527338],[138.42800539350782,36.729415664492166],[138.42800539354619,36.729457324453961],[138.42800539358444,36.729498994415664],[138.42800539362281,36.729540664377275],[138.4279428935609,36.729540664341926],[138.42794289352253,36.7294989943804],[138.42794289348407,36.729457324418696],[138.4279428934457,36.729415664457079],[138.42788039338367,36.729415664421907],[138.42788039334522,36.729373994460559],[138.42788039330676,36.729332324498948],[138.42794289336888,36.729332324533942],[138.42794289333051,36.729290664572417],[138.42788039326831,36.729290664537515],[138.42788039330676,36.729332324498948],[138.42781789324457,36.729332324463954],[138.42781789328302,36.72937399442548],[138.42781789332159,36.729415664386735],[138.42781789336013,36.729457324348353],[138.42781789339867,36.729498994309878],[138.42775539333675,36.729498994274621],[138.42769289327481,36.729498994239265],[138.42763039321281,36.729498994204008],[138.42763039317407,36.729457324242659],[138.42763039313536,36.729415664281312],[138.42763039309654,36.729373994320227],[138.42763039305783,36.729332324358879],[138.42756789299554,36.729332324323892],[138.4275678929568,36.729290664362807],[138.42750539289443,36.729290664327905],[138.42750539285555,36.729248994366728],[138.42744289279318,36.729248994331826],[138.42744289283218,36.729290664292996],[138.42744289287117,36.729332324253903],[138.42738039280889,36.729332324218902],[138.42731789274677,36.729332324183915],[138.42725539268449,36.729332324148913],[138.42725539264532,36.729290664188191],[138.42725539260616,36.729248994227291],[138.42725539256699,36.729207324266383],[138.42719289250454,36.729207324231567],[138.42719289246537,36.72916566427093],[138.42719289242609,36.729123994310115],[138.42725539248863,36.729123994344754],[138.42725539244958,36.729082324383853],[138.42731789251221,36.7290823244184],[138.42731789247304,36.729040664457671],[138.42738039253567,36.729040664492132],[138.42744289259841,36.729040664526686],[138.42750539266112,36.729040664561147],[138.42750539262221,36.728998994599976],[138.42756789268503,36.728998994634438],[138.42763039274786,36.728998994668899],[138.42763039278657,36.729040664630247],[138.42769289284931,36.729040664664709],[138.42769289288793,36.729082324625878],[138.42769289292664,36.729123994587312],[138.42775539298921,36.729123994621958],[138.42775539302784,36.729165664583391],[138.4276928929653,36.72916566454866],[138.42769289300401,36.729207324509922],[138.42775539306649,36.729207324544738],[138.42775539310503,36.729248994506179],[138.42775539314366,36.729290664467612],[138.42781789320603,36.729290664502514],[138.42781789316749,36.729248994540995],[138.42781789312886,36.729207324579555],[138.42781789309038,36.729165664618122],[138.42781789305184,36.72912399465659],[138.42788039311438,36.729123994691236],[138.42788039307592,36.729082324729617],[138.4278178930133,36.729082324695071],[138.42781789297476,36.729040664733716],[138.42788039303747,36.72904066476827],[138.42788039299901,36.728998994806659],[138.42781789293619,36.728998994772198],[138.42781789289765,36.72895732481085],[138.42781789285911,36.728915664849325],[138.4277553927962,36.728915664814949],[138.42775539275758,36.728873994853778],[138.42781789282057,36.728873994887977],[138.427817892782,36.728832324926444],[138.42788039284508,36.72883232496055],[138.42788039280663,36.728790664999117],[138.42794289286962,36.728790665033223],[138.42794289290808,36.728832324994748],[138.42800539297116,36.728832325028947],[138.42800539300944,36.72887399499065],[138.42806789307244,36.728873995024927],[138.42806789311072,36.728915664986545],[138.42806789314901,36.72895732494834],[138.42806789318729,36.728998994909951],[138.42800539312447,36.728998994875489],[138.42800539316283,36.729040664837285],[138.42800539320112,36.72908232479881],[138.42800539323949,36.729123994760599],[138.42794289317686,36.729123994725867],[138.42794289321532,36.729165664687571],[138.42788039315286,36.729165664652847],[138.42788039319132,36.729207324614279],[138.42794289325369,36.729207324649096],[138.42794289329206,36.729248994610714],[138.42800539335443,36.729248994645616],[138.4280678934168,36.729248994680432],[138.42806789345508,36.729290664642228],[138.42813039351745,36.729290664677222],[138.42813039347917,36.729248994715341],[138.42813039344097,36.72920732475346],[138.42813039340285,36.729165664791758],[138.42813039336465,36.729123994829877],[138.4281303933264,36.729082324867996],[138.4281303932882,36.729040664906293],[138.42813039325,36.728998994944412],[138.4281303932118,36.728957324982709],[138.42813039317363,36.728915665020828],[138.42813039313543,36.728873995059125],[138.42819289319843,36.728873995093409],[138.42825539326142,36.7288739951276],[138.4282553932234,36.728832325165634],[138.42825539318528,36.728790665203753],[138.42819289312223,36.728790665169647],[138.42819289308412,36.728748995207766],[138.42825539314728,36.728748995241787],[138.42825539310928,36.728707325279728],[138.42831789317253,36.72870732531365],[138.4283178931345,36.72866566535177],[138.42825539307117,36.728665665317848],[138.42825539303314,36.728623995355875],[138.42831789309651,36.728623995389626],[138.42838039315993,36.728623995423462],[138.42844289322338,36.728623995457305],[138.42850539328671,36.728623995491148],[138.42856789335008,36.728623995524984],[138.4286303934135,36.728623995558735],[138.42863039345116,36.728665665521234],[138.42869289351449,36.728665665555077],[138.42875539357786,36.728665665589006],[138.4288178936412,36.728665665622842],[138.42881789360382,36.728623995660257],[138.42888039366716,36.728623995694008],[138.42894289373058,36.728623995727844],[138.4289428937679,36.728665665690613],[138.42900539383123,36.728665665724542],[138.42906789389451,36.72866566575847],[138.42906789385728,36.728623995795523],[138.42913039392073,36.728623995829274],[138.42919289398415,36.728623995863117],[138.42919289394712,36.728582325900163],[138.42925539401065,36.728582325933914],[138.4292553939737,36.728540665970883],[138.42931789403721,36.728540666004548],[138.42931789400035,36.728498996041331],[138.42938039406397,36.72849899607499],[138.42938039410075,36.728540666038299],[138.42938039413761,36.72858232600133],[138.42938039417436,36.728623995964632],[138.42944289423781,36.728623995998383],[138.42950539430126,36.728623996032226],[138.42956789436468,36.728623996066062],[138.4295678943281,36.728582326102583],[138.42963039439144,36.728582326136333],[138.42963039442793,36.728623996099898],[138.42963039446445,36.72866566606347],[138.42956789440126,36.728665666029542],[138.42956789443787,36.728707325992843],[138.42950539437453,36.728707325958915],[138.42944289431125,36.728707325924987],[138.429380394248,36.728707325890966],[138.42938039421122,36.728665665927849],[138.42931789414789,36.728665665894006],[138.42931789418475,36.728707325857044],[138.42925539412141,36.728707325823024],[138.42919289405813,36.728707325789095],[138.42919289409517,36.72874899575222],[138.429130394032,36.728748995718114],[138.42906789396875,36.7287489956841],[138.42900539390567,36.728748995650079],[138.42900539394287,36.728790665612934],[138.42906789400595,36.728790665646954],[138.42913039406903,36.728790665681061],[138.4291928941322,36.728790665715167],[138.42919289416915,36.728832325678113],[138.42913039410618,36.728832325643921],[138.42913039414321,36.728873995606953],[138.42906789408022,36.72887399557267],[138.42900539401731,36.728873995538478],[138.42894289395431,36.728873995504188],[138.42894289399163,36.728915665466786],[138.42900539405451,36.728915665501063],[138.42900539409175,36.728957325463924],[138.42894289402892,36.728957325429548],[138.42894289406624,36.728998995392232],[138.42900539412904,36.728998995426608],[138.42900539416627,36.729040665389462],[138.42894289410353,36.729040665355001],[138.42894289414076,36.729082325317592],[138.42888039407811,36.729082325282953],[138.42888039404082,36.729040665320454],[138.42881789397808,36.729040665285993],[138.42881789394062,36.728998995323309],[138.42875539387788,36.728998995288848],[138.42875539384031,36.728957325326434],[138.42875539380282,36.728915665363843],[138.42875539376536,36.728873995401514],[138.42881789382835,36.728873995435713],[138.42881789379095,36.728832325473121],[138.42888039385394,36.728832325507227],[138.42894289391703,36.728832325541418],[138.42894289387979,36.728790665578828],[138.42888039381663,36.728790665544722],[138.42881789375346,36.728790665510616],[138.42881789379095,36.728832325473121],[138.42875539372787,36.72883232543893],[138.42869289366479,36.728832325404731],[138.42863039360171,36.728832325370625],[138.42863039363937,36.728873995333039],[138.42856789357637,36.728873995298841],[138.42856789361403,36.728915665260992],[138.42850539355112,36.728915665226623],[138.42850539351338,36.728873995264564],[138.42850539347555,36.728832325302236],[138.42844289341264,36.728832325268129],[138.42844289337481,36.728790665306072],[138.42844289333686,36.728748995343835],[138.42844289329904,36.728707325381599],[138.42844289326121,36.728665665419541],[138.42838039319787,36.728665665385613],[138.42838039323578,36.728707325347671],[138.4283803932737,36.728748995309815],[138.42838039331164,36.728790665271966],[138.42838039334956,36.728832325233938],[138.42831789328648,36.72883232519974],[138.42831789332439,36.728873995161891],[138.4283803933875,36.728873995196082],[138.42838039342541,36.728915665158056],[138.42838039346333,36.728957325120199],[138.42831789340045,36.72895732508583],[138.42831789343845,36.728998995047796],[138.42831789347636,36.729040665009855],[138.42831789351439,36.729082324971735],[138.42831789355239,36.729123994933794],[138.42825539348976,36.729123994899155],[138.42825539352788,36.729165664861213],[138.42831789359033,36.729165664895945],[138.42838039365287,36.729165664930669],[138.42844289371541,36.729165664965393],[138.42844289375324,36.729207324927458],[138.42838039369079,36.729207324892641],[138.42838039372873,36.729248994854785],[138.42838039376664,36.729290664816929],[138.42831789370427,36.729290664782027],[138.42831789366636,36.729248994819883],[138.42825539360399,36.729248994785067],[138.42819289354162,36.729248994750158],[138.42819289357971,36.729290664712124],[138.42825539364199,36.729290664747033],[138.42825539368002,36.729332324708913]],[[138.42750539277782,36.729165664444565],[138.42756789284027,36.729165664479297],[138.42756789280148,36.729123994517948],[138.42756789276265,36.729082324556686],[138.42750539270003,36.729082324522139],[138.42750539273894,36.729123994483309],[138.42750539277782,36.729165664444565]],[[138.42738039261374,36.729123994414032],[138.42731789255129,36.729123994379393],[138.42731789259037,36.729165664340385],[138.42738039265274,36.729165664375117],[138.42738039261374,36.729123994414032]],[[138.42819289335102,36.72904066494084],[138.42825539341365,36.729040664975301],[138.42825539337562,36.728998995013335],[138.42819289331283,36.728998994978873],[138.42819289335102,36.72904066494084]],[[138.42875539365281,36.72874899551401],[138.42869289358964,36.72874899547999],[138.42869289362721,36.728790665442403],[138.42875539369038,36.72879066547651],[138.42875539365281,36.72874899551401]]]},"properties":{"FID":152,"A31_201":"8404030649","A31_202":"角間川","A31_203":20,"A31_204":"長野県","A31_205":1,"A31_206":" ","A31_207":" ","A31_208":" "}},{"type":"Feature","id":153,"geometry":{"type":"Polygon","coordinates":[[[138.43081789637199,36.729498996003187],[138.43088039643393,36.729498996038451],[138.43088039646909,36.72954066600326],[138.43081789640718,36.729540665967917],[138.43081789637199,36.729498996003187]]]},"properties":{"FID":153,"A31_201":"8404030649","A31_202":"角間川","A31_203":20,"A31_204":"長野県","A31_205":1,"A31_206":" ","A31_207":" ","A31_208":" "}},{"type":"Feature","id":154,"geometry":{"type":"Polygon","coordinates":[[[138.43213039740289,36.72916566701398],[138.43213039743665,36.729207326980124],[138.43213039747039,36.729248996946446],[138.43219289753276,36.729248996981262],[138.43219289756641,36.729290666947676],[138.43225539762878,36.729290666982578],[138.43231789769106,36.729290667017573],[138.4323178976575,36.729248997050988],[138.43238039771987,36.72924899708589],[138.43238039775335,36.729290667052481],[138.43238039778683,36.729332327018888],[138.43231789772466,36.729332326983894],[138.43225539766237,36.729332326948899],[138.43219289760009,36.729332326913905],[138.43213039753789,36.729332326878911],[138.43213039757165,36.729373996845233],[138.43213039760539,36.729415666811377],[138.43213039763913,36.729457326777698],[138.43206789757713,36.729457326742526],[138.43206789761086,36.729498996708756],[138.43200539754895,36.729498996673499],[138.43200539758288,36.729540666639465],[138.43194289752097,36.729540666604116],[138.43194289748703,36.729498996638149],[138.43188039742509,36.729498996602885],[138.43181789736317,36.729498996567628],[138.43181789732907,36.729457326601661],[138.43188039739098,36.729457326636833],[138.43194289745301,36.72945732667209],[138.43200539751513,36.729457326707262],[138.43200539748119,36.729415666741033],[138.43200539744734,36.729373996775067],[138.43206789750946,36.729373996810153],[138.4320678974756,36.729332326843917],[138.43206789744187,36.729290666877773],[138.4320053973795,36.729290666842871],[138.43200539734565,36.72924899687672],[138.43194289728328,36.729248996841818],[138.43194289724934,36.729207326875766],[138.43194289721532,36.729165666909793],[138.43188039715287,36.729165666875069],[138.43188039711885,36.72912399690901],[138.43181789705631,36.729123996874378],[138.43175539699376,36.729123996839732],[138.43175539702796,36.729165666805613],[138.43175539706206,36.729207326771402],[138.43169289699961,36.729207326736585],[138.43169289703388,36.729248996702374],[138.43169289706807,36.729290666668248],[138.43175539713044,36.729290666703157],[138.43175539716455,36.729332326668946],[138.43175539719874,36.72937399663482],[138.43169289713657,36.72937399659974],[138.43169289710238,36.729332326633951],[138.4316303970401,36.729332326598957],[138.43163039700579,36.729290666633347],[138.43163039697151,36.729248996667557],[138.43163039693715,36.729207326701768],[138.43163039690285,36.729165666736158],[138.43156789684039,36.729165666701519],[138.43156789680603,36.72912399673573],[138.43163039686857,36.729123996770454],[138.43163039683429,36.729082326804672],[138.43169289689692,36.729082326839219],[138.43169289686273,36.729040666873608],[138.43169289682845,36.728998996907734],[138.43169289679426,36.72895732694203],[138.43163039673135,36.728957326907661],[138.43163039669707,36.728915666941958],[138.43156789663416,36.728915666907582],[138.43150539657117,36.728915666873306],[138.43150539660564,36.728957326838909],[138.43156789666853,36.728957326873285],[138.43156789670292,36.728998996838897],[138.43156789673728,36.729040666804593],[138.43156789677167,36.729082326770026],[138.43156789680603,36.72912399673573],[138.4315053967434,36.729123996701091],[138.43144289668084,36.729123996666452],[138.4314428967154,36.729165666632063],[138.43138039665286,36.729165666597339],[138.43131789659031,36.729165666562608],[138.43131789662493,36.729207326527863],[138.43125539656265,36.729207326493047],[138.43125539652794,36.729165666527877],[138.43119289646538,36.729165666493152],[138.43119289643064,36.729123996527804],[138.43113039636802,36.729123996493172],[138.4311303963332,36.729082326528001],[138.43119289639583,36.729082326562548],[138.43119289636101,36.72904066659747],[138.43125539642375,36.729040666632024],[138.43131789648638,36.729040666666485],[138.43131789645173,36.728998996701051],[138.43131789641703,36.728957326735795],[138.43125539635429,36.728957326701419],[138.43125539631956,36.728915666736079],[138.43125539628494,36.728873996770915],[138.43125539625009,36.728832326805566],[138.43125539621539,36.728790666840396],[138.43119289615231,36.72879066680629],[138.43119289611749,36.728748996841034],[138.43119289608268,36.728707326875778],[138.43125539614601,36.728707326909714],[138.43131789620918,36.728707326943727],[138.43131789624383,36.728748996909161],[138.43138039630699,36.728748996943182],[138.43138039627243,36.728707326977656],[138.43138039623781,36.728665667012308],[138.43131789617453,36.728665666978472],[138.43131789613983,36.728623997013038],[138.43138039620325,36.728623997046789],[138.43138039616869,36.728582327081355],[138.43144289623214,36.728582327115106],[138.43144289619767,36.728540667149758],[138.4315053962612,36.728540667183424],[138.43150539629568,36.728582327148857],[138.43150539633012,36.728623997114468],[138.43156789639357,36.728623997148304],[138.43163039645691,36.728623997182055],[138.43169289652033,36.728623997215898],[138.43169289648614,36.728582327250109],[138.43175539654959,36.72858232728386],[138.43175539658378,36.728623997249741],[138.4318178966472,36.728623997283577],[138.43188039671048,36.728623997317328],[138.4319428967739,36.728623997351164],[138.43194289673997,36.728582327385112],[138.43194289670595,36.728540667419146],[138.43200539676957,36.728540667452805],[138.4320678968331,36.728540667486556],[138.43213039689664,36.728540667520221],[138.43219289696023,36.728540667553887],[138.43219289699391,36.728582327520115],[138.43219289702756,36.728623997486437],[138.43225539709101,36.728623997520273],[138.43225539712458,36.72866566748678],[138.43219289706121,36.728665667452844],[138.43219289709489,36.72870732741908],[138.43219289712863,36.728748997385495],[138.4322553971918,36.728748997419508],[138.43231789725496,36.728748997453522],[138.43238039731824,36.728748997487628],[138.43238039728476,36.728707327520951],[138.43244289734793,36.728707327554972],[138.43244289731453,36.728665667588388],[138.43244289728113,36.72862399762171],[138.43244289724774,36.728582327655118],[138.43250539731116,36.728582327688869],[138.43250539727785,36.728540667722285],[138.43256789734139,36.728540667755944],[138.43256789730816,36.728498997789174],[138.43263039737178,36.728498997822754],[138.43263039740501,36.728540667789694],[138.43263039743823,36.728582327756371],[138.43263039747134,36.728623997723226],[138.43269289753479,36.728623997757069],[138.4326928975679,36.728665667724009],[138.43269289760104,36.728707327690771],[138.43275539766429,36.728707327724706],[138.43275539769735,36.728748997691739],[138.43275539773038,36.728790667658771],[138.43281789779354,36.728790667692785],[138.4328178977606,36.728748997725752],[138.43281789772755,36.72870732775872],[138.4328178976946,36.728665667791773],[138.43281789766155,36.728623997824656],[138.432880397725,36.728623997858492],[138.43288039775794,36.728665667825616],[138.43288039779083,36.728707327792648],[138.43288039782377,36.728748997759858],[138.43294289788702,36.728748997793872],[138.43294289785416,36.728707327826577],[138.43294289782131,36.728665667859545],[138.43294289778845,36.728623997892335],[138.43300539785179,36.728623997926086],[138.43300539788456,36.728665667893473],[138.43300539791733,36.72870732786059],[138.4330053979501,36.728748997827893],[138.43300539798287,36.728790667795103],[138.43306789804603,36.728790667829209],[138.43306789807872,36.728832327796418],[138.4330678981114,36.728873997763806],[138.43300539804844,36.728873997729522],[138.43300539808121,36.72891566769664],[138.43294289801838,36.728915667662363],[138.43294289805124,36.728957327629573],[138.43288039798836,36.728957327595197],[138.4328803980213,36.728998997562229],[138.43281789795847,36.728998997527768],[138.43281789792553,36.728957327560821],[138.43281789789251,36.728915667593704],[138.4327553978296,36.72891566755942],[138.43269289776669,36.728915667525136],[138.43269289779971,36.728957327492083],[138.43269289783294,36.728998997458845],[138.43263039777014,36.728998997424384],[138.43263039773692,36.728957327457707],[138.43263039770369,36.728915667490853],[138.43263039767055,36.728873997524175],[138.4325678976075,36.728873997489892],[138.43256789757427,36.728832327523122],[138.43250539751119,36.728832327488931],[138.4325053975445,36.728873997455693],[138.4325053975779,36.7289156674222],[138.43250539761118,36.728957327388962],[138.4324428975483,36.728957327354593],[138.43238039748556,36.728957327320217],[138.43238039751904,36.728998997286624],[138.43231789745624,36.728998997252162],[138.43231789742265,36.728957327285841],[138.43225539735985,36.728957327251472],[138.43219289729703,36.728957327217103],[138.43219289726329,36.728915667250689],[138.43219289722961,36.728873997284452],[138.43213039716665,36.728873997250261],[138.43213039720038,36.728915667216405],[138.43206789713747,36.728915667182036],[138.43200539707459,36.728915667147746],[138.43200539710841,36.728957327113982],[138.43200539714235,36.728998997079948],[138.43194289707952,36.728998997045487],[138.43194289704559,36.728957327079613],[138.4319428970116,36.728915667113469],[138.43194289697766,36.728873997147588],[138.43188039691466,36.728873997113304],[138.43181789685175,36.728873997079106],[138.43181789688586,36.728915667044809],[138.43181789691997,36.72895732701086],[138.43188039698271,36.728957327045237],[138.43188039701673,36.728998997011118],[138.43188039705075,36.72904066697717],[138.43188039708474,36.729082326942958],[138.43194289714739,36.729082326977597],[138.43194289711346,36.729040667011631],[138.43200539717617,36.729040667046178],[138.43206789723891,36.729040667080639],[138.43206789727276,36.729082327046697],[138.43213039733538,36.729082327081336],[138.43213039736912,36.729123997047658],[138.43206789730658,36.729123997013019],[138.43206789734035,36.729165666979256],[138.43213039740289,36.72916566701398]],[[138.43175539695957,36.729082326873765],[138.4318178970222,36.729082326908411],[138.43181789698818,36.729040666942623],[138.43175539692538,36.72904066690807],[138.43175539695957,36.729082326873765]],[[138.43263039763735,36.728832327557228],[138.43269289770043,36.728832327591427],[138.43269289766729,36.728790667624665],[138.43263039760413,36.728790667590559],[138.43263039763735,36.728832327557228]],[[138.43156789649657,36.72874899704523],[138.43150539643341,36.728748997011209],[138.43144289637024,36.728748996977195],[138.43144289640472,36.728790666942714],[138.43150539646788,36.72879066697682],[138.43150539650233,36.728832326942253],[138.43156789656541,36.728832326976452],[138.43156789653105,36.728790667010841],[138.43156789649657,36.72874899704523],[138.43163039655985,36.728748997079251],[138.43169289662302,36.728748997113264],[138.43169289658883,36.728707327147475],[138.43163039652558,36.728707327113455],[138.43163039649127,36.728665667147851],[138.43156789642785,36.728665667114008],[138.4315678964623,36.728707327079533],[138.43156789649657,36.72874899704523]],[[138.43244289741472,36.728790667488241],[138.43250539747788,36.728790667522347],[138.43250539744449,36.72874899755567],[138.43244289738132,36.728748997521649],[138.43244289741472,36.728790667488241]],[[138.4318803968126,36.728748997215405],[138.4319428968758,36.728748997249426],[138.43194289684178,36.728707327283274],[138.4318803967785,36.728707327249353],[138.4318803968126,36.728748997215405]],[[138.43288039788959,36.728832327693922],[138.43281789782651,36.728832327659731],[138.43281789785954,36.728873997626849],[138.43288039792253,36.728873997661132],[138.43288039788959,36.728832327693922]]]},"properties":{"FID":154,"A31_201":"8404030649","A31_202":"角間川","A31_203":20,"A31_204":"長野県","A31_205":1,"A31_206":" ","A31_207":" ","A31_208":" "}},{"type":"Feature","id":155,"geometry":{"type":"Polygon","coordinates":[[[138.42594289158095,36.729540663210827],[138.42594289162156,36.72958232317005],[138.4258803915597,36.729582323134608],[138.42581789149787,36.729582323099258],[138.42581789145711,36.729540663140128],[138.42588039151903,36.729540663175484],[138.42594289158095,36.729540663210827]]]},"properties":{"FID":155,"A31_201":"8404030649","A31_202":"角間川","A31_203":20,"A31_204":"長野県","A31_205":1,"A31_206":" ","A31_207":" ","A31_208":" "}},{"type":"Feature","id":156,"geometry":{"type":"Polygon","coordinates":[[[138.42719289281848,36.729540663917732],[138.42719289285768,36.729582323878368],[138.4271303927959,36.729582323842934],[138.42713039275657,36.729540663882382],[138.42719289281848,36.729540663917732]]]},"properties":{"FID":156,"A31_201":"8404030649","A31_202":"角間川","A31_203":20,"A31_204":"長野県","A31_205":1,"A31_206":" ","A31_207":" ","A31_208":" "}},{"type":"Feature","id":157,"geometry":{"type":"Polygon","coordinates":[[[138.43094289653095,36.729540666038616],[138.43094289656602,36.729582326003424],[138.43088039650419,36.729582325967982],[138.43088039646909,36.72954066600326],[138.43094289653095,36.729540666038616]]]},"properties":{"FID":157,"A31_201":"8404030649","A31_202":"角間川","A31_203":20,"A31_204":"長野県","A31_205":1,"A31_206":" ","A31_207":" ","A31_208":" "}},{"type":"Feature","id":158,"geometry":{"type":"Polygon","coordinates":[[[138.43150539712229,36.729582326322102],[138.4315053970879,36.729540666356669],[138.43156789714976,36.729540666392019],[138.43156789718412,36.729582326357544],[138.43150539712229,36.729582326322102]]]},"properties":{"FID":158,"A31_201":"8404030649","A31_202":"角間川","A31_203":20,"A31_204":"長野県","A31_205":1,"A31_206":" ","A31_207":" ","A31_208":" "}},{"type":"Feature","id":159,"geometry":{"type":"Polygon","coordinates":[[[138.42613039184738,36.729623993235933],[138.42613039180696,36.729582323276276],[138.42613039176655,36.729540663316882],[138.42619289182849,36.729540663352225],[138.42619289186879,36.72958232331171],[138.42619289190912,36.72962399327146],[138.42613039184738,36.729623993235933]]]},"properties":{"FID":159,"A31_201":"8404030649","A31_202":"角間川","A31_203":20,"A31_204":"長野県","A31_205":1,"A31_206":" ","A31_207":" ","A31_208":" "}},{"type":"Feature","id":160,"geometry":{"type":"Polygon","coordinates":[[[138.42719289266148,36.729373994074734],[138.42725539272365,36.729373994109821],[138.42731789278585,36.729373994144908],[138.42731789282493,36.72941566410563],[138.42738039288696,36.729415664140802],[138.42738039284785,36.729373994179987],[138.42744289291005,36.729373994215067],[138.42750539297225,36.729373994250153],[138.42750539301116,36.729415664211061],[138.42750539305007,36.729457324172316],[138.42750539308886,36.729498994133486],[138.42744289302695,36.729498994098222],[138.42744289306594,36.72954066405913],[138.42744289310482,36.729582324020029],[138.42750539316668,36.729582324055471],[138.42750539320556,36.729623994016642],[138.42744289314382,36.729623993981207],[138.42738039308207,36.72962399394568],[138.42738039304299,36.729582323984594],[138.427380393004,36.72954066402378],[138.42731789294226,36.729540663988431],[138.42725539288034,36.729540663953081],[138.42719289281848,36.729540663917732],[138.42719289277923,36.729498993957094],[138.42725539284118,36.729498993992351],[138.42725539280201,36.729457324031451],[138.42725539276282,36.729415664070544],[138.42719289270073,36.729415664035372],[138.42719289266148,36.729373994074734]]]},"properties":{"FID":160,"A31_201":"8404030649","A31_202":"角間川","A31_203":20,"A31_204":"長野県","A31_205":1,"A31_206":" ","A31_207":" ","A31_208":" "}},{"type":"Feature","id":161,"geometry":{"type":"Polygon","coordinates":[[[138.43150539712229,36.729582326322102],[138.43150539715674,36.729623996287799],[138.431442897095,36.729623996252272],[138.43138039703325,36.729623996216837],[138.43138039699869,36.729582326251318],[138.43144289706046,36.729582326286753],[138.43150539712229,36.729582326322102]]]},"properties":{"FID":161,"A31_201":"8404030649","A31_202":"角間川","A31_203":20,"A31_204":"長野県","A31_205":1,"A31_206":" ","A31_207":" ","A31_208":" "}},{"type":"Feature","id":162,"geometry":{"type":"Polygon","coordinates":[[[138.4279428935609,36.729540664341926],[138.42794289359927,36.729582324303365],[138.42794289363772,36.729623994265069],[138.42794289367609,36.729665664226772],[138.42788039361452,36.729665664191153],[138.42788039357606,36.729623994229541],[138.42781789351432,36.7296239941941],[138.42775539345257,36.729623994158572],[138.42769289339083,36.729623994123131],[138.42769289335217,36.729582324161697],[138.42775539341392,36.729582324197139],[138.42781789347578,36.729582324232574],[138.42781789343724,36.729540664271227],[138.42788039349915,36.729540664306576],[138.4279428935609,36.729540664341926]]]},"properties":{"FID":162,"A31_201":"8404030649","A31_202":"角間川","A31_203":20,"A31_204":"長野県","A31_205":1,"A31_206":" ","A31_207":" ","A31_208":" "}},{"type":"Feature","id":163,"geometry":{"type":"Polygon","coordinates":[[[138.43106789672461,36.729623996039379],[138.43106789675952,36.72966566600455],[138.43100539669786,36.72966566596893],[138.43100539666284,36.729623996003852],[138.43106789672461,36.729623996039379]]]},"properties":{"FID":163,"A31_201":"8404030649","A31_202":"角間川","A31_203":20,"A31_204":"長野県","A31_205":1,"A31_206":" ","A31_207":" ","A31_208":" "}},{"type":"Feature","id":164,"geometry":{"type":"Polygon","coordinates":[[[138.42769289339083,36.729623994123131],[138.42769289342954,36.729665664084479],[138.42769289346819,36.729707324045741],[138.42763039340653,36.729707324010121],[138.42763039336779,36.729665664048952],[138.42763039332908,36.729623994087603],[138.42769289339083,36.729623994123131]]]},"properties":{"FID":164,"A31_201":"8404030649","A31_202":"角間川","A31_203":20,"A31_204":"長野県","A31_205":1,"A31_206":" ","A31_207":" ","A31_208":" "}},{"type":"Feature","id":165,"geometry":{"type":"Polygon","coordinates":[[[138.43119289688292,36.729665666075604],[138.43119289691765,36.729707326040767],[138.43113039685608,36.729707326005155],[138.4310678967945,36.729707325969535],[138.43106789675952,36.72966566600455],[138.43113039682126,36.729665666040077],[138.43119289688292,36.729665666075604]]]},"properties":{"FID":165,"A31_201":"8404030649","A31_202":"角間川","A31_203":20,"A31_204":"長野県","A31_205":1,"A31_206":" ","A31_207":" ","A31_208":" "}},{"type":"Feature","id":166,"geometry":{"type":"Polygon","coordinates":[[[138.43138039703325,36.729623996216837],[138.43138039706781,36.729665666182271],[138.43131789700615,36.729665666146744],[138.4313178970408,36.729707326111999],[138.43125539697931,36.72970732607638],[138.43125539694458,36.729665666111217],[138.43119289688292,36.729665666075604],[138.4311928968481,36.729623996110348],[138.43113039678636,36.729623996074821],[138.43106789672461,36.729623996039379],[138.43106789668968,36.729582326074208],[138.43100539662785,36.729582326038773],[138.43100539659287,36.729540666073959],[138.43094289653095,36.729540666038616],[138.43094289649594,36.729498996073715],[138.43100539655788,36.729498996108973],[138.43100539652289,36.729457326143894],[138.43094289646086,36.729457326108722],[138.43094289642579,36.729415666143737],[138.43094289639069,36.729373996178921],[138.43094289635562,36.729332326213935],[138.43088039629342,36.729332326178934],[138.43081789623113,36.729332326143947],[138.43081789619598,36.729290666179224],[138.43075539613369,36.729290666144315],[138.43075539609833,36.729248996179507],[138.4308178961607,36.729248996214324],[138.43088039622316,36.729248996249225],[138.43094289628553,36.729248996284042],[138.43094289632052,36.729290666249028],[138.43100539638289,36.729290666284029],[138.4310053963479,36.729248996318944],[138.43106789641027,36.729248996353761],[138.43113039647264,36.729248996388669],[138.43119289653501,36.729248996423486],[138.43119289656983,36.729290666388742],[138.43119289660456,36.729332326353912],[138.43113039654236,36.729332326318911],[138.4310678964801,36.729332326283924],[138.431067896515,36.729373996249087],[138.43113039657717,36.729373996284167],[138.43119289663937,36.729373996319168],[138.43125539670157,36.729373996354248],[138.43125539673622,36.729415666319412],[138.43125539677095,36.729457326284759],[138.43125539680574,36.729498996250101],[138.43131789686751,36.729498996285457],[138.43131789690221,36.729540666250713],[138.43138039696407,36.729540666286056],[138.43138039699869,36.729582326251318],[138.43131789693686,36.729582326215876],[138.43131789697151,36.72962399618131],[138.43138039703325,36.729623996216837]]]},"properties":{"FID":166,"A31_201":"8404030649","A31_202":"角間川","A31_203":20,"A31_204":"長野県","A31_205":1,"A31_206":" ","A31_207":" ","A31_208":" "}},{"type":"Feature","id":167,"geometry":{"type":"Polygon","coordinates":[[[138.42613039184738,36.729623993235933],[138.4261303918878,36.72966566319559],[138.42613039192821,36.729707323155168],[138.42613039196863,36.72974899311474],[138.42606789190714,36.729748993079028],[138.42600539184556,36.72974899304333],[138.42594289178408,36.729748993007618],[138.4259428917434,36.729707323048231],[138.42600539180506,36.729707323083844],[138.42600539176448,36.729665663124536],[138.42606789182614,36.729665663160063],[138.42606789178564,36.729623993200491],[138.42613039184738,36.729623993235933]]]},"properties":{"FID":167,"A31_201":"8404030649","A31_202":"角間川","A31_203":20,"A31_204":"長野県","A31_205":1,"A31_206":" ","A31_207":" ","A31_208":" "}},{"type":"Feature","id":168,"geometry":{"type":"Polygon","coordinates":[[[138.42788039361452,36.729665664191153],[138.42788039365297,36.729707324152585],[138.42788039369145,36.729748994114203],[138.42781789362996,36.729748994078498],[138.42775539356839,36.729748994042794],[138.42769289350682,36.729748994007089],[138.42769289346819,36.729707324045741],[138.42775539352976,36.72970732408136],[138.4278178935914,36.729707324116973],[138.42781789355286,36.729665664155625],[138.42788039361452,36.729665664191153]]]},"properties":{"FID":168,"A31_201":"8404030649","A31_202":"角間川","A31_203":20,"A31_204":"長野県","A31_205":1,"A31_206":" ","A31_207":" ","A31_208":" "}},{"type":"Feature","id":169,"geometry":{"type":"Polygon","coordinates":[[[138.43125539697931,36.72970732607638],[138.43125539701404,36.729748996041728],[138.43119289695247,36.729748996006023],[138.43119289691765,36.729707326040767],[138.43125539697931,36.72970732607638]]]},"properties":{"FID":169,"A31_201":"8404030649","A31_202":"角間川","A31_203":20,"A31_204":"長野県","A31_205":1,"A31_206":" ","A31_207":" ","A31_208":" "}},{"type":"Feature","id":170,"geometry":{"type":"Polygon","coordinates":[[[138.42988039573285,36.729832325183892],[138.42988039569661,36.729790665220236],[138.42988039566038,36.729748995256401],[138.42994289572192,36.729748995292105],[138.42994289575807,36.729790665256033],[138.42994289579423,36.729832325219775],[138.42988039573285,36.729832325183892]]]},"properties":{"FID":170,"A31_201":"8404030649","A31_202":"角間川","A31_203":20,"A31_204":"長野県","A31_205":1,"A31_206":" ","A31_207":" ","A31_208":" "}},{"type":"Feature","id":171,"geometry":{"type":"Polygon","coordinates":[[[138.43038039622388,36.729832325470596],[138.43031789616251,36.729832325434714],[138.43031789612681,36.729790665470617],[138.43038039618827,36.729790665506314],[138.43038039622388,36.729832325470596]]]},"properties":{"FID":171,"A31_201":"8404030649","A31_202":"角間川","A31_203":20,"A31_204":"長野県","A31_205":1,"A31_206":" ","A31_207":" ","A31_208":" "}},{"type":"Feature","id":172,"geometry":{"type":"Polygon","coordinates":[[[138.43038039622388,36.729832325470596],[138.43044289628537,36.729832325506393],[138.43044289632098,36.729873995470847],[138.43038039625961,36.729873995434964],[138.43038039622388,36.729832325470596]]]},"properties":{"FID":172,"A31_201":"8404030649","A31_202":"角間川","A31_203":20,"A31_204":"長野県","A31_205":1,"A31_206":" ","A31_207":" ","A31_208":" "}},{"type":"Feature","id":173,"geometry":{"type":"Polygon","coordinates":[[[138.42850539445777,36.729915664320103],[138.42844289439665,36.729915664284135],[138.42844289435874,36.729873994321991],[138.42838039429742,36.729873994286109],[138.42838039425951,36.729832324323866],[138.42838039422168,36.7297906643619],[138.4283178941601,36.729790664326103],[138.4282553940987,36.729790664290405],[138.42819289403721,36.729790664254608],[138.42819289399904,36.729748994292635],[138.42819289396093,36.729707324330761],[138.42813039389935,36.729707324295141],[138.42813039386115,36.729665664333439],[138.42819289392281,36.729665664368966],[138.42819289388473,36.729623994406992],[138.42819289384661,36.729582324445026],[138.42813039378478,36.729582324409677],[138.42813039374659,36.729540664447974],[138.42813039370839,36.729498994486271],[138.42819289377033,36.729498994521535],[138.42819289380841,36.729540664483324],[138.42825539387036,36.729540664518673],[138.42831789393219,36.729540664554023],[138.4283803939941,36.729540664589372],[138.42838039403205,36.729582324551252],[138.42838039406996,36.729623994513489],[138.42838039410788,36.729665664475633],[138.42844289416954,36.72966566451116],[138.42844289420739,36.729707324473225],[138.42844289424522,36.729748994435454],[138.42850539430663,36.729748994471166],[138.42850539434446,36.729790664433395],[138.4285053943822,36.729832324395545],[138.42856789444357,36.729832324431428],[138.42856789448135,36.729873994393756],[138.42850539442003,36.729873994357874],[138.42850539445777,36.729915664320103]]]},"properties":{"FID":173,"A31_201":"8404030649","A31_202":"角間川","A31_203":20,"A31_204":"長野県","A31_205":1,"A31_206":" ","A31_207":" ","A31_208":" "}},{"type":"Feature","id":174,"geometry":{"type":"Polygon","coordinates":[[[138.42988039573285,36.729832325183892],[138.42988039576909,36.729873995147727],[138.42988039580533,36.729915665111477],[138.42981789574409,36.729915665075502],[138.42981789570777,36.729873995111845],[138.42981789567145,36.729832325148095],[138.42988039573285,36.729832325183892]]]},"properties":{"FID":174,"A31_201":"8404030649","A31_202":"角間川","A31_203":20,"A31_204":"長野県","A31_205":1,"A31_206":" ","A31_207":" ","A31_208":" "}},{"type":"Feature","id":175,"geometry":{"type":"Polygon","coordinates":[[[138.43044289632098,36.729873995470847],[138.4305053963823,36.729873995506729],[138.43050539641783,36.729915665471275],[138.43044289635662,36.7299156654353],[138.43044289632098,36.729873995470847]]]},"properties":{"FID":175,"A31_201":"8404030649","A31_202":"角間川","A31_203":20,"A31_204":"長野県","A31_205":1,"A31_206":" ","A31_207":" ","A31_208":" "}},{"type":"Feature","id":176,"geometry":{"type":"Polygon","coordinates":[[[138.42981789574409,36.729915665075502],[138.42981789578042,36.729957325039159],[138.42975539571921,36.729957325003099],[138.4297553956828,36.729915665039528],[138.42981789574409,36.729915665075502]]]},"properties":{"FID":176,"A31_201":"8404030649","A31_202":"角間川","A31_203":20,"A31_204":"長野県","A31_205":1,"A31_206":" ","A31_207":" ","A31_208":" "}},{"type":"Feature","id":177,"geometry":{"type":"Polygon","coordinates":[[[138.43075539669812,36.72995732557979],[138.43075539666279,36.72991566561516],[138.43069289660164,36.729915665579185],[138.43069289656631,36.729873995614469],[138.43069289653096,36.729832325649738],[138.4306928964956,36.729790665685201],[138.4306303964342,36.729790665649404],[138.43063039639878,36.729748995684773],[138.43056789633721,36.729748995649061],[138.43056789637262,36.729790665613606],[138.43050539631116,36.729790665577909],[138.43044289624976,36.729790665542112],[138.43044289621406,36.729748995577651],[138.43038039615257,36.729748995541954],[138.43038039611687,36.729707325577671],[138.43031789605521,36.729707325541966],[138.43031789601952,36.729665665577869],[138.43031789598371,36.729623995613494],[138.43025539592196,36.729623995578059],[138.43019289586022,36.729623995542532],[138.43019289582435,36.729582325578342],[138.43025539588618,36.729582325613777],[138.43025539585028,36.729540665649765],[138.43031789591222,36.729540665685121],[138.43038039597405,36.729540665720464],[138.43038039600975,36.72958232568466],[138.43044289607158,36.729582325720003],[138.43050539613344,36.729582325755445],[138.43056789619527,36.729582325790886],[138.4306303962571,36.729582325826321],[138.43063039629254,36.729623995790959],[138.4306303963279,36.72966566575559],[138.43063039636334,36.729707325720135],[138.43069289642489,36.729707325755754],[138.43075539648638,36.729707325791367],[138.43075539645113,36.72966566582673],[138.43075539641586,36.729623995861921],[138.43081789647761,36.729623995897448],[138.43088039653935,36.729623995932883],[138.43088039657454,36.729665665897876],[138.43088039660961,36.729707325862599],[138.43081789654804,36.729707325826979],[138.43081789658322,36.729748995791795],[138.43081789661846,36.729790665756695],[138.43081789665365,36.729832325721418],[138.43081789668889,36.729873995686319],[138.43088039675021,36.729873995722201],[138.43094289681153,36.729873995758084],[138.4309428968466,36.72991566572307],[138.43088039678537,36.729915665687102],[138.43081789672408,36.729915665651134],[138.43081789675927,36.729957325615764],[138.43075539669812,36.72995732557979]]]},"properties":{"FID":177,"A31_201":"8404030649","A31_202":"角間川","A31_203":20,"A31_204":"長野県","A31_205":1,"A31_206":" ","A31_207":" ","A31_208":" "}},{"type":"Feature","id":178,"geometry":{"type":"Polygon","coordinates":[[[138.42481789092753,36.729957322263957],[138.42481789096945,36.729998992222377],[138.42475539092217,36.729998992222377],[138.42475539088025,36.729957322263957],[138.42481789092753,36.729957322263957]]]},"properties":{"FID":178,"A31_201":"8404030649","A31_202":"角間川","A31_203":20,"A31_204":"長野県","A31_205":1,"A31_206":" ","A31_207":" ","A31_208":" "}},{"type":"Feature","id":179,"geometry":{"type":"Polygon","coordinates":[[[138.42513039110872,36.729873992419158],[138.42519289117001,36.72987399245504],[138.42519289121151,36.729915662413632],[138.4252553912728,36.729915662449599],[138.42525539131418,36.729957322408112],[138.42525539135551,36.729998992366788],[138.42519289129444,36.729998992330643],[138.42513039123332,36.729998992294583],[138.42513039119177,36.729957322335991],[138.42513039115019,36.729915662377664],[138.42506789108907,36.729915662341689],[138.42506789104749,36.729873992383183],[138.42513039110872,36.729873992419158]]]},"properties":{"FID":179,"A31_201":"8404030649","A31_202":"角間川","A31_203":20,"A31_204":"長野県","A31_205":1,"A31_206":" ","A31_207":" ","A31_208":" "}},{"type":"Feature","id":180,"geometry":{"type":"Polygon","coordinates":[[[138.43063039657579,36.729957325507669],[138.43063039661121,36.729998995472307],[138.43056789655009,36.729998995436247],[138.43056789651465,36.729957325471617],[138.43063039657579,36.729957325507669]]]},"properties":{"FID":180,"A31_201":"8404030649","A31_202":"角間川","A31_203":20,"A31_204":"長野県","A31_205":1,"A31_206":" ","A31_207":" ","A31_208":" "}},{"type":"Feature","id":181,"geometry":{"type":"Polygon","coordinates":[[[138.43075539669812,36.72995732557979],[138.43075539673339,36.729998995544605],[138.43069289667235,36.729998995508453],[138.430692896637,36.729957325543737],[138.43075539669812,36.72995732557979]]]},"properties":{"FID":181,"A31_201":"8404030649","A31_202":"角間川","A31_203":20,"A31_204":"長野県","A31_205":1,"A31_206":" ","A31_207":" ","A31_208":" "}},{"type":"Feature","id":182,"geometry":{"type":"Polygon","coordinates":[[[138.43075539673339,36.729998995544605],[138.43081789679451,36.729998995580665],[138.43081789682969,36.730040665545303],[138.43075539676863,36.730040665509151],[138.43075539673339,36.729998995544605]]]},"properties":{"FID":182,"A31_201":"8404030649","A31_202":"角間川","A31_203":20,"A31_204":"長野県","A31_205":1,"A31_206":" ","A31_207":" ","A31_208":" "}},{"type":"Feature","id":183,"geometry":{"type":"Polygon","coordinates":[[[138.42813039416669,36.729998994027866],[138.42819289422783,36.729998994064012],[138.42819289426592,36.730040664025715],[138.42825539432704,36.730040664061953],[138.42825539436507,36.730082324023925],[138.42819289430403,36.730082323987688],[138.42813039424308,36.73008232395145],[138.42813039420489,36.73004066398957],[138.42813039416669,36.729998994027866]]]},"properties":{"FID":183,"A31_201":"8404030649","A31_202":"角間川","A31_203":20,"A31_204":"長野県","A31_205":1,"A31_206":" ","A31_207":" ","A31_208":" "}},{"type":"Feature","id":184,"geometry":{"type":"Polygon","coordinates":[[[138.4295053955845,36.730082324748942],[138.42944289552355,36.730082324712704],[138.42944289548686,36.730040664749403],[138.42950539554789,36.730040664785548],[138.4295053955845,36.730082324748942]]]},"properties":{"FID":184,"A31_201":"8404030649","A31_202":"角間川","A31_203":20,"A31_204":"長野県","A31_205":1,"A31_206":" ","A31_207":" ","A31_208":" "}},{"type":"Feature","id":185,"geometry":{"type":"Polygon","coordinates":[[[138.42956789564553,36.73008232478518],[138.42956789560893,36.730040664821701],[138.42956789557235,36.729998994858491],[138.42963039563338,36.729998994894544],[138.4296928956945,36.729998994930696],[138.42969289573091,36.730040664894091],[138.42969289576735,36.730082324857747],[138.4296303957064,36.730082324821417],[138.42956789564553,36.73008232478518]]]},"properties":{"FID":185,"A31_201":"8404030649","A31_202":"角間川","A31_203":20,"A31_204":"長野県","A31_205":1,"A31_206":" ","A31_207":" ","A31_208":" "}},{"type":"Feature","id":186,"geometry":{"type":"Polygon","coordinates":[[[138.42956789564553,36.73008232478518],[138.42956789568211,36.730123994748482],[138.42950539562125,36.730123994712244],[138.4295053955845,36.730082324748942],[138.42956789564553,36.73008232478518]]]},"properties":{"FID":186,"A31_201":"8404030649","A31_202":"角間川","A31_203":20,"A31_204":"長野県","A31_205":1,"A31_206":" ","A31_207":" ","A31_208":" "}},{"type":"Feature","id":187,"geometry":{"type":"Polygon","coordinates":[[[138.42981789592565,36.730123994893788],[138.42981789588933,36.730082324930223],[138.42981789585298,36.730040664966474],[138.42988039591413,36.730040665002619],[138.42988039595036,36.73008232496646],[138.4298803959866,36.730123994930111],[138.42981789592565,36.730123994893788]]]},"properties":{"FID":187,"A31_201":"8404030649","A31_202":"角間川","A31_203":20,"A31_204":"長野県","A31_205":1,"A31_206":" ","A31_207":" ","A31_208":" "}},{"type":"Feature","id":188,"geometry":{"type":"Polygon","coordinates":[[[138.42488039114212,36.730123992097177],[138.42494289118912,36.730123992097177],[138.42494289123087,36.730165662055597],[138.42488039118388,36.730165662055597],[138.42488039114212,36.730123992097177]]]},"properties":{"FID":188,"A31_201":"8404030649","A31_202":"角間川","A31_203":20,"A31_204":"長野県","A31_205":1,"A31_206":" ","A31_207":" ","A31_208":" "}},{"type":"Feature","id":189,"geometry":{"type":"Polygon","coordinates":[[[138.42956789568211,36.730123994748482],[138.42963039574289,36.730123994784805],[138.42963039577947,36.730165664748377],[138.42956789571872,36.730165664712047],[138.42956789568211,36.730123994748482]]]},"properties":{"FID":189,"A31_201":"8404030649","A31_202":"角間川","A31_203":20,"A31_204":"長野県","A31_205":1,"A31_206":" ","A31_207":" ","A31_208":" "}},{"type":"Feature","id":190,"geometry":{"type":"Polygon","coordinates":[[[138.43050539663116,36.730165665257836],[138.43044289657038,36.730165665221421],[138.43044289653469,36.73012399525696],[138.43044289649907,36.730082325292685],[138.43050539656011,36.730082325328922],[138.43056789662106,36.73008232536516],[138.43063039668209,36.730082325401483],[138.43069289674304,36.730082325437721],[138.4306928967784,36.730123995402266],[138.43063039671753,36.730123995365943],[138.43056789665658,36.73012399532962],[138.43050539659563,36.73012399529329],[138.43050539663116,36.730165665257836]]]},"properties":{"FID":190,"A31_201":"8404030649","A31_202":"角間川","A31_203":20,"A31_204":"長野県","A31_205":1,"A31_206":" ","A31_207":" ","A31_208":" "}},{"type":"Feature","id":191,"geometry":{"type":"Polygon","coordinates":[[[138.42438039085073,36.73020732201384],[138.42438039080838,36.730165662055597],[138.42444289085529,36.730165662055597],[138.42444289089764,36.73020732201384],[138.42438039085073,36.73020732201384]]]},"properties":{"FID":191,"A31_201":"8404030649","A31_202":"角間川","A31_203":20,"A31_204":"長野県","A31_205":1,"A31_206":" ","A31_207":" ","A31_208":" "}},{"type":"Feature","id":192,"geometry":{"type":"Polygon","coordinates":[[[138.42438039085073,36.73020732201384],[138.42438039089311,36.730248991972253],[138.42431789084628,36.730248991972253],[138.42431789080382,36.73020732201384],[138.42438039085073,36.73020732201384]]]},"properties":{"FID":192,"A31_201":"8404030649","A31_202":"角間川","A31_203":20,"A31_204":"長野県","A31_205":1,"A31_206":" ","A31_207":" ","A31_208":" "}},{"type":"Feature","id":193,"geometry":{"type":"Polygon","coordinates":[[[138.4262553925347,36.730207322742942],[138.42619289247401,36.730207322706526],[138.42619289251434,36.730248992666276],[138.42619289255475,36.730290662626025],[138.42613039249406,36.730290662589432],[138.42613039245364,36.730248992629768],[138.42606789239298,36.730248992593175],[138.42606789235248,36.730207322633603],[138.42606789231198,36.73016566267421],[138.42600539225111,36.730165662637887],[138.42600539221061,36.730123992678315],[138.42600539217003,36.730082322718921],[138.42594289210908,36.730082322682684],[138.42594289206838,36.73004066272329],[138.42594289202779,36.729998992763981],[138.42600539208894,36.729998992800134],[138.42600539204832,36.729957322840562],[138.42600539200782,36.729915662881254],[138.42600539196724,36.729873992921775],[138.42594289190595,36.729873992885892],[138.42594289186525,36.729832322926413],[138.42594289182466,36.729790662967105],[138.42600539188615,36.729790663002902],[138.42600539192665,36.729832322962203],[138.42606789198805,36.729832322998085],[138.42606789202856,36.729873992957657],[138.42613039208993,36.729873992993539],[138.42613039213035,36.729915662953204],[138.42613039217076,36.729957322912682],[138.42613039221118,36.729998992872339],[138.42606789215006,36.729998992836194],[138.42606789219056,36.730040662795588],[138.42613039225159,36.730040662831826],[138.42613039229201,36.730082322791489],[138.42613039233242,36.730123992750968],[138.42613039237284,36.730165662710633],[138.42619289243368,36.730165662747041],[138.42625539249437,36.730165662783371],[138.4262553925347,36.730207322742942]]]},"properties":{"FID":193,"A31_201":"8404030649","A31_202":"角間川","A31_203":20,"A31_204":"長野県","A31_205":1,"A31_206":" ","A31_207":" ","A31_208":" "}},{"type":"Feature","id":194,"geometry":{"type":"Polygon","coordinates":[[[138.42688039314231,36.730207323107535],[138.42694289320309,36.730207323144043],[138.4269428932426,36.730248993104595],[138.42694289328213,36.730290663065141],[138.42688039322155,36.730290663028548],[138.42688039318193,36.730248993068088],[138.42688039314231,36.730207323107535]]]},"properties":{"FID":194,"A31_201":"8404030649","A31_202":"角間川","A31_203":20,"A31_204":"長野県","A31_205":1,"A31_206":" ","A31_207":" ","A31_208":" "}},{"type":"Feature","id":195,"geometry":{"type":"Polygon","coordinates":[[[138.42931789558594,36.73029066445585],[138.42925539552533,36.730290664419257],[138.42925539548838,36.730248994456133],[138.42931789554908,36.730248994492641],[138.42931789558594,36.73029066445585]]]},"properties":{"FID":195,"A31_201":"8404030649","A31_202":"角間川","A31_203":20,"A31_204":"長野県","A31_205":1,"A31_206":" ","A31_207":" ","A31_208":" "}},{"type":"Feature","id":196,"geometry":{"type":"Polygon","coordinates":[[[138.42425539084198,36.730290661930667],[138.42425539088444,36.730332321888909],[138.42419289083779,36.730332321888909],[138.42419289079515,36.730290661930667],[138.42425539084198,36.730290661930667]]]},"properties":{"FID":196,"A31_201":"8404030649","A31_202":"角間川","A31_203":20,"A31_204":"長野県","A31_205":1,"A31_206":" ","A31_207":" ","A31_208":" "}},{"type":"Feature","id":197,"geometry":{"type":"Polygon","coordinates":[[[138.42956789582848,36.730290664602222],[138.42956789586509,36.730332324565524],[138.42950539580457,36.730332324528931],[138.4295053957679,36.730290664565629],[138.42956789582848,36.730290664602222]]]},"properties":{"FID":197,"A31_201":"8404030649","A31_202":"角間川","A31_203":20,"A31_204":"長野県","A31_205":1,"A31_206":" ","A31_207":" ","A31_208":" "}},{"type":"Feature","id":198,"geometry":{"type":"Polygon","coordinates":[[[138.43013039641008,36.730332324895571],[138.43013039637418,36.730290664931644],[138.4301303963382,36.730248994967454],[138.43013039630216,36.730207325003356],[138.43019289636283,36.730207325039856],[138.4302553964236,36.730207325076279],[138.43025539638782,36.730165665112267],[138.43019289632696,36.730165665075937],[138.43013039626626,36.730165665039522],[138.4300678962054,36.730165665003106],[138.43000539614457,36.730165664966691],[138.43000539610841,36.730123995002771],[138.43006789616936,36.730123995039094],[138.43006789613329,36.730082325075173],[138.43006789609723,36.730040665111162],[138.43006789606125,36.729998995147326],[138.43000539600013,36.729998995111259],[138.43000539596397,36.729957325147254],[138.43000539592782,36.729915665183505],[138.43000539589178,36.729873995219577],[138.43000539585563,36.729832325255572],[138.43000539581956,36.729790665291731],[138.43000539578341,36.72974899532781],[138.43000539574734,36.72970732536389],[138.43006789580892,36.729707325399502],[138.43006789584499,36.729748995363515],[138.43006789588105,36.729790665327528],[138.43013039594246,36.729790665363325],[138.43013039597841,36.729832325327244],[138.43019289603973,36.729832325363034],[138.4302553961011,36.729832325398917],[138.430255396137,36.729873995363199],[138.43025539617278,36.72991566532739],[138.43025539620868,36.729957325291402],[138.43025539624446,36.729998995255684],[138.43031789630558,36.72999899529183],[138.43031789634139,36.730040665255842],[138.43031789637709,36.730082325220209],[138.43031789641287,36.7301239951844],[138.43038039647382,36.730123995220637],[138.43038039650952,36.730165665185098],[138.43038039654516,36.730207325149195],[138.43031789648438,36.730207325112779],[138.43031789652017,36.730248995077062],[138.4302553964595,36.730248995040554],[138.43019289639872,36.730248995004047],[138.43019289643468,36.730290664968237],[138.43019289647057,36.730332324932249],[138.43013039641008,36.730332324895571]]]},"properties":{"FID":198,"A31_201":"8404030649","A31_202":"角間川","A31_203":20,"A31_204":"長野県","A31_205":1,"A31_206":" ","A31_207":" ","A31_208":" "}},{"type":"Feature","id":199,"geometry":{"type":"Polygon","coordinates":[[[138.42581789219091,36.730290662406375],[138.42581789223161,36.730332322365598],[138.42581789227245,36.730373992324814],[138.42575539221195,36.730373992288129],[138.42575539217108,36.730332322328913],[138.42575539213024,36.730290662369782],[138.42581789219091,36.730290662406375]]]},"properties":{"FID":199,"A31_201":"8404030649","A31_202":"角間川","A31_203":20,"A31_204":"長野県","A31_205":1,"A31_206":" ","A31_207":" ","A31_208":" "}},{"type":"Feature","id":200,"geometry":{"type":"Polygon","coordinates":[[[138.42981789592565,36.730123994893788],[138.42981789596197,36.730165664857537],[138.42988039602284,36.730165664893946],[138.42988039605908,36.730207324857517],[138.42988039609531,36.730248994821352],[138.42988039613155,36.730290664785187],[138.42994289619222,36.73029066482178],[138.42994289622837,36.730332324785522],[138.42994289626461,36.730373994749449],[138.42988039620411,36.730373994712679],[138.42988039616787,36.730332324748929],[138.42981789610727,36.730332324712251],[138.42981789607094,36.730290664748594],[138.42975539601028,36.730290664712001],[138.42975539597393,36.730248994748344],[138.42969289591318,36.730248994711843],[138.42969289587677,36.730207324748179],[138.42969289584033,36.730165664784792],[138.42969289580384,36.730123994821135],[138.42969289576735,36.730082324857747],[138.42975539582838,36.730082324893985],[138.42975539586479,36.730123994857465],[138.42981789592565,36.730123994893788]]]},"properties":{"FID":200,"A31_201":"8404030649","A31_202":"角間川","A31_203":20,"A31_204":"長野県","A31_205":1,"A31_206":" ","A31_207":" ","A31_208":" "}},{"type":"Feature","id":201,"geometry":{"type":"Polygon","coordinates":[[[138.43013039641008,36.730332324895571],[138.43013039644612,36.730373994859583],[138.43006789638562,36.730373994822898],[138.43006789634956,36.730332324858892],[138.43013039641008,36.730332324895571]]]},"properties":{"FID":201,"A31_201":"8404030649","A31_202":"角間川","A31_203":20,"A31_204":"長野県","A31_205":1,"A31_206":" ","A31_207":" ","A31_208":" "}},{"type":"Feature","id":202,"geometry":{"type":"Polygon","coordinates":[[[138.4291928955017,36.730332324345525],[138.42919289553873,36.730373994308557],[138.42919289557568,36.730415664271682],[138.42913039551527,36.730415664234826],[138.42913039547824,36.730373994271872],[138.42913039544109,36.730332324308932],[138.4291928955017,36.730332324345525]]]},"properties":{"FID":202,"A31_201":"8404030649","A31_202":"角間川","A31_203":20,"A31_204":"長野県","A31_205":1,"A31_206":" ","A31_207":" ","A31_208":" "}},{"type":"Feature","id":203,"geometry":{"type":"Polygon","coordinates":[[[138.42994289626461,36.730373994749449],[138.43000539632504,36.730373994786135],[138.43000539636117,36.73041566475014],[138.42994289630076,36.730415664713284],[138.42994289626461,36.730373994749449]]]},"properties":{"FID":203,"A31_201":"8404030649","A31_202":"角間川","A31_203":20,"A31_204":"長野県","A31_205":1,"A31_206":" ","A31_207":" ","A31_208":" "}},{"type":"Feature","id":204,"geometry":{"type":"Polygon","coordinates":[[[138.42900539539451,36.730415664161193],[138.42906789545486,36.730415664198048],[138.42906789549198,36.730457324160824],[138.42900539543174,36.730457324123961],[138.42894289537142,36.730457324087013],[138.4289428953341,36.730415664124422],[138.42900539539451,36.730415664161193]]]},"properties":{"FID":204,"A31_201":"8404030649","A31_202":"角間川","A31_203":20,"A31_204":"長野県","A31_205":1,"A31_206":" ","A31_207":" ","A31_208":" "}},{"type":"Feature","id":205,"geometry":{"type":"Polygon","coordinates":[[[138.42988039624035,36.730415664676514],[138.42988039627659,36.73045732464017],[138.42981789621618,36.730457324603307],[138.42981789617994,36.730415664639743],[138.42988039624035,36.730415664676514]]]},"properties":{"FID":205,"A31_201":"8404030649","A31_202":"角間川","A31_203":20,"A31_204":"長野県","A31_205":1,"A31_206":" ","A31_207":" ","A31_208":" "}},{"type":"Feature","id":206,"geometry":{"type":"Polygon","coordinates":[[[138.42575539233442,36.730498992165693],[138.4256928922741,36.730498992128744],[138.42569289223326,36.730457322169528],[138.4256928921923,36.730415662210575],[138.42575539225271,36.730415662247346],[138.42575539229358,36.730457322206384],[138.42575539233442,36.730498992165693]]]},"properties":{"FID":206,"A31_201":"8404030649","A31_202":"角間川","A31_203":20,"A31_204":"長野県","A31_205":1,"A31_206":" ","A31_207":" ","A31_208":" "}},{"type":"Feature","id":207,"geometry":{"type":"Polygon","coordinates":[[[138.42769289416441,36.730457323349555],[138.42769289420306,36.730498993310903],[138.42763039414282,36.730498993274047],[138.42763039410409,36.730457323312699],[138.42769289416441,36.730457323349555]]]},"properties":{"FID":207,"A31_201":"8404030649","A31_202":"角間川","A31_203":20,"A31_204":"長野県","A31_205":1,"A31_206":" ","A31_207":" ","A31_208":" "}},{"type":"Feature","id":208,"geometry":{"type":"Polygon","coordinates":[[[138.42744289403981,36.730582323085187],[138.42744289400093,36.730540663124103],[138.42750539406114,36.730540663161051],[138.42750539409997,36.730582323122313],[138.42744289403981,36.730582323085187]]]},"properties":{"FID":208,"A31_201":"8404030649","A31_202":"角間川","A31_203":20,"A31_204":"長野県","A31_205":1,"A31_206":" ","A31_207":" ","A31_208":" "}},{"type":"Feature","id":209,"geometry":{"type":"Polygon","coordinates":[[[138.42931789558594,36.73029066445585],[138.4293803956466,36.730290664492443],[138.42938039568338,36.730332324455567],[138.42944289574399,36.730332324492252],[138.42944289578077,36.730373994455547],[138.42950539584118,36.730373994492233],[138.42950539587784,36.730415664455712],[138.42956789593828,36.730415664492483],[138.42956789597486,36.730457324455784],[138.42963039603518,36.730457324492647],[138.4296928960955,36.730457324529503],[138.42969289613194,36.730498994493161],[138.4296303960717,36.730498994456212],[138.42963039610819,36.730540664419514],[138.42956789604813,36.730540664382566],[138.42950539598789,36.730540664345526],[138.4295053960245,36.730582324308919],[138.42944289596434,36.730582324271879],[138.42944289592765,36.730540664308492],[138.42944289589087,36.730498994345368],[138.42938039583066,36.730498994308419],[138.4293803957938,36.73045732434521],[138.42938039575702,36.730415664382079],[138.42931789569661,36.730415664345223],[138.42931789565966,36.730373994382006],[138.42925539559923,36.730373994345328],[138.42925539556228,36.730332324382204],[138.4293178956228,36.730332324418882],[138.42931789558594,36.73029066445585]]]},"properties":{"FID":209,"A31_201":"8404030649","A31_202":"角間川","A31_203":20,"A31_204":"長野県","A31_205":1,"A31_206":" ","A31_207":" ","A31_208":" "}},{"type":"Feature","id":210,"geometry":{"type":"Polygon","coordinates":[[[138.42650539317782,36.730623992489029],[138.42650539313775,36.730582322528917],[138.42650539309778,36.730540662568906],[138.42656789315802,36.730540662605854],[138.4265678931979,36.73058232256605],[138.42656789323786,36.730623992526148],[138.42650539317782,36.730623992489029]]]},"properties":{"FID":210,"A31_201":"8404030649","A31_202":"角間川","A31_203":20,"A31_204":"長野県","A31_205":1,"A31_206":" ","A31_207":" ","A31_208":" "}},{"type":"Feature","id":211,"geometry":{"type":"Polygon","coordinates":[[[138.42650539317782,36.730623992489029],[138.42650539321778,36.730665662448956],[138.4264428931578,36.730665662411738],[138.42644289311767,36.730623992451896],[138.42650539317782,36.730623992489029]]]},"properties":{"FID":211,"A31_201":"8404030649","A31_202":"角間川","A31_203":20,"A31_204":"長野県","A31_205":1,"A31_206":" ","A31_207":" ","A31_208":" "}},{"type":"Feature","id":212,"geometry":{"type":"Polygon","coordinates":[[[138.42944289600112,36.730623994235188],[138.42944289603787,36.730665664198398],[138.42938039597783,36.73066566416118],[138.42938039594105,36.730623994198055],[138.42944289600112,36.730623994235188]]]},"properties":{"FID":212,"A31_201":"8404030649","A31_202":"角間川","A31_203":20,"A31_204":"長野県","A31_205":1,"A31_206":" ","A31_207":" ","A31_208":" "}},{"type":"Feature","id":213,"geometry":{"type":"Polygon","coordinates":[[[138.42731789399787,36.730665662932836],[138.42731789403695,36.730707322893558],[138.42725539397696,36.730707322856347],[138.4272553939378,36.730665662895618],[138.42731789399787,36.730665662932836]]]},"properties":{"FID":213,"A31_201":"8404030649","A31_202":"角間川","A31_203":20,"A31_204":"長野県","A31_205":1,"A31_206":" ","A31_207":" ","A31_208":" "}},{"type":"Feature","id":214,"geometry":{"type":"Polygon","coordinates":[[[138.42744289403981,36.730582323085187],[138.42744289407881,36.730623993046358],[138.42738039401874,36.730623993009146],[138.42731789395879,36.730623992972014],[138.42725539389863,36.730623992934895],[138.42719289383857,36.730623992897677],[138.42719289387782,36.730665662858399],[138.42713039381778,36.730665662821188],[138.42713039385711,36.73070732278174],[138.42706789379713,36.730707322744436],[138.42706789383658,36.730748992705159],[138.42700539377668,36.73074899266777],[138.42700539373726,36.730707322707133],[138.42700539369781,36.730665662746759],[138.42706789375779,36.730665662783977],[138.42706789371846,36.730623992823425],[138.42706789367901,36.730582322862702],[138.42700539361886,36.730582322825569],[138.42700539357944,36.730540662864939],[138.42700539353999,36.730498992904565],[138.42694289347975,36.730498992867616],[138.42688039341942,36.730498992830668],[138.4268803933798,36.730457322870208],[138.4268803933403,36.730415662909834],[138.42694289340071,36.730415662946612],[138.42694289336117,36.73037399298606],[138.42694289332167,36.7303323230256],[138.42694289328213,36.730290663065141],[138.42700539334282,36.730290663101734],[138.42700539330338,36.730248993141096],[138.42706789336407,36.730248993177597],[138.4270678933247,36.730207323216959],[138.42713039338548,36.730207323253381],[138.42713039334615,36.73016566329283],[138.42713039330681,36.7301239933321],[138.42706789324595,36.730123993295777],[138.427005393185,36.730123993259454],[138.42694289312414,36.730123993223124],[138.4269428930846,36.730082323262664],[138.42694289304507,36.73004066330212],[138.42694289300556,36.729998993341837],[138.42700539306668,36.72999899337789],[138.42700539302726,36.729957323417253],[138.42694289296603,36.7299573233812],[138.42694289292652,36.729915663420826],[138.42694289288698,36.729873993460274],[138.42694289284753,36.729832323499728],[138.42700539290894,36.729832323535611],[138.42706789297034,36.729832323571401],[138.42706789293089,36.729790663610856],[138.42706789289156,36.729748993650134],[138.42706789285222,36.729707323689496],[138.42713039291377,36.729707323725108],[138.42713039287452,36.729665663764564],[138.42719289293618,36.729665663800091],[138.42725539299784,36.729665663835618],[138.427255393037,36.72970732379634],[138.42731789309866,36.729707323832045],[138.4273178930595,36.729665663871231],[138.42731789302042,36.729623993910238],[138.42738039308207,36.72962399394568],[138.42738039312107,36.729665663906758],[138.42738039316015,36.729707323867657],[138.42738039319914,36.72974899382865],[138.42731789313774,36.729748993792953],[138.42731789317682,36.729790663753946],[138.42738039323814,36.729790663789643],[138.42738039319914,36.72974899382865],[138.42744289326072,36.729748993864362],[138.4274428932996,36.72979066382544],[138.42750539336109,36.729790663861237],[138.42750539332218,36.729748993899975],[138.42750539328338,36.729707323938896],[138.42756789334496,36.729707323974509],[138.42756789338375,36.729748993935679],[138.42756789342258,36.729790663896935],[138.42763039348407,36.729790663932732],[138.42769289354555,36.729790663968529],[138.42769289358418,36.729832323929784],[138.42775539364555,36.729832323965582],[138.42775539368421,36.729873993927015],[138.42775539372283,36.729915663888448],[138.42781789378407,36.729915663924423],[138.42788039384536,36.729915663960398],[138.4278803938069,36.729873993998865],[138.42788039376845,36.729832324037254],[138.42788039372999,36.729790664075821],[138.42794289379128,36.729790664111519],[138.42794289375291,36.729748994149908],[138.42794289371454,36.729707324188297],[138.42794289367609,36.729665664226772],[138.42800539373775,36.729665664262299],[138.42800539377612,36.729707324223909],[138.42800539381449,36.729748994185613],[138.42800539385277,36.729790664147316],[138.42800539389114,36.729832324108926],[138.42800539392942,36.72987399407063],[138.42806789399083,36.729873994106605],[138.42806789402908,36.729915664068308],[138.42806789406728,36.729957324030011],[138.42813039412852,36.729957324065978],[138.42813039416669,36.729998994027866],[138.42806789410557,36.729998993991799],[138.42800539404445,36.729998993955654],[138.42800539400608,36.729957323993951],[138.42794289394493,36.72995732395789],[138.4279428939833,36.729998993919594],[138.42788039392235,36.729998993883441],[138.42788039388381,36.72995732392183],[138.42781789382261,36.72995732388577],[138.42781789386115,36.729998993847389],[138.42788039392235,36.729998993883441],[138.42788039396072,36.730040663844882],[138.42781789389977,36.730040663808644],[138.42775539383865,36.730040663772499],[138.42775539387731,36.730082323733932],[138.42769289381624,36.730082323697694],[138.42769289385498,36.73012399365895],[138.42763039379403,36.730123993622627],[138.42763039383277,36.730165663583975],[138.42756789377199,36.73016566354756],[138.42756789381079,36.730207323508637],[138.42756789384961,36.7302489934699],[138.42763039391031,36.730248993506407],[138.4276303939491,36.730290663467756],[138.42769289400971,36.730290663504348],[138.42769289404833,36.730332323465603],[138.42763039398784,36.730332323428925],[138.42763039402655,36.730373993390181],[138.42756789396606,36.73037399335341],[138.42756789392723,36.73033232339224],[138.42756789388844,36.730290663431163],[138.42750539382774,36.73029066339457],[138.42750539378892,36.730248993433307],[138.42750539375004,36.730207323472136],[138.42744289368926,36.730207323435721],[138.42744289372817,36.730248993396799],[138.42738039366748,36.730248993360298],[138.42738039370647,36.730290663321384],[138.42738039374555,36.730332323282198],[138.42738039378455,36.730373993243191],[138.42738039382363,36.730415663204269],[138.4273178937633,36.730415663167499],[138.42731789372414,36.730373993206506],[138.4272553936637,36.730373993169735],[138.42725539370286,36.730415663130643],[138.42725539374203,36.730457323091457],[138.42731789380238,36.730457323128313],[138.42731789384146,36.730498993089306],[138.42738039390161,36.730498993126254],[138.42738039394067,36.730540663087069],[138.42738039397966,36.730582323048154],[138.42744289403981,36.730582323085187]],[[138.42700539346112,36.730415662983468],[138.42706789352155,36.730415663020239],[138.42713039358196,36.730415663057101],[138.42719289364237,36.730415663093865],[138.42719289360321,36.730373993133057],[138.42719289356396,36.730332323172235],[138.42719289352468,36.730290663211512],[138.42719289348543,36.730248993250697],[138.42713039342476,36.73024899321419],[138.4271303934641,36.73029066317492],[138.4270678934034,36.730290663138327],[138.42706789344277,36.730332323098878],[138.42706789348219,36.730373993059516],[138.42700539342169,36.73037399302283],[138.42700539346112,36.730415662983468]],[[138.4273803935894,36.730165663438399],[138.42744289365027,36.730165663474821],[138.42744289361127,36.730123993513644],[138.42744289357236,36.730082323552743],[138.42738039351133,36.730082323516413],[138.42738039355041,36.730123993477321],[138.4273803935894,36.730165663438399]],[[138.42731789341138,36.730040663519191],[138.42725539335035,36.730040663483038],[138.42725539331119,36.729998993522315],[138.42719289325007,36.729998993486248],[138.42713039318895,36.729998993450103],[138.4270678931278,36.729998993414043],[138.42706789316716,36.730040663374503],[138.4271303932282,36.730040663410648],[138.42719289328932,36.730040663446886],[138.42719289332848,36.7300823234077],[138.42719289336776,36.73012399336843],[138.42719289340701,36.730165663329245],[138.42725539346787,36.730165663365661],[138.42731789352871,36.730165663401991],[138.42731789348966,36.730123993440998],[138.42731789345046,36.730082323480175],[138.42731789341138,36.730040663519191],[138.42738039347233,36.730040663555428],[138.4274428935334,36.730040663591573],[138.4274428934944,36.729998993630673],[138.42750539355552,36.729998993666818],[138.42756789361673,36.729998993702878],[138.42756789357782,36.729957323741615],[138.42763039363905,36.729957323777683],[138.42763039360031,36.729915663816513],[138.4276303935616,36.72987399385525],[138.42763039352278,36.729832323893902],[138.4275678934614,36.729832323858105],[138.4275678935002,36.729873993819368],[138.42750539343891,36.7298739937834],[138.42744289337759,36.729873993747518],[138.4274428934165,36.729915663708596],[138.42744289345549,36.729957323669588],[138.42738039339429,36.729957323633528],[138.42738039335529,36.729915663672628],[138.42731789329414,36.729915663636653],[138.42731789333322,36.729957323597468],[138.4273178933723,36.729998993558461],[138.42731789341138,36.730040663519191]],[[138.42738039327722,36.72983232375055],[138.4273178932159,36.72983232371476],[138.42731789325498,36.729873993675753],[138.42738039331621,36.729873993711635],[138.42738039327722,36.72983232375055]],[[138.42713039303172,36.729832323607198],[138.42719289309312,36.72983232364308],[138.42719289305387,36.729790663682351],[138.42713039299238,36.729790663646654],[138.42713039303172,36.729832323607198]]]},"properties":{"FID":214,"A31_201":"8404030649","A31_202":"角間川","A31_203":20,"A31_204":"長野県","A31_205":1,"A31_206":" ","A31_207":" ","A31_208":" "}},{"type":"Feature","id":215,"geometry":{"type":"Polygon","coordinates":[[[138.42919289587181,36.730748993975432],[138.42919289583477,36.730707324012307],[138.42925539589473,36.730707324049611],[138.42925539593168,36.730748994012735],[138.42919289587181,36.730748993975432]]]},"properties":{"FID":215,"A31_201":"8404030649","A31_202":"角間川","A31_203":20,"A31_204":"長野県","A31_205":1,"A31_206":" ","A31_207":" ","A31_208":" "}},{"type":"Feature","id":216,"geometry":{"type":"Polygon","coordinates":[[[138.42919289587181,36.730748993975432],[138.42919289590884,36.730790663938464],[138.42913039584903,36.730790663901075],[138.42913039581191,36.730748993938036],[138.42919289587181,36.730748993975432]]]},"properties":{"FID":216,"A31_201":"8404030649","A31_202":"角間川","A31_203":20,"A31_204":"長野県","A31_205":1,"A31_206":" ","A31_207":" ","A31_208":" "}},{"type":"Feature","id":217,"geometry":{"type":"Polygon","coordinates":[[[138.42438039131667,36.730665661555619],[138.42444289136279,36.730665661555619],[138.4244428913205,36.730623991597383],[138.42450539136672,36.730623991597383],[138.42456789141275,36.730623991597383],[138.42456789145493,36.730665661555619],[138.42463039150104,36.730665661555619],[138.42463039154313,36.730707321513776],[138.42463039158525,36.73074899147219],[138.4246928916312,36.73074899147219],[138.4246928916732,36.730790661430603],[138.42469289171521,36.730832321388846],[138.42463039166935,36.730832321388846],[138.42456789162361,36.730832321388846],[138.4245678915814,36.730790661430603],[138.42456789153923,36.73074899147219],[138.42450539149337,36.73074899147219],[138.42444289144743,36.73074899147219],[138.4243803914014,36.73074899147219],[138.42438039135902,36.730707321513776],[138.42438039131667,36.730665661555619]]]},"properties":{"FID":217,"A31_201":"8404030649","A31_202":"角間川","A31_203":20,"A31_204":"長野県","A31_205":1,"A31_206":" ","A31_207":" ","A31_208":" "}},{"type":"Feature","id":218,"geometry":{"type":"Polygon","coordinates":[[[138.42481789168133,36.730707321513776],[138.42488039172736,36.730707321513776],[138.42488039176919,36.73074899147219],[138.424880391811,36.730790661430603],[138.42488039185275,36.730832321388846],[138.4248178918069,36.730832321388846],[138.42481789176509,36.730790661430603],[138.42481789172314,36.73074899147219],[138.42481789168133,36.730707321513776]]]},"properties":{"FID":218,"A31_201":"8404030649","A31_202":"角間川","A31_203":20,"A31_204":"長野県","A31_205":1,"A31_206":" ","A31_207":" ","A31_208":" "}},{"type":"Feature","id":219,"geometry":{"type":"Polygon","coordinates":[[[138.42713039393573,36.730790662703278],[138.42713039397506,36.730832322663915],[138.42706789391528,36.730832322626341],[138.42706789387591,36.730790662665882],[138.42713039393573,36.730790662703278]]]},"properties":{"FID":219,"A31_201":"8404030649","A31_202":"角間川","A31_203":20,"A31_204":"長野県","A31_205":1,"A31_206":" ","A31_207":" ","A31_208":" "}},{"type":"Feature","id":220,"geometry":{"type":"Polygon","coordinates":[[[138.42913039584903,36.730790663901075],[138.42913039588609,36.730832323863844],[138.42906789582636,36.730832323826363],[138.42906789578925,36.730790663863594],[138.42913039584903,36.730790663901075]]]},"properties":{"FID":220,"A31_201":"8404030649","A31_202":"角間川","A31_203":20,"A31_204":"長野県","A31_205":1,"A31_206":" ","A31_207":" ","A31_208":" "}},{"type":"Feature","id":221,"geometry":{"type":"Polygon","coordinates":[[[138.42450539157784,36.730832321388846],[138.42450539162002,36.730873991347266],[138.42444289157427,36.730873991347266],[138.42444289153198,36.730832321388846],[138.42450539157784,36.730832321388846]]]},"properties":{"FID":221,"A31_201":"8404030649","A31_202":"角間川","A31_203":20,"A31_204":"長野県","A31_205":1,"A31_206":" ","A31_207":" ","A31_208":" "}},{"type":"Feature","id":222,"geometry":{"type":"Polygon","coordinates":[[[138.42700539377668,36.73074899266777],[138.42700539381613,36.730790662628408],[138.42700539385555,36.730832322588867],[138.427005393895,36.730873992549505],[138.4269428938353,36.730873992511931],[138.42688039377566,36.730873992474358],[138.42681789371596,36.730873992436791],[138.42681789367634,36.730832322476417],[138.42688039373607,36.730832322513905],[138.42694289379585,36.730832322551379],[138.42694289375635,36.730790662591012],[138.42694289371681,36.730748992630375],[138.42700539377668,36.73074899266777]]]},"properties":{"FID":222,"A31_201":"8404030649","A31_202":"角間川","A31_203":20,"A31_204":"長野県","A31_205":1,"A31_206":" ","A31_207":" ","A31_208":" "}},{"type":"Feature","id":223,"geometry":{"type":"Polygon","coordinates":[[[138.42894289570705,36.7308323237514],[138.42894289574434,36.730873993714084],[138.42888039568464,36.730873993676511],[138.42888039564727,36.730832323713919],[138.42894289570705,36.7308323237514]]]},"properties":{"FID":223,"A31_201":"8404030649","A31_202":"角間川","A31_203":20,"A31_204":"長野県","A31_205":1,"A31_206":" ","A31_207":" ","A31_208":" "}},{"type":"Feature","id":224,"geometry":{"type":"Polygon","coordinates":[[[138.42681789371596,36.730873992436791],[138.42681789375567,36.730915662397166],[138.42675539369614,36.730915662359592],[138.42675539365644,36.730873992399225],[138.42681789371596,36.730873992436791]]]},"properties":{"FID":224,"A31_201":"8404030649","A31_202":"角間川","A31_203":20,"A31_204":"長野県","A31_205":1,"A31_206":" ","A31_207":" ","A31_208":" "}},{"type":"Feature","id":225,"geometry":{"type":"Polygon","coordinates":[[[138.42644289347834,36.730998992091244],[138.42650539353778,36.730998992128988],[138.42650539357777,36.731040662089001],[138.42644289351841,36.731040662051171],[138.42644289347834,36.730998992091244]]]},"properties":{"FID":225,"A31_201":"8404030649","A31_202":"角間川","A31_203":20,"A31_204":"長野県","A31_205":1,"A31_206":" ","A31_207":" ","A31_208":" "}},{"type":"Feature","id":226,"geometry":{"type":"Polygon","coordinates":[[[138.42663039373642,36.731082322124777],[138.42663039369654,36.731040662164673],[138.42669289375598,36.731040662202602],[138.42669289379577,36.731082322162706],[138.42663039373642,36.731082322124777]]]},"properties":{"FID":226,"A31_201":"8404030649","A31_202":"角間川","A31_203":20,"A31_204":"長野県","A31_205":1,"A31_206":" ","A31_207":" ","A31_208":" "}},{"type":"Feature","id":227,"geometry":{"type":"Polygon","coordinates":[[[138.42663039373642,36.731082322124777],[138.42663039377629,36.731123992084974],[138.42656789371705,36.73112399204696],[138.42656789367709,36.731082322086856],[138.42663039373642,36.731082322124777]]]},"properties":{"FID":227,"A31_201":"8404030649","A31_202":"角間川","A31_203":20,"A31_204":"長野県","A31_205":1,"A31_206":" ","A31_207":" ","A31_208":" "}},{"type":"Feature","id":228,"geometry":{"type":"Polygon","coordinates":[[[138.42419289164656,36.73112399109732],[138.42425539169187,36.73112399109732],[138.42425539173442,36.731165661055556],[138.42419289168919,36.731165661055556],[138.42419289164656,36.73112399109732]]]},"properties":{"FID":228,"A31_201":"8404030649","A31_202":"角間川","A31_203":20,"A31_204":"長野県","A31_205":1,"A31_206":" ","A31_207":" ","A31_208":" "}},{"type":"Feature","id":229,"geometry":{"type":"Polygon","coordinates":[[[138.42544289265078,36.731123991363241],[138.42550539271005,36.731123991401255],[138.42550539275118,36.731165661359938],[138.42544289269199,36.731165661321924],[138.42544289265078,36.731123991363241]]]},"properties":{"FID":229,"A31_201":"8404030649","A31_202":"角間川","A31_203":20,"A31_204":"長野県","A31_205":1,"A31_206":" ","A31_207":" ","A31_208":" "}},{"type":"Feature","id":230,"geometry":{"type":"Polygon","coordinates":[[[138.42431789177974,36.731165661055556],[138.42431789182211,36.731207321013976],[138.42425539177697,36.731207321013976],[138.42425539173442,36.731165661055556],[138.42431789177974,36.731165661055556]]]},"properties":{"FID":230,"A31_201":"8404030649","A31_202":"角間川","A31_203":20,"A31_204":"長野県","A31_205":1,"A31_206":" ","A31_207":" ","A31_208":" "}},{"type":"Feature","id":231,"geometry":{"type":"Polygon","coordinates":[[[138.42544289265078,36.731123991363241],[138.42538039259153,36.731123991325227],[138.42538039263275,36.73116566128391],[138.42538039267404,36.731207321242678],[138.42531789261494,36.731207321204579],[138.42525539255578,36.73120732116648],[138.4252553925144,36.731165661207797],[138.42525539247299,36.731123991249291],[138.42519289241375,36.731123991211277],[138.42519289245521,36.73116566116969],[138.42513039239606,36.731165661131676],[138.42513039235456,36.731123991173348],[138.4250678922954,36.731123991135334],[138.42506789225382,36.731082321176828],[138.42513039231301,36.731082321214757],[138.42513039227151,36.731040661256337],[138.42519289233087,36.731040661294259],[138.42525539239023,36.731040661332102],[138.42525539243161,36.7310823212906],[138.42531789249097,36.731082321328529],[138.42531789244967,36.731040661369931],[138.425380392509,36.731040661407775],[138.42544289256844,36.731040661445604],[138.42544289260957,36.731082321404379],[138.42544289265078,36.731123991363241]]]},"properties":{"FID":231,"A31_201":"8404030649","A31_202":"角間川","A31_203":20,"A31_204":"長野県","A31_205":1,"A31_206":" ","A31_207":" ","A31_208":" "}},{"type":"Feature","id":232,"geometry":{"type":"Polygon","coordinates":[[[138.42838039547283,36.731165663110538],[138.42838039551077,36.731207323072681],[138.42831789545167,36.731207323034582],[138.42831789541367,36.731165663072524],[138.42838039547283,36.731165663110538]]]},"properties":{"FID":232,"A31_201":"8404030649","A31_202":"角間川","A31_203":20,"A31_204":"長野県","A31_205":1,"A31_206":" ","A31_207":" ","A31_208":" "}},{"type":"Feature","id":233,"geometry":{"type":"Polygon","coordinates":[[[138.42563039291045,36.731207321395182],[138.4256303929514,36.731248991354136],[138.42556789289242,36.731248991315937],[138.42556789285138,36.731207321357076],[138.42563039291045,36.731207321395182]]]},"properties":{"FID":233,"A31_201":"8404030649","A31_202":"角間川","A31_203":20,"A31_204":"長野県","A31_205":1,"A31_206":" ","A31_207":" ","A31_208":" "}},{"type":"Feature","id":234,"geometry":{"type":"Polygon","coordinates":[[[138.42525539263855,36.731290661083662],[138.42525539259717,36.731248991124986],[138.42531789265627,36.73124899116317],[138.42531789269756,36.731290661121946],[138.42525539263855,36.731290661083662]]]},"properties":{"FID":234,"A31_201":"8404030649","A31_202":"角間川","A31_203":20,"A31_204":"長野県","A31_205":1,"A31_206":" ","A31_207":" ","A31_208":" "}},{"type":"Feature","id":235,"geometry":{"type":"Polygon","coordinates":[[[138.42431789207674,36.731457320763944],[138.42438039212155,36.731457320763944],[138.4243803921639,36.731498990722272],[138.42431789211921,36.731498990722272],[138.42431789207674,36.731457320763944]]]},"properties":{"FID":235,"A31_201":"8404030649","A31_202":"角間川","A31_203":20,"A31_204":"長野県","A31_205":1,"A31_206":" ","A31_207":" ","A31_208":" "}},{"type":"Feature","id":236,"geometry":{"type":"Polygon","coordinates":[[[138.42588039343164,36.731498991262818],[138.42588039347231,36.731540661222212],[138.42581789341386,36.731540661183487],[138.42581789337299,36.731498991224186],[138.42588039343164,36.731498991262818]]]},"properties":{"FID":236,"A31_201":"8404030649","A31_202":"角間川","A31_203":20,"A31_204":"長野県","A31_205":1,"A31_206":" ","A31_207":" ","A31_208":" "}},{"type":"Feature","id":237,"geometry":{"type":"Polygon","coordinates":[[[138.42569289333761,36.731582321065162],[138.42569289329666,36.731540661106123],[138.42575539335522,36.731540661144848],[138.42575539339606,36.731582321103886],[138.42569289333761,36.731582321065162]]]},"properties":{"FID":237,"A31_201":"8404030649","A31_202":"角間川","A31_203":20,"A31_204":"長野県","A31_205":1,"A31_206":" ","A31_207":" ","A31_208":" "}},{"type":"Feature","id":238,"geometry":{"type":"Polygon","coordinates":[[[138.42256789095566,36.731582320638928],[138.42256789100009,36.731623990597342],[138.42250539095556,36.731623990597342],[138.42250539091106,36.731582320638928],[138.42256789095566,36.731582320638928]]]},"properties":{"FID":238,"A31_201":"8404030649","A31_202":"角間川","A31_203":20,"A31_204":"長野県","A31_205":1,"A31_206":" ","A31_207":" ","A31_208":" "}},{"type":"Feature","id":239,"geometry":{"type":"Polygon","coordinates":[[[138.4250053927361,36.731623990597342],[138.42494289269158,36.731623990597342],[138.42494289264991,36.731582320638928],[138.42500539269443,36.731582320638928],[138.4250053927361,36.731623990597342]]]},"properties":{"FID":239,"A31_201":"8404030649","A31_202":"角間川","A31_203":20,"A31_204":"長野県","A31_205":1,"A31_206":" ","A31_207":" ","A31_208":" "}},{"type":"Feature","id":240,"geometry":{"type":"Polygon","coordinates":[[[138.42569289333761,36.731582321065162],[138.42569289337845,36.731623991024378],[138.42563039332018,36.731623990985568],[138.42563039327922,36.731582321026437],[138.42569289333761,36.731582321065162]]]},"properties":{"FID":240,"A31_201":"8404030649","A31_202":"角間川","A31_203":20,"A31_204":"長野県","A31_205":1,"A31_206":" ","A31_207":" ","A31_208":" "}},{"type":"Feature","id":241,"geometry":{"type":"Polygon","coordinates":[[[138.4245678922137,36.731415660805617],[138.42456789225588,36.731457320763944],[138.42450539221119,36.731457320763944],[138.42450539225339,36.731498990722272],[138.424567892298,36.731498990722272],[138.42463039234269,36.731498990722272],[138.42463039238478,36.731540660680693],[138.42469289242948,36.731540660680693],[138.42469289247148,36.731582320638928],[138.42469289251349,36.731623990597342],[138.42469289255553,36.731665660555493],[138.42463039251109,36.731665660555493],[138.424630392469,36.731623990597342],[138.42456789242448,36.731623990597342],[138.42456789246657,36.731665660555493],[138.4245053924223,36.731665660555493],[138.42444289237778,36.731665660555493],[138.42438039233338,36.731665660555493],[138.424380392291,36.731623990597342],[138.42444289233552,36.731623990597342],[138.42444289229326,36.731582320638928],[138.42444289225097,36.731540660680693],[138.42438039220627,36.731540660680693],[138.4243803921639,36.731498990722272],[138.42444289220867,36.731498990722272],[138.42444289216633,36.731457320763944],[138.42444289212403,36.731415660805617],[138.42450539216892,36.731415660805617],[138.4245678922137,36.731415660805617]]]},"properties":{"FID":241,"A31_201":"8404030649","A31_202":"角間川","A31_203":20,"A31_204":"長野県","A31_205":1,"A31_206":" ","A31_207":" ","A31_208":" "}},{"type":"Feature","id":242,"geometry":{"type":"Polygon","coordinates":[[[138.42488039273073,36.731707320513912],[138.42488039268889,36.731665660555493],[138.42494289273333,36.731665660555493],[138.42494289277505,36.731707320513912],[138.42488039273073,36.731707320513912]]]},"properties":{"FID":242,"A31_201":"8404030649","A31_202":"角間川","A31_203":20,"A31_204":"長野県","A31_205":1,"A31_206":" ","A31_207":" ","A31_208":" "}},{"type":"Feature","id":243,"geometry":{"type":"Polygon","coordinates":[[[138.4246303925531,36.731707320513912],[138.42469289259753,36.731707320513912],[138.42469289263954,36.731748990472241],[138.42463039259519,36.731748990472241],[138.42456789255084,36.731748990472241],[138.42456789250875,36.731707320513912],[138.4246303925531,36.731707320513912]]]},"properties":{"FID":243,"A31_201":"8404030649","A31_202":"角間川","A31_203":20,"A31_204":"長野県","A31_205":1,"A31_206":" ","A31_207":" ","A31_208":" "}},{"type":"Feature","id":244,"geometry":{"type":"Polygon","coordinates":[[[138.42531789319344,36.731790660626061],[138.42531789315203,36.73174899066737],[138.42538039321033,36.731748990706365],[138.42544289326844,36.731748990745359],[138.42544289330965,36.731790660704306],[138.42538039325154,36.731790660665226],[138.42531789319344,36.731790660626061]]]},"properties":{"FID":244,"A31_201":"8404030649","A31_202":"角間川","A31_203":20,"A31_204":"長野県","A31_205":1,"A31_206":" ","A31_207":" ","A31_208":" "}},{"type":"Feature","id":245,"geometry":{"type":"Polygon","coordinates":[[[138.42363039197272,36.731832320388804],[138.42369289201696,36.731832320388804],[138.42369289206005,36.731873990347225],[138.42363039201595,36.731873990347225],[138.4235678919718,36.731873990347225],[138.42356789192854,36.731832320388804],[138.42363039197272,36.731832320388804]]]},"properties":{"FID":245,"A31_201":"8404030649","A31_202":"角間川","A31_203":20,"A31_204":"長野県","A31_205":1,"A31_206":" ","A31_207":" ","A31_208":" "}},{"type":"Feature","id":246,"geometry":{"type":"Polygon","coordinates":[[[138.42488039273073,36.731707320513912],[138.42488039277248,36.731748990472241],[138.42488039281429,36.731790660430569],[138.42488039285612,36.731832320388804],[138.42488039289788,36.731873990347225],[138.42481789285381,36.731873990347225],[138.42481789281189,36.731832320388804],[138.42481789277005,36.731790660430569],[138.42481789272821,36.731748990472241],[138.42481789268629,36.731707320513912],[138.42488039273073,36.731707320513912]]]},"properties":{"FID":246,"A31_201":"8404030649","A31_202":"角間川","A31_203":20,"A31_204":"長野県","A31_205":1,"A31_206":" ","A31_207":" ","A31_208":" "}},{"type":"Feature","id":247,"geometry":{"type":"Polygon","coordinates":[[[138.42531789319344,36.731790660626061],[138.42531789323473,36.731832320584651],[138.42525539317663,36.731832320545479],[138.42519289311852,36.731832320506314],[138.42519289307711,36.731790660547901],[138.425130393019,36.731790660508821],[138.42513039297745,36.731748990550223],[138.42506789291934,36.731748990511235],[138.42506789296101,36.731790660469741],[138.42506789300256,36.731832320427976],[138.42506789304412,36.731873990386482],[138.42500539298612,36.731873990347225],[138.42500539294446,36.731832320388804],[138.42500539290279,36.731790660430569],[138.42500539286115,36.731748990472241],[138.42500539281949,36.731707320513912],[138.42500539277785,36.731665660555493],[138.4250053927361,36.731623990597342],[138.42506789279454,36.731623990636159],[138.42513039285285,36.731623990674976],[138.4251303928944,36.731665660633297],[138.42519289295277,36.731665660672206],[138.4251928929113,36.731623990713786],[138.42513039285285,36.731623990674976],[138.42513039281135,36.73158232071647],[138.42506789275299,36.731582320677653],[138.42506789271133,36.731540660719325],[138.42500539265279,36.731540660680693],[138.42500539261113,36.731498990722272],[138.42506789266977,36.731498990760912],[138.42513039272831,36.731498990799452],[138.42513039268675,36.731457320840946],[138.42506789262819,36.731457320802406],[138.42500539256946,36.731457320763944],[138.42500539261113,36.731498990722272],[138.42494289256643,36.731498990722272],[138.42494289252468,36.731457320763944],[138.42494289248293,36.731415660805617],[138.42494289244121,36.731373990847203],[138.42500539248616,36.731373990847203],[138.42506789254497,36.731373990885658],[138.42513039260371,36.731373990924027],[138.42513039256212,36.731332320965521],[138.42513039252066,36.731290661007193],[138.42519289257964,36.731290661045385],[138.42525539263855,36.731290661083662],[138.42525539267996,36.731332321042174],[138.42531789273886,36.731332321080451],[138.42531789269756,36.731290661121946],[138.42538039275655,36.73129066116023],[138.42538039279776,36.731332321118821],[138.42538039283906,36.731373991077682],[138.42544289289788,36.731373991116051],[138.42544289285667,36.73133232115719],[138.42550539291557,36.731332321195467],[138.42556789297447,36.731332321233836],[138.42556789301551,36.731373991192882],[138.42563039307433,36.731373991231251],[138.42569289313306,36.731373991269706],[138.42569289309219,36.731332321310489],[138.42563039303337,36.73133232127212],[138.42563039299245,36.73129066131326],[138.42569289305126,36.731290661351537],[138.42575539311025,36.731290661389821],[138.42575539306938,36.731248991430519],[138.42569289301039,36.73124899139232],[138.42569289296947,36.731207321433374],[138.42569289292859,36.731165661474158],[138.42563039286952,36.731165661436052],[138.42563039282848,36.73112399147719],[138.42569289288764,36.731123991515204],[138.42569289284671,36.731082321555988],[138.42569289280584,36.731040661597042],[138.42569289276491,36.730998991637918],[138.42563039270564,36.730998991600075],[138.4256303927466,36.731040661559121],[138.42563039278753,36.731082321518066],[138.42563039282848,36.73112399147719],[138.42556789276932,36.731123991439269],[138.4255678927282,36.73108232148023],[138.42556789268716,36.731040661521277],[138.4255053926278,36.731040661483448],[138.42550539258667,36.730998991524586],[138.42556789264611,36.730998991562331],[138.42556789260507,36.730957321603292],[138.42550539254555,36.73095732156554],[138.42550539258667,36.730998991524586],[138.42544289252723,36.730998991486743],[138.42538039246779,36.730998991448999],[138.42531789240826,36.730998991411255],[138.42531789236696,36.730957321452479],[138.42525539230743,36.730957321414735],[138.42519289224791,36.730957321377076],[138.4251928922894,36.730998991335667],[138.42513039222996,36.730998991297923],[138.42513039218838,36.730957321339325],[138.42513039214691,36.730915661380905],[138.42506789208738,36.730915661343339],[138.42506789204583,36.730873991384833],[138.42513039210536,36.730873991422399],[138.42513039206386,36.730832321463893],[138.42506789200417,36.730832321426419],[138.42500539194447,36.730832321388846],[138.4250053919028,36.730790661430603],[138.42500539186113,36.73074899147219],[138.4250053918195,36.730707321513776],[138.42494289177338,36.730707321513776],[138.42494289173172,36.730665661555619],[138.4248803916856,36.730665661555619],[138.42488039164377,36.730623991597383],[138.42488039160193,36.730582321638963],[138.42481789155565,36.730582321638963],[138.42481789159757,36.730623991597383],[138.42481789163941,36.730665661555619],[138.42481789168133,36.730707321513776],[138.42475539163519,36.730707321513776],[138.42475539159329,36.730665661555619],[138.42475539155134,36.730623991597383],[138.42475539150945,36.730582321638963],[138.42469289146314,36.730582321638963],[138.42469289142113,36.73054066168055],[138.4247553914675,36.73054066168055],[138.42475539142561,36.730498991722314],[138.42481789147197,36.730498991722314],[138.42481789143005,36.730457321763893],[138.42481789138822,36.730415661805651],[138.4248803914347,36.730415661805651],[138.42488039139295,36.730373991847237],[138.42481789134629,36.730373991847237],[138.42475539129973,36.730373991847237],[138.42469289125307,36.730373991847237],[138.42469289121107,36.730332321888909],[138.42469289116906,36.730290661930667],[138.42469289112705,36.730248991972253],[138.42469289108504,36.73020732201384],[138.42475539113195,36.73020732201384],[138.42475539109003,36.730165662055597],[138.42475539104802,36.730123992097177],[138.42469289100103,36.730123992097177],[138.42469289104304,36.730165662055597],[138.42469289108504,36.73020732201384],[138.42463039103814,36.73020732201384],[138.42463039099601,36.730165662055597],[138.42463039095401,36.730123992097177],[138.42456789090693,36.730123992097177],[138.42450539086002,36.730123992097177],[138.42450539081781,36.730082322138941],[138.42456789086484,36.730082322138941],[138.42463039091191,36.730082322138941],[138.42469289095902,36.730082322138941],[138.42469289091702,36.730040662180528],[138.42475539096418,36.730040662180528],[138.4247553910061,36.730082322138941],[138.42481789105321,36.730082322138941],[138.42488039110029,36.730082322138941],[138.42488039114212,36.730123992097177],[138.42481789109502,36.730123992097177],[138.42481789113697,36.730165662055597],[138.42481789117878,36.73020732201384],[138.4248178912207,36.730248991972253],[138.42481789126253,36.730290661930667],[138.42488039130936,36.730290661930667],[138.42488039135111,36.730332321888909],[138.42494289139776,36.730332321888909],[138.4250053914445,36.730332321888909],[138.42500539140283,36.730290661930667],[138.42500539136111,36.730248991972253],[138.42500539131944,36.73020732201384],[138.42500539127778,36.730165662055597],[138.42506789133864,36.730165662092013],[138.42506789138022,36.730207322050248],[138.42506789142186,36.730248992008754],[138.42513039148247,36.730248992045262],[138.42513039152402,36.730290662003853],[138.42519289158463,36.730290662040446],[138.4251928916261,36.730332321998866],[138.42519289166751,36.730373991957464],[138.42519289170897,36.730415661916055],[138.42519289175044,36.73045732187456],[138.42525539181077,36.730457321911416],[138.42525539185218,36.730498991870107],[138.42525539189356,36.730540661828613],[138.42525539193494,36.730582321787296],[138.42519289187479,36.730582321750163],[138.42519289191628,36.730623991708853],[138.42519289195775,36.730665661667267],[138.42525539201773,36.730665661704478],[138.42525539197632,36.730623991745972],[138.42525539193494,36.730582321787296],[138.42531789199509,36.730582321824329],[138.42538039205525,36.730582321861455],[138.42538039201403,36.730540661902594],[138.42538039197274,36.730498991944003],[138.42538039193153,36.730457321985142],[138.4253178918712,36.730457321948279],[138.42531789182988,36.730415661989682],[138.4253178917885,36.730373992030913],[138.4253178917472,36.730332322072229],[138.42538039180781,36.730332322108907],[138.42538039176651,36.730290662150225],[138.4253178917059,36.730290662113632],[138.42525539164529,36.730290662077039],[138.42519289158463,36.730290662040446],[138.42519289154313,36.730248992081769],[138.42513039148247,36.730248992045262],[138.42513039144089,36.730207322086756],[138.42513039139942,36.730165662128428],[138.42513039135787,36.730123992169837],[138.42513039131629,36.730082322211416],[138.42513039127482,36.730040662252911],[138.42519289133585,36.730040662289056],[138.42519289137732,36.730082322247739],[138.42519289141882,36.73012399220616],[138.42525539147977,36.730123992242483],[138.4253178915406,36.730123992278813],[138.4253178914993,36.730082322320214],[138.42531789145801,36.730040662361446],[138.42538039151904,36.730040662397599],[138.42538039156025,36.730082322356452],[138.42544289162129,36.73008232239269],[138.42550539168224,36.730082322428927],[138.42550539164114,36.730040662469982],[138.42556789170217,36.730040662506127],[138.42563039176329,36.730040662542365],[138.42563039180425,36.730082322501495],[138.42569289186508,36.730082322537733],[138.42569289182416,36.730040662578517],[138.42563039176329,36.730040662542365],[138.42563039172225,36.729998992583418],[138.42569289178329,36.729998992619571],[138.4257553918444,36.729998992655716],[138.42575539180356,36.729957322696407],[138.42569289174236,36.729957322660354],[138.42569289170149,36.729915662701401],[138.42569289166056,36.72987399274227],[138.42569289161969,36.729832322783054],[138.42569289157882,36.729790662824108],[138.42569289153789,36.729748992864891],[138.42569289149694,36.729707322905767],[138.42569289145609,36.729665662946729],[138.42563039139452,36.729665662911202],[138.42563039143545,36.729707322870148],[138.42563039147649,36.729748992829187],[138.42563039151744,36.729790662788318],[138.4256303915584,36.729832322747264],[138.42563039159933,36.729873992706388],[138.42563039164037,36.729915662665434],[138.4256303916813,36.729957322624379],[138.42563039172225,36.729998992583418],[138.42556789166113,36.729998992547358],[138.42556789162009,36.729957322588319],[138.42556789157905,36.729915662629459],[138.42556789153804,36.72987399267042],[138.425567891497,36.729832322711381],[138.42550539143559,36.729832322675591],[138.42550539147672,36.729873992634538],[138.42550539151785,36.729915662593484],[138.42550539155889,36.729957322552259],[138.42544289149777,36.729957322516199],[138.42538039143653,36.729957322480139],[138.42538039147774,36.729998992439],[138.42531789141663,36.72999899240294],[138.42531789137533,36.729957322444164],[138.42531789133403,36.729915662485574],[138.42531789129271,36.729873992526805],[138.42531789125141,36.729832322568029],[138.42538039131281,36.729832322603912],[138.42544289137422,36.729832322639709],[138.42544289133301,36.729790662681026],[138.42544289129179,36.729748992722072],[138.42544289125067,36.729707322763304],[138.42544289120946,36.729665662804528],[138.42550539127112,36.729665662840056],[138.42556789133286,36.729665662875675],[138.42556789129182,36.729623992916629],[138.42563039135356,36.729623992952071],[138.42569289141514,36.729623992987598],[138.4256928913743,36.729582323028382],[138.42575539143604,36.729582323063823],[138.42581789149787,36.729582323099258],[138.42581789153863,36.729623993058567],[138.4258803916004,36.729623993094002],[138.42588039164116,36.729665663053396],[138.42594289170282,36.729665663088923],[138.4259428917434,36.729707323048231],[138.42588039168183,36.729707323012612],[138.42581789162017,36.729707322976992],[138.42581789166093,36.729748992936301],[138.42581789170171,36.72979066289561],[138.42581789174247,36.729832322854733],[138.42581789178325,36.729873992814035],[138.42581789182401,36.729915662773344],[138.4258803918853,36.729915662809319],[138.42588039184454,36.729873992849917],[138.42594289190595,36.729873992885892],[138.42594289194653,36.729915662845286],[138.42594289198712,36.729957322804594],[138.42594289202779,36.729998992763981],[138.42588039196667,36.729998992727928],[138.42581789190555,36.729998992691776],[138.42581789194631,36.730040662650907],[138.42581789198709,36.730082322610208],[138.42581789202785,36.730123992569332],[138.42588039208871,36.730123992605662],[138.42588039212947,36.730165662565057],[138.42594289219025,36.730165662601472],[138.42600539225111,36.730165662637887],[138.4260053922917,36.730207322597103],[138.42600539233229,36.730248992556675],[138.42600539237279,36.730290662516246],[138.42606789243348,36.730290662552839],[138.42613039249406,36.730290662589432],[138.42613039253447,36.730332322548918],[138.42613039257489,36.73037399250849],[138.42619289263538,36.730373992545253],[138.4261928926758,36.73041566250501],[138.42625539273604,36.730415662541773],[138.42625539269579,36.730373992581939],[138.42631789275632,36.730373992618709],[138.42631789271607,36.730332322658867],[138.42631789267585,36.730290662699211],[138.42625539261525,36.730290662662618],[138.426255392575,36.730248992702784],[138.4262553925347,36.730207322742942],[138.42631789259548,36.730207322779449],[138.42631789255523,36.730165662819786],[138.42625539249437,36.730165662783371],[138.42625539245412,36.730123992823621],[138.42631789251507,36.730123992859944],[138.42631789247486,36.730082322900202],[138.42625539241382,36.730082322863964],[138.42625539237358,36.730040662904123],[138.42631789243461,36.730040662940361],[138.42631789239437,36.729998992980697],[138.42625539233333,36.729998992944552],[138.42625539229303,36.729957322984802],[138.42625539225278,36.729915663025139],[138.42625539221245,36.729873993065397],[138.42625539217215,36.729832323105555],[138.42625539213191,36.729790663145891],[138.42625539209166,36.729748993186149],[138.42625539205136,36.729707323226393],[138.42625539201111,36.729665663266736],[138.42631789207277,36.729665663302264],[138.42638039213443,36.729665663337883],[138.42644289219609,36.72966566337341],[138.42644289223622,36.729707323333244],[138.4264428922763,36.729748993293171],[138.42644289231635,36.729790663253183],[138.42644289235642,36.729832323213117],[138.42644289239647,36.729873993173129],[138.42644289243651,36.729915663133056],[138.42644289247659,36.72995732309289],[138.42650539253779,36.729957323128957],[138.42650539249783,36.729915663169024],[138.42650539245776,36.729873993209011],[138.42656789251916,36.729873993244894],[138.4265678924792,36.729832323284697],[138.42656789243921,36.729790663324778],[138.42650539237783,36.729790663288981],[138.42650539233779,36.729748993328876],[138.42656789239933,36.729748993364581],[138.42656789235937,36.729707323404476],[138.4265678923195,36.72966566344455],[138.42656789227954,36.729623993484353],[138.42656789223958,36.729582323524255],[138.4266303923014,36.729582323559598],[138.42663039226161,36.729540663599678],[138.42663039222174,36.729498993639567],[138.4265678921598,36.729498993604309],[138.42656789211983,36.729457323644112],[138.42663039218183,36.729457323679377],[138.42663039214196,36.729415663719095],[138.42663039210217,36.729373993759168],[138.42669289216428,36.729373993794255],[138.42675539222648,36.729373993829242],[138.42675539218678,36.729332323868874],[138.42681789224889,36.729332323903961],[138.42688039231106,36.729332323938948],[138.42688039235068,36.729373993899415],[138.4268803923903,36.729415663859697],[138.42688039242981,36.729457323820156],[138.42694289249184,36.729457323855414],[138.42700539255395,36.729457323890585],[138.4270053925145,36.729415663929949],[138.42706789257653,36.729415663965121],[138.42706789261595,36.729457323925843],[138.42706789265529,36.729498993886573],[138.42713039271723,36.729498993921837],[138.42713039275657,36.729540663882382],[138.42706789269465,36.729540663847033],[138.42700539263279,36.729540663811683],[138.42700539267224,36.729582323772142],[138.42700539271169,36.72962399373278],[138.42700539275111,36.729665663693417],[138.42706789281277,36.729665663728944],[138.42706789285222,36.729707323689496],[138.42700539279053,36.729707323653876],[138.42694289272899,36.729707323618257],[138.42694289276849,36.729748993578724],[138.42688039270692,36.729748993543105],[138.42688039274654,36.729790663503564],[138.42681789268505,36.729790663467767],[138.42681789272467,36.729832323428056],[138.42681789276438,36.729873993388509],[138.42675539270317,36.729873993352626],[138.42675539274285,36.729915663312909],[138.42669289268156,36.729915663276941],[138.42669289264177,36.729873993316659],[138.42663039258048,36.729873993280776],[138.42663039262035,36.729915663240973],[138.42656789255904,36.729915663204999],[138.426567892599,36.72995732316501],[138.4265678926389,36.729998993125122],[138.42650539257784,36.729998993089055],[138.42644289251663,36.729998993052909],[138.42644289255679,36.730040663012659],[138.42650539261783,36.730040663048896],[138.42650539265779,36.730082323009],[138.42656789271874,36.730082323045238],[138.42663039277977,36.730082323081476],[138.4266303927399,36.730040663121194],[138.42669289280093,36.730040663157432],[138.42669289276114,36.729998993197327],[138.42669289272135,36.729957323237045],[138.42675539278255,36.729957323273105],[138.42675539282226,36.72999899323348],[138.42675539286205,36.730040663193577],[138.426817892923,36.73004066322973],[138.42681789296262,36.730082323190189],[138.42681789300224,36.730123993150471],[138.42688039306319,36.730123993186794],[138.42688039310281,36.730165663147261],[138.42688039314231,36.730207323107535],[138.42681789308153,36.730207323071127],[138.42675539302087,36.73020732303462],[138.42675539306066,36.730248992994987],[138.42669289299988,36.730248992958487],[138.42669289303967,36.730290662918769],[138.42675539310036,36.730290662955362],[138.42681789316086,36.730290662991955],[138.42688039322155,36.730290663028548],[138.42688039326106,36.730332322988914],[138.42688039330068,36.730373992949382],[138.4268803933403,36.730415662909834],[138.42681789327986,36.730415662873071],[138.42681789331948,36.73045732283326],[138.42675539325924,36.730457322796397],[138.42675539329895,36.730498992756772],[138.42675539333865,36.730540662716876],[138.42681789339881,36.73054066275391],[138.4268178933591,36.73049899279372],[138.42688039341942,36.730498992830668],[138.42688039345904,36.730540662790951],[138.42688039349855,36.73058232275141],[138.42688039353817,36.730623992711955],[138.42688039357779,36.730665662672237],[138.42688039361732,36.730707322632526],[138.42688039365692,36.730748992593071],[138.42681789359705,36.730748992555675],[138.42681789363667,36.730790662516142],[138.42675539357703,36.730790662478654],[138.42669289351724,36.730790662441265],[138.42669289355703,36.730832322401369],[138.42675539361673,36.73083232243885],[138.42675539365644,36.730873992399225],[138.42669289359682,36.730873992361651],[138.42669289363661,36.730915662321934],[138.426630393577,36.730915662284275],[138.42663039353712,36.730873992324078],[138.42656789347743,36.730873992286512],[138.42656789351739,36.730915662246616],[138.426630393577,36.730915662284275],[138.42663039361688,36.730957322244294],[138.42656789355735,36.730957322206635],[138.42650539349782,36.730957322168884],[138.42644289343829,36.730957322131225],[138.42644289347834,36.730998992091244],[138.42638039341881,36.730998992053401],[138.42638039337876,36.730957322093474],[138.42631789331924,36.730957322055815],[138.4263178933594,36.730998992015657],[138.42631789339961,36.731040661975499],[138.42638039345897,36.731040662013328],[138.42644289351841,36.731040662051171],[138.42644289355846,36.731082322011005],[138.42638039349913,36.731082321973076],[138.42631789343986,36.731082321935155],[138.4262553933805,36.731082321897233],[138.42619289332134,36.73108232185939],[138.42619289336164,36.731123991819054],[138.42619289340197,36.731165661778626],[138.42619289344231,36.731207321738374],[138.42625539350138,36.731207321776481],[138.42631789356048,36.73120732181458],[138.4263178936007,36.731248991774329],[138.42625539354162,36.731248991736138],[138.42619289348272,36.731248991697854],[138.42613039342362,36.731248991659669],[138.42613039338323,36.731207321700182],[138.42613039334282,36.731165661740519],[138.4261303933024,36.731123991781132],[138.42606789324313,36.731123991743118],[138.42600539318386,36.731123991705104],[138.42594289312461,36.731123991667175],[138.42594289316528,36.731165661626392],[138.42594289320587,36.73120732158587],[138.4258803931468,36.731207321547686],[138.4258178930877,36.731207321509579],[138.42581789312848,36.731248991468703],[138.42581789316924,36.731290661428012],[138.42588039322823,36.731290661466289],[138.42594289328716,36.731290661504573],[138.42594289332774,36.731332321463789],[138.42594289336841,36.731373991423268],[138.425942893409,36.731415661382755],[138.42594289344967,36.731457321342063],[138.42594289349029,36.73149899130145],[138.42588039343164,36.731498991262818],[138.42588039339097,36.731457321303509],[138.42581789333224,36.731457321264969],[138.42581789329154,36.731415661305746],[138.42575539323272,36.731415661267292],[138.42569289317402,36.731415661228837],[138.42569289321486,36.731457321187875],[138.4256303931563,36.731457321149321],[138.42563039311528,36.731415661190375],[138.42556789305655,36.731415661151914],[138.42550539299782,36.731415661113459],[138.425442892939,36.731415661074912],[138.42544289298021,36.731457321033687],[138.42538039292148,36.731457320995133],[138.42538039296278,36.731498990953909],[138.42544289302143,36.731498990992549],[138.42544289306255,36.73154066095141],[138.42550539312117,36.731540660990134],[138.42550539316221,36.731582320948903],[138.42556789322069,36.731582320987712],[138.4255678932617,36.731623990946758],[138.42550539320334,36.731623990907849],[138.42544289314498,36.731623990869039],[138.4254428931861,36.731665660827723],[138.4253803931278,36.731665660788821],[138.42531789306943,36.731665660750011],[138.42525539301107,36.731665660711101],[138.42525539305245,36.731707320669784],[138.42525539309383,36.73174899062829],[138.42525539313522,36.731790660586981],[138.42531789319344,36.731790660626061]],[[138.42581789288388,36.730998991713406],[138.42588039294333,36.73099899175125],[138.425880392984,36.731040661710551],[138.42594289304344,36.731040661748388],[138.42594289300274,36.730998991788994],[138.42594289296215,36.730957321829507],[138.42594289292157,36.730915661870206],[138.42588039286196,36.73091566183264],[138.42581789280234,36.730915661794981],[138.4258178928431,36.730957321754104],[138.42581789288388,36.730998991713406]],[[138.42619289320027,36.730957321980412],[138.4261928932406,36.730998991940069],[138.42625539329995,36.730998991977913],[138.42625539325971,36.730957322018071],[138.42625539321938,36.730915662058408],[138.42619289315996,36.730915662020841],[138.42619289320027,36.730957321980412]],[[138.42575539274273,36.730915661757322],[138.42575539270194,36.730873991798106],[138.4257553926611,36.730832321838889],[138.42569289260132,36.730832321801401],[138.42569289256045,36.730790661842363],[138.42569289251949,36.730748991883146],[138.42563039245979,36.730748991845843],[138.42563039250075,36.730790661804974],[138.42563039254168,36.730832321763927],[138.42563039258272,36.730873991722959],[138.42563039262367,36.73091566168209],[138.42569289268312,36.730915661719663],[138.42569289272404,36.730957321678702],[138.42575539278357,36.730957321716446],[138.42575539274273,36.730915661757322]],[[138.42638039329847,36.730873992173798],[138.42644289335809,36.730873992211372],[138.42644289331804,36.730832322251359],[138.42638039325834,36.730832322213871],[138.42638039329847,36.730873992173798]],[[138.42650539321778,36.730665662448956],[138.42656789327785,36.730665662486167],[138.42656789331772,36.730707322446094],[138.42656789335769,36.730748992406291],[138.42656789339756,36.730790662366388],[138.42656789343755,36.730832322326407],[138.42663039349725,36.730832322363888],[138.42663039345737,36.730790662403784],[138.4266303934175,36.730748992443594],[138.42663039337771,36.730707322483397],[138.4266303933378,36.730665662523379],[138.42663039329793,36.730623992563366],[138.42669289335808,36.730623992600492],[138.4266928933182,36.73058232264021],[138.4266928932785,36.730540662679928],[138.42669289323862,36.730498992719824],[138.42669289319883,36.730457322759541],[138.42669289315913,36.730415662799437],[138.42675539321954,36.730415662836208],[138.42675539317986,36.73037399287584],[138.42675539314007,36.730332322915558],[138.42669289307946,36.730332322878873],[138.42663039301897,36.730332322842187],[138.42663039305876,36.730373992802384],[138.42656789299832,36.730373992765614],[138.42656789295836,36.730332322805594],[138.4265678929184,36.730290662845583],[138.42656789287852,36.730248992885393],[138.42656789283853,36.730207322925281],[138.42650539277778,36.730207322888781],[138.42644289271701,36.730207322852365],[138.42644289267696,36.730165662892531],[138.4263803926161,36.730165662856201],[138.42638039265623,36.730207322815858],[138.42638039269639,36.730248992775877],[138.42638039273652,36.730290662735804],[138.42644289279713,36.730290662772397],[138.42644289283726,36.730332322732238],[138.42650539289778,36.730332322768916],[138.42650539293783,36.730373992728929],[138.42656789299832,36.730373992765614],[138.42656789303823,36.730415662725804],[138.42656789307819,36.730457322685822],[138.42650539301775,36.730457322648959],[138.42650539305782,36.730498992608979],[138.4264428929975,36.730498992572031],[138.42644289295743,36.730457322612011],[138.4263803928971,36.730457322575155],[138.42638039293718,36.730498992535082],[138.4264428929975,36.730498992572031],[138.42644289303755,36.730540662531865],[138.42638039297739,36.730540662494832],[138.42631789291715,36.730540662457798],[138.42631789287694,36.730498992498134],[138.42625539281659,36.730498992461186],[138.42625539277637,36.730457322501437],[138.42619289271613,36.730457322464574],[138.42613039265572,36.730457322427625],[138.42613039269611,36.730498992387382],[138.42613039273664,36.730540662346769],[138.42619289279676,36.73054066238381],[138.42619289283718,36.730582322343558],[138.42613039277703,36.730582322306432],[138.42613039281744,36.730623992266089],[138.42613039285786,36.730665662225576],[138.42613039289827,36.730707322185054],[138.42619289295817,36.730707322222358],[138.42625539301804,36.730707322259661],[138.42625539305828,36.730748992219418],[138.42625539309859,36.730790662179253],[138.4263178931584,36.730790662216648],[138.42638039321818,36.730790662254122],[138.42638039317805,36.730748992294195],[138.42644289323792,36.730748992331499],[138.42644289319787,36.730707322371487],[138.42650539325783,36.73070732240879],[138.42650539321778,36.730665662448956]],[[138.4266928929203,36.7301656630381],[138.42675539298116,36.730165663074516],[138.42675539294146,36.730123993114148],[138.42669289288051,36.730123993077818],[138.4266928929203,36.7301656630381]],[[138.42575539233442,36.730498992165693],[138.42581789239466,36.730498992202641],[138.42588039245499,36.730498992239589],[138.42588039249569,36.730540662198713],[138.4259428925559,36.730540662235754],[138.42594289259651,36.730582322195232],[138.42600539265663,36.730582322232266],[138.4260678927169,36.730582322269399],[138.42606789267637,36.730540662309735],[138.4260678926359,36.730498992350434],[138.42600539257555,36.730498992313485],[138.42600539253505,36.730457322353914],[138.42600539249446,36.730415662394606],[138.42594289243405,36.730415662357743],[138.42594289239338,36.730373992398263],[138.42594289235279,36.730332322438869],[138.42594289231221,36.730290662479561],[138.42594289227151,36.730248992520174],[138.42594289223092,36.730207322560688],[138.42588039217014,36.730207322524272],[138.42581789210939,36.730207322487772],[138.42581789206861,36.730165662528641],[138.42575539200774,36.730165662492311],[138.42575539204861,36.730207322451349],[138.42575539208937,36.730248992410566],[138.42569289202871,36.730248992374065],[138.42569289198784,36.730207322414849],[138.42569289194688,36.730165662455903],[138.42563039188613,36.730165662419481],[138.42563039192714,36.730207322378433],[138.4256303919681,36.730248992337472],[138.42563039200905,36.730290662296596],[138.4256303920501,36.730332322255549],[138.42563039209102,36.730373992214588],[138.42556789203053,36.730373992177903],[138.42556789207157,36.730415662136949],[138.42563039213198,36.730415662173712],[138.42563039217299,36.730457322132665],[138.42563039221395,36.730498992091796],[138.4256303922549,36.730540662050657],[138.42563039229594,36.730582322009781],[138.42563039233687,36.730623991968912],[138.42569289239685,36.730623992006031],[138.4256928924377,36.730665661965077],[138.42575539249776,36.730665662002288],[138.42575539245689,36.730623992043164],[138.42581789251696,36.730623992080375],[138.42588039257711,36.730623992117501],[138.42588039253636,36.730582322158106],[138.4258178924762,36.730582322121066],[138.42575539241605,36.730582322083947],[138.42575539237521,36.730540662124724],[138.42575539233442,36.730498992165693]],[[138.42544289170363,36.730165662310327],[138.42544289166241,36.730123992351466],[138.42538039160155,36.730123992315143],[138.42538039164276,36.730165662273912],[138.42531789158193,36.730165662237582],[138.42531789162322,36.730207322196094],[138.4253178916646,36.730248992154863],[138.4253803917253,36.730248992191363],[138.42538039168409,36.730207322232594],[138.42544289174484,36.73020732226901],[138.42544289170363,36.730165662310327]],[[138.42550539197001,36.730373992141139],[138.42544289190951,36.730373992104454],[138.42544289195072,36.730415662063315],[138.42544289199185,36.730457322021998],[138.42544289203306,36.730498991980951],[138.42550539209338,36.7304989920179],[138.42550539205226,36.730457322058946],[138.42550539201113,36.730415662100086],[138.42550539197001,36.730373992141139]],[[138.42538039213775,36.730665661778914],[138.42531789207777,36.730665661741696],[138.4253178921191,36.730707321700294],[138.42531789216039,36.730748991659063],[138.42531789220169,36.730790661617746],[138.42525539214188,36.730790661580357],[138.42525539218329,36.730832321538855],[138.42531789224307,36.730832321576429],[138.42531789228437,36.730873991535113],[138.42531789232567,36.730915661493881],[138.42538039238528,36.730915661531455],[138.42544289244489,36.730915661569114],[138.42544289240368,36.730873991610252],[138.42544289236247,36.730832321651391],[138.42550539242228,36.730832321688872],[138.42556789248198,36.730832321726353],[138.42556789244094,36.730790661767493],[138.42550539238115,36.730790661730097],[138.42544289232137,36.730790661692623],[138.42544289228016,36.730748991733762],[138.42544289223895,36.730707321774808],[138.42538039217905,36.730707321737597],[138.42538039213775,36.730665661778914]],[[138.42594289271844,36.730707322073144],[138.42600539277834,36.730707322110447],[138.42600539273784,36.730665662151146],[138.42594289267777,36.730665662113935],[138.42594289271844,36.730707322073144]],[[138.4250053915278,36.730415661805651],[138.42506789158824,36.730415661842514],[138.42513039164857,36.730415661879285],[138.42513039160707,36.730373991920686],[138.42513039156552,36.730332321962273],[138.42506789150508,36.730332321925587],[138.42506789154666,36.730373991884008],[138.42500539148617,36.730373991847237],[138.4250053915278,36.730415661805651]],[[138.42669289256219,36.729790663396273],[138.42669289260198,36.729832323356376],[138.42675539266338,36.729832323392259],[138.42675539262368,36.72979066343207],[138.42675539258397,36.729748993471695],[138.4266928925224,36.72974899343599],[138.42669289256219,36.729790663396273]],[[138.42669289244282,36.729665663515604],[138.42675539250456,36.729665663551216],[138.42681789256605,36.729665663586744],[138.42681789260575,36.729707323547032],[138.42688039266733,36.729707323582645],[138.42688039262779,36.729665663622271],[138.42688039258817,36.729623993661818],[138.42688039254858,36.729582323701266],[138.42681789248681,36.729582323665916],[138.42675539242506,36.729582323630481],[138.42675539246477,36.729623993590849],[138.42669289240303,36.729623993555322],[138.42669289244282,36.729665663515604]]]},"properties":{"FID":247,"A31_201":"8404030649","A31_202":"角間川","A31_203":20,"A31_204":"長野県","A31_205":1,"A31_206":" ","A31_207":" ","A31_208":" "}},{"type":"Feature","id":248,"geometry":{"type":"Polygon","coordinates":[[[138.42175539078355,36.731957320263881],[138.42175539073827,36.731915660305646],[138.42181789078234,36.731915660305646],[138.42188039082632,36.731915660305646],[138.42194289087038,36.731915660305646],[138.42194289091543,36.731957320263881],[138.42188039087154,36.731957320263881],[138.42181789082753,36.731957320263881],[138.42175539078355,36.731957320263881]]]},"properties":{"FID":248,"A31_201":"8404030649","A31_202":"角間川","A31_203":20,"A31_204":"長野県","A31_205":1,"A31_206":" ","A31_207":" ","A31_208":" "}},{"type":"Feature","id":249,"geometry":{"type":"Polygon","coordinates":[[[138.42369289210319,36.731915660305646],[138.42369289214628,36.731957320263881],[138.4236303921023,36.731957320263881],[138.42363039205912,36.731915660305646],[138.42369289210319,36.731915660305646]]]},"properties":{"FID":249,"A31_201":"8404030649","A31_202":"角間川","A31_203":20,"A31_204":"長野県","A31_205":1,"A31_206":" ","A31_207":" ","A31_208":" "}},{"type":"Feature","id":250,"geometry":{"type":"Polygon","coordinates":[[[138.42344289188367,36.731873990347225],[138.42344289192698,36.731915660305646],[138.42344289197044,36.731957320263881],[138.42344289201387,36.731998990222209],[138.42338039197006,36.731998990222209],[138.42338039192654,36.731957320263881],[138.42338039188309,36.731915660305646],[138.42338039183966,36.731873990347225],[138.42344289188367,36.731873990347225]]]},"properties":{"FID":250,"A31_201":"8404030649","A31_202":"角間川","A31_203":20,"A31_204":"長野県","A31_205":1,"A31_206":" ","A31_207":" ","A31_208":" "}},{"type":"Feature","id":251,"geometry":{"type":"Polygon","coordinates":[[[138.42475539289359,36.731957320263881],[138.42475539293548,36.731998990222209],[138.42469289289158,36.731998990222209],[138.42469289284958,36.731957320263881],[138.42475539289359,36.731957320263881]]]},"properties":{"FID":251,"A31_201":"8404030649","A31_202":"角間川","A31_203":20,"A31_204":"長野県","A31_205":1,"A31_206":" ","A31_207":" ","A31_208":" "}},{"type":"Feature","id":252,"geometry":{"type":"Polygon","coordinates":[[[138.42481789285381,36.731873990347225],[138.42481789289565,36.731915660305646],[138.42488039293971,36.731915660305646],[138.42488039298155,36.731957320263881],[138.42488039302327,36.731998990222209],[138.42481789297938,36.731998990222209],[138.42481789293757,36.731957320263881],[138.42475539289359,36.731957320263881],[138.42475539285164,36.731915660305646],[138.42475539280974,36.731873990347225],[138.42481789285381,36.731873990347225]]]},"properties":{"FID":252,"A31_201":"8404030649","A31_202":"角間川","A31_203":20,"A31_204":"長野県","A31_205":1,"A31_206":" ","A31_207":" ","A31_208":" "}},{"type":"Feature","id":253,"geometry":{"type":"Polygon","coordinates":[[[138.42500539306943,36.731957320263881],[138.42500539311106,36.731998990222209],[138.42494289306717,36.731998990222209],[138.42494289302553,36.731957320263881],[138.42500539306943,36.731957320263881]]]},"properties":{"FID":253,"A31_201":"8404030649","A31_202":"角間川","A31_203":20,"A31_204":"長野県","A31_205":1,"A31_206":" ","A31_207":" ","A31_208":" "}},{"type":"Feature","id":254,"geometry":{"type":"Polygon","coordinates":[[[138.42175539078355,36.731957320263881],[138.42175539082885,36.731998990222209],[138.42175539087407,36.73204066018063],[138.42169289083043,36.73204066018063],[138.42169289078504,36.731998990222209],[138.42169289073965,36.731957320263881],[138.42175539078355,36.731957320263881]]]},"properties":{"FID":254,"A31_201":"8404030649","A31_202":"角間川","A31_203":20,"A31_204":"長野県","A31_205":1,"A31_206":" ","A31_207":" ","A31_208":" "}},{"type":"Feature","id":255,"geometry":{"type":"Polygon","coordinates":[[[138.42169289083043,36.73204066018063],[138.42169289087573,36.732082320138957],[138.42163039083201,36.732082320138957],[138.42163039078653,36.73204066018063],[138.42169289083043,36.73204066018063]]]},"properties":{"FID":255,"A31_201":"8404030649","A31_202":"角間川","A31_203":20,"A31_204":"長野県","A31_205":1,"A31_206":" ","A31_207":" ","A31_208":" "}},{"type":"Feature","id":256,"geometry":{"type":"Polygon","coordinates":[[[138.42463039284769,36.731998990222209],[138.42463039288981,36.73204066018063],[138.4246303929319,36.732082320138957],[138.42456789288809,36.732082320138957],[138.424567892846,36.73204066018063],[138.42456789280379,36.731998990222209],[138.42463039284769,36.731998990222209]]]},"properties":{"FID":256,"A31_201":"8404030649","A31_202":"角間川","A31_203":20,"A31_204":"長野県","A31_205":1,"A31_206":" ","A31_207":" ","A31_208":" "}},{"type":"Feature","id":257,"geometry":{"type":"Polygon","coordinates":[[[138.42456789297248,36.732165660055522],[138.42456789301457,36.732207320013941],[138.42450539297113,36.732207320013941],[138.42450539292892,36.732165660055522],[138.42456789297248,36.732165660055522]]]},"properties":{"FID":257,"A31_201":"8404030649","A31_202":"角間川","A31_203":20,"A31_204":"長野県","A31_205":1,"A31_206":" ","A31_207":" ","A31_208":" "}},{"type":"Feature","id":258,"geometry":{"type":"Polygon","coordinates":[[[138.4247553931452,36.732207320013941],[138.42475539310328,36.732165660055522],[138.42481789314689,36.732165660055522],[138.42481789318882,36.732207320013941],[138.4247553931452,36.732207320013941]]]},"properties":{"FID":258,"A31_201":"8404030649","A31_202":"角間川","A31_203":20,"A31_204":"長野県","A31_205":1,"A31_206":" ","A31_207":" ","A31_208":" "}},{"type":"Feature","id":259,"geometry":{"type":"Polygon","coordinates":[[[138.4247553931452,36.732207320013941],[138.42475539318721,36.732248989972355],[138.42469289314374,36.732248989972355],[138.42469289310165,36.732207320013941],[138.4247553931452,36.732207320013941]]]},"properties":{"FID":259,"A31_201":"8404030649","A31_202":"角間川","A31_203":20,"A31_204":"長野県","A31_205":1,"A31_206":" ","A31_207":" ","A31_208":" "}},{"type":"Feature","id":260,"geometry":{"type":"Polygon","coordinates":[[[138.42444289301221,36.732290659930506],[138.42444289296986,36.732248989972355],[138.42450539301339,36.732248989972355],[138.4245053930556,36.732290659930506],[138.42444289301221,36.732290659930506]]]},"properties":{"FID":260,"A31_201":"8404030649","A31_202":"角間川","A31_203":20,"A31_204":"長野県","A31_205":1,"A31_206":" ","A31_207":" ","A31_208":" "}},{"type":"Feature","id":261,"geometry":{"type":"Polygon","coordinates":[[[138.42463039310022,36.732248989972355],[138.42463039314231,36.732290659930506],[138.42456789309887,36.732290659930506],[138.42456789305675,36.732248989972355],[138.42463039310022,36.732248989972355]]]},"properties":{"FID":261,"A31_201":"8404030649","A31_202":"角間川","A31_203":20,"A31_204":"長野県","A31_205":1,"A31_206":" ","A31_207":" ","A31_208":" "}},{"type":"Feature","id":262,"geometry":{"type":"Polygon","coordinates":[[[138.42369289249135,36.732290659930506],[138.4236928925344,36.732332319888926],[138.42363039249105,36.732332319888926],[138.42363039244788,36.732290659930506],[138.42369289249135,36.732290659930506]]]},"properties":{"FID":262,"A31_201":"8404030649","A31_202":"角間川","A31_203":20,"A31_204":"長野県","A31_205":1,"A31_206":" ","A31_207":" ","A31_208":" "}},{"type":"Feature","id":263,"geometry":{"type":"Polygon","coordinates":[[[138.42444289301221,36.732290659930506],[138.42444289305442,36.732332319888926],[138.42444289309677,36.732373989847247],[138.4243803930535,36.732373989847247],[138.42438039301115,36.732332319888926],[138.42438039296877,36.732290659930506],[138.42444289301221,36.732290659930506]]]},"properties":{"FID":263,"A31_201":"8404030649","A31_202":"角間川","A31_203":20,"A31_204":"長野県","A31_205":1,"A31_206":" ","A31_207":" ","A31_208":" "}},{"type":"Feature","id":264,"geometry":{"type":"Polygon","coordinates":[[[138.4243803930535,36.732373989847247],[138.42438039309587,36.732415659805667],[138.4243178930526,36.732415659805667],[138.42431789301023,36.732373989847247],[138.4243803930535,36.732373989847247]]]},"properties":{"FID":264,"A31_201":"8404030649","A31_202":"角間川","A31_203":20,"A31_204":"長野県","A31_205":1,"A31_206":" ","A31_207":" ","A31_208":" "}},{"type":"Feature","id":265,"geometry":{"type":"Polygon","coordinates":[[[138.42406789296521,36.732498989722231],[138.42413039300831,36.732498989722231],[138.42419289305133,36.732498989722231],[138.42419289309396,36.732540659680652],[138.42413039305094,36.732540659680652],[138.42406789300793,36.732540659680652],[138.42400539296492,36.732540659680652],[138.42400539292211,36.732498989722231],[138.42406789296521,36.732498989722231]]]},"properties":{"FID":265,"A31_201":"8404030649","A31_202":"角間川","A31_203":20,"A31_204":"長野県","A31_205":1,"A31_206":" ","A31_207":" ","A31_208":" "}},{"type":"Feature","id":266,"geometry":{"type":"Polygon","coordinates":[[[138.42275539188449,36.732332319888926],[138.42281789192788,36.732332319888926],[138.42281789197193,36.732373989847247],[138.42281789201598,36.732415659805667],[138.42281789206012,36.732457319763817],[138.42281789210418,36.732498989722231],[138.42281789214832,36.732540659680652],[138.42281789219237,36.732582319638894],[138.42275539214944,36.732582319638894],[138.4227553921053,36.732540659680652],[138.42275539206116,36.732498989722231],[138.42275539201694,36.732457319763817],[138.42269289197384,36.732457319763817],[138.42269289192961,36.732415659805667],[138.42269289188536,36.732373989847247],[138.42269289184114,36.732332319888926],[138.42275539188449,36.732332319888926]]]},"properties":{"FID":266,"A31_201":"8404030649","A31_202":"角間川","A31_203":20,"A31_204":"長野県","A31_205":1,"A31_206":" ","A31_207":" ","A31_208":" "}},{"type":"Feature","id":267,"geometry":{"type":"Polygon","coordinates":[[[138.42119289098463,36.732498989722231],[138.42119289103056,36.732540659680652],[138.42119289107649,36.732582319638894],[138.42119289112239,36.732623989597215],[138.42113039107966,36.732623989597215],[138.42113039103364,36.732582319638894],[138.42113039098771,36.732540659680652],[138.42113039094173,36.732498989722231],[138.42119289098463,36.732498989722231]]]},"properties":{"FID":267,"A31_201":"8404030649","A31_202":"角間川","A31_203":20,"A31_204":"長野県","A31_205":1,"A31_206":" ","A31_207":" ","A31_208":" "}},{"type":"Feature","id":268,"geometry":{"type":"Polygon","coordinates":[[[138.42419289313648,36.732582319638894],[138.42419289317903,36.732623989597215],[138.42413039313621,36.732623989597215],[138.42413039309358,36.732582319638894],[138.42419289313648,36.732582319638894]]]},"properties":{"FID":268,"A31_201":"8404030649","A31_202":"角間川","A31_203":20,"A31_204":"長野県","A31_205":1,"A31_206":" ","A31_207":" ","A31_208":" "}},{"type":"Feature","id":269,"geometry":{"type":"Polygon","coordinates":[[[138.42281789135455,36.731790660430569],[138.42281789139861,36.731832320388804],[138.42281789144275,36.731873990347225],[138.42281789148689,36.731915660305646],[138.42281789153094,36.731957320263881],[138.42281789157508,36.731998990222209],[138.4228803916188,36.731998990222209],[138.42288039166286,36.73204066018063],[138.42281789161913,36.73204066018063],[138.42281789166319,36.732082320138957],[138.42281789170733,36.732123990097371],[138.42281789175146,36.732165660055522],[138.42281789179552,36.732207320013941],[138.42275539175199,36.732207320013941],[138.42269289170844,36.732207320013941],[138.42269289166421,36.732165660055522],[138.4226928916199,36.732123990097371],[138.42263039157626,36.732123990097371],[138.42263039153195,36.732082320138957],[138.42263039148762,36.73204066018063],[138.42269289153151,36.73204066018063],[138.4226928914872,36.731998990222209],[138.42263039144331,36.731998990222209],[138.42263039139897,36.731957320263881],[138.42256789135507,36.731957320263881],[138.42250539131109,36.731957320263881],[138.42250539135551,36.731998990222209],[138.42250539140002,36.73204066018063],[138.42244289135613,36.73204066018063],[138.42238039131232,36.73204066018063],[138.42238039126772,36.731998990222209],[138.42231789122383,36.731998990222209],[138.42231789126851,36.73204066018063],[138.42225539122478,36.73204066018063],[138.42225539126946,36.732082320138957],[138.42225539131422,36.732123990097371],[138.4221928912705,36.732123990097371],[138.42213039122686,36.732123990097371],[138.42213039127165,36.732165660055522],[138.42219289131535,36.732165660055522],[138.42219289136011,36.732207320013941],[138.42219289140488,36.732248989972355],[138.42219289144964,36.732290659930506],[138.42225539149311,36.732290659930506],[138.42231789153638,36.732290659930506],[138.4223178914917,36.732248989972355],[138.42231789144711,36.732207320013941],[138.42231789140243,36.732165660055522],[138.42231789135775,36.732123990097371],[138.42238039140148,36.732123990097371],[138.42238039144607,36.732165660055522],[138.42244289148971,36.732165660055522],[138.42244289153419,36.732207320013941],[138.42238039149066,36.732207320013941],[138.42238039153523,36.732248989972355],[138.42238039157982,36.732290659930506],[138.42238039162442,36.732332319888926],[138.42244289166777,36.732332319888926],[138.42244289171228,36.732373989847247],[138.42238039166901,36.732373989847247],[138.42231789162571,36.732373989847247],[138.42225539158255,36.732373989847247],[138.42219289153925,36.732373989847247],[138.42219289158402,36.732415659805667],[138.42213039154083,36.732415659805667],[138.42213039158571,36.732457319763817],[138.4220678915425,36.732457319763817],[138.42206789149765,36.732415659805667],[138.42200539145446,36.732415659805667],[138.42200539140944,36.732373989847247],[138.42200539136442,36.732332319888926],[138.42206789140778,36.732332319888926],[138.42213039145113,36.732332319888926],[138.42213039140628,36.732290659930506],[138.42206789136284,36.732290659930506],[138.42200539131946,36.732290659930506],[138.42200539127444,36.732248989972355],[138.42200539122942,36.732207320013941],[138.42194289118586,36.732207320013941],[138.42188039114234,36.732207320013941],[138.42181789109878,36.732207320013941],[138.421817891144,36.732248989972355],[138.42188039118744,36.732248989972355],[138.42188039123258,36.732290659930506],[138.42194289127602,36.732290659930506],[138.42194289132112,36.732332319888926],[138.42188039127777,36.732332319888926],[138.4218803913229,36.732373989847247],[138.42188039136801,36.732415659805667],[138.42188039141314,36.732457319763817],[138.42188039145833,36.732498989722231],[138.42194289150135,36.732498989722231],[138.42200539154445,36.732498989722231],[138.42200539158947,36.732540659680652],[138.42206789163239,36.732540659680652],[138.42206789158746,36.732498989722231],[138.42213039163056,36.732498989722231],[138.42213039167541,36.732540659680652],[138.42213039172026,36.732582319638894],[138.42206789167733,36.732582319638894],[138.42200539163443,36.732582319638894],[138.4219428915915,36.732582319638894],[138.42188039154857,36.732582319638894],[138.42188039150346,36.732540659680652],[138.42181789146045,36.732540659680652],[138.42181789141523,36.732498989722231],[138.42175539137216,36.732498989722231],[138.42175539141743,36.732540659680652],[138.42175539146274,36.732582319638894],[138.42169289141992,36.732582319638894],[138.42169289137453,36.732540659680652],[138.42163039133152,36.732540659680652],[138.42156789128859,36.732540659680652],[138.42150539124549,36.732540659680652],[138.42150539129108,36.732582319638894],[138.42150539133664,36.732623989597215],[138.42156789137954,36.732623989597215],[138.42156789142501,36.732665659555636],[138.4215053913822,36.732665659555636],[138.42144289133944,36.732665659555636],[138.42144289129379,36.732623989597215],[138.42138039125098,36.732623989597215],[138.42138039120522,36.732582319638894],[138.42131789116232,36.732582319638894],[138.42131789111656,36.732540659680652],[138.42131789107083,36.732498989722231],[138.42125539102773,36.732498989722231],[138.42119289098463,36.732498989722231],[138.42119289093873,36.732457319763817],[138.42125539098191,36.732457319763817],[138.42125539093607,36.732415659805667],[138.42125539089025,36.732373989847247],[138.42131789093352,36.732373989847247],[138.42138039097679,36.732373989847247],[138.42144289102006,36.732373989847247],[138.42144289106571,36.732415659805667],[138.42150539110889,36.732415659805667],[138.42156789115208,36.732415659805667],[138.42156789119755,36.732457319763817],[138.42156789124303,36.732498989722231],[138.42163039128613,36.732498989722231],[138.42163039124074,36.732457319763817],[138.42169289128384,36.732457319763817],[138.42175539132685,36.732457319763817],[138.42175539128164,36.732415659805667],[138.42169289123854,36.732415659805667],[138.42169289119317,36.732373989847247],[138.42163039114988,36.732373989847247],[138.42163039119527,36.732415659805667],[138.42156789115208,36.732415659805667],[138.4215678911066,36.732373989847247],[138.42156789106113,36.732332319888926],[138.42163039110449,36.732332319888926],[138.42163039105901,36.732290659930506],[138.42169289110248,36.732290659930506],[138.42169289105709,36.732248989972355],[138.42169289101179,36.732207320013941],[138.4216928909664,36.732165660055522],[138.42169289092112,36.732123990097371],[138.42169289087573,36.732082320138957],[138.42175539091934,36.732082320138957],[138.42181789096315,36.732082320138957],[138.42188039100688,36.732082320138957],[138.42188039105201,36.732123990097371],[138.42181789100837,36.732123990097371],[138.42181789105359,36.732165660055522],[138.4218803910972,36.732165660055522],[138.42194289114084,36.732165660055522],[138.42200539118446,36.732165660055522],[138.42200539113944,36.732123990097371],[138.42206789118316,36.732123990097371],[138.42206789113823,36.732082320138957],[138.42206789109326,36.73204066018063],[138.42206789104833,36.731998990222209],[138.42200539100443,36.731998990222209],[138.42194289096054,36.731998990222209],[138.42194289091543,36.731957320263881],[138.42200539095941,36.731957320263881],[138.42206789100339,36.731957320263881],[138.42213039104738,36.731957320263881],[138.42213039100253,36.731915660305646],[138.42213039095768,36.731873990347225],[138.42219289100174,36.731873990347225],[138.42219289095698,36.731832320388804],[138.42225539100113,36.731832320388804],[138.42225539095645,36.731790660430569],[138.42231789100055,36.731790660430569],[138.42231789095595,36.731748990472241],[138.42238039100019,36.731748990472241],[138.42238039104478,36.731790660430569],[138.42244289108905,36.731790660430569],[138.42250539113329,36.731790660430569],[138.42250539117771,36.731832320388804],[138.42250539122219,36.731873990347225],[138.42256789126628,36.731873990347225],[138.42256789122195,36.731832320388804],[138.42263039126613,36.731832320388804],[138.42263039122179,36.731790660430569],[138.42256789117755,36.731790660430569],[138.42250539113329,36.731790660430569],[138.42250539108889,36.731748990472241],[138.42244289104454,36.731748990472241],[138.42244289100003,36.731707320513912],[138.42238039095562,36.731707320513912],[138.42238039091103,36.731665660555493],[138.42244289095555,36.731665660555493],[138.42244289091104,36.731623990597342],[138.42250539095556,36.731623990597342],[138.42250539099996,36.731665660555493],[138.42250539104438,36.731707320513912],[138.42256789108882,36.731707320513912],[138.42263039113323,36.731707320513912],[138.42263039108892,36.731665660555493],[138.42263039104461,36.731623990597342],[138.42263039100027,36.731582320638928],[138.42256789095566,36.731582320638928],[138.42256789091135,36.731540660680693],[138.42263039095596,36.731540660680693],[138.42269289100065,36.731540660680693],[138.42269289104487,36.731582320638928],[138.42269289108913,36.731623990597342],[138.42275539113365,36.731623990597342],[138.42275539108948,36.731582320638928],[138.42281789113409,36.731582320638928],[138.42281789117814,36.731623990597342],[138.42288039122258,36.731623990597342],[138.4229428912671,36.731623990597342],[138.42294289122313,36.731582320638928],[138.42288039117852,36.731582320638928],[138.42281789113409,36.731582320638928],[138.42281789108995,36.731540660680693],[138.42288039113456,36.731540660680693],[138.4228803910905,36.731498990722272],[138.42294289113519,36.731498990722272],[138.42300539118,36.731498990722272],[138.42300539113603,36.731457320763944],[138.42294289109122,36.731457320763944],[138.42294289104728,36.731415660805617],[138.42294289100332,36.731373990847203],[138.42288039095843,36.731373990847203],[138.42288039091437,36.731332320888782],[138.42294289095943,36.731332320888782],[138.42300539100438,36.731332320888782],[138.42300539096053,36.731290660930632],[138.42306789100564,36.731290660930632],[138.42306789104944,36.731332320888782],[138.42313039109442,36.731332320888782],[138.42313039105071,36.731290660930632],[138.42313039100691,36.731248990972219],[138.42306789096179,36.731248990972219],[138.42300539091664,36.731248990972219],[138.4229428908715,36.731248990972219],[138.42288039082638,36.731248990972219],[138.42288039078232,36.731207321013976],[138.42281789073718,36.731207321013976],[138.42281789069312,36.731165661055556],[138.42275539064781,36.731165661055556],[138.42275539060367,36.73112399109732],[138.42281789064899,36.73112399109732],[138.42281789060493,36.731082321138899],[138.42288039065025,36.731082321138899],[138.42294289069565,36.731082321138899],[138.42294289065168,36.731040661180664],[138.42294289060771,36.730998991222336],[138.42300539065329,36.730998991222336],[138.42300539060943,36.730957321263915],[138.42306789065501,36.730957321263915],[138.42313039070069,36.730957321263915],[138.42313039065698,36.73091566130568],[138.42319289070264,36.73091566130568],[138.42325539074832,36.73091566130568],[138.4233178907941,36.73091566130568],[138.42331789083761,36.730957321263915],[138.42338039088327,36.730957321263915],[138.42344289092878,36.730957321263915],[138.42344289088533,36.73091566130568],[138.42338039083975,36.73091566130568],[138.42338039079632,36.730873991347266],[138.42338039075281,36.730832321388846],[138.42344289079855,36.730832321388846],[138.42344289075513,36.730790661430603],[138.42350539080107,36.730790661430603],[138.42350539075773,36.73074899147219],[138.42356789080375,36.73074899147219],[138.42356789076041,36.730707321513776],[138.42363039080652,36.730707321513776],[138.4236303908497,36.73074899147219],[138.42369289089572,36.73074899147219],[138.42369289093881,36.730790661430603],[138.42375539098475,36.730790661430603],[138.42381789103067,36.730790661430603],[138.42381789098769,36.73074899147219],[138.42375539094166,36.73074899147219],[138.42375539089858,36.730707321513776],[138.4237553908556,36.730665661555619],[138.42375539081252,36.730623991597383],[138.42375539076943,36.730582321638963],[138.42381789081574,36.730582321638963],[138.42381789077274,36.73054066168055],[138.42381789072977,36.730498991722314],[138.42388039077613,36.730498991722314],[138.42394289082253,36.730498991722314],[138.42394289086542,36.73054066168055],[138.42400539091165,36.73054066168055],[138.42400539095436,36.730582321638963],[138.42400539099717,36.730623991597383],[138.42394289095105,36.730623991597383],[138.42388039090486,36.730623991597383],[138.42388039094783,36.730665661555619],[138.42388039099072,36.730707321513776],[138.42394289103675,36.730707321513776],[138.42394289107966,36.73074899147219],[138.42400539112549,36.73074899147219],[138.42400539108269,36.730707321513776],[138.4240678911288,36.730707321513776],[138.42406789108608,36.730665661555619],[138.42413039113219,36.730665661555619],[138.42419289117834,36.730665661555619],[138.4241928911357,36.730623991597383],[138.42413039108956,36.730623991597383],[138.42413039104693,36.730582321638963],[138.4241303910043,36.73054066168055],[138.42406789095793,36.73054066168055],[138.42406789091521,36.730498991722314],[138.42406789087249,36.730457321763893],[138.42406789082986,36.730415661805651],[138.42406789078711,36.730373991847237],[138.42413039083368,36.730373991847237],[138.4241303908764,36.730415661805651],[138.42413039091903,36.730457321763893],[138.42419289096543,36.730457321763893],[138.42425539101191,36.730457321763893],[138.42425539096945,36.730415661805651],[138.42431789101602,36.730415661805651],[138.42438039106256,36.730415661805651],[138.42444289110904,36.730415661805651],[138.42444289106675,36.730373991847237],[138.4245053911134,36.730373991847237],[138.42450539107114,36.730332321888909],[138.42444289102448,36.730332321888909],[138.42444289098219,36.730290661930667],[138.42450539102893,36.730290661930667],[138.42450539098675,36.730248991972253],[138.42450539094449,36.73020732201384],[138.42456789099123,36.73020732201384],[138.42463039103814,36.73020732201384],[138.42463039108023,36.730248991972253],[138.4245678910334,36.730248991972253],[138.42456789107558,36.730290661930667],[138.4245678911177,36.730332321888909],[138.42463039116444,36.730332321888909],[138.42463039120645,36.730373991847237],[138.42469289125307,36.730373991847237],[138.42469289129511,36.730415661805651],[138.42469289133712,36.730457321763893],[138.42463039129063,36.730457321763893],[138.42463039133273,36.730498991722314],[138.42463039137485,36.73054066168055],[138.42456789132845,36.73054066168055],[138.42450539128225,36.73054066168055],[138.42450539124007,36.730498991722314],[138.42444289119368,36.730498991722314],[138.42444289123597,36.73054066168055],[138.42444289127823,36.730582321638963],[138.42438039123195,36.730582321638963],[138.42431789118572,36.730582321638963],[138.4243178912281,36.730623991597383],[138.4243803912743,36.730623991597383],[138.42438039131667,36.730665661555619],[138.42431789127056,36.730665661555619],[138.42431789131302,36.730707321513776],[138.42431789135546,36.73074899147219],[138.42431789139783,36.730790661430603],[138.4243178914403,36.730832321388846],[138.42438039148612,36.730832321388846],[138.4243803915285,36.730873991347266],[138.42438039157088,36.73091566130568],[138.42444289161654,36.73091566130568],[138.42444289165883,36.730957321263915],[138.42444289170118,36.730998991222336],[138.42444289174347,36.731040661180664],[138.42450539178895,36.731040661180664],[138.42450539174666,36.730998991222336],[138.42450539170449,36.730957321263915],[138.42450539166231,36.73091566130568],[138.42456789170788,36.73091566130568],[138.42456789174997,36.730957321263915],[138.42463039179566,36.730957321263915],[138.42463039183775,36.730998991222336],[138.42456789179218,36.730998991222336],[138.42456789183436,36.731040661180664],[138.42463039187984,36.731040661180664],[138.42469289192525,36.731040661180664],[138.42475539197085,36.731040661180664],[138.42475539192884,36.730998991222336],[138.42475539188692,36.730957321263915],[138.42469289184132,36.730957321263915],[138.42469289179931,36.73091566130568],[138.42469289175722,36.730873991347266],[138.42469289171521,36.730832321388846],[138.42475539176107,36.730832321388846],[138.42475539180307,36.730873991347266],[138.42481789184882,36.730873991347266],[138.42488039189459,36.730873991347266],[138.42488039193643,36.73091566130568],[138.42488039197818,36.730957321263915],[138.42494289202384,36.730957321263915],[138.42494289206559,36.730998991222336],[138.42500539211116,36.730998991222336],[138.42500539215283,36.731040661180664],[138.42506789221218,36.731040661218501],[138.42506789225382,36.731082321176828],[138.42500539219446,36.731082321138899],[138.42500539223613,36.73112399109732],[138.4250053922778,36.731165661055556],[138.42500539231943,36.731207321013976],[138.4250053923611,36.731248990972219],[138.42500539240277,36.731290660930632],[138.42500539244449,36.731332320888782],[138.42494289239946,36.731332320888782],[138.42494289235771,36.731290660930632],[138.42494289231595,36.731248990972219],[138.42488039227084,36.731248990972219],[138.424880392229,36.731207321013976],[138.42481789218377,36.731207321013976],[138.42475539213862,36.731207321013976],[138.42469289209339,36.731207321013976],[138.42463039204816,36.731207321013976],[138.42463039209025,36.731248990972219],[138.4246928921354,36.731248990972219],[138.42475539218054,36.731248990972219],[138.42481789222569,36.731248990972219],[138.42481789226753,36.731290660930632],[138.42475539222247,36.731290660930632],[138.42475539226439,36.731332320888782],[138.42481789230945,36.731332320888782],[138.42488039235448,36.731332320888782],[138.42494289239946,36.731332320888782],[138.42494289244121,36.731373990847203],[138.42488039239623,36.731373990847203],[138.42481789235126,36.731373990847203],[138.42475539230639,36.731373990847203],[138.42469289226145,36.731373990847203],[138.42469289230345,36.731415660805617],[138.42463039225856,36.731415660805617],[138.4245678922137,36.731415660805617],[138.42456789217152,36.731373990847203],[138.42450539212672,36.731373990847203],[138.42450539208446,36.731332320888782],[138.42450539204225,36.731290660930632],[138.42450539200007,36.731248990972219],[138.42444289195493,36.731248990972219],[138.42438039190972,36.731248990972219],[138.42438039195207,36.731290660930632],[138.42438039199445,36.731332320888782],[138.42431789194947,36.731332320888782],[138.42431789190704,36.731290660930632],[138.42431789186458,36.731248990972219],[138.42431789182211,36.731207321013976],[138.42438039186734,36.731207321013976],[138.42444289191258,36.731207321013976],[138.42444289187029,36.731165661055556],[138.42438039182505,36.731165661055556],[138.42431789177974,36.731165661055556],[138.4243178917373,36.73112399109732],[138.42438039178262,36.73112399109732],[138.42438039174033,36.731082321138899],[138.42438039169798,36.731040661180664],[138.42431789165246,36.731040661180664],[138.42425539160698,36.731040661180664],[138.42425539156443,36.730998991222336],[138.42419289151886,36.730998991222336],[138.42413039147334,36.730998991222336],[138.42413039151597,36.731040661180664],[138.4241928915614,36.731040661180664],[138.42419289160404,36.731082321138899],[138.42419289164656,36.73112399109732],[138.42413039160124,36.73112399109732],[138.42413039155861,36.731082321138899],[138.42406789151312,36.731082321138899],[138.42406789155584,36.73112399109732],[138.42400539151052,36.73112399109732],[138.42400539146772,36.731082321138899],[138.4239428914224,36.731082321138899],[138.42394289146529,36.73112399109732],[138.42394289150812,36.731165661055556],[138.42394289155092,36.731207321013976],[138.42400539159607,36.731207321013976],[138.42400539155324,36.731165661055556],[138.42406789159855,36.731165661055556],[138.4240678916413,36.731207321013976],[138.42406789168402,36.731248990972219],[138.42400539163879,36.731248990972219],[138.42394289159381,36.731248990972219],[138.42394289163664,36.731290660930632],[138.42394289167945,36.731332320888782],[138.42400539172439,36.731332320888782],[138.42400539176714,36.731373990847203],[138.42394289172233,36.731373990847203],[138.42394289176514,36.731415660805617],[138.42400539180994,36.731415660805617],[138.42400539185275,36.731457320763944],[138.42394289180805,36.731457320763944],[138.42394289185086,36.731498990722272],[138.42400539189546,36.731498990722272],[138.42406789194024,36.731498990722272],[138.42406789189752,36.731457320763944],[138.4240678918548,36.731415660805617],[138.42406789181209,36.731373990847203],[138.42406789176937,36.731332320888782],[138.42406789172665,36.731290660930632],[138.42413039177177,36.731290660930632],[138.42419289181683,36.731290660930632],[138.42425539186198,36.731290660930632],[138.42425539190444,36.731332320888782],[138.42425539194699,36.731373990847203],[138.42431789199185,36.731373990847203],[138.42431789203431,36.731415660805617],[138.42431789207674,36.731457320763944],[138.42425539203197,36.731457320763944],[138.42425539207443,36.731498990722272],[138.42431789211921,36.731498990722272],[138.42431789216158,36.731540660680693],[138.42425539211698,36.731540660680693],[138.42425539215941,36.731582320638928],[138.42431789220404,36.731582320638928],[138.42438039224862,36.731582320638928],[138.424380392291,36.731623990597342],[138.42431789224648,36.731623990597342],[138.42425539220196,36.731623990597342],[138.42419289215746,36.731623990597342],[138.42419289219998,36.731665660555493],[138.42413039215546,36.731665660555493],[138.42413039211283,36.731623990597342],[138.42406789206834,36.731623990597342],[138.42406789202562,36.731582320638928],[138.42400539198098,36.731582320638928],[138.42394289193658,36.731582320638928],[138.42388039189197,36.731582320638928],[138.42381789184736,36.731582320638928],[138.42375539180276,36.731582320638928],[138.42375539175976,36.731540660680693],[138.4237553917167,36.731498990722272],[138.42375539167361,36.731457320763944],[138.42369289162883,36.731457320763944],[138.42369289167189,36.731498990722272],[138.42369289171506,36.731540660680693],[138.42363039167037,36.731540660680693],[138.42363039171354,36.731582320638928],[138.42369289175815,36.731582320638928],[138.42375539180276,36.731582320638928],[138.42375539184582,36.731623990597342],[138.4237553918889,36.731665660555493],[138.42375539193188,36.731707320513912],[138.42369289188755,36.731707320513912],[138.42369289193061,36.731748990472241],[138.42369289197379,36.731790660430569],[138.42363039192955,36.731790660430569],[138.42356789188528,36.731790660430569],[138.42350539184105,36.731790660430569],[138.4235053917977,36.731748990472241],[138.42350539175436,36.731707320513912],[138.42344289171001,36.731707320513912],[138.42344289175344,36.731748990472241],[138.42344289179678,36.731790660430569],[138.42338039175272,36.731790660430569],[138.42331789170845,36.731790660430569],[138.42325539166421,36.731790660430569],[138.42325539170781,36.731832320388804],[138.42319289166358,36.731832320388804],[138.42319289170726,36.731873990347225],[138.42313039166319,36.731873990347225],[138.4231303916194,36.731832320388804],[138.42313039157571,36.731790660430569],[138.42319289161998,36.731790660430569],[138.42319289157626,36.731748990472241],[138.42313039153191,36.731748990472241],[138.42306789148759,36.731748990472241],[138.42300539144333,36.731748990472241],[138.42300539148721,36.731790660430569],[138.42300539153109,36.731832320388804],[138.42300539157497,36.731873990347225],[138.42306789161904,36.731873990347225],[138.42306789166292,36.731915660305646],[138.42313039170691,36.731915660305646],[138.42313039175068,36.731957320263881],[138.42306789170669,36.731957320263881],[138.42300539166271,36.731957320263881],[138.42294289161873,36.731957320263881],[138.42294289157485,36.731915660305646],[138.42288039153078,36.731915660305646],[138.42288039148673,36.731873990347225],[138.42294289153088,36.731873990347225],[138.42294289148691,36.731832320388804],[138.42294289144297,36.731790660430569],[138.422942891399,36.731748990472241],[138.42288039135465,36.731748990472241],[138.42288039139871,36.731790660430569],[138.42281789135455,36.731790660430569],[138.42281789131039,36.731748990472241],[138.42281789126633,36.731707320513912],[138.42281789122228,36.731665660555493],[138.42275539117779,36.731665660555493],[138.42269289113335,36.731665660555493],[138.42269289117758,36.731707320513912],[138.4226928912218,36.731748990472241],[138.42269289126605,36.731790660430569],[138.42275539131029,36.731790660430569],[138.42281789135455,36.731790660430569]],[[138.42300539131162,36.731623990597342],[138.4230053913555,36.731665660555493],[138.42306789140002,36.731665660555493],[138.42313039144443,36.731665660555493],[138.42319289148887,36.731665660555493],[138.42319289144518,36.731623990597342],[138.42313039140066,36.731623990597342],[138.42313039135695,36.731582320638928],[138.42313039131318,36.731540660680693],[138.42306789126854,36.731540660680693],[138.42306789131234,36.731582320638928],[138.42300539126774,36.731582320638928],[138.42300539131162,36.731623990597342]],[[138.42344289166658,36.731665660555493],[138.4235053917111,36.731665660555493],[138.42350539166776,36.731623990597342],[138.42344289162324,36.731623990597342],[138.42344289166658,36.731665660555493]],[[138.42356789175554,36.731665660555493],[138.42356789179877,36.731707320513912],[138.4236303918432,36.731707320513912],[138.42363039179995,36.731665660555493],[138.4236303917568,36.731623990597342],[138.42356789171228,36.731623990597342],[138.42356789175554,36.731665660555493]],[[138.42344289131938,36.731332320888782],[138.42344289136281,36.731373990847203],[138.42344289140618,36.731415660805617],[138.42344289144961,36.731457320763944],[138.42350539149439,36.731457320763944],[138.42350539145104,36.731415660805617],[138.4235053914077,36.731373990847203],[138.42350539136436,36.731332320888782],[138.42344289131938,36.731332320888782],[138.42344289127595,36.731290660930632],[138.42344289123261,36.731248990972219],[138.42344289118918,36.731207321013976],[138.42338039114404,36.731207321013976],[138.4233178910988,36.731207321013976],[138.42331789114243,36.731248990972219],[138.42331789118595,36.731290660930632],[138.42325539114091,36.731290660930632],[138.42325539118443,36.731332320888782],[138.42331789122946,36.731332320888782],[138.42338039127452,36.731332320888782],[138.42344289131938,36.731332320888782]],[[138.42338039136146,36.731415660805617],[138.4233178913166,36.731415660805617],[138.423317891273,36.731373990847203],[138.42325539122811,36.731373990847203],[138.42325539127165,36.731415660805617],[138.42319289122685,36.731415660805617],[138.42319289127047,36.731457320763944],[138.42325539131525,36.731457320763944],[138.42331789136011,36.731457320763944],[138.42338039140492,36.731457320763944],[138.42338039136146,36.731415660805617]],[[138.42363039145445,36.731332320888782],[138.42363039149762,36.731373990847203],[138.42369289154257,36.731373990847203],[138.42375539158746,36.731373990847203],[138.42375539154446,36.731332320888782],[138.4237553915014,36.731290660930632],[138.42369289145634,36.731290660930632],[138.42363039141119,36.731290660930632],[138.42363039145445,36.731332320888782]],[[138.42375539141534,36.731207321013976],[138.42381789146046,36.731207321013976],[138.42381789141749,36.731165661055556],[138.4238803914628,36.731165661055556],[138.42388039141989,36.73112399109732],[138.423880391377,36.731082321138899],[138.42388039133402,36.731040661180664],[138.42388039129111,36.730998991222336],[138.42388039124822,36.730957321263915],[138.42381789120262,36.730957321263915],[138.42381789124553,36.730998991222336],[138.42375539120002,36.730998991222336],[138.42369289115445,36.730998991222336],[138.42369289111127,36.730957321263915],[138.42375539115696,36.730957321263915],[138.42375539111387,36.73091566130568],[138.42369289106821,36.73091566130568],[138.42369289102504,36.730873991347266],[138.42363039097927,36.730873991347266],[138.42363039093613,36.730832321388846],[138.42356789089027,36.730832321388846],[138.42350539084441,36.730832321388846],[138.42350539088775,36.730873991347266],[138.42356789093353,36.730873991347266],[138.42356789097678,36.73091566130568],[138.42363039102244,36.73091566130568],[138.4236303910657,36.730957321263915],[138.42363039110887,36.730998991222336],[138.42363039115202,36.731040661180664],[138.42369289119753,36.731040661180664],[138.42375539124311,36.731040661180664],[138.42381789128859,36.731040661180664],[138.42381789133151,36.731082321138899],[138.42375539128611,36.731082321138899],[138.42375539132917,36.73112399109732],[138.42375539137225,36.731165661055556],[138.42375539141534,36.731207321013976]],[[138.4240678912569,36.730832321388846],[138.42400539121104,36.730832321388846],[138.42400539125384,36.730873991347266],[138.42400539129665,36.73091566130568],[138.42394289125099,36.73091566130568],[138.42394289129388,36.730957321263915],[138.42400539133939,36.730957321263915],[138.42406789138505,36.730957321263915],[138.42406789134233,36.73091566130568],[138.42406789129961,36.730873991347266],[138.4240678912569,36.730832321388846],[138.42413039130273,36.730832321388846],[138.42413039126009,36.730790661430603],[138.42406789121418,36.730790661430603],[138.4240678912569,36.730832321388846]],[[138.42350539106104,36.731040661180664],[138.42344289101555,36.731040661180664],[138.42344289105898,36.731082321138899],[138.42350539110438,36.731082321138899],[138.42350539106104,36.731040661180664]],[[138.42363039119527,36.731082321138899],[138.42356789114979,36.731082321138899],[138.42356789119313,36.73112399109732],[138.42363039123845,36.73112399109732],[138.42363039119527,36.731082321138899]]]},"properties":{"FID":269,"A31_201":"8404030649","A31_202":"角間川","A31_203":20,"A31_204":"長野県","A31_205":1,"A31_206":" ","A31_207":" ","A31_208":" "}},{"type":"Feature","id":270,"geometry":{"type":"Polygon","coordinates":[[[138.42269289215076,36.732623989597215],[138.42269289219499,36.732665659555636],[138.42269289223921,36.732707319513963],[138.42263039219648,36.732707319513963],[138.42263039215226,36.732665659555636],[138.42263039210792,36.732623989597215],[138.42269289215076,36.732623989597215]]]},"properties":{"FID":270,"A31_201":"8404030649","A31_202":"角間川","A31_203":20,"A31_204":"長野県","A31_205":1,"A31_206":" ","A31_207":" ","A31_208":" "}},{"type":"Feature","id":271,"geometry":{"type":"Polygon","coordinates":[[[138.42394289309343,36.732707319513963],[138.42388039305069,36.732707319513963],[138.42388039300778,36.732665659555636],[138.42394289305062,36.732665659555636],[138.42394289309343,36.732707319513963]]]},"properties":{"FID":271,"A31_201":"8404030649","A31_202":"角間川","A31_203":20,"A31_204":"長野県","A31_205":1,"A31_206":" ","A31_207":" ","A31_208":" "}},{"type":"Feature","id":272,"geometry":{"type":"Polygon","coordinates":[[[138.42400539313607,36.732707319513963],[138.42400539309327,36.732665659555636],[138.42406789313608,36.732665659555636],[138.4240678931788,36.732707319513963],[138.42400539313607,36.732707319513963]]]},"properties":{"FID":272,"A31_201":"8404030649","A31_202":"角間川","A31_203":20,"A31_204":"長野県","A31_205":1,"A31_206":" ","A31_207":" ","A31_208":" "}},{"type":"Feature","id":273,"geometry":{"type":"Polygon","coordinates":[[[138.42244289211283,36.732748989472384],[138.42238039207027,36.732748989472384],[138.42231789202754,36.732748989472384],[138.42231789198294,36.732707319513963],[138.42238039202562,36.732707319513963],[138.42238039198102,36.732665659555636],[138.42238039193651,36.732623989597215],[138.42238039189192,36.732582319638894],[138.42238039184735,36.732540659680652],[138.42244289189034,36.732540659680652],[138.42250539193327,36.732540659680652],[138.42250539197778,36.732582319638894],[138.42250539202217,36.732623989597215],[138.42250539206668,36.732665659555636],[138.42244289202384,36.732665659555636],[138.42244289206835,36.732707319513963],[138.42244289211283,36.732748989472384]]]},"properties":{"FID":273,"A31_201":"8404030649","A31_202":"角間川","A31_203":20,"A31_204":"長野県","A31_205":1,"A31_206":" ","A31_207":" ","A31_208":" "}},{"type":"Feature","id":274,"geometry":{"type":"Polygon","coordinates":[[[138.4225053921555,36.732748989472384],[138.42250539211108,36.732707319513963],[138.42256789215384,36.732707319513963],[138.42256789219815,36.732748989472384],[138.4225053921555,36.732748989472384]]]},"properties":{"FID":274,"A31_201":"8404030649","A31_202":"角間川","A31_203":20,"A31_204":"長野県","A31_205":1,"A31_206":" ","A31_207":" ","A31_208":" "}},{"type":"Feature","id":275,"geometry":{"type":"Polygon","coordinates":[[[138.42400539313607,36.732707319513963],[138.42400539317879,36.732748989472384],[138.42394289313631,36.732748989472384],[138.42394289309343,36.732707319513963],[138.42400539313607,36.732707319513963]]]},"properties":{"FID":275,"A31_201":"8404030649","A31_202":"角間川","A31_203":20,"A31_204":"長野県","A31_205":1,"A31_206":" ","A31_207":" ","A31_208":" "}},{"type":"Feature","id":276,"geometry":{"type":"Polygon","coordinates":[[[138.4220678918571,36.732748989472384],[138.42206789190203,36.732790659430535],[138.42200539185947,36.732790659430535],[138.42200539181445,36.732748989472384],[138.4220678918571,36.732748989472384]]]},"properties":{"FID":276,"A31_201":"8404030649","A31_202":"角間川","A31_203":20,"A31_204":"長野県","A31_205":1,"A31_206":" ","A31_207":" ","A31_208":" "}},{"type":"Feature","id":277,"geometry":{"type":"Polygon","coordinates":[[[138.4225053921555,36.732748989472384],[138.42250539219998,36.732790659430535],[138.42244289215742,36.732790659430535],[138.42244289211283,36.732748989472384],[138.4225053921555,36.732748989472384]]]},"properties":{"FID":277,"A31_201":"8404030649","A31_202":"角間川","A31_203":20,"A31_204":"長野県","A31_205":1,"A31_206":" ","A31_207":" ","A31_208":" "}},{"type":"Feature","id":278,"geometry":{"type":"Polygon","coordinates":[[[138.42119289112239,36.732623989597215],[138.42125539116523,36.732623989597215],[138.42131789120805,36.732623989597215],[138.42131789125389,36.732665659555636],[138.42131789129962,36.732707319513963],[138.42125539125689,36.732707319513963],[138.42125539130271,36.732748989472384],[138.42119289126006,36.732748989472384],[138.42119289130596,36.732790659430535],[138.42113039126349,36.732790659430535],[138.4211303913095,36.732832319388947],[138.42106789126694,36.732832319388947],[138.42100539122447,36.732832319388947],[138.42100539117837,36.732790659430535],[138.42100539113227,36.732748989472384],[138.42106789117486,36.732748989472384],[138.42106789112884,36.732707319513963],[138.42113039117157,36.732707319513963],[138.42119289121413,36.732707319513963],[138.42119289116832,36.732665659555636],[138.42119289112239,36.732623989597215]]]},"properties":{"FID":278,"A31_201":"8404030649","A31_202":"角間川","A31_203":20,"A31_204":"長野県","A31_205":1,"A31_206":" ","A31_207":" ","A31_208":" "}},{"type":"Feature","id":279,"geometry":{"type":"Polygon","coordinates":[[[138.42150539156444,36.732832319388947],[138.42144289152196,36.732832319388947],[138.4213803914794,36.732832319388947],[138.42138039143376,36.732790659430535],[138.42131789139111,36.732790659430535],[138.42131789134535,36.732748989472384],[138.42138039138803,36.732748989472384],[138.42144289143067,36.732748989472384],[138.42144289138503,36.732707319513963],[138.42150539142776,36.732707319513963],[138.42156789147049,36.732707319513963],[138.42156789151596,36.732748989472384],[138.42156789156144,36.732790659430535],[138.42150539151888,36.732790659430535],[138.42150539156444,36.732832319388947]]]},"properties":{"FID":279,"A31_201":"8404030649","A31_202":"角間川","A31_203":20,"A31_204":"長野県","A31_205":1,"A31_206":" ","A31_207":" ","A31_208":" "}},{"type":"Feature","id":280,"geometry":{"type":"Polygon","coordinates":[[[138.42394289313631,36.732748989472384],[138.42394289317912,36.732790659430535],[138.42388039313656,36.732790659430535],[138.42388039317947,36.732832319388947],[138.42381789313691,36.732832319388947],[138.42375539309444,36.732832319388947],[138.42375539305135,36.732790659430535],[138.423817893094,36.732790659430535],[138.42381789305094,36.732748989472384],[138.42388039309367,36.732748989472384],[138.42394289313631,36.732748989472384]]]},"properties":{"FID":280,"A31_201":"8404030649","A31_202":"角間川","A31_203":20,"A31_204":"長野県","A31_205":1,"A31_206":" ","A31_207":" ","A31_208":" "}},{"type":"Feature","id":281,"geometry":{"type":"Polygon","coordinates":[[[138.4208803911857,36.732873989347183],[138.42088039113943,36.732832319388947],[138.42088039109316,36.732790659430535],[138.42094289113581,36.732790659430535],[138.42094289118191,36.732832319388947],[138.42094289122809,36.732873989347183],[138.4208803911857,36.732873989347183]]]},"properties":{"FID":281,"A31_201":"8404030649","A31_202":"角間川","A31_203":20,"A31_204":"長野県","A31_205":1,"A31_206":" ","A31_207":" ","A31_208":" "}},{"type":"Feature","id":282,"geometry":{"type":"Polygon","coordinates":[[[138.42213039207917,36.732915659305604],[138.42213039212402,36.732957319263846],[138.42206789208171,36.732957319263846],[138.42206789203678,36.732915659305604],[138.42213039207917,36.732915659305604]]]},"properties":{"FID":282,"A31_201":"8404030649","A31_202":"角間川","A31_203":20,"A31_204":"長野県","A31_205":1,"A31_206":" ","A31_207":" ","A31_208":" "}},{"type":"Feature","id":283,"geometry":{"type":"Polygon","coordinates":[[[138.42288039258744,36.732915659305604],[138.42288039254339,36.732873989347183],[138.42294289258587,36.732873989347183],[138.42300539262826,36.732873989347183],[138.42300539258437,36.732832319388947],[138.42306789262693,36.732832319388947],[138.42306789258305,36.732790659430535],[138.42300539254049,36.732790659430535],[138.42294289249793,36.732790659430535],[138.42294289245396,36.732748989472384],[138.42294289240999,36.732707319513963],[138.42300539245275,36.732707319513963],[138.42306789249548,36.732707319513963],[138.42306789245163,36.732665659555636],[138.42306789240783,36.732623989597215],[138.42300539236498,36.732623989597215],[138.42300539232104,36.732582319638894],[138.42300539227716,36.732540659680652],[138.42306789232015,36.732540659680652],[138.42306789227638,36.732498989722231],[138.42313039231939,36.732498989722231],[138.42313039236316,36.732540659680652],[138.42313039240696,36.732582319638894],[138.42313039245064,36.732623989597215],[138.42319289249357,36.732623989597215],[138.42319289253726,36.732665659555636],[138.42313039249444,36.732665659555636],[138.42313039253816,36.732707319513963],[138.42319289258089,36.732707319513963],[138.42325539262362,36.732707319513963],[138.42325539266724,36.732748989472384],[138.42331789270989,36.732748989472384],[138.42331789266638,36.732707319513963],[138.42338039270902,36.732707319513963],[138.42338039275253,36.732748989472384],[138.42338039279605,36.732790659430535],[138.4233178927534,36.732790659430535],[138.42325539271084,36.732790659430535],[138.42319289266828,36.732790659430535],[138.42319289262457,36.732748989472384],[138.42313039258192,36.732748989472384],[138.42313039262572,36.732790659430535],[138.42313039266941,36.732832319388947],[138.4231303927132,36.732873989347183],[138.42306789267073,36.732873989347183],[138.42306789271453,36.732915659305604],[138.42306789275838,36.732957319263846],[138.42300539271611,36.732957319263846],[138.42300539267222,36.732915659305604],[138.42294289262983,36.732915659305604],[138.42288039258744,36.732915659305604]]]},"properties":{"FID":283,"A31_201":"8404030649","A31_202":"角間川","A31_203":20,"A31_204":"長野県","A31_205":1,"A31_206":" ","A31_207":" ","A31_208":" "}},{"type":"Feature","id":284,"geometry":{"type":"Polygon","coordinates":[[[138.42300539271611,36.732957319263846],[138.42300539275996,36.73299898922226],[138.42294289271769,36.73299898922226],[138.4229428926738,36.732957319263846],[138.42300539271611,36.732957319263846]]]},"properties":{"FID":284,"A31_201":"8404030649","A31_202":"角間川","A31_203":20,"A31_204":"長野県","A31_205":1,"A31_206":" ","A31_207":" ","A31_208":" "}},{"type":"Feature","id":285,"geometry":{"type":"Polygon","coordinates":[[[138.42363039318215,36.73299898922226],[138.42356789313993,36.73299898922226],[138.42356789309667,36.732957319263846],[138.42356789305342,36.732915659305604],[138.42363039309581,36.732915659305604],[138.42363039305263,36.732873989347183],[138.42369289309502,36.732873989347183],[138.4237553931375,36.732873989347183],[138.42375539318058,36.732915659305604],[138.4236928931382,36.732915659305604],[138.42369289318128,36.732957319263846],[138.42363039313898,36.732957319263846],[138.42363039318215,36.73299898922226]]]},"properties":{"FID":285,"A31_201":"8404030649","A31_202":"角間川","A31_203":20,"A31_204":"長野県","A31_205":1,"A31_206":" ","A31_207":" ","A31_208":" "}},{"type":"Feature","id":286,"geometry":{"type":"Polygon","coordinates":[[[138.4208803911857,36.732873989347183],[138.42088039123198,36.732915659305604],[138.42088039127816,36.732957319263846],[138.42088039132443,36.73299898922226],[138.4208803913707,36.733040659180674],[138.42081789132851,36.733040659180674],[138.42081789128224,36.73299898922226],[138.42081789123586,36.732957319263846],[138.42081789118959,36.732915659305604],[138.42081789114323,36.732873989347183],[138.4208803911857,36.732873989347183]]]},"properties":{"FID":286,"A31_201":"8404030649","A31_202":"角間川","A31_203":20,"A31_204":"長野県","A31_205":1,"A31_206":" ","A31_207":" ","A31_208":" "}},{"type":"Feature","id":287,"geometry":{"type":"Polygon","coordinates":[[[138.42213039221383,36.733040659180674],[138.42213039225857,36.733082319138916],[138.42206789221655,36.733082319138916],[138.42206789217161,36.733040659180674],[138.42213039221383,36.733040659180674]]]},"properties":{"FID":287,"A31_201":"8404030649","A31_202":"角間川","A31_203":20,"A31_204":"長野県","A31_205":1,"A31_206":" ","A31_207":" ","A31_208":" "}},{"type":"Feature","id":288,"geometry":{"type":"Polygon","coordinates":[[[138.42338039301339,36.73299898922226],[138.42338039305682,36.733040659180674],[138.42338039310027,36.733082319138916],[138.42338039314379,36.733123989097244],[138.42331789310174,36.733123989097244],[138.42331789305823,36.733082319138916],[138.42331789301471,36.733040659180674],[138.42331789297111,36.73299898922226],[138.42338039301339,36.73299898922226]]]},"properties":{"FID":288,"A31_201":"8404030649","A31_202":"角間川","A31_203":20,"A31_204":"長野県","A31_205":1,"A31_206":" ","A31_207":" ","A31_208":" "}},{"type":"Feature","id":289,"geometry":{"type":"Polygon","coordinates":[[[138.42338039301339,36.73299898922226],[138.42338039296988,36.732957319263846],[138.42344289301209,36.732957319263846],[138.42350539305437,36.732957319263846],[138.42350539309771,36.73299898922226],[138.42350539314106,36.733040659180674],[138.4235053931844,36.733082319138916],[138.42350539322774,36.733123989097244],[138.42344289318572,36.733123989097244],[138.42344289314229,36.733082319138916],[138.42344289309887,36.733040659180674],[138.42344289305552,36.73299898922226],[138.42338039301339,36.73299898922226]]]},"properties":{"FID":289,"A31_201":"8404030649","A31_202":"角間川","A31_203":20,"A31_204":"長野県","A31_205":1,"A31_206":" ","A31_207":" ","A31_208":" "}},{"type":"Feature","id":290,"geometry":{"type":"Polygon","coordinates":[[[138.42075539137912,36.733123989097244],[138.42075539142556,36.733165659055658],[138.42069289138354,36.733165659055658],[138.42069289133707,36.733123989097244],[138.42075539137912,36.733123989097244]]]},"properties":{"FID":290,"A31_201":"8404030649","A31_202":"角間川","A31_203":20,"A31_204":"長野県","A31_205":1,"A31_206":" ","A31_207":" ","A31_208":" "}},{"type":"Feature","id":291,"geometry":{"type":"Polygon","coordinates":[[[138.42319289306138,36.733165659055658],[138.4231928930177,36.733123989097244],[138.42325539305972,36.733123989097244],[138.42325539310332,36.733165659055658],[138.42319289306138,36.733165659055658]]]},"properties":{"FID":291,"A31_201":"8404030649","A31_202":"角間川","A31_203":20,"A31_204":"長野県","A31_205":1,"A31_206":" ","A31_207":" ","A31_208":" "}},{"type":"Feature","id":292,"geometry":{"type":"Polygon","coordinates":[[[138.42344289318572,36.733123989097244],[138.42344289322907,36.733165659055658],[138.42338039318722,36.733165659055658],[138.42338039314379,36.733123989097244],[138.42344289318572,36.733123989097244]]]},"properties":{"FID":292,"A31_201":"8404030649","A31_202":"角間川","A31_203":20,"A31_204":"長野県","A31_205":1,"A31_206":" ","A31_207":" ","A31_208":" "}},{"type":"Feature","id":293,"geometry":{"type":"Polygon","coordinates":[[[138.42319289306138,36.733165659055658],[138.4231928931051,36.7332073190139],[138.42313039306313,36.7332073190139],[138.42313039301945,36.733165659055658],[138.42319289306138,36.733165659055658]]]},"properties":{"FID":293,"A31_201":"8404030649","A31_202":"角間川","A31_203":20,"A31_204":"長野県","A31_205":1,"A31_206":" ","A31_207":" ","A31_208":" "}},{"type":"Feature","id":294,"geometry":{"type":"Polygon","coordinates":[[[138.42063039143468,36.733248988972321],[138.42063039138813,36.7332073190139],[138.42069289142998,36.7332073190139],[138.42069289147645,36.733248988972321],[138.42063039143468,36.733248988972321]]]},"properties":{"FID":294,"A31_201":"8404030649","A31_202":"角間川","A31_203":20,"A31_204":"長野県","A31_205":1,"A31_206":" ","A31_207":" ","A31_208":" "}},{"type":"Feature","id":295,"geometry":{"type":"Polygon","coordinates":[[[138.42206789226148,36.733123989097244],[138.42206789230636,36.733165659055658],[138.42213039234838,36.733165659055658],[138.42219289239031,36.733165659055658],[138.42219289243508,36.7332073190139],[138.42219289247984,36.733248988972321],[138.42213039243808,36.733248988972321],[138.42206789239623,36.733248988972321],[138.42200539235446,36.733248988972321],[138.42200539230944,36.7332073190139],[138.4220053922644,36.733165659055658],[138.42200539221946,36.733123989097244],[138.42206789226148,36.733123989097244]]]},"properties":{"FID":295,"A31_201":"8404030649","A31_202":"角間川","A31_203":20,"A31_204":"長野県","A31_205":1,"A31_206":" ","A31_207":" ","A31_208":" "}},{"type":"Feature","id":296,"geometry":{"type":"Polygon","coordinates":[[[138.42213039207917,36.732915659305604],[138.42213039203432,36.732873989347183],[138.42219289207679,36.732873989347183],[138.42225539211918,36.732873989347183],[138.4222553920745,36.732832319388947],[138.42231789211689,36.732832319388947],[138.42238039215937,36.732832319388947],[138.42238039220393,36.732873989347183],[138.42238039224853,36.732915659305604],[138.42244289229092,36.732915659305604],[138.42250539233331,36.732915659305604],[138.42250539237773,36.732957319263846],[138.42250539242221,36.73299898922226],[138.42244289237999,36.73299898922226],[138.4224428924245,36.733040659180674],[138.42238039238231,36.733040659180674],[138.42238039233771,36.73299898922226],[138.4223178922955,36.73299898922226],[138.42231789234017,36.733040659180674],[138.42231789238477,36.733082319138916],[138.42238039242687,36.733082319138916],[138.42238039247147,36.733123989097244],[138.42244289251349,36.733123989097244],[138.42250539255554,36.733123989097244],[138.42250539260002,36.733165659055658],[138.42250539264444,36.7332073190139],[138.42250539268883,36.733248988972321],[138.42244289264707,36.733248988972321],[138.4224428926025,36.7332073190139],[138.42238039256063,36.7332073190139],[138.42238039251606,36.733165659055658],[138.4223178924741,36.733165659055658],[138.42231789242945,36.733123989097244],[138.42225539238757,36.733123989097244],[138.42219289234555,36.733123989097244],[138.4221928923007,36.733082319138916],[138.42225539234283,36.733082319138916],[138.42225539229804,36.733040659180674],[138.42225539225339,36.73299898922226],[138.42225539220863,36.732957319263846],[138.42225539216395,36.732915659305604],[138.42219289212156,36.732915659305604],[138.42213039207917,36.732915659305604]]]},"properties":{"FID":296,"A31_201":"8404030649","A31_202":"角間川","A31_203":20,"A31_204":"長野県","A31_205":1,"A31_206":" ","A31_207":" ","A31_208":" "}},{"type":"Feature","id":297,"geometry":{"type":"Polygon","coordinates":[[[138.42063039143468,36.733248988972321],[138.42063039148121,36.733290658930557],[138.42056789143953,36.733290658930557],[138.42056789139292,36.733248988972321],[138.42063039143468,36.733248988972321]]]},"properties":{"FID":297,"A31_201":"8404030649","A31_202":"角間川","A31_203":20,"A31_204":"長野県","A31_205":1,"A31_206":" ","A31_207":" ","A31_208":" "}},{"type":"Feature","id":298,"geometry":{"type":"Polygon","coordinates":[[[138.42281789267747,36.733040659180674],[138.42281789272153,36.733082319138916],[138.42275539267942,36.733082319138916],[138.42275539272364,36.733123989097244],[138.42275539276778,36.733165659055658],[138.42275539281195,36.7332073190139],[138.42281789285389,36.7332073190139],[138.42281789289794,36.733248988972321],[138.42275539285609,36.733248988972321],[138.42275539290031,36.733290658930557],[138.42269289285855,36.733290658930557],[138.42269289281433,36.733248988972321],[138.42269289277007,36.7332073190139],[138.42269289272585,36.733165659055658],[138.42263039268391,36.733165659055658],[138.42263039263958,36.733123989097244],[138.42263039259527,36.733082319138916],[138.4226928926374,36.733082319138916],[138.42269289259315,36.733040659180674],[138.42269289254892,36.73299898922226],[138.4226928925047,36.732957319263846],[138.42263039246239,36.732957319263846],[138.42263039241809,36.732915659305604],[138.42269289246036,36.732915659305604],[138.42275539250284,36.732915659305604],[138.42281789254514,36.732915659305604],[138.42288039258744,36.732915659305604],[138.4228803926315,36.732957319263846],[138.42288039267547,36.73299898922226],[138.42288039271952,36.733040659180674],[138.42281789267747,36.733040659180674],[138.42281789263333,36.73299898922226],[138.42275539259114,36.73299898922226],[138.42275539263528,36.733040659180674],[138.42281789267747,36.733040659180674]]]},"properties":{"FID":298,"A31_201":"8404030649","A31_202":"角間川","A31_203":20,"A31_204":"長野県","A31_205":1,"A31_206":" ","A31_207":" ","A31_208":" "}},{"type":"Feature","id":299,"geometry":{"type":"Polygon","coordinates":[[[138.42313039310693,36.733248988972321],[138.42313039315064,36.733290658930557],[138.42306789310896,36.733290658930557],[138.42306789306508,36.733248988972321],[138.42313039310693,36.733248988972321]]]},"properties":{"FID":299,"A31_201":"8404030649","A31_202":"角間川","A31_203":20,"A31_204":"長野県","A31_205":1,"A31_206":" ","A31_207":" ","A31_208":" "}},{"type":"Feature","id":300,"geometry":{"type":"Polygon","coordinates":[[[138.42238039269441,36.733332318888969],[138.42238039272797,36.73337398884739],[138.42231789268646,36.73337398884739],[138.42231789265273,36.733332318888969],[138.42238039269441,36.733332318888969]]]},"properties":{"FID":300,"A31_201":"8404030649","A31_202":"角間川","A31_203":20,"A31_204":"長野県","A31_205":1,"A31_206":" ","A31_207":" ","A31_208":" "}},{"type":"Feature","id":301,"geometry":{"type":"Polygon","coordinates":[[[138.42300539314331,36.73337398884739],[138.42300539311105,36.733332318888969],[138.42306789315273,36.733332318888969],[138.42306789318479,36.73337398884739],[138.42300539314331,36.73337398884739]]]},"properties":{"FID":301,"A31_201":"8404030649","A31_202":"角間川","A31_203":20,"A31_204":"長野県","A31_205":1,"A31_206":" ","A31_207":" ","A31_208":" "}},{"type":"Feature","id":302,"geometry":{"type":"Polygon","coordinates":[[[138.4231928932679,36.73337398884739],[138.42319289323609,36.733332318888969],[138.42325539327777,36.733332318888969],[138.42325539330949,36.73337398884739],[138.4231928932679,36.73337398884739]]]},"properties":{"FID":302,"A31_201":"8404030649","A31_202":"角間川","A31_203":20,"A31_204":"長野県","A31_205":1,"A31_206":" ","A31_207":" ","A31_208":" "}},{"type":"Feature","id":303,"geometry":{"type":"Polygon","coordinates":[[[138.4231928932679,36.73337398884739],[138.4231928932997,36.733415658805541],[138.42313039325828,36.733415658805541],[138.42313039322639,36.73337398884739],[138.4231928932679,36.73337398884739]]]},"properties":{"FID":303,"A31_201":"8404030649","A31_202":"角間川","A31_203":20,"A31_204":"長野県","A31_205":1,"A31_206":" ","A31_207":" ","A31_208":" "}},{"type":"Feature","id":304,"geometry":{"type":"Polygon","coordinates":[[[138.42050539152007,36.733415658805541],[138.42050539155781,36.733457318763953],[138.4204428915165,36.733457318763953],[138.42044289147867,36.733415658805541],[138.42050539152007,36.733415658805541]]]},"properties":{"FID":304,"A31_201":"8404030649","A31_202":"角間川","A31_203":20,"A31_204":"長野県","A31_205":1,"A31_206":" ","A31_207":" ","A31_208":" "}},{"type":"Feature","id":305,"geometry":{"type":"Polygon","coordinates":[[[138.42300539314331,36.73337398884739],[138.42300539317554,36.733415658805541],[138.42306789321685,36.733415658805541],[138.42306789324903,36.733457318763953],[138.4230053932078,36.733457318763953],[138.42300539323995,36.733498988722197],[138.42294289319881,36.733498988722197],[138.42294289316646,36.733457318763953],[138.42294289313415,36.733415658805541],[138.42294289310172,36.73337398884739],[138.42300539314331,36.73337398884739]]]},"properties":{"FID":305,"A31_201":"8404030649","A31_202":"角間川","A31_203":20,"A31_204":"長野県","A31_205":1,"A31_206":" ","A31_207":" ","A31_208":" "}},{"type":"Feature","id":306,"geometry":{"type":"Polygon","coordinates":[[[138.42156789229446,36.733498988722197],[138.4215678923299,36.73354065868061],[138.42150539228894,36.73354065868061],[138.42150539225332,36.733498988722197],[138.42156789229446,36.733498988722197]]]},"properties":{"FID":306,"A31_201":"8404030649","A31_202":"角間川","A31_203":20,"A31_204":"長野県","A31_205":1,"A31_206":" ","A31_207":" ","A31_208":" "}},{"type":"Feature","id":307,"geometry":{"type":"Polygon","coordinates":[[[138.42038039158939,36.733582318638852],[138.42038039155139,36.73354065868061],[138.42044289159236,36.73354065868061],[138.42044289163027,36.733582318638852],[138.42038039158939,36.733582318638852]]]},"properties":{"FID":307,"A31_201":"8404030649","A31_202":"角間川","A31_203":20,"A31_204":"長野県","A31_205":1,"A31_206":" ","A31_207":" ","A31_208":" "}},{"type":"Feature","id":308,"geometry":{"type":"Polygon","coordinates":[[[138.42038039158939,36.733582318638852],[138.4203803916275,36.733623988597273],[138.42031789158682,36.733623988597273],[138.42031789154862,36.733582318638852],[138.42038039158939,36.733582318638852]]]},"properties":{"FID":308,"A31_201":"8404030649","A31_202":"角間川","A31_203":20,"A31_204":"長野県","A31_205":1,"A31_206":" ","A31_207":" ","A31_208":" "}},{"type":"Feature","id":309,"geometry":{"type":"Polygon","coordinates":[[[138.42150539246666,36.733748988472257],[138.42150539250227,36.733790658430671],[138.4214428924621,36.733790658430671],[138.4214428924264,36.733748988472257],[138.42150539246666,36.733748988472257]]]},"properties":{"FID":309,"A31_201":"8404030649","A31_202":"角間川","A31_203":20,"A31_204":"長野県","A31_205":1,"A31_206":" ","A31_207":" ","A31_208":" "}},{"type":"Feature","id":310,"geometry":{"type":"Polygon","coordinates":[[[138.42188039263883,36.733665658555687],[138.42188039267356,36.733707318513922],[138.42188039270826,36.733748988472257],[138.42188039274299,36.733790658430671],[138.42181789270285,36.733790658430671],[138.42181789266803,36.733748988472257],[138.4218178926331,36.733707318513922],[138.42181789259831,36.733665658555687],[138.42188039263883,36.733665658555687]]]},"properties":{"FID":310,"A31_201":"8404030649","A31_202":"角間川","A31_203":20,"A31_204":"長野県","A31_205":1,"A31_206":" ","A31_207":" ","A31_208":" "}},{"type":"Feature","id":311,"geometry":{"type":"Polygon","coordinates":[[[138.42019289169778,36.733832318388906],[138.42019289173624,36.733873988347327],[138.42013039169635,36.733873988347327],[138.42013039165772,36.733832318388906],[138.42019289169778,36.733832318388906]]]},"properties":{"FID":311,"A31_201":"8404030649","A31_202":"角間川","A31_203":20,"A31_204":"長野県","A31_205":1,"A31_206":" ","A31_207":" ","A31_208":" "}},{"type":"Feature","id":312,"geometry":{"type":"Polygon","coordinates":[[[138.42013039169635,36.733873988347327],[138.42013039173497,36.733915658305563],[138.42006789169525,36.733915658305563],[138.42006789165646,36.733873988347327],[138.42013039169635,36.733873988347327]]]},"properties":{"FID":312,"A31_201":"8404030649","A31_202":"角間川","A31_203":20,"A31_204":"長野県","A31_205":1,"A31_206":" ","A31_207":" ","A31_208":" "}},{"type":"Feature","id":313,"geometry":{"type":"Polygon","coordinates":[[[138.42019289169778,36.733832318388906],[138.42019289165933,36.733790658430671],[138.42019289162079,36.733748988472257],[138.42025539166113,36.733748988472257],[138.42025539162276,36.733707318513922],[138.42031789166319,36.733707318513922],[138.42031789162499,36.733665658555687],[138.42038039166553,36.733665658555687],[138.42038039170362,36.733707318513922],[138.42038039174165,36.733748988472257],[138.42044289178199,36.733748988472257],[138.4204428918199,36.733790658430671],[138.42044289185782,36.733832318388906],[138.42044289189576,36.733873988347327],[138.42044289193367,36.733915658305563],[138.42050539197339,36.733915658305563],[138.42050539201114,36.733957318263982],[138.42050539204891,36.733998988222226],[138.42050539208674,36.734040658180639],[138.42044289204736,36.734040658180639],[138.42044289200945,36.733998988222226],[138.4204428919715,36.733957318263982],[138.42038039193199,36.733957318263982],[138.42038039189387,36.733915658305563],[138.42038039185587,36.733873988347327],[138.42031789181596,36.733873988347327],[138.42031789177776,36.733832318388906],[138.42031789173959,36.733790658430671],[138.42025539169941,36.733790658430671],[138.42025539173778,36.733832318388906],[138.42019289169778,36.733832318388906]]]},"properties":{"FID":313,"A31_201":"8404030649","A31_202":"角間川","A31_203":20,"A31_204":"長野県","A31_205":1,"A31_206":" ","A31_207":" ","A31_208":" "}},{"type":"Feature","id":314,"geometry":{"type":"Polygon","coordinates":[[[138.42050539220006,36.734165658055623],[138.42050539216231,36.73412398809721],[138.42050539212448,36.734082318138789],[138.42056789216366,36.734082318138789],[138.42056789220132,36.73412398809721],[138.42056789223898,36.734165658055623],[138.42050539220006,36.734165658055623]]]},"properties":{"FID":314,"A31_201":"8404030649","A31_202":"角間川","A31_203":20,"A31_204":"長野県","A31_205":1,"A31_206":" ","A31_207":" ","A31_208":" "}},{"type":"Feature","id":315,"geometry":{"type":"Polygon","coordinates":[[[138.41994289185004,36.734165658055623],[138.41994289188904,36.734207318013858],[138.41988039185028,36.734207318013858],[138.41988039181112,36.734165658055623],[138.41994289185004,36.734165658055623]]]},"properties":{"FID":315,"A31_201":"8404030649","A31_202":"角間川","A31_203":20,"A31_204":"長野県","A31_205":1,"A31_206":" ","A31_207":" ","A31_208":" "}},{"type":"Feature","id":316,"geometry":{"type":"Polygon","coordinates":[[[138.42056789223898,36.734165658055623],[138.42063039227773,36.734165658055623],[138.42063039231522,36.734207318013858],[138.42056789227655,36.734207318013858],[138.42056789223898,36.734165658055623]]]},"properties":{"FID":316,"A31_201":"8404030649","A31_202":"角間川","A31_203":20,"A31_204":"長野県","A31_205":1,"A31_206":" ","A31_207":" ","A31_208":" "}},{"type":"Feature","id":317,"geometry":{"type":"Polygon","coordinates":[[[138.42050539220006,36.734165658055623],[138.42050539223783,36.734207318013858],[138.42050539227557,36.734248987972279],[138.42044289223699,36.734248987972279],[138.42044289219908,36.734207318013858],[138.42044289216113,36.734165658055623],[138.42050539220006,36.734165658055623]]]},"properties":{"FID":317,"A31_201":"8404030649","A31_202":"角間川","A31_203":20,"A31_204":"長野県","A31_205":1,"A31_206":" ","A31_207":" ","A31_208":" "}},{"type":"Feature","id":318,"geometry":{"type":"Polygon","coordinates":[[[138.42181789305153,36.734207318013858],[138.42181789301662,36.734165658055623],[138.42181789298181,36.73412398809721],[138.42175539294271,36.73412398809721],[138.42175539290773,36.734082318138789],[138.42175539287274,36.734040658180639],[138.42181789291209,36.734040658180639],[138.4218178929469,36.734082318138789],[138.42188039298611,36.734082318138789],[138.42194289302529,36.734082318138789],[138.42194289305985,36.73412398809721],[138.42194289309447,36.734165658055623],[138.4220053931333,36.734165658055623],[138.42200539316778,36.734207318013858],[138.42200539320223,36.734248987972279],[138.42194289316359,36.734248987972279],[138.42194289312903,36.734207318013858],[138.42188039309028,36.734207318013858],[138.42181789305153,36.734207318013858]]]},"properties":{"FID":318,"A31_201":"8404030649","A31_202":"角間川","A31_203":20,"A31_204":"長野県","A31_205":1,"A31_206":" ","A31_207":" ","A31_208":" "}},{"type":"Feature","id":319,"geometry":{"type":"Polygon","coordinates":[[[138.41988039188945,36.734248987972279],[138.41988039192861,36.7342906579307],[138.41981789189015,36.7342906579307],[138.41981789185087,36.734248987972279],[138.41988039188945,36.734248987972279]]]},"properties":{"FID":319,"A31_201":"8404030649","A31_202":"角間川","A31_203":20,"A31_204":"長野県","A31_205":1,"A31_206":" ","A31_207":" ","A31_208":" "}},{"type":"Feature","id":320,"geometry":{"type":"Polygon","coordinates":[[[138.42181789305153,36.734207318013858],[138.42181789308634,36.734248987972279],[138.42181789312127,36.7342906579307],[138.42175539308278,36.7342906579307],[138.4217553930477,36.734248987972279],[138.42175539301269,36.734207318013858],[138.42181789305153,36.734207318013858]]]},"properties":{"FID":320,"A31_201":"8404030649","A31_202":"角間川","A31_203":20,"A31_204":"長野県","A31_205":1,"A31_206":" ","A31_207":" ","A31_208":" "}},{"type":"Feature","id":321,"geometry":{"type":"Polygon","coordinates":[[[138.42050539227557,36.734248987972279],[138.42056789231421,36.734248987972279],[138.42056789235187,36.7342906579307],[138.42056789238953,36.734332317888935],[138.42050539235115,36.734332317888935],[138.4205053923134,36.7342906579307],[138.42050539227557,36.734248987972279]]]},"properties":{"FID":321,"A31_201":"8404030649","A31_202":"角間川","A31_203":20,"A31_204":"長野県","A31_205":1,"A31_206":" ","A31_207":" ","A31_208":" "}},{"type":"Feature","id":322,"geometry":{"type":"Polygon","coordinates":[[[138.42063039246523,36.734373987847349],[138.42063039242774,36.734332317888935],[138.42069289246615,36.734332317888935],[138.42069289250344,36.734373987847349],[138.42063039246523,36.734373987847349]]]},"properties":{"FID":322,"A31_201":"8404030649","A31_202":"角間川","A31_203":20,"A31_204":"長野県","A31_205":1,"A31_206":" ","A31_207":" ","A31_208":" "}},{"type":"Feature","id":323,"geometry":{"type":"Polygon","coordinates":[[[138.42063039246523,36.734373987847349],[138.42063039250272,36.734415657805499],[138.42056789246476,36.734415657805499],[138.42056789242719,36.734373987847349],[138.42063039246523,36.734373987847349]]]},"properties":{"FID":323,"A31_201":"8404030649","A31_202":"角間川","A31_203":20,"A31_204":"長野県","A31_205":1,"A31_206":" ","A31_207":" ","A31_208":" "}},{"type":"Feature","id":324,"geometry":{"type":"Polygon","coordinates":[[[138.42163039314696,36.734457317763919],[138.42163039311168,36.734415657805499],[138.42163039307644,36.734373987847349],[138.42169289311465,36.734373987847349],[138.42169289307947,36.734332317888935],[138.42175539311776,36.734332317888935],[138.42175539315278,36.734373987847349],[138.42175539318777,36.734415657805499],[138.42169289314981,36.734415657805499],[138.42169289318491,36.734457317763919],[138.42163039314696,36.734457317763919]]]},"properties":{"FID":324,"A31_201":"8404030649","A31_202":"角間川","A31_203":20,"A31_204":"長野県","A31_205":1,"A31_206":" ","A31_207":" ","A31_208":" "}},{"type":"Feature","id":325,"geometry":{"type":"Polygon","coordinates":[[[138.42075539265329,36.734498987722333],[138.42075539269052,36.734540657680576],[138.42069289265291,36.734540657680576],[138.42069289261553,36.734498987722333],[138.42075539265329,36.734498987722333]]]},"properties":{"FID":325,"A31_201":"8404030649","A31_202":"角間川","A31_203":20,"A31_204":"長野県","A31_205":1,"A31_206":" ","A31_207":" ","A31_208":" "}},{"type":"Feature","id":326,"geometry":{"type":"Polygon","coordinates":[[[138.42163039314696,36.734457317763919],[138.42163039318231,36.734498987722333],[138.42156789314453,36.734498987722333],[138.42156789317988,36.734540657680576],[138.4215053931423,36.734540657680576],[138.42150539310668,36.734498987722333],[138.42150539307116,36.734457317763919],[138.42156789310911,36.734457317763919],[138.42163039314696,36.734457317763919]]]},"properties":{"FID":326,"A31_201":"8404030649","A31_202":"角間川","A31_203":20,"A31_204":"長野県","A31_205":1,"A31_206":" ","A31_207":" ","A31_208":" "}},{"type":"Feature","id":327,"geometry":{"type":"Polygon","coordinates":[[[138.41956789209496,36.734665657555652],[138.41956789205508,36.734623987597232],[138.41956789201529,36.734582317638996],[138.41956789197542,36.734540657680576],[138.41963039201309,36.734540657680576],[138.4196303919733,36.734498987722333],[138.41963039193359,36.734457317763919],[138.41969289197155,36.734457317763919],[138.41969289193193,36.734415657805499],[138.41975539197006,36.734415657805499],[138.41975539193061,36.734373987847349],[138.4197553918911,36.734332317888935],[138.41981789192948,36.734332317888935],[138.41981789196882,36.734373987847349],[138.4198178920081,36.734415657805499],[138.41988039204614,36.734415657805499],[138.4198803920853,36.734457317763919],[138.41994289212323,36.734457317763919],[138.42000539216119,36.734457317763919],[138.42006789219903,36.734457317763919],[138.42006789223777,36.734498987722333],[138.42006789227648,36.734540657680576],[138.42000539223898,36.734540657680576],[138.41994289220131,36.734540657680576],[138.4199428922403,36.734582317638996],[138.41994289227938,36.734623987597232],[138.41994289231837,36.734665657555652],[138.41988039228113,36.734665657555652],[138.41988039224196,36.734623987597232],[138.41981789220463,36.734623987597232],[138.4198178921653,36.734582317638996],[138.4197553921278,36.734582317638996],[138.4196928920903,36.734582317638996],[138.41969289212983,36.734623987597232],[138.4196303920925,36.734623987597232],[138.41963039213221,36.734665657555652],[138.41956789209496,36.734665657555652]],[[138.41975539208835,36.734540657680576],[138.41981789212605,36.734540657680576],[138.41988039216363,36.734540657680576],[138.41988039212447,36.734498987722333],[138.41981789208668,36.734498987722333],[138.41975539204893,36.734498987722333],[138.41975539208835,36.734540657680576]]]},"properties":{"FID":327,"A31_201":"8404030649","A31_202":"角間川","A31_203":20,"A31_204":"長野県","A31_205":1,"A31_206":" ","A31_207":" ","A31_208":" "}},{"type":"Feature","id":328,"geometry":{"type":"Polygon","coordinates":[[[138.41956789209496,36.734665657555652],[138.41956789213484,36.734707317513795],[138.41956789217471,36.734748987472216],[138.41950539213775,36.734748987472216],[138.41950539209779,36.734707317513795],[138.41950539205772,36.734665657555652],[138.41956789209496,36.734665657555652]]]},"properties":{"FID":328,"A31_201":"8404030649","A31_202":"角間川","A31_203":20,"A31_204":"長野県","A31_205":1,"A31_206":" ","A31_207":" ","A31_208":" "}},{"type":"Feature","id":329,"geometry":{"type":"Polygon","coordinates":[[[138.41925539194946,36.734707317513795],[138.41931789198654,36.734707317513795],[138.41931789202704,36.734748987472216],[138.41931789206745,36.734790657430636],[138.41925539203066,36.734790657430636],[138.41919289199376,36.734790657430636],[138.41919289195309,36.734748987472216],[138.41913039191613,36.734748987472216],[138.41913039187526,36.734707317513795],[138.41919289191242,36.734707317513795],[138.41919289187166,36.734665657555652],[138.41925539190896,36.734665657555652],[138.41925539194946,36.734707317513795]]]},"properties":{"FID":329,"A31_201":"8404030649","A31_202":"角間川","A31_203":20,"A31_204":"長野県","A31_205":1,"A31_206":" ","A31_207":" ","A31_208":" "}},{"type":"Feature","id":330,"geometry":{"type":"Polygon","coordinates":[[[138.4191303920386,36.734873987347285],[138.41919289207513,36.734873987347285],[138.41925539211175,36.734873987347285],[138.41931789214826,36.734873987347285],[138.41931789218867,36.734915657305706],[138.41938039222504,36.734915657305706],[138.41938039226534,36.734957317263948],[138.41931789222909,36.734957317263948],[138.41925539219284,36.734957317263948],[138.41925539215225,36.734915657305706],[138.41919289211589,36.734915657305706],[138.41913039207947,36.734915657305706],[138.4190678920431,36.734915657305706],[138.41906789200209,36.734873987347285],[138.4191303920386,36.734873987347285]]]},"properties":{"FID":330,"A31_201":"8404030649","A31_202":"角間川","A31_203":20,"A31_204":"長野県","A31_205":1,"A31_206":" ","A31_207":" ","A31_208":" "}},{"type":"Feature","id":331,"geometry":{"type":"Polygon","coordinates":[[[138.41950539229779,36.734915657305706],[138.41950539233778,36.734957317263948],[138.41944289230162,36.734957317263948],[138.41944289226146,36.734915657305706],[138.41950539229779,36.734915657305706]]]},"properties":{"FID":331,"A31_201":"8404030649","A31_202":"角間川","A31_203":20,"A31_204":"長野県","A31_205":1,"A31_206":" ","A31_207":" ","A31_208":" "}},{"type":"Feature","id":332,"geometry":{"type":"Polygon","coordinates":[[[138.41906789212501,36.734998987222362],[138.41900539208882,36.734998987222362],[138.41894289205277,36.734998987222362],[138.41888039201677,36.734998987222362],[138.41881789198061,36.734998987222362],[138.41881789193911,36.734957317263948],[138.41888039197536,36.734957317263948],[138.41888039193398,36.734915657305706],[138.4188803918926,36.734873987347285],[138.41894289192902,36.734873987347285],[138.41894289197023,36.734915657305706],[138.41894289201156,36.734957317263948],[138.41900539204781,36.734957317263948],[138.41906789208406,36.734957317263948],[138.41906789212501,36.734998987222362]]]},"properties":{"FID":332,"A31_201":"8404030649","A31_202":"角間川","A31_203":20,"A31_204":"長野県","A31_205":1,"A31_206":" ","A31_207":" ","A31_208":" "}},{"type":"Feature","id":333,"geometry":{"type":"Polygon","coordinates":[[[138.41906789212501,36.734998987222362],[138.41913039216109,36.734998987222362],[138.41913039220194,36.735040657180512],[138.41906789216603,36.735040657180512],[138.41906789212501,36.734998987222362]]]},"properties":{"FID":333,"A31_201":"8404030649","A31_202":"角間川","A31_203":20,"A31_204":"長野県","A31_205":1,"A31_206":" ","A31_207":" ","A31_208":" "}},{"type":"Feature","id":334,"geometry":{"type":"Polygon","coordinates":[[[138.42063039302772,36.734998987222362],[138.42063039306527,36.735040657180512],[138.42056789302939,36.735040657180512],[138.42056789299173,36.734998987222362],[138.42063039302772,36.734998987222362]]]},"properties":{"FID":334,"A31_201":"8404030649","A31_202":"角間川","A31_203":20,"A31_204":"長野県","A31_205":1,"A31_206":" ","A31_207":" ","A31_208":" "}},{"type":"Feature","id":335,"geometry":{"type":"Polygon","coordinates":[[[138.41906789216603,36.735040657180512],[138.41906789220698,36.735082317138932],[138.41900539217107,36.735082317138932],[138.41900539213003,36.735040657180512],[138.41906789216603,36.735040657180512]]]},"properties":{"FID":335,"A31_201":"8404030649","A31_202":"角間川","A31_203":20,"A31_204":"長野県","A31_205":1,"A31_206":" ","A31_207":" ","A31_208":" "}},{"type":"Feature","id":336,"geometry":{"type":"Polygon","coordinates":[[[138.41894289217649,36.735123987097168],[138.41888039214092,36.735123987097168],[138.41888039209954,36.735082317138932],[138.41894289213528,36.735082317138932],[138.41894289217649,36.735123987097168]]]},"properties":{"FID":336,"A31_201":"8404030649","A31_202":"角間川","A31_203":20,"A31_204":"長野県","A31_205":1,"A31_206":" ","A31_207":" ","A31_208":" "}},{"type":"Feature","id":337,"geometry":{"type":"Polygon","coordinates":[[[138.41906789220698,36.735082317138932],[138.41913039224281,36.735082317138932],[138.41913039228365,36.735123987097168],[138.41906789224794,36.735123987097168],[138.41906789220698,36.735082317138932]]]},"properties":{"FID":337,"A31_201":"8404030649","A31_202":"角間川","A31_203":20,"A31_204":"長野県","A31_205":1,"A31_206":" ","A31_207":" ","A31_208":" "}},{"type":"Feature","id":338,"geometry":{"type":"Polygon","coordinates":[[[138.41931789235034,36.735082317138932],[138.41931789239072,36.735123987097168],[138.41925539235501,36.735123987097168],[138.4191928923193,36.735123987097168],[138.4191928922786,36.735082317138932],[138.41925539231451,36.735082317138932],[138.41925539227393,36.735040657180512],[138.41931789230992,36.735040657180512],[138.41931789235034,36.735082317138932]]]},"properties":{"FID":338,"A31_201":"8404030649","A31_202":"角間川","A31_203":20,"A31_204":"長野県","A31_205":1,"A31_206":" ","A31_207":" ","A31_208":" "}},{"type":"Feature","id":339,"geometry":{"type":"Polygon","coordinates":[[[138.41906789224794,36.735123987097168],[138.41906789228887,36.735165657055589],[138.41900539225333,36.735165657055589],[138.41894289221779,36.735165657055589],[138.41894289217649,36.735123987097168],[138.4190053922122,36.735123987097168],[138.41906789224794,36.735123987097168]]]},"properties":{"FID":339,"A31_201":"8404030649","A31_202":"角間川","A31_203":20,"A31_204":"長野県","A31_205":1,"A31_206":" ","A31_207":" ","A31_208":" "}},{"type":"Feature","id":340,"geometry":{"type":"Polygon","coordinates":[[[138.42263039428255,36.735123987097168],[138.42269289431826,36.735123987097168],[138.42269289435114,36.735165657055589],[138.42263039431558,36.735165657055589],[138.42263039428255,36.735123987097168]]]},"properties":{"FID":340,"A31_201":"8404030649","A31_202":"角間川","A31_203":20,"A31_204":"長野県","A31_205":1,"A31_206":" ","A31_207":" ","A31_208":" "}},{"type":"Feature","id":341,"geometry":{"type":"Polygon","coordinates":[[[138.41881789214676,36.735165657055589],[138.41881789218826,36.735207317013824],[138.4187553921528,36.735207317013824],[138.41875539211114,36.735165657055589],[138.41881789214676,36.735165657055589]]]},"properties":{"FID":341,"A31_201":"8404030649","A31_202":"角間川","A31_203":20,"A31_204":"長野県","A31_205":1,"A31_206":" ","A31_207":" ","A31_208":" "}},{"type":"Feature","id":342,"geometry":{"type":"Polygon","coordinates":[[[138.41919289240073,36.735207317013824],[138.41925539243618,36.735207317013824],[138.41925539247669,36.735248986972238],[138.4191928924414,36.735248986972238],[138.41913039240615,36.735248986972238],[138.41913039236528,36.735207317013824],[138.41919289240073,36.735207317013824]]]},"properties":{"FID":342,"A31_201":"8404030649","A31_202":"角間川","A31_203":20,"A31_204":"長野県","A31_205":1,"A31_206":" ","A31_207":" ","A31_208":" "}},{"type":"Feature","id":343,"geometry":{"type":"Polygon","coordinates":[[[138.42019289296735,36.735207317013824],[138.4202553930028,36.735207317013824],[138.42025539304117,36.735248986972238],[138.42019289300589,36.735248986972238],[138.42013039297052,36.735248986972238],[138.42013039293198,36.735207317013824],[138.42019289296735,36.735207317013824]]]},"properties":{"FID":343,"A31_201":"8404030649","A31_202":"角間川","A31_203":20,"A31_204":"長野県","A31_205":1,"A31_206":" ","A31_207":" ","A31_208":" "}},{"type":"Feature","id":344,"geometry":{"type":"Polygon","coordinates":[[[138.42256789434646,36.735248986972238],[138.42256789431326,36.735207317013824],[138.42263039434863,36.735207317013824],[138.42263039438174,36.735248986972238],[138.42256789434646,36.735248986972238]]]},"properties":{"FID":344,"A31_201":"8404030649","A31_202":"角間川","A31_203":20,"A31_204":"長野県","A31_205":1,"A31_206":" ","A31_207":" ","A31_208":" "}},{"type":"Feature","id":345,"geometry":{"type":"Polygon","coordinates":[[[138.42200539402896,36.735248986972238],[138.4220053940634,36.735290656930658],[138.42194289402821,36.735290656930658],[138.42194289399367,36.735248986972238],[138.42200539402896,36.735248986972238]]]},"properties":{"FID":345,"A31_201":"8404030649","A31_202":"角間川","A31_203":20,"A31_204":"長野県","A31_205":1,"A31_206":" ","A31_207":" ","A31_208":" "}},{"type":"Feature","id":346,"geometry":{"type":"Polygon","coordinates":[[[138.42213039413372,36.735290656930658],[138.42206789409852,36.735290656930658],[138.42206789406424,36.735248986972238],[138.42206789402994,36.735207317013824],[138.42206789399557,36.735165657055589],[138.4220678939613,36.735123987097168],[138.42213039399701,36.735123987097168],[138.4221303940312,36.735165657055589],[138.42213039406531,36.735207317013824],[138.4221303940995,36.735248986972238],[138.42213039413372,36.735290656930658]]]},"properties":{"FID":346,"A31_201":"8404030649","A31_202":"角間川","A31_203":20,"A31_204":"長野県","A31_205":1,"A31_206":" ","A31_207":" ","A31_208":" "}},{"type":"Feature","id":347,"geometry":{"type":"Polygon","coordinates":[[[138.4185053920956,36.735290656930658],[138.4185053921378,36.735332316888901],[138.41844289210277,36.735332316888901],[138.4184428920604,36.735290656930658],[138.4185053920956,36.735290656930658]]]},"properties":{"FID":347,"A31_201":"8404030649","A31_202":"角間川","A31_203":20,"A31_204":"長野県","A31_205":1,"A31_206":" ","A31_207":" ","A31_208":" "}},{"type":"Feature","id":348,"geometry":{"type":"Polygon","coordinates":[[[138.42213039413372,36.735290656930658],[138.4221928941688,36.735290656930658],[138.422255394204,36.735290656930658],[138.422317894239,36.735290656930658],[138.4223803942742,36.735290656930658],[138.42238039430777,36.735332316888901],[138.42231789427277,36.735332316888901],[138.42225539423782,36.735332316888901],[138.42219289420282,36.735332316888901],[138.42213039416782,36.735332316888901],[138.42213039413372,36.735290656930658]]]},"properties":{"FID":348,"A31_201":"8404030649","A31_202":"角間川","A31_203":20,"A31_204":"長野県","A31_205":1,"A31_206":" ","A31_207":" ","A31_208":" "}},{"type":"Feature","id":349,"geometry":{"type":"Polygon","coordinates":[[[138.42256789434646,36.735248986972238],[138.4225678943796,36.735290656930658],[138.4226303944148,36.735290656930658],[138.42269289444988,36.735290656930658],[138.42275539448508,36.735290656930658],[138.42281789452019,36.735290656930658],[138.42288039455531,36.735290656930658],[138.42294289459039,36.735290656930658],[138.42294289462282,36.735332316888901],[138.42288039458779,36.735332316888901],[138.42281789455288,36.735332316888901],[138.42275539451785,36.735332316888901],[138.42269289448285,36.735332316888901],[138.42263039444782,36.735332316888901],[138.42256789441282,36.735332316888901],[138.42250539437779,36.735332316888901],[138.42244289434279,36.735332316888901],[138.42244289430931,36.735290656930658],[138.42244289427583,36.735248986972238],[138.42238039424055,36.735248986972238],[138.42238039420698,36.735207317013824],[138.42244289424235,36.735207317013824],[138.42244289420893,36.735165657055589],[138.4223803941733,36.735165657055589],[138.42238039413974,36.735123987097168],[138.42238039410609,36.735082317138932],[138.42238039407249,36.735040657180512],[138.42238039403892,36.734998987222362],[138.422442894075,36.734998987222362],[138.42244289404152,36.734957317263948],[138.42250539407777,36.734957317263948],[138.42250539411117,36.734998987222362],[138.42256789414725,36.734998987222362],[138.42256789418047,36.735040657180512],[138.42263039421647,36.735040657180512],[138.4226303942495,36.735082317138932],[138.42263039428255,36.735123987097168],[138.42256789424681,36.735123987097168],[138.42256789421361,36.735082317138932],[138.42250539417779,36.735082317138932],[138.4225053942111,36.735123987097168],[138.4225053942445,36.735165657055589],[138.42250539427781,36.735207317013824],[138.42250539431109,36.735248986972238],[138.42256789434646,36.735248986972238]]]},"properties":{"FID":349,"A31_201":"8404030649","A31_202":"角間川","A31_203":20,"A31_204":"長野県","A31_205":1,"A31_206":" ","A31_207":" ","A31_208":" "}},{"type":"Feature","id":350,"geometry":{"type":"Polygon","coordinates":[[[138.41831789207555,36.735373986847222],[138.41831789203283,36.735332316888901],[138.41838039206777,36.735332316888901],[138.41838039211029,36.735373986847222],[138.41831789207555,36.735373986847222]]]},"properties":{"FID":350,"A31_201":"8404030649","A31_202":"角間川","A31_203":20,"A31_204":"長野県","A31_205":1,"A31_206":" ","A31_207":" ","A31_208":" "}},{"type":"Feature","id":351,"geometry":{"type":"Polygon","coordinates":[[[138.41831789207555,36.735373986847222],[138.41831789211818,36.735415656805642],[138.41825539208344,36.735415656805642],[138.41825539204063,36.735373986847222],[138.41831789207555,36.735373986847222]]]},"properties":{"FID":351,"A31_201":"8404030649","A31_202":"角間川","A31_203":20,"A31_204":"長野県","A31_205":1,"A31_206":" ","A31_207":" ","A31_208":" "}},{"type":"Feature","id":352,"geometry":{"type":"Polygon","coordinates":[[[138.41819289204869,36.735415656805642],[138.41819289209161,36.735457316763885],[138.41813039205704,36.735457316763885],[138.41813039201395,36.735415656805642],[138.41819289204869,36.735415656805642]]]},"properties":{"FID":352,"A31_201":"8404030649","A31_202":"角間川","A31_203":20,"A31_204":"長野県","A31_205":1,"A31_206":" ","A31_207":" ","A31_208":" "}},{"type":"Feature","id":353,"geometry":{"type":"Polygon","coordinates":[[[138.41938039270838,36.735415656805642],[138.41938039274868,36.735457316763885],[138.41931789271413,36.735457316763885],[138.41925539267947,36.735457316763885],[138.4191928926449,36.735457316763885],[138.4191928926042,36.735415656805642],[138.41925539263897,36.735415656805642],[138.41931789267372,36.735415656805642],[138.4193178926333,36.735373986847222],[138.41938039266813,36.735373986847222],[138.41938039270838,36.735415656805642]]]},"properties":{"FID":353,"A31_201":"8404030649","A31_202":"角間川","A31_203":20,"A31_204":"長野県","A31_205":1,"A31_206":" ","A31_207":" ","A31_208":" "}},{"type":"Feature","id":354,"geometry":{"type":"Polygon","coordinates":[[[138.4180053919878,36.735457316763885],[138.41800539203115,36.735498986722298],[138.41794289199666,36.735498986722298],[138.41794289195323,36.735457316763885],[138.4180053919878,36.735457316763885]]]},"properties":{"FID":354,"A31_201":"8404030649","A31_202":"角間川","A31_203":20,"A31_204":"長野県","A31_205":1,"A31_206":" ","A31_207":" ","A31_208":" "}},{"type":"Feature","id":355,"geometry":{"type":"Polygon","coordinates":[[[138.41769289185899,36.735498986722298],[138.41769289190304,36.735540656680541],[138.41763039186867,36.735540656680541],[138.41763039182453,36.735498986722298],[138.41769289185899,36.735498986722298]]]},"properties":{"FID":355,"A31_201":"8404030649","A31_202":"角間川","A31_203":20,"A31_204":"長野県","A31_205":1,"A31_206":" ","A31_207":" ","A31_208":" "}},{"type":"Feature","id":356,"geometry":{"type":"Polygon","coordinates":[[[138.41944289286354,36.735540656680541],[138.41938039282925,36.735540656680541],[138.41938039278901,36.735498986722298],[138.41944289282341,36.735498986722298],[138.41944289286354,36.735540656680541]]]},"properties":{"FID":356,"A31_201":"8404030649","A31_202":"角間川","A31_203":20,"A31_204":"長野県","A31_205":1,"A31_206":" ","A31_207":" ","A31_208":" "}},{"type":"Feature","id":357,"geometry":{"type":"Polygon","coordinates":[[[138.41744289194409,36.735707316513938],[138.4174428918995,36.735665656555526],[138.41744289185493,36.735623986597375],[138.41750539188897,36.735623986597375],[138.41750539193336,36.735665656555526],[138.41750539197778,36.735707316513938],[138.41744289194409,36.735707316513938]]]},"properties":{"FID":357,"A31_201":"8404030649","A31_202":"角間川","A31_203":20,"A31_204":"長野県","A31_205":1,"A31_206":" ","A31_207":" ","A31_208":" "}},{"type":"Feature","id":358,"geometry":{"type":"Polygon","coordinates":[[[138.41944289286354,36.735540656680541],[138.41950539289778,36.735540656680541],[138.41956789293206,36.735540656680541],[138.41956789289219,36.735498986722298],[138.4195678928524,36.735457316763885],[138.41956789281252,36.735415656805642],[138.41963039284727,36.735415656805642],[138.41963039280748,36.735373986847222],[138.41956789277265,36.735373986847222],[138.41956789273277,36.735332316888901],[138.4195678926929,36.735290656930658],[138.41963039272807,36.735290656930658],[138.41963039268836,36.735248986972238],[138.41969289272365,36.735248986972238],[138.41969289276327,36.735290656930658],[138.4196928928028,36.735332316888901],[138.41969289284242,36.735373986847222],[138.41969289288201,36.735415656805642],[138.41969289292155,36.735457316763885],[138.41975539295612,36.735457316763885],[138.41981789299078,36.735457316763885],[138.41988039302535,36.735457316763885],[138.41988039306452,36.735498986722298],[138.41981789303003,36.735498986722298],[138.41981789306936,36.735540656680541],[138.41975539303508,36.735540656680541],[138.4197553930745,36.735582316638954],[138.41969289304029,36.735582316638954],[138.41969289307991,36.735623986597375],[138.41963039304588,36.735623986597375],[138.41963039308558,36.735665656555526],[138.41963039312526,36.735707316513938],[138.41956789309151,36.735707316513938],[138.41950539305773,36.735707316513938],[138.41950539301777,36.735665656555526],[138.41944289298399,36.735665656555526],[138.41944289294383,36.735623986597375],[138.4194428929037,36.735582316638954],[138.41944289286354,36.735540656680541]]]},"properties":{"FID":358,"A31_201":"8404030649","A31_202":"角間川","A31_203":20,"A31_204":"長野県","A31_205":1,"A31_206":" ","A31_207":" ","A31_208":" "}},{"type":"Feature","id":359,"geometry":{"type":"Polygon","coordinates":[[[138.41744289194409,36.735707316513938],[138.41744289198869,36.735748986472174],[138.41738039195499,36.735748986472174],[138.41738039191034,36.735707316513938],[138.41744289194409,36.735707316513938]]]},"properties":{"FID":359,"A31_201":"8404030649","A31_202":"角間川","A31_203":20,"A31_204":"長野県","A31_205":1,"A31_206":" ","A31_207":" ","A31_208":" "}},{"type":"Feature","id":360,"geometry":{"type":"Polygon","coordinates":[[[138.41744289198869,36.735748986472174],[138.41750539202229,36.735748986472174],[138.41750539206669,36.735790656430595],[138.41744289203328,36.735790656430595],[138.41744289198869,36.735748986472174]]]},"properties":{"FID":360,"A31_201":"8404030649","A31_202":"角間川","A31_203":20,"A31_204":"長野県","A31_205":1,"A31_206":" ","A31_207":" ","A31_208":" "}},{"type":"Feature","id":361,"geometry":{"type":"Polygon","coordinates":[[[138.41663039164453,36.735832316388837],[138.41663039169097,36.735873986347251],[138.41656789165773,36.735873986347251],[138.41656789161121,36.735832316388837],[138.41663039164453,36.735832316388837]]]},"properties":{"FID":361,"A31_201":"8404030649","A31_202":"角間川","A31_203":20,"A31_204":"長野県","A31_205":1,"A31_206":" ","A31_207":" ","A31_208":" "}},{"type":"Feature","id":362,"geometry":{"type":"Polygon","coordinates":[[[138.41925539312558,36.735915656305664],[138.41925539308511,36.735873986347251],[138.41925539304449,36.735832316388837],[138.41931789307785,36.735832316388837],[138.41931789311823,36.735873986347251],[138.41931789315873,36.735915656305664],[138.41925539312558,36.735915656305664]]]},"properties":{"FID":362,"A31_201":"8404030649","A31_202":"角間川","A31_203":20,"A31_204":"長野県","A31_205":1,"A31_206":" ","A31_207":" ","A31_208":" "}},{"type":"Feature","id":363,"geometry":{"type":"Polygon","coordinates":[[[138.41925539312558,36.735915656305664],[138.4192553931662,36.735957316263907],[138.41919289313321,36.735957316263907],[138.41919289309254,36.735915656305664],[138.41925539312558,36.735915656305664]]]},"properties":{"FID":363,"A31_201":"8404030649","A31_202":"角間川","A31_203":20,"A31_204":"長野県","A31_205":1,"A31_206":" ","A31_207":" ","A31_208":" "}},{"type":"Feature","id":364,"geometry":{"type":"Polygon","coordinates":[[[138.41631789161903,36.735957316263907],[138.41631789166618,36.735998986222235],[138.4162553916334,36.735998986222235],[138.41625539158613,36.735957316263907],[138.41631789161903,36.735957316263907]]]},"properties":{"FID":364,"A31_201":"8404030649","A31_202":"角間川","A31_203":20,"A31_204":"長野県","A31_205":1,"A31_206":" ","A31_207":" ","A31_208":" "}},{"type":"Feature","id":365,"geometry":{"type":"Polygon","coordinates":[[[138.41913039314119,36.735998986222235],[138.41913039318206,36.736040656180649],[138.41906789314933,36.736040656180649],[138.41906789310841,36.735998986222235],[138.41913039314119,36.735998986222235]]]},"properties":{"FID":365,"A31_201":"8404030649","A31_202":"角間川","A31_203":20,"A31_204":"長野県","A31_205":1,"A31_206":" ","A31_207":" ","A31_208":" "}},{"type":"Feature","id":366,"geometry":{"type":"Polygon","coordinates":[[[138.41613039161533,36.736040656180649],[138.41613039166276,36.736082316138891],[138.41606789163041,36.736082316138891],[138.41606789158271,36.736040656180649],[138.41613039161533,36.736040656180649]]]},"properties":{"FID":366,"A31_201":"8404030649","A31_202":"角間川","A31_203":20,"A31_204":"長野県","A31_205":1,"A31_206":" ","A31_207":" ","A31_208":" "}},{"type":"Feature","id":367,"geometry":{"type":"Polygon","coordinates":[[[138.41900539319889,36.736123986097311],[138.41900539315776,36.736082316138891],[138.41906789319029,36.736082316138891],[138.41906789323122,36.736123986097311],[138.41900539319889,36.736123986097311]]]},"properties":{"FID":367,"A31_201":"8404030649","A31_202":"角間川","A31_203":20,"A31_204":"長野県","A31_205":1,"A31_206":" ","A31_207":" ","A31_208":" "}},{"type":"Feature","id":368,"geometry":{"type":"Polygon","coordinates":[[[138.4159428916133,36.736123986097311],[138.41594289166119,36.736165656055547],[138.415880391629,36.736165656055547],[138.41588039158086,36.736123986097311],[138.4159428916133,36.736123986097311]]]},"properties":{"FID":368,"A31_201":"8404030649","A31_202":"角間川","A31_203":20,"A31_204":"長野県","A31_205":1,"A31_206":" ","A31_207":" ","A31_208":" "}},{"type":"Feature","id":369,"geometry":{"type":"Polygon","coordinates":[[[138.41900539319889,36.736123986097311],[138.41900539324001,36.736165656055547],[138.41894289320783,36.736165656055547],[138.41894289324904,36.73620731601396],[138.41888039321705,36.73620731601396],[138.41888039325843,36.736248985972203],[138.41881789322653,36.736248985972203],[138.41881789318495,36.73620731601396],[138.41875539315288,36.73620731601396],[138.41875539311121,36.736165656055547],[138.4188178931434,36.736165656055547],[138.41888039317567,36.736165656055547],[138.41888039313426,36.736123986097311],[138.41894289316653,36.736123986097311],[138.41900539319889,36.736123986097311]]]},"properties":{"FID":369,"A31_201":"8404030649","A31_202":"角間川","A31_203":20,"A31_204":"長野県","A31_205":1,"A31_206":" ","A31_207":" ","A31_208":" "}},{"type":"Feature","id":370,"geometry":{"type":"Polygon","coordinates":[[[138.41569289167771,36.736290655930617],[138.41569289162922,36.736248985972203],[138.41575539166112,36.736248985972203],[138.41575539170952,36.736290655930617],[138.41569289167771,36.736290655930617]]]},"properties":{"FID":370,"A31_201":"8404030649","A31_202":"角間川","A31_203":20,"A31_204":"長野県","A31_205":1,"A31_206":" ","A31_207":" ","A31_208":" "}},{"type":"Feature","id":371,"geometry":{"type":"Polygon","coordinates":[[[138.41881789322653,36.736248985972203],[138.418817893268,36.736290655930617],[138.41875539323618,36.736290655930617],[138.41869289320437,36.736290655930617],[138.41869289316253,36.736248985972203],[138.41875539319454,36.736248985972203],[138.41881789322653,36.736248985972203]]]},"properties":{"FID":371,"A31_201":"8404030649","A31_202":"角間川","A31_203":20,"A31_204":"長野県","A31_205":1,"A31_206":" ","A31_207":" ","A31_208":" "}},{"type":"Feature","id":372,"geometry":{"type":"Polygon","coordinates":[[[138.41569289167771,36.736290655930617],[138.41569289172611,36.736332315888774],[138.41563039169449,36.736332315888774],[138.41563039164589,36.736290655930617],[138.41569289167771,36.736290655930617]]]},"properties":{"FID":372,"A31_201":"8404030649","A31_202":"角間川","A31_203":20,"A31_204":"長野県","A31_205":1,"A31_206":" ","A31_207":" ","A31_208":" "}},{"type":"Feature","id":373,"geometry":{"type":"Polygon","coordinates":[[[138.41869289320437,36.736290655930617],[138.4186928932462,36.736332315888774],[138.41869289328795,36.736373985847187],[138.41863039325648,36.736373985847187],[138.41863039329843,36.736415655805601],[138.41856789326704,36.736415655805601],[138.41856789330905,36.736457315763928],[138.41850539327785,36.736457315763928],[138.41850539323559,36.736415655805601],[138.4184428932042,36.736415655805601],[138.41844289316185,36.736373985847187],[138.41850539319339,36.736373985847187],[138.41856789322495,36.736373985847187],[138.41856789318285,36.736332315888774],[138.41863039321447,36.736332315888774],[138.41863039317255,36.736290655930617],[138.41869289320437,36.736290655930617]]]},"properties":{"FID":373,"A31_201":"8404030649","A31_202":"角間川","A31_203":20,"A31_204":"長野県","A31_205":1,"A31_206":" ","A31_207":" ","A31_208":" "}},{"type":"Feature","id":374,"geometry":{"type":"Polygon","coordinates":[[[138.41525539165281,36.736457315763928],[138.41525539170226,36.736498985722264],[138.41519289167115,36.736498985722264],[138.41519289162159,36.736457315763928],[138.41525539165281,36.736457315763928]]]},"properties":{"FID":374,"A31_201":"8404030649","A31_202":"角間川","A31_203":20,"A31_204":"長野県","A31_205":1,"A31_206":" ","A31_207":" ","A31_208":" "}},{"type":"Feature","id":375,"geometry":{"type":"Polygon","coordinates":[[[138.4156928918716,36.736457315763928],[138.41569289192,36.736498985722264],[138.4156303918889,36.736498985722264],[138.41563039184032,36.736457315763928],[138.4156928918716,36.736457315763928]]]},"properties":{"FID":375,"A31_201":"8404030649","A31_202":"角間川","A31_203":20,"A31_204":"長野県","A31_205":1,"A31_206":" ","A31_207":" ","A31_208":" "}},{"type":"Feature","id":376,"geometry":{"type":"Polygon","coordinates":[[[138.41838039325785,36.736498985722264],[138.41838039330028,36.736540655680678],[138.41831789326946,36.736540655680678],[138.41825539323844,36.736540655680678],[138.41825539319564,36.736498985722264],[138.41831789322674,36.736498985722264],[138.41831789318411,36.736457315763928],[138.4183803932153,36.736457315763928],[138.41838039325785,36.736498985722264]]]},"properties":{"FID":376,"A31_201":"8404030649","A31_202":"角間川","A31_203":20,"A31_204":"長野県","A31_205":1,"A31_206":" ","A31_207":" ","A31_208":" "}},{"type":"Feature","id":377,"geometry":{"type":"Polygon","coordinates":[[[138.41494289164709,36.736582315638913],[138.41494289169719,36.736623985597333],[138.41488039166654,36.736623985597333],[138.41488039161618,36.736582315638913],[138.41494289164709,36.736582315638913]]]},"properties":{"FID":377,"A31_201":"8404030649","A31_202":"角間川","A31_203":20,"A31_204":"長野県","A31_205":1,"A31_206":" ","A31_207":" ","A31_208":" "}},{"type":"Feature","id":378,"geometry":{"type":"Polygon","coordinates":[[[138.41481789163578,36.736623985597333],[138.41481789168623,36.736665655555484],[138.41475539165566,36.736665655555484],[138.41475539160501,36.736623985597333],[138.41481789163578,36.736623985597333]]]},"properties":{"FID":378,"A31_201":"8404030649","A31_202":"角間川","A31_203":20,"A31_204":"長野県","A31_205":1,"A31_206":" ","A31_207":" ","A31_208":" "}},{"type":"Feature","id":379,"geometry":{"type":"Polygon","coordinates":[[[138.41806789327507,36.736665655555484],[138.41806789323189,36.736623985597333],[138.41813039326254,36.736623985597333],[138.41813039330563,36.736665655555484],[138.41806789327507,36.736665655555484]]]},"properties":{"FID":379,"A31_201":"8404030649","A31_202":"角間川","A31_203":20,"A31_204":"長野県","A31_205":1,"A31_206":" ","A31_207":" ","A31_208":" "}},{"type":"Feature","id":380,"geometry":{"type":"Polygon","coordinates":[[[138.41806789327507,36.736665655555484],[138.41806789331832,36.736707315513989],[138.41800539328781,36.736707315513989],[138.41800539333116,36.736748985472317],[138.41794289330085,36.736748985472317],[138.41794289325742,36.736707315513989],[138.41788039322694,36.736707315513989],[138.41788039318334,36.736665655555484],[138.4179428932139,36.736665655555484],[138.41800539324447,36.736665655555484],[138.41806789327507,36.736665655555484]]]},"properties":{"FID":380,"A31_201":"8404030649","A31_202":"角間川","A31_203":20,"A31_204":"長野県","A31_205":1,"A31_206":" ","A31_207":" ","A31_208":" "}},{"type":"Feature","id":381,"geometry":{"type":"Polygon","coordinates":[[[138.41594289223619,36.736665655555484],[138.41594289228414,36.736707315513989],[138.41594289233203,36.736748985472317],[138.41594289237997,36.736790655430553],[138.41588039234978,36.736790655430553],[138.41588039230172,36.736748985472317],[138.41588039225365,36.736707315513989],[138.41588039220562,36.736665655555484],[138.41594289223619,36.736665655555484]]]},"properties":{"FID":381,"A31_201":"8404030649","A31_202":"角間川","A31_203":20,"A31_204":"長野県","A31_205":1,"A31_206":" ","A31_207":" ","A31_208":" "}},{"type":"Feature","id":382,"geometry":{"type":"Polygon","coordinates":[[[138.417755393254,36.736790655430553],[138.41775539321011,36.736748985472317],[138.41781789324034,36.736748985472317],[138.41781789328402,36.736790655430553],[138.417755393254,36.736790655430553]]]},"properties":{"FID":382,"A31_201":"8404030649","A31_202":"角間川","A31_203":20,"A31_204":"長野県","A31_205":1,"A31_206":" ","A31_207":" ","A31_208":" "}},{"type":"Feature","id":383,"geometry":{"type":"Polygon","coordinates":[[[138.41456789176777,36.736832315388973],[138.41456789171687,36.736790655430553],[138.41463039174701,36.736790655430553],[138.4146303917978,36.736832315388973],[138.41456789176777,36.736832315388973]]]},"properties":{"FID":383,"A31_201":"8404030649","A31_202":"角間川","A31_203":20,"A31_204":"長野県","A31_205":1,"A31_206":" ","A31_207":" ","A31_208":" "}},{"type":"Feature","id":384,"geometry":{"type":"Polygon","coordinates":[[[138.417755393254,36.736790655430553],[138.41775539329788,36.736832315388973],[138.41769289326791,36.736832315388973],[138.41769289322386,36.736790655430553],[138.417755393254,36.736790655430553]]]},"properties":{"FID":384,"A31_201":"8404030649","A31_202":"角間川","A31_203":20,"A31_204":"長野県","A31_205":1,"A31_206":" ","A31_207":" ","A31_208":" "}},{"type":"Feature","id":385,"geometry":{"type":"Polygon","coordinates":[[[138.41781789328402,36.736790655430553],[138.41788039331416,36.736790655430553],[138.41788039335785,36.736832315388973],[138.41781789332782,36.736832315388973],[138.41781789328402,36.736790655430553]]]},"properties":{"FID":385,"A31_201":"8404030649","A31_202":"角間川","A31_203":20,"A31_204":"長野県","A31_205":1,"A31_206":" ","A31_207":" ","A31_208":" "}},{"type":"Feature","id":386,"geometry":{"type":"Polygon","coordinates":[[[138.41456789176777,36.736832315388973],[138.41456789181876,36.736873985347216],[138.41450539178888,36.736873985347216],[138.4145053917378,36.736832315388973],[138.41456789176777,36.736832315388973]]]},"properties":{"FID":386,"A31_201":"8404030649","A31_202":"角間川","A31_203":20,"A31_204":"長野県","A31_205":1,"A31_206":" ","A31_207":" ","A31_208":" "}},{"type":"Feature","id":387,"geometry":{"type":"Polygon","coordinates":[[[138.41750539322229,36.736873985347216],[138.41750539317781,36.736832315388973],[138.41756789320783,36.736832315388973],[138.41756789325217,36.736873985347216],[138.41750539322229,36.736873985347216]]]},"properties":{"FID":387,"A31_201":"8404030649","A31_202":"角間川","A31_203":20,"A31_204":"長野県","A31_205":1,"A31_206":" ","A31_207":" ","A31_208":" "}},{"type":"Feature","id":388,"geometry":{"type":"Polygon","coordinates":[[[138.41769289326791,36.736832315388973],[138.41769289331188,36.736873985347216],[138.41763039328202,36.736873985347216],[138.41763039323789,36.736832315388973],[138.41769289326791,36.736832315388973]]]},"properties":{"FID":388,"A31_201":"8404030649","A31_202":"角間川","A31_203":20,"A31_204":"長野県","A31_205":1,"A31_206":" ","A31_207":" ","A31_208":" "}},{"type":"Feature","id":389,"geometry":{"type":"Polygon","coordinates":[[[138.41750539322229,36.736873985347216],[138.41750539326671,36.73691565530563],[138.41744289323702,36.73691565530563],[138.41744289319243,36.736873985347216],[138.41750539322229,36.736873985347216]]]},"properties":{"FID":389,"A31_201":"8404030649","A31_202":"角間川","A31_203":20,"A31_204":"長野県","A31_205":1,"A31_206":" ","A31_207":" ","A31_208":" "}},{"type":"Feature","id":390,"geometry":{"type":"Polygon","coordinates":[[[138.41763039328202,36.736873985347216],[138.41763039332625,36.73691565530563],[138.41756789329648,36.73691565530563],[138.41756789325217,36.736873985347216],[138.41763039328202,36.736873985347216]]]},"properties":{"FID":390,"A31_201":"8404030649","A31_202":"角間川","A31_203":20,"A31_204":"長野県","A31_205":1,"A31_206":" ","A31_207":" ","A31_208":" "}},{"type":"Feature","id":391,"geometry":{"type":"Polygon","coordinates":[[[138.41444289181027,36.73691565530563],[138.41450539184004,36.73691565530563],[138.41450539189111,36.736957315263865],[138.41444289186151,36.736957315263865],[138.41438039183203,36.736957315263865],[138.41438039178067,36.73691565530563],[138.41444289181027,36.73691565530563]]]},"properties":{"FID":391,"A31_201":"8404030649","A31_202":"角間川","A31_203":20,"A31_204":"長野県","A31_205":1,"A31_206":" ","A31_207":" ","A31_208":" "}},{"type":"Feature","id":392,"geometry":{"type":"Polygon","coordinates":[[[138.41756789329648,36.73691565530563],[138.41756789334079,36.736957315263865],[138.41750539331122,36.736957315263865],[138.41750539326671,36.73691565530563],[138.41756789329648,36.73691565530563]]]},"properties":{"FID":392,"A31_201":"8404030649","A31_202":"角間川","A31_203":20,"A31_204":"長野県","A31_205":1,"A31_206":" ","A31_207":" ","A31_208":" "}},{"type":"Feature","id":393,"geometry":{"type":"Polygon","coordinates":[[[138.41744289323702,36.73691565530563],[138.41744289328162,36.736957315263865],[138.41744289332618,36.736998985222286],[138.4173803932967,36.736998985222286],[138.41738039325202,36.736957315263865],[138.41738039320725,36.73691565530563],[138.41744289323702,36.73691565530563]]]},"properties":{"FID":393,"A31_201":"8404030649","A31_202":"角間川","A31_203":20,"A31_204":"長野県","A31_205":1,"A31_206":" ","A31_207":" ","A31_208":" "}},{"type":"Feature","id":394,"geometry":{"type":"Polygon","coordinates":[[[138.41719289325363,36.737040655180614],[138.41713039322431,36.737040655180614],[138.41713039317901,36.736998985222286],[138.41719289320844,36.736998985222286],[138.41719289325363,36.737040655180614]]]},"properties":{"FID":394,"A31_201":"8404030649","A31_202":"角間川","A31_203":20,"A31_204":"長野県","A31_205":1,"A31_206":" ","A31_207":" ","A31_208":" "}},{"type":"Feature","id":395,"geometry":{"type":"Polygon","coordinates":[[[138.41700539321121,36.737082315138942],[138.41700539316565,36.737040655180614],[138.41706789319497,36.737040655180614],[138.41706789324036,36.737082315138942],[138.41700539321121,36.737082315138942]]]},"properties":{"FID":395,"A31_201":"8404030649","A31_202":"角間川","A31_203":20,"A31_204":"長野県","A31_205":1,"A31_206":" ","A31_207":" ","A31_208":" "}},{"type":"Feature","id":396,"geometry":{"type":"Polygon","coordinates":[[[138.41700539321121,36.737082315138942],[138.41700539325677,36.73712398509727],[138.41694289322771,36.73712398509727],[138.41694289318198,36.737082315138942],[138.41700539321121,36.737082315138942]]]},"properties":{"FID":396,"A31_201":"8404030649","A31_202":"角間川","A31_203":20,"A31_204":"長野県","A31_205":1,"A31_206":" ","A31_207":" ","A31_208":" "}},{"type":"Feature","id":397,"geometry":{"type":"Polygon","coordinates":[[[138.41719289325363,36.737040655180614],[138.4172553932828,36.737040655180614],[138.41725539332782,36.737082315138942],[138.41725539337284,36.73712398509727],[138.41719289334387,36.73712398509727],[138.41719289329876,36.737082315138942],[138.41719289325363,36.737040655180614]]]},"properties":{"FID":397,"A31_201":"8404030649","A31_202":"角間川","A31_203":20,"A31_204":"長野県","A31_205":1,"A31_206":" ","A31_207":" ","A31_208":" "}},{"type":"Feature","id":398,"geometry":{"type":"Polygon","coordinates":[[[138.41400539186344,36.73712398509727],[138.41400539191557,36.737165655055691],[138.41394289188668,36.737165655055691],[138.41394289183435,36.73712398509727],[138.41400539186344,36.73712398509727]]]},"properties":{"FID":398,"A31_201":"8404030649","A31_202":"角間川","A31_203":20,"A31_204":"長野県","A31_205":1,"A31_206":" ","A31_207":" ","A31_208":" "}},{"type":"Feature","id":399,"geometry":{"type":"Polygon","coordinates":[[[138.41694289322771,36.73712398509727],[138.41694289327344,36.737165655055691],[138.41688039324458,36.737165655055691],[138.41688039319865,36.73712398509727],[138.41694289322771,36.73712398509727]]]},"properties":{"FID":399,"A31_201":"8404030649","A31_202":"角間川","A31_203":20,"A31_204":"長野県","A31_205":1,"A31_206":" ","A31_207":" ","A31_208":" "}},{"type":"Feature","id":400,"geometry":{"type":"Polygon","coordinates":[[[138.41719289334387,36.73712398509727],[138.417192893389,36.737165655055691],[138.41713039336011,36.737165655055691],[138.41713039331481,36.73712398509727],[138.41719289334387,36.73712398509727]]]},"properties":{"FID":400,"A31_201":"8404030649","A31_202":"角間川","A31_203":20,"A31_204":"長野県","A31_205":1,"A31_206":" ","A31_207":" ","A31_208":" "}},{"type":"Feature","id":401,"geometry":{"type":"Polygon","coordinates":[[[138.41700539334789,36.737207315013926],[138.41700539330233,36.737165655055691],[138.41706789333122,36.737165655055691],[138.41706789337661,36.737207315013926],[138.41700539334789,36.737207315013926]]]},"properties":{"FID":401,"A31_201":"8404030649","A31_202":"角間川","A31_203":20,"A31_204":"長野県","A31_205":1,"A31_206":" ","A31_207":" ","A31_208":" "}},{"type":"Feature","id":402,"geometry":{"type":"Polygon","coordinates":[[[138.41381789188165,36.737207315013926],[138.41381789193423,36.737248984972339],[138.41375539190562,36.737248984972339],[138.41375539185287,36.737207315013926],[138.41381789188165,36.737207315013926]]]},"properties":{"FID":402,"A31_201":"8404030649","A31_202":"角間川","A31_203":20,"A31_204":"長野県","A31_205":1,"A31_206":" ","A31_207":" ","A31_208":" "}},{"type":"Feature","id":403,"geometry":{"type":"Polygon","coordinates":[[[138.41669289325029,36.737248984972339],[138.41669289320402,36.737207315013926],[138.41675539323279,36.737207315013926],[138.41675539318672,36.737165655055691],[138.41681789321558,36.737165655055691],[138.41681789326159,36.737207315013926],[138.41681789330752,36.737248984972339],[138.41675539327889,36.737248984972339],[138.41669289325029,36.737248984972339]]]},"properties":{"FID":403,"A31_201":"8404030649","A31_202":"角間川","A31_203":20,"A31_204":"長野県","A31_205":1,"A31_206":" ","A31_207":" ","A31_208":" "}},{"type":"Feature","id":404,"geometry":{"type":"Polygon","coordinates":[[[138.41700539334789,36.737207315013926],[138.41700539339348,36.737248984972339],[138.41694289336476,36.737248984972339],[138.41694289331912,36.737207315013926],[138.41700539334789,36.737207315013926]]]},"properties":{"FID":404,"A31_201":"8404030649","A31_202":"角間川","A31_203":20,"A31_204":"長野県","A31_205":1,"A31_206":" ","A31_207":" ","A31_208":" "}},{"type":"Feature","id":405,"geometry":{"type":"Polygon","coordinates":[[[138.41681789330752,36.737248984972339],[138.41688039333621,36.737248984972339],[138.41688039338197,36.737290654930582],[138.41681789335354,36.737290654930582],[138.41681789330752,36.737248984972339]]]},"properties":{"FID":405,"A31_201":"8404030649","A31_202":"角間川","A31_203":20,"A31_204":"長野県","A31_205":1,"A31_206":" ","A31_207":" ","A31_208":" "}},{"type":"Feature","id":406,"geometry":{"type":"Polygon","coordinates":[[[138.41681789335354,36.737290654930582],[138.41681789339953,36.737332314889002],[138.41675539337118,36.737332314889002],[138.41675539332508,36.737290654930582],[138.41681789335354,36.737290654930582]]]},"properties":{"FID":406,"A31_201":"8404030649","A31_202":"角間川","A31_203":20,"A31_204":"長野県","A31_205":1,"A31_206":" ","A31_207":" ","A31_208":" "}},{"type":"Feature","id":407,"geometry":{"type":"Polygon","coordinates":[[[138.41669289325029,36.737248984972339],[138.41669289329656,36.737290654930582],[138.41663039326821,36.737290654930582],[138.41656789323969,36.737290654930582],[138.41656789328621,36.737332314889002],[138.41650539325786,36.737332314889002],[138.41650539321122,36.737290654930582],[138.4164428931827,36.737290654930582],[138.41638039315427,36.737290654930582],[138.41638039320117,36.737332314889002],[138.41638039324815,36.737373984847238],[138.41631789321997,36.737373984847238],[138.4162553931917,36.737373984847238],[138.41625539314452,36.737332314889002],[138.41625539309729,36.737290654930582],[138.41619289306877,36.737290654930582],[138.41619289311618,36.737332314889002],[138.41613039308783,36.737332314889002],[138.41613039304031,36.737290654930582],[138.41613039299278,36.737248984972339],[138.41606789296426,36.737248984972339],[138.41606789291666,36.737207315013926],[138.41613039294529,36.737207315013926],[138.41619289297407,36.737207315013926],[138.41619289302142,36.737248984972339],[138.41625539305005,36.737248984972339],[138.41631789307866,36.737248984972339],[138.41638039310726,36.737248984972339],[138.41638039306036,36.737207315013926],[138.41644289308908,36.737207315013926],[138.41644289304227,36.737165655055691],[138.41644289299546,36.73712398509727],[138.41644289294868,36.737082315138942],[138.41644289290187,36.737040655180614],[138.41644289285506,36.736998985222286],[138.41644289280825,36.736957315263865],[138.41650539283785,36.736957315263865],[138.41656789286745,36.736957315263865],[138.41656789291397,36.736998985222286],[138.41656789296053,36.737040655180614],[138.41656789300706,36.737082315138942],[138.41650539297791,36.737082315138942],[138.41650539302452,36.73712398509727],[138.41650539307125,36.737165655055691],[138.41650539311789,36.737207315013926],[138.41650539316453,36.737248984972339],[138.41656789319313,36.737248984972339],[138.41656789314658,36.737207315013926],[138.41656789310014,36.737165655055691],[138.41656789305361,36.73712398509727],[138.41663039308258,36.73712398509727],[138.41663039312903,36.737165655055691],[138.41663039317538,36.737207315013926],[138.41663039322174,36.737248984972339],[138.41669289325029,36.737248984972339]]]},"properties":{"FID":407,"A31_201":"8404030649","A31_202":"角間川","A31_203":20,"A31_204":"長野県","A31_205":1,"A31_206":" ","A31_207":" ","A31_208":" "}},{"type":"Feature","id":408,"geometry":{"type":"Polygon","coordinates":[[[138.41675539337118,36.737332314889002],[138.41675539341728,36.737373984847238],[138.4166928933891,36.737373984847238],[138.41669289334283,36.737332314889002],[138.41675539337118,36.737332314889002]]]},"properties":{"FID":408,"A31_201":"8404030649","A31_202":"角間川","A31_203":20,"A31_204":"長野県","A31_205":1,"A31_206":" ","A31_207":" ","A31_208":" "}},{"type":"Feature","id":409,"geometry":{"type":"Polygon","coordinates":[[[138.41613039313526,36.737373984847238],[138.41613039318278,36.737415654805659],[138.41606789315486,36.737415654805659],[138.41606789310717,36.737373984847238],[138.41613039313526,36.737373984847238]]]},"properties":{"FID":409,"A31_201":"8404030649","A31_202":"角間川","A31_203":20,"A31_204":"長野県","A31_205":1,"A31_206":" ","A31_207":" ","A31_208":" "}},{"type":"Feature","id":410,"geometry":{"type":"Polygon","coordinates":[[[138.41338039205561,36.737498984722222],[138.41338039200195,36.737457314763802],[138.41344289202988,36.737457314763802],[138.41344289208334,36.737498984722222],[138.41338039205561,36.737498984722222]]]},"properties":{"FID":410,"A31_201":"8404030649","A31_202":"角間川","A31_203":20,"A31_204":"長野県","A31_205":1,"A31_206":" ","A31_207":" ","A31_208":" "}},{"type":"Feature","id":411,"geometry":{"type":"Polygon","coordinates":[[[138.41338039205561,36.737498984722222],[138.41338039210916,36.737540654680643],[138.41331789208152,36.737540654680643],[138.41331789202778,36.737498984722222],[138.41338039205561,36.737498984722222]]]},"properties":{"FID":411,"A31_201":"8404030649","A31_202":"角間川","A31_203":20,"A31_204":"長野県","A31_205":1,"A31_206":" ","A31_207":" ","A31_208":" "}},{"type":"Feature","id":412,"geometry":{"type":"Polygon","coordinates":[[[138.41331789208152,36.737540654680643],[138.41331789213527,36.737582314638878],[138.41325539210789,36.737582314638878],[138.41325539205397,36.737540654680643],[138.41331789208152,36.737540654680643]]]},"properties":{"FID":412,"A31_201":"8404030649","A31_202":"角間川","A31_203":20,"A31_204":"長野県","A31_205":1,"A31_206":" ","A31_207":" ","A31_208":" "}},{"type":"Feature","id":413,"geometry":{"type":"Polygon","coordinates":[[[138.41588039326282,36.737582314638878],[138.41588039321485,36.737540654680643],[138.41588039316679,36.737498984722222],[138.41588039311867,36.737457314763802],[138.41588039307061,36.737415654805659],[138.41588039302258,36.737373984847238],[138.41588039297451,36.737332314889002],[138.41588039292645,36.737290654930582],[138.415942892955,36.737290654930582],[138.41594289300286,36.737332314889002],[138.41594289305084,36.737373984847238],[138.41600539307899,36.737373984847238],[138.4160053931268,36.737415654805659],[138.4159428930987,36.737415654805659],[138.41594289314665,36.737457314763802],[138.41594289319454,36.737498984722222],[138.41594289324249,36.737540654680643],[138.41594289329038,36.737582314638878],[138.41588039326282,36.737582314638878]]]},"properties":{"FID":413,"A31_201":"8404030649","A31_202":"角間川","A31_203":20,"A31_204":"長野県","A31_205":1,"A31_206":" ","A31_207":" ","A31_208":" "}},{"type":"Feature","id":414,"geometry":{"type":"Polygon","coordinates":[[[138.41588039326282,36.737582314638878],[138.41588039331094,36.737623984597292],[138.41581789328359,36.737623984597292],[138.41575539325621,36.737623984597292],[138.4157553932078,36.737582314638878],[138.41581789323536,36.737582314638878],[138.41588039326282,36.737582314638878]]]},"properties":{"FID":414,"A31_201":"8404030649","A31_202":"角間川","A31_203":20,"A31_204":"長野県","A31_205":1,"A31_206":" ","A31_207":" ","A31_208":" "}},{"type":"Feature","id":415,"geometry":{"type":"Polygon","coordinates":[[[138.41569289322882,36.737623984597292],[138.41569289327731,36.737665654555713],[138.41563039325004,36.737665654555713],[138.41563039320144,36.737623984597292],[138.41569289322882,36.737623984597292]]]},"properties":{"FID":415,"A31_201":"8404030649","A31_202":"角間川","A31_203":20,"A31_204":"長野県","A31_205":1,"A31_206":" ","A31_207":" ","A31_208":" "}},{"type":"Feature","id":416,"geometry":{"type":"Polygon","coordinates":[[[138.41294289213408,36.737707314513955],[138.41294289207954,36.737665654555713],[138.41300539210673,36.737665654555713],[138.41300539216118,36.737707314513955],[138.41294289213408,36.737707314513955]]]},"properties":{"FID":416,"A31_201":"8404030649","A31_202":"角間川","A31_203":20,"A31_204":"長野県","A31_205":1,"A31_206":" ","A31_207":" ","A31_208":" "}},{"type":"Feature","id":417,"geometry":{"type":"Polygon","coordinates":[[[138.41294289213408,36.737707314513955],[138.41294289218871,36.737748984472368],[138.41288039216167,36.737748984472368],[138.41288039210696,36.737707314513955],[138.41294289213408,36.737707314513955]]]},"properties":{"FID":417,"A31_201":"8404030649","A31_202":"角間川","A31_203":20,"A31_204":"長野県","A31_205":1,"A31_206":" ","A31_207":" ","A31_208":" "}},{"type":"Feature","id":418,"geometry":{"type":"Polygon","coordinates":[[[138.41275539216278,36.737790654430519],[138.41275539221778,36.737832314388939],[138.41269289219119,36.737832314388939],[138.41269289213602,36.737790654430519],[138.41275539216278,36.737790654430519]]]},"properties":{"FID":418,"A31_201":"8404030649","A31_202":"角間川","A31_203":20,"A31_204":"長野県","A31_205":1,"A31_206":" ","A31_207":" ","A31_208":" "}},{"type":"Feature","id":419,"geometry":{"type":"Polygon","coordinates":[[[138.41263039216452,36.737832314388939],[138.41263039221985,36.737873984347353],[138.41256789219329,36.737873984347353],[138.41256789213787,36.737832314388939],[138.41263039216452,36.737832314388939]]]},"properties":{"FID":419,"A31_201":"8404030649","A31_202":"角間川","A31_203":20,"A31_204":"長野県","A31_205":1,"A31_206":" ","A31_207":" ","A31_208":" "}},{"type":"Feature","id":420,"geometry":{"type":"Polygon","coordinates":[[[138.41244289229948,36.737998984242232],[138.41244289224386,36.737957314284081],[138.41250539227792,36.737957314264008],[138.41250539233343,36.737998984222244],[138.41244289229948,36.737998984242232]]]},"properties":{"FID":420,"A31_201":"8404030649","A31_202":"角間川","A31_203":20,"A31_204":"長野県","A31_205":1,"A31_206":" ","A31_207":" ","A31_208":" "}},{"type":"Feature","id":421,"geometry":{"type":"Polygon","coordinates":[[[138.41438039311677,36.737998984222244],[138.41438039316819,36.738040654180665],[138.41431789314223,36.738040654180665],[138.41431789309064,36.737998984222244],[138.41438039311677,36.737998984222244]]]},"properties":{"FID":421,"A31_201":"8404030649","A31_202":"角間川","A31_203":20,"A31_204":"長野県","A31_205":1,"A31_206":" ","A31_207":" ","A31_208":" "}},{"type":"Feature","id":422,"geometry":{"type":"Polygon","coordinates":[[[138.41244289229948,36.737998984242232],[138.41244289235516,36.73804065420056],[138.4123803923213,36.738040654220455],[138.41238039226562,36.737998984262219],[138.41244289229948,36.737998984242232]]]},"properties":{"FID":422,"A31_201":"8404030649","A31_202":"角間川","A31_203":20,"A31_204":"長野県","A31_205":1,"A31_206":" ","A31_207":" ","A31_208":" "}},{"type":"Feature","id":423,"geometry":{"type":"Polygon","coordinates":[[[138.41500539342783,36.738040654180665],[138.41500539347783,36.738082314138815],[138.41494289345206,36.738082314138815],[138.41494289340196,36.738040654180665],[138.41500539342783,36.738040654180665]]]},"properties":{"FID":423,"A31_201":"8404030649","A31_202":"角間川","A31_203":20,"A31_204":"長野県","A31_205":1,"A31_206":" ","A31_207":" ","A31_208":" "}},{"type":"Feature","id":424,"geometry":{"type":"Polygon","coordinates":[[[138.4123803923213,36.738040654220455],[138.41238039237697,36.738082314178513],[138.41231789234322,36.738082314198408],[138.41231789228743,36.738040654240436],[138.4123803923213,36.738040654220455]]]},"properties":{"FID":424,"A31_201":"8404030649","A31_202":"角間川","A31_203":20,"A31_204":"長野県","A31_205":1,"A31_206":" ","A31_207":" ","A31_208":" "}},{"type":"Feature","id":425,"geometry":{"type":"Polygon","coordinates":[[[138.41406789314243,36.738123984097228],[138.41406789319456,36.738165654055649],[138.41400539316896,36.738165654055649],[138.41400539311672,36.738123984097228],[138.41406789314243,36.738123984097228]]]},"properties":{"FID":425,"A31_201":"8404030649","A31_202":"角間川","A31_203":20,"A31_204":"長野県","A31_205":1,"A31_206":" ","A31_207":" ","A31_208":" "}},{"type":"Feature","id":426,"geometry":{"type":"Polygon","coordinates":[[[138.41438039332238,36.738165654055649],[138.41438039327096,36.738123984097228],[138.41438039321963,36.738082314138815],[138.41444289324531,36.738082314138815],[138.41450539327116,36.738082314138815],[138.41450539332223,36.738123984097228],[138.41444289329655,36.738123984097228],[138.4144428933478,36.738165654055649],[138.41438039332238,36.738165654055649]]]},"properties":{"FID":426,"A31_201":"8404030649","A31_202":"角間川","A31_203":20,"A31_204":"長野県","A31_205":1,"A31_206":" ","A31_207":" ","A31_208":" "}},{"type":"Feature","id":427,"geometry":{"type":"Polygon","coordinates":[[[138.41488039347655,36.738123984097228],[138.41488039352683,36.738165654055649],[138.41481789350121,36.738165654055649],[138.41481789345076,36.738123984097228],[138.41488039347655,36.738123984097228]]]},"properties":{"FID":427,"A31_201":"8404030649","A31_202":"角間川","A31_203":20,"A31_204":"長野県","A31_205":1,"A31_206":" ","A31_207":" ","A31_208":" "}},{"type":"Feature","id":428,"geometry":{"type":"Polygon","coordinates":[[[138.41438039332238,36.738165654055649],[138.4143803933737,36.738207314013891],[138.41431789334828,36.738207314013891],[138.41431789329678,36.738165654055649],[138.41438039332238,36.738165654055649]]]},"properties":{"FID":428,"A31_201":"8404030649","A31_202":"角間川","A31_203":20,"A31_204":"長野県","A31_205":1,"A31_206":" ","A31_207":" ","A31_208":" "}},{"type":"Feature","id":429,"geometry":{"type":"Polygon","coordinates":[[[138.41438039347656,36.738290653930719],[138.41438039352789,36.738332313888961],[138.41431789350293,36.738332313888961],[138.41431789345143,36.738290653930719],[138.41438039347656,36.738290653930719]]]},"properties":{"FID":429,"A31_201":"8404030649","A31_202":"角間川","A31_203":20,"A31_204":"長野県","A31_205":1,"A31_206":" ","A31_207":" ","A31_208":" "}},{"type":"Feature","id":430,"geometry":{"type":"Polygon","coordinates":[[[138.41425539352954,36.738373983847382],[138.41425539358124,36.738415653805532],[138.41419289355645,36.738415653805532],[138.41419289350466,36.738373983847382],[138.41425539352954,36.738373983847382]]]},"properties":{"FID":430,"A31_201":"8404030649","A31_202":"角間川","A31_203":20,"A31_204":"長野県","A31_205":1,"A31_206":" ","A31_207":" ","A31_208":" "}},{"type":"Feature","id":431,"geometry":{"type":"Polygon","coordinates":[[[138.41175539254698,36.738457313994786],[138.41169289251383,36.738457314014056],[138.41169289245741,36.738415654056524],[138.41175539249056,36.738415654037254],[138.41175539254698,36.738457313994786]]]},"properties":{"FID":431,"A31_201":"8404030649","A31_202":"角間川","A31_203":20,"A31_204":"長野県","A31_205":1,"A31_206":" ","A31_207":" ","A31_208":" "}},{"type":"Feature","id":432,"geometry":{"type":"Polygon","coordinates":[[[138.41338039350308,36.738623983597257],[138.41338039344953,36.738582313638844],[138.41338039339587,36.738540653680602],[138.41344289342021,36.738540653680602],[138.4134428934737,36.738582313638844],[138.41344289352716,36.738623983597257],[138.41338039350308,36.738623983597257]]]},"properties":{"FID":432,"A31_201":"8404030649","A31_202":"角間川","A31_203":20,"A31_204":"長野県","A31_205":1,"A31_206":" ","A31_207":" ","A31_208":" "}},{"type":"Feature","id":433,"geometry":{"type":"Polygon","coordinates":[[[138.41363039370538,36.738707313513913],[138.41363039365228,36.738665653555671],[138.41363039359925,36.738623983597257],[138.41369289362333,36.738623983597257],[138.41369289357041,36.738582313638844],[138.41375539359458,36.738582313638844],[138.41375539354175,36.738540653680602],[138.41375539348897,36.738498983722181],[138.41375539343622,36.738457313763945],[138.41381789346084,36.738457313763945],[138.41381789351342,36.738498983722181],[138.4138803935378,36.738498983722181],[138.4138803934853,36.738457313763945],[138.4139428935099,36.738457313763945],[138.41400539353452,36.738457313763945],[138.41400539358676,36.738498983722181],[138.41406789361122,36.738498983722181],[138.41413039363565,36.738498983722181],[138.4141303936876,36.738540653680602],[138.41406789366326,36.738540653680602],[138.41400539363897,36.738540653680602],[138.41394289361463,36.738540653680602],[138.41388039359038,36.738540653680602],[138.41388039364284,36.738582313638844],[138.41381789361876,36.738582313638844],[138.41381789367142,36.738623983597257],[138.41375539364734,36.738623983597257],[138.41375539370011,36.738665653555671],[138.4136928936762,36.738665653555671],[138.41369289372912,36.738707313513913],[138.41363039370538,36.738707313513913]]]},"properties":{"FID":433,"A31_201":"8404030649","A31_202":"角間川","A31_203":20,"A31_204":"長野県","A31_205":1,"A31_206":" ","A31_207":" ","A31_208":" "}},{"type":"Feature","id":434,"geometry":{"type":"Polygon","coordinates":[[[138.41131789271327,36.738748983828486],[138.41125539268057,36.738748983847231],[138.41125539262364,36.738707313890323],[138.41131789265634,36.738707313871494],[138.41131789271327,36.738748983828486]]]},"properties":{"FID":434,"A31_201":"8404030649","A31_202":"角間川","A31_203":20,"A31_204":"長野県","A31_205":1,"A31_206":" ","A31_207":" ","A31_208":" "}},{"type":"Feature","id":435,"geometry":{"type":"Polygon","coordinates":[[[138.41363039370538,36.738707313513913],[138.41363039375841,36.738748983472242],[138.41356789373478,36.738748983472242],[138.4135053937112,36.738748983472242],[138.41344289368757,36.738748983472242],[138.41344289374103,36.738790653430655],[138.41338039371757,36.738790653430655],[138.41338039366391,36.738748983472242],[138.41338039361028,36.738707313513913],[138.41331789358654,36.738707313513913],[138.41331789353279,36.738665653555671],[138.41331789347907,36.738623983597257],[138.41338039350308,36.738623983597257],[138.41338039355671,36.738665653555671],[138.41344289358062,36.738665653555671],[138.41344289363411,36.738707313513913],[138.41350539365783,36.738707313513913],[138.41356789368157,36.738707313513913],[138.41363039370538,36.738707313513913]]]},"properties":{"FID":435,"A31_201":"8404030649","A31_202":"角間川","A31_203":20,"A31_204":"長野県","A31_205":1,"A31_206":" ","A31_207":" ","A31_208":" "}},{"type":"Feature","id":436,"geometry":{"type":"Polygon","coordinates":[[[138.41338039371757,36.738790653430655],[138.41338039377112,36.738832313388897],[138.41331789374783,36.738832313388897],[138.41331789380158,36.738873983347318],[138.41325539377846,36.738873983347318],[138.41325539372454,36.738832313388897],[138.41325539367071,36.738790653430655],[138.41331789369411,36.738790653430655],[138.41338039371757,36.738790653430655]]]},"properties":{"FID":436,"A31_201":"8404030649","A31_202":"角間川","A31_203":20,"A31_204":"長野県","A31_205":1,"A31_206":" ","A31_207":" ","A31_208":" "}},{"type":"Feature","id":437,"geometry":{"type":"Polygon","coordinates":[[[138.41325539377846,36.738873983347318],[138.41325539383237,36.738915653305554],[138.41319289380925,36.738915653305554],[138.41319289375525,36.738873983347318],[138.41325539377846,36.738873983347318]]]},"properties":{"FID":437,"A31_201":"8404030649","A31_202":"角間川","A31_203":20,"A31_204":"長野県","A31_205":1,"A31_206":" ","A31_207":" ","A31_208":" "}},{"type":"Feature","id":438,"geometry":{"type":"Polygon","coordinates":[[[138.4108803927142,36.738915653785796],[138.41088039265691,36.738873983829421],[138.41094289268935,36.738873983810855],[138.41094289274665,36.738915653767322],[138.4108803927142,36.738915653785796]]]},"properties":{"FID":438,"A31_201":"8404030649","A31_202":"角間川","A31_203":20,"A31_204":"長野県","A31_205":1,"A31_206":" ","A31_207":" ","A31_208":" "}},{"type":"Feature","id":439,"geometry":{"type":"Polygon","coordinates":[[[138.4108803927142,36.738915653785796],[138.41088039277156,36.738957313742432],[138.41081789273932,36.738957313760821],[138.41081789268185,36.73891565380427],[138.4108803927142,36.738915653785796]]]},"properties":{"FID":439,"A31_201":"8404030649","A31_202":"角間川","A31_203":20,"A31_204":"長野県","A31_205":1,"A31_206":" ","A31_207":" ","A31_208":" "}},{"type":"Feature","id":440,"geometry":{"type":"Polygon","coordinates":[[[138.41319289386334,36.738957313263967],[138.41319289391734,36.73899898322221],[138.41313039389459,36.73899898322221],[138.41313039384042,36.738957313263967],[138.41319289386334,36.738957313263967]]]},"properties":{"FID":440,"A31_201":"8404030649","A31_202":"角間川","A31_203":20,"A31_204":"長野県","A31_205":1,"A31_206":" ","A31_207":" ","A31_208":" "}},{"type":"Feature","id":441,"geometry":{"type":"Polygon","coordinates":[[[138.41300539390343,36.739040653180538],[138.41300539395789,36.739082313138951],[138.41294289393531,36.739082313138951],[138.41294289388077,36.739040653180538],[138.41300539390343,36.739040653180538]]]},"properties":{"FID":441,"A31_201":"8404030649","A31_202":"角間川","A31_203":20,"A31_204":"長野県","A31_205":1,"A31_206":" ","A31_207":" ","A31_208":" "}},{"type":"Feature","id":442,"geometry":{"type":"Polygon","coordinates":[[[138.41288039396753,36.739123983097194],[138.41288039402232,36.739165653055608],[138.41281789400009,36.739165653055608],[138.4128178939452,36.739123983097194],[138.41288039396753,36.739123983097194]]]},"properties":{"FID":442,"A31_201":"8404030649","A31_202":"角間川","A31_203":20,"A31_204":"長野県","A31_205":1,"A31_206":" ","A31_207":" ","A31_208":" "}},{"type":"Feature","id":443,"geometry":{"type":"Polygon","coordinates":[[[138.41263039398876,36.73920731301385],[138.41263039404402,36.739248982972271],[138.41256789402203,36.739248982972271],[138.41256789396661,36.73920731301385],[138.41263039398876,36.73920731301385]]]},"properties":{"FID":443,"A31_201":"8404030649","A31_202":"角間川","A31_203":20,"A31_204":"長野県","A31_205":1,"A31_206":" ","A31_207":" ","A31_208":" "}},{"type":"Feature","id":444,"geometry":{"type":"Polygon","coordinates":[[[138.41288039413175,36.739248982972271],[138.41288039407704,36.73920731301385],[138.41294289409907,36.73920731301385],[138.4129428941537,36.739248982972271],[138.41288039413175,36.739248982972271]]]},"properties":{"FID":444,"A31_201":"8404030649","A31_202":"角間川","A31_203":20,"A31_204":"長野県","A31_205":1,"A31_206":" ","A31_207":" ","A31_208":" "}},{"type":"Feature","id":445,"geometry":{"type":"Polygon","coordinates":[[[138.41288039413175,36.739248982972271],[138.41288039418646,36.739290652930684],[138.41281789416459,36.739290652930684],[138.41281789410979,36.739248982972271],[138.41288039413175,36.739248982972271]]]},"properties":{"FID":445,"A31_201":"8404030649","A31_202":"角間川","A31_203":20,"A31_204":"長野県","A31_205":1,"A31_206":" ","A31_207":" ","A31_208":" "}},{"type":"Feature","id":446,"geometry":{"type":"Polygon","coordinates":[[[138.41250539411121,36.739332312888919],[138.41244289407948,36.739332312906683],[138.41238039404783,36.739332312924446],[138.41238039399215,36.739290652966389],[138.41244289402385,36.73929065294854],[138.4125053940557,36.739290652930684],[138.41250539411121,36.739332312888919]]]},"properties":{"FID":446,"A31_201":"8404030649","A31_202":"角間川","A31_203":20,"A31_204":"長野県","A31_205":1,"A31_206":" ","A31_207":" ","A31_208":" "}},{"type":"Feature","id":447,"geometry":{"type":"Polygon","coordinates":[[[138.41031789300285,36.739332313511092],[138.41025539297112,36.739332313528948],[138.41025539291314,36.739290653573192],[138.41031789294485,36.739290653555344],[138.41031789300285,36.739332313511092]]]},"properties":{"FID":447,"A31_201":"8404030649","A31_202":"角間川","A31_203":20,"A31_204":"長野県","A31_205":1,"A31_206":" ","A31_207":" ","A31_208":" "}},{"type":"Feature","id":448,"geometry":{"type":"Polygon","coordinates":[[[138.41019289305575,36.739415653458124],[138.41013039302419,36.739415653475803],[138.41013039296604,36.739373983520224],[138.41019289299757,36.73937398350246],[138.41019289305575,36.739415653458124]]]},"properties":{"FID":448,"A31_201":"8404030649","A31_202":"角間川","A31_203":20,"A31_204":"長野県","A31_205":1,"A31_206":" ","A31_207":" ","A31_208":" "}},{"type":"Feature","id":449,"geometry":{"type":"Polygon","coordinates":[[[138.41194289416325,36.739582312795207],[138.41194289410711,36.73954065283742],[138.41200539413848,36.739540652820011],[138.41200539419452,36.739582312777891],[138.41194289416325,36.739582312795207]]]},"properties":{"FID":449,"A31_201":"8404030649","A31_202":"角間川","A31_203":20,"A31_204":"長野県","A31_205":1,"A31_206":" ","A31_207":" ","A31_208":" "}},{"type":"Feature","id":450,"geometry":{"type":"Polygon","coordinates":[[[138.41000539319441,36.739582313333443],[138.40994289316313,36.739582313350766],[138.40994289310478,36.739540653395196],[138.41000539313615,36.739540653377787],[138.41000539319441,36.739582313333443]]]},"properties":{"FID":450,"A31_201":"8404030649","A31_202":"角間川","A31_203":20,"A31_204":"長野県","A31_205":1,"A31_206":" ","A31_207":" ","A31_208":" "}},{"type":"Feature","id":451,"geometry":{"type":"Polygon","coordinates":[[[138.41194289416325,36.739582312795207],[138.41194289421946,36.739623982752832],[138.41188039418827,36.739623982770148],[138.41188039413197,36.73958231281253],[138.41194289416325,36.739582312795207]]]},"properties":{"FID":451,"A31_201":"8404030649","A31_202":"角間川","A31_203":20,"A31_204":"長野県","A31_205":1,"A31_206":" ","A31_207":" ","A31_208":" "}},{"type":"Feature","id":452,"geometry":{"type":"Polygon","coordinates":[[[138.40975539324532,36.739707313268561],[138.4096928932143,36.739707313285706],[138.40969289315561,36.739665653330661],[138.40975539318671,36.73966565331343],[138.40975539324532,36.739707313268561]]]},"properties":{"FID":452,"A31_201":"8404030649","A31_202":"角間川","A31_203":20,"A31_204":"長野県","A31_205":1,"A31_206":" ","A31_207":" ","A31_208":" "}},{"type":"Feature","id":453,"geometry":{"type":"Polygon","coordinates":[[[138.41169289426406,36.739748982694337],[138.41163039423304,36.73974898271139],[138.41163039417654,36.73970731275395],[138.41169289420756,36.739707312736812],[138.41169289426406,36.739748982694337]]]},"properties":{"FID":453,"A31_201":"8404030649","A31_202":"角間川","A31_203":20,"A31_204":"長野県","A31_205":1,"A31_206":" ","A31_207":" ","A31_208":" "}},{"type":"Feature","id":454,"geometry":{"type":"Polygon","coordinates":[[[138.41150539422785,36.739790652702851],[138.41150539417117,36.739748982745581],[138.41156789420219,36.739748982728443],[138.41156789425878,36.739790652685883],[138.41150539422785,36.739790652702851]]]},"properties":{"FID":454,"A31_201":"8404030649","A31_202":"角間川","A31_203":20,"A31_204":"長野県","A31_205":1,"A31_206":" ","A31_207":" ","A31_208":" "}},{"type":"Feature","id":455,"geometry":{"type":"Polygon","coordinates":[[[138.41150539422785,36.739790652702851],[138.41150539428452,36.73983231266002],[138.41144289425367,36.739832312676981],[138.41144289419691,36.739790652719904],[138.41150539422785,36.739790652702851]]]},"properties":{"FID":455,"A31_201":"8404030649","A31_202":"角間川","A31_203":20,"A31_204":"長野県","A31_205":1,"A31_206":" ","A31_207":" ","A31_208":" "}},{"type":"Feature","id":456,"geometry":{"type":"Polygon","coordinates":[[[138.41125539427503,36.739915652641784],[138.4112553942181,36.739873982684784],[138.41131789424884,36.739873982667909],[138.41131789430577,36.739915652624994],[138.41125539427503,36.739915652641784]]]},"properties":{"FID":456,"A31_201":"8404030649","A31_202":"角間川","A31_203":20,"A31_204":"長野県","A31_205":1,"A31_206":" ","A31_207":" ","A31_208":" "}},{"type":"Feature","id":457,"geometry":{"type":"Polygon","coordinates":[[[138.40938039335427,36.739915653145914],[138.40938039329521,36.739873983191046],[138.40944289332589,36.739873983174171],[138.40944289338483,36.739915653129124],[138.40938039335427,36.739915653145914]]]},"properties":{"FID":457,"A31_201":"8404030649","A31_202":"角間川","A31_203":20,"A31_204":"長野県","A31_205":1,"A31_206":" ","A31_207":" ","A31_208":" "}},{"type":"Feature","id":458,"geometry":{"type":"Polygon","coordinates":[[[138.41125539427503,36.739915652641784],[138.41125539433196,36.73995731259869],[138.41119289430128,36.739957312615388],[138.41119289424435,36.739915652658567],[138.41125539427503,36.739915652641784]]]},"properties":{"FID":458,"A31_201":"8404030649","A31_202":"角間川","A31_203":20,"A31_204":"長野県","A31_205":1,"A31_206":" ","A31_207":" ","A31_208":" "}},{"type":"Feature","id":459,"geometry":{"type":"Polygon","coordinates":[[[138.40938039335427,36.739915653145914],[138.40938039341324,36.739957313100774],[138.40931789338268,36.739957313117472],[138.40931789332353,36.739915653162782],[138.40938039335427,36.739915653145914]]]},"properties":{"FID":459,"A31_201":"8404030649","A31_202":"角間川","A31_203":20,"A31_204":"長野県","A31_205":1,"A31_206":" ","A31_207":" ","A31_208":" "}},{"type":"Feature","id":460,"geometry":{"type":"Polygon","coordinates":[[[138.40931789338268,36.739957313117472],[138.40931789344174,36.73999898307234],[138.40925539341117,36.739998983089038],[138.40925539335203,36.73995731313417],[138.40931789338268,36.739957313117472]]]},"properties":{"FID":460,"A31_201":"8404030649","A31_202":"角間川","A31_203":20,"A31_204":"長野県","A31_205":1,"A31_206":" ","A31_207":" ","A31_208":" "}},{"type":"Feature","id":461,"geometry":{"type":"Polygon","coordinates":[[[138.41106789435437,36.740040652562243],[138.41100539432398,36.740040652578848],[138.41100539426677,36.739998982622382],[138.41106789429725,36.739998982605684],[138.41106789435437,36.740040652562243]]]},"properties":{"FID":461,"A31_201":"8404030649","A31_202":"角間川","A31_203":20,"A31_204":"長野県","A31_205":1,"A31_206":" ","A31_207":" ","A31_208":" "}},{"type":"Feature","id":462,"geometry":{"type":"Polygon","coordinates":[[[138.41063039414098,36.740040652678417],[138.4105678941105,36.740040652695022],[138.4105053940801,36.740040652711627],[138.41050539402238,36.739998982755701],[138.41056789405275,36.739998982739003],[138.41063039408334,36.739998982722305],[138.41063039414098,36.740040652678417]]]},"properties":{"FID":462,"A31_201":"8404030649","A31_202":"角間川","A31_203":20,"A31_204":"長野県","A31_205":1,"A31_206":" ","A31_207":" ","A31_208":" "}},{"type":"Feature","id":463,"geometry":{"type":"Polygon","coordinates":[[[138.40925539352946,36.74008231299841],[138.40919289349907,36.740082313014923],[138.40919289343984,36.740040653060149],[138.40925539347032,36.740040653043636],[138.40925539352946,36.74008231299841]]]},"properties":{"FID":463,"A31_201":"8404030649","A31_202":"角間川","A31_203":20,"A31_204":"長野県","A31_205":1,"A31_206":" ","A31_207":" ","A31_208":" "}},{"type":"Feature","id":464,"geometry":{"type":"Polygon","coordinates":[[[138.41081789434736,36.740123982541604],[138.41075539431696,36.740123982558032],[138.41069289428665,36.74012398257446],[138.41063039425626,36.740123982590987],[138.41063039419862,36.740082312634783],[138.4106928942291,36.74008231261827],[138.4107553942595,36.740082312601743],[138.41081789428989,36.74008231258523],[138.41081789434736,36.740123982541604]]]},"properties":{"FID":464,"A31_201":"8404030649","A31_202":"角間川","A31_203":20,"A31_204":"長野県","A31_205":1,"A31_206":" ","A31_207":" ","A31_208":" "}},{"type":"Feature","id":465,"geometry":{"type":"Polygon","coordinates":[[[138.40906789361637,36.740207312911579],[138.40906789355694,36.740165652956989],[138.40913039358725,36.740165652940554],[138.40913039364659,36.740207312895237],[138.40906789361637,36.740207312911579]]]},"properties":{"FID":465,"A31_201":"8404030649","A31_202":"角間川","A31_203":20,"A31_204":"長野県","A31_205":1,"A31_206":" ","A31_207":" ","A31_208":" "}},{"type":"Feature","id":466,"geometry":{"type":"Polygon","coordinates":[[[138.41063039442918,36.740248982459747],[138.41056789439907,36.740248982476004],[138.41056789434134,36.7402073125199],[138.41063039437154,36.740207312503557],[138.41063039442918,36.740248982459747]]]},"properties":{"FID":466,"A31_201":"8404030649","A31_202":"角間川","A31_203":20,"A31_204":"長野県","A31_205":1,"A31_206":" ","A31_207":" ","A31_208":" "}},{"type":"Feature","id":467,"geometry":{"type":"Polygon","coordinates":[[[138.40906789361637,36.740207312911579],[138.40906789367568,36.740248982866007],[138.40900539364557,36.740248982882257],[138.40900539358614,36.740207312927836],[138.40906789361637,36.740207312911579]]]},"properties":{"FID":467,"A31_201":"8404030649","A31_202":"角間川","A31_203":20,"A31_204":"長野県","A31_205":1,"A31_206":" ","A31_207":" ","A31_208":" "}},{"type":"Feature","id":468,"geometry":{"type":"Polygon","coordinates":[[[138.41038039448239,36.74037398239264],[138.41031789445253,36.74037398240872],[138.41031789439444,36.740332312452701],[138.41038039442449,36.740332312436621],[138.41038039448239,36.74037398239264]]]},"properties":{"FID":468,"A31_201":"8404030649","A31_202":"角間川","A31_203":20,"A31_204":"長野県","A31_205":1,"A31_206":" ","A31_207":" ","A31_208":" "}},{"type":"Feature","id":469,"geometry":{"type":"Polygon","coordinates":[[[138.4102553944806,36.740415652380634],[138.41019289445072,36.740415652396621],[138.41019289439265,36.740373982440786],[138.41025539442259,36.740373982424707],[138.4102553944806,36.740415652380634]]]},"properties":{"FID":469,"A31_201":"8404030649","A31_202":"角間川","A31_203":20,"A31_204":"長野県","A31_205":1,"A31_206":" ","A31_207":" ","A31_208":" "}},{"type":"Feature","id":470,"geometry":{"type":"Polygon","coordinates":[[[138.40881789379375,36.740415652748077],[138.40875539376398,36.740415652763971],[138.40875539370421,36.740373982809729],[138.40881789373407,36.740373982793741],[138.40881789379375,36.740415652748077]]]},"properties":{"FID":470,"A31_201":"8404030649","A31_202":"角間川","A31_203":20,"A31_204":"長野県","A31_205":1,"A31_206":" ","A31_207":" ","A31_208":" "}},{"type":"Feature","id":471,"geometry":{"type":"Polygon","coordinates":[[[138.40975539447618,36.740582312329501],[138.40969289444658,36.740582312345225],[138.40969289438786,36.74054065238991],[138.40975539441754,36.740540652374108],[138.40975539447618,36.740582312329501]]]},"properties":{"FID":471,"A31_201":"8404030649","A31_202":"角間川","A31_203":20,"A31_204":"長野県","A31_205":1,"A31_206":" ","A31_207":" ","A31_208":" "}},{"type":"Feature","id":472,"geometry":{"type":"Polygon","coordinates":[[[138.40856789391401,36.740582312627666],[138.40850539388441,36.740582312643383],[138.40850539382447,36.740540652689404],[138.40856789385415,36.740540652673687],[138.40856789391401,36.740582312627666]]]},"properties":{"FID":472,"A31_201":"8404030649","A31_202":"角間川","A31_203":20,"A31_204":"長野県","A31_205":1,"A31_206":" ","A31_207":" ","A31_208":" "}},{"type":"Feature","id":473,"geometry":{"type":"Polygon","coordinates":[[[138.40975539447618,36.740582312329501],[138.40981789450575,36.740582312313776],[138.4098178945643,36.74062398226927],[138.40975539453478,36.740623982284902],[138.40975539447618,36.740582312329501]]]},"properties":{"FID":473,"A31_201":"8404030649","A31_202":"角間川","A31_203":20,"A31_204":"長野県","A31_205":1,"A31_206":" ","A31_207":" ","A31_208":" "}},{"type":"Feature","id":474,"geometry":{"type":"Polygon","coordinates":[[[138.40838039400569,36.740707312536045],[138.40831789397629,36.740707312551585],[138.40831789391606,36.740665652597784],[138.40838039394558,36.740665652582244],[138.40838039400569,36.740707312536045]]]},"properties":{"FID":474,"A31_201":"8404030649","A31_202":"角間川","A31_203":20,"A31_204":"長野県","A31_205":1,"A31_206":" ","A31_207":" ","A31_208":" "}},{"type":"Feature","id":475,"geometry":{"type":"Polygon","coordinates":[[[138.40981789473997,36.740748982135102],[138.40975539471066,36.740748982150556],[138.40975539465202,36.74070731219534],[138.40981789468134,36.740707312179879],[138.40981789473997,36.740748982135102]]]},"properties":{"FID":475,"A31_201":"8404030649","A31_202":"角間川","A31_203":20,"A31_204":"長野県","A31_205":1,"A31_206":" ","A31_207":" ","A31_208":" "}},{"type":"Feature","id":476,"geometry":{"type":"Polygon","coordinates":[[[138.40819289397794,36.740748982535933],[138.40819289391763,36.740707312582494],[138.40825539394706,36.740707312567039],[138.40825539400726,36.740748982520572],[138.40819289397794,36.740748982535933]]]},"properties":{"FID":476,"A31_201":"8404030649","A31_202":"角間川","A31_203":20,"A31_204":"長野県","A31_205":1,"A31_206":" ","A31_207":" ","A31_208":" "}},{"type":"Feature","id":477,"geometry":{"type":"Polygon","coordinates":[[[138.40819289397794,36.740748982535933],[138.40819289403834,36.740790652489558],[138.40813039400908,36.740790652504927],[138.40813039394868,36.740748982551395],[138.40819289397794,36.740748982535933]]]},"properties":{"FID":477,"A31_201":"8404030649","A31_202":"角間川","A31_203":20,"A31_204":"長野県","A31_205":1,"A31_206":" ","A31_207":" ","A31_208":" "}},{"type":"Feature","id":478,"geometry":{"type":"Polygon","coordinates":[[[138.40969289438786,36.74054065238991],[138.40963039435826,36.740540652405635],[138.40963039441698,36.740582312360857],[138.40963039447576,36.740623982316073],[138.40963039453447,36.740665652271119],[138.40963039459319,36.740707312226334],[138.40963039465197,36.740748982181373],[138.40969289468131,36.740748982166011],[138.40969289473992,36.740790652121234],[138.40963039471069,36.740790652136596],[138.40963039476949,36.740832312091641],[138.40956789474023,36.740832312106917],[138.40950539471109,36.740832312122194],[138.4095053946522,36.740790652167327],[138.40950539459334,36.740748982212196],[138.40950539453445,36.740707312257328],[138.40950539447556,36.740665652302198],[138.40944289444613,36.740665652317745],[138.4093803944167,36.740665652333291],[138.40938039435775,36.740623982378601],[138.40931789432824,36.740623982394233],[138.40931789426907,36.740582312439372],[138.40931789421001,36.740540652484505],[138.40925539418032,36.740540652500229],[138.40925539412117,36.740498982545631],[138.40931789415094,36.740498982529814],[138.40938039418063,36.74049898251392],[138.40938039412157,36.740457312559059],[138.40944289415134,36.740457312543157],[138.40944289409236,36.740415652588297],[138.40950539412222,36.74041565257231],[138.4095678941521,36.740415652556408],[138.40956789421091,36.74045731251136],[138.40963039424068,36.740457312495465],[138.40963039429946,36.740498982450589],[138.40969289432923,36.740498982434787],[138.40969289438786,36.74054065238991]]]},"properties":{"FID":478,"A31_201":"8404030649","A31_202":"角間川","A31_203":20,"A31_204":"長野県","A31_205":1,"A31_206":" ","A31_207":" ","A31_208":" "}},{"type":"Feature","id":479,"geometry":{"type":"Polygon","coordinates":[[[138.40938039465289,36.740832312152747],[138.40938039471186,36.740873982107701],[138.4093178946828,36.740873982122885],[138.40931789462365,36.740832312168024],[138.40931789456457,36.740790652213335],[138.40938039459382,36.740790652197973],[138.40938039465289,36.740832312152747]]]},"properties":{"FID":479,"A31_201":"8404030649","A31_202":"角間川","A31_203":20,"A31_204":"長野県","A31_205":1,"A31_206":" ","A31_207":" ","A31_208":" "}},{"type":"Feature","id":480,"geometry":{"type":"Polygon","coordinates":[[[138.40888039465779,36.740998982092279],[138.40881789462881,36.740998982107293],[138.40881789456921,36.740957312152958],[138.40888039459819,36.740957312137951],[138.40888039465779,36.740998982092279]]]},"properties":{"FID":480,"A31_201":"8404030649","A31_202":"角間川","A31_203":20,"A31_204":"長野県","A31_205":1,"A31_206":" ","A31_207":" ","A31_208":" "}},{"type":"Feature","id":481,"geometry":{"type":"Polygon","coordinates":[[[138.40775539413775,36.740998982362285],[138.40769289410886,36.740998982377299],[138.40769289404795,36.7409573124243],[138.4077553940769,36.740957312409201],[138.40775539413775,36.740998982362285]]]},"properties":{"FID":481,"A31_201":"8404030649","A31_202":"角間川","A31_203":20,"A31_204":"長野県","A31_205":1,"A31_206":" ","A31_207":" ","A31_208":" "}},{"type":"Feature","id":482,"geometry":{"type":"Polygon","coordinates":[[[138.4084428944555,36.740998982197269],[138.40844289439545,36.740957312243381],[138.40850539442442,36.740957312228367],[138.4085678944534,36.740957312213268],[138.40856789439346,36.740915652259382],[138.40863039442252,36.740915652244283],[138.40863039436266,36.740873982290125],[138.4086303943028,36.740832312336067],[138.40869289433195,36.740832312320791],[138.40875539436118,36.740832312305514],[138.40875539442087,36.740873982259757],[138.40869289439181,36.740873982274941],[138.40869289445158,36.740915652229091],[138.40875539448064,36.740915652213999],[138.40875539454032,36.740957312168064],[138.40869289451135,36.740957312183156],[138.40869289457112,36.740998982137313],[138.40869289463092,36.741040652091471],[138.40863039460211,36.741040652106392],[138.40856789457331,36.741040652121313],[138.40856789451337,36.740998982167241],[138.40850539448448,36.740998982182255],[138.4084428944555,36.740998982197269]]]},"properties":{"FID":482,"A31_201":"8404030649","A31_202":"角間川","A31_203":20,"A31_204":"長野県","A31_205":1,"A31_206":" ","A31_207":" ","A31_208":" "}},{"type":"Feature","id":483,"geometry":{"type":"Polygon","coordinates":[[[138.40888039465779,36.740998982092279],[138.40894289468667,36.740998982077272],[138.40894289474619,36.741040652031693],[138.40894289480568,36.74108231198602],[138.4088803947769,36.741082312000856],[138.4088803947173,36.741040652046614],[138.40888039465779,36.740998982092279]]]},"properties":{"FID":483,"A31_201":"8404030649","A31_202":"角間川","A31_203":20,"A31_204":"長野県","A31_205":1,"A31_206":" ","A31_207":" ","A31_208":" "}},{"type":"Feature","id":484,"geometry":{"type":"Polygon","coordinates":[[[138.40763039426295,36.741123982251125],[138.40756789423423,36.741123982265876],[138.40756789417321,36.741082312312962],[138.40763039420193,36.741082312298133],[138.40763039426295,36.741123982251125]]]},"properties":{"FID":484,"A31_201":"8404030649","A31_202":"角間川","A31_203":20,"A31_204":"長野県","A31_205":1,"A31_206":" ","A31_207":" ","A31_208":" "}},{"type":"Feature","id":485,"geometry":{"type":"Polygon","coordinates":[[[138.4084428944555,36.740998982197269],[138.40844289451562,36.741040652151156],[138.40844289457567,36.74108231210495],[138.40844289463581,36.741123982058838],[138.40844289469584,36.741165652012455],[138.40838039466723,36.741165652027206],[138.4083178946386,36.741165652041943],[138.40831789457837,36.741123982088411],[138.40831789451818,36.741082312134616],[138.40838039454695,36.741082312119786],[138.40838039448676,36.741040652166078],[138.40838039442662,36.740998982212275],[138.4084428944555,36.740998982197269]]]},"properties":{"FID":485,"A31_201":"8404030649","A31_202":"角間川","A31_203":20,"A31_204":"長野県","A31_205":1,"A31_206":" ","A31_207":" ","A31_208":" "}},{"type":"Feature","id":486,"geometry":{"type":"Polygon","coordinates":[[[138.40756789435636,36.741207312171511],[138.40750539432776,36.74120731218617],[138.40750539426665,36.741165652233349],[138.40756789429534,36.741165652218605],[138.40756789435636,36.741207312171511]]]},"properties":{"FID":486,"A31_201":"8404030649","A31_202":"角間川","A31_203":20,"A31_204":"長野県","A31_205":1,"A31_206":" ","A31_207":" ","A31_208":" "}},{"type":"Feature","id":487,"geometry":{"type":"Polygon","coordinates":[[[138.40844289493609,36.741332311827918],[138.40838039490774,36.741332311842307],[138.4083803948476,36.741290651888505],[138.40844289487606,36.741290651873939],[138.40844289493609,36.741332311827918]]]},"properties":{"FID":487,"A31_201":"8404030649","A31_202":"角間川","A31_203":20,"A31_204":"長野県","A31_205":1,"A31_206":" ","A31_207":" ","A31_208":" "}},{"type":"Feature","id":488,"geometry":{"type":"Polygon","coordinates":[[[138.40756789453943,36.741332312030067],[138.40750539451108,36.741332312044548],[138.40750539444997,36.741290652091635],[138.4075678944784,36.741290652077154],[138.40756789453943,36.741332312030067]]]},"properties":{"FID":488,"A31_201":"8404030649","A31_202":"角間川","A31_203":20,"A31_204":"長野県","A31_205":1,"A31_206":" ","A31_207":" ","A31_208":" "}},{"type":"Feature","id":489,"geometry":{"type":"Polygon","coordinates":[[[138.40725539439774,36.741332312102273],[138.40719289436939,36.741332312116754],[138.40719289430794,36.741290652164288],[138.40725539433637,36.741290652149722],[138.40725539439774,36.741332312102273]]]},"properties":{"FID":489,"A31_201":"8404030649","A31_202":"角間川","A31_203":20,"A31_204":"長野県","A31_205":1,"A31_206":" ","A31_207":" ","A31_208":" "}},{"type":"Feature","id":490,"geometry":{"type":"Polygon","coordinates":[[[138.40650539499552,36.741998981497787],[138.40650539494055,36.741957311546656],[138.40656789496728,36.741957311532261],[138.40656789502208,36.741998981483398],[138.40650539499552,36.741998981497787]]]},"properties":{"FID":490,"A31_201":"8404030649","A31_202":"角間川","A31_203":20,"A31_204":"長野県","A31_205":1,"A31_206":" ","A31_207":" ","A31_208":" "}},{"type":"Feature","id":491,"geometry":{"type":"Polygon","coordinates":[[[138.40650539499552,36.741998981497787],[138.40650539505057,36.74204065144901],[138.40644289502401,36.742040651463483],[138.40644289496885,36.741998981512268],[138.40650539499552,36.741998981497787]]]},"properties":{"FID":491,"A31_201":"8404030649","A31_202":"角間川","A31_203":20,"A31_204":"長野県","A31_205":1,"A31_206":" ","A31_207":" ","A31_208":" "}},{"type":"Feature","id":492,"geometry":{"type":"Polygon","coordinates":[[[138.40644289513432,36.742123981365843],[138.40638039510802,36.742123981380502],[138.40638039505276,36.742082311429186],[138.40644289507915,36.74208231141462],[138.40644289513432,36.742123981365843]]]},"properties":{"FID":492,"A31_201":"8404030649","A31_202":"角間川","A31_203":20,"A31_204":"長野県","A31_205":1,"A31_206":" ","A31_207":" ","A31_208":" "}},{"type":"Feature","id":493,"geometry":{"type":"Polygon","coordinates":[[[138.40619289525202,36.742290651230242],[138.40619289519631,36.742248981278841],[138.40625539522219,36.742248981264012],[138.4062553952777,36.742290651215228],[138.40619289525202,36.742290651230242]]]},"properties":{"FID":493,"A31_201":"8404030649","A31_202":"角間川","A31_203":20,"A31_204":"長野県","A31_205":1,"A31_206":" ","A31_207":" ","A31_208":" "}},{"type":"Feature","id":494,"geometry":{"type":"Polygon","coordinates":[[[138.40619289525202,36.742290651230242],[138.4061928953077,36.742332311181727],[138.4061303952821,36.742332311196741],[138.40613039522631,36.742290651245163],[138.40619289525202,36.742290651230242]]]},"properties":{"FID":494,"A31_201":"8404030649","A31_202":"角間川","A31_203":20,"A31_204":"長野県","A31_205":1,"A31_206":" ","A31_207":" ","A31_208":" "}},{"type":"Feature","id":495,"geometry":{"type":"Polygon","coordinates":[[[138.40606789536849,36.742415651114911],[138.40600539534336,36.742415651130003],[138.40600539528722,36.742373981178339],[138.40606789531256,36.74237398116324],[138.40606789536849,36.742415651114911]]]},"properties":{"FID":495,"A31_201":"8404030649","A31_202":"角間川","A31_203":20,"A31_204":"長野県","A31_205":1,"A31_206":" ","A31_207":" ","A31_208":" "}},{"type":"Feature","id":496,"geometry":{"type":"Polygon","coordinates":[[[138.40588039551835,36.742582310967492],[138.40581789549356,36.742582310982854],[138.40581789543708,36.742540651031106],[138.40581789538049,36.742498981079166],[138.40588039540557,36.742498981063889],[138.40588039546196,36.74254065101583],[138.40588039551835,36.742582310967492]]]},"properties":{"FID":496,"A31_201":"8404030649","A31_202":"角間川","A31_203":20,"A31_204":"長野県","A31_205":1,"A31_206":" ","A31_207":" ","A31_208":" "}},{"type":"Feature","id":497,"geometry":{"type":"Polygon","coordinates":[[[138.40556789556587,36.742707310901096],[138.40550539554152,36.742707310916728],[138.40550539548431,36.742665650964526],[138.40556789550877,36.742665650948986],[138.40556789556587,36.742707310901096]]]},"properties":{"FID":497,"A31_201":"8404030649","A31_202":"角間川","A31_203":20,"A31_204":"長野県","A31_205":1,"A31_206":" ","A31_207":" ","A31_208":" "}},{"type":"Feature","id":498,"geometry":{"type":"Polygon","coordinates":[[[138.40581789571971,36.742748980790502],[138.40581789577627,36.742790650742258],[138.40575539575218,36.742790650758067],[138.40575539569551,36.742748980806134],[138.40581789571971,36.742748980790502]]]},"properties":{"FID":498,"A31_201":"8404030649","A31_202":"角間川","A31_203":20,"A31_204":"長野県","A31_205":1,"A31_206":" ","A31_207":" ","A31_208":" "}},{"type":"Feature","id":499,"geometry":{"type":"Polygon","coordinates":[[[138.40575539575218,36.742790650758067],[138.40575539580885,36.742832310710085],[138.40569289578494,36.742832310725902],[138.40569289572818,36.742790650773784],[138.40575539575218,36.742790650758067]]]},"properties":{"FID":499,"A31_201":"8404030649","A31_202":"角間川","A31_203":20,"A31_204":"長野県","A31_205":1,"A31_206":" ","A31_207":" ","A31_208":" "}},{"type":"Feature","id":500,"geometry":{"type":"Polygon","coordinates":[[[138.40531789621807,36.74324898034515],[138.40531789616043,36.743207310392776],[138.40525539613776,36.743207310409204],[138.4051928961151,36.743207310425632],[138.40519289617299,36.743248980378283],[138.40513039615053,36.743248980394796],[138.40513039609243,36.743207310442067],[138.40513039603442,36.743165650489516],[138.40513039597633,36.743123980536865],[138.40513039591826,36.743082310584136],[138.40513039586025,36.743040650631585],[138.40513039580216,36.742998980678848],[138.4051303957441,36.742957310726382],[138.40513039568609,36.742915650773654],[138.40519289570963,36.742915650757666],[138.40519289565174,36.7428739808052],[138.40525539567557,36.742873980789298],[138.40525539561773,36.742832310836747],[138.40531789564164,36.74283231082093],[138.40538039566556,36.742832310805035],[138.40538039560801,36.742790650852655],[138.40538039555054,36.742748980900373],[138.40544289557462,36.742748980884649],[138.40550539559879,36.742748980868924],[138.40556789562299,36.742748980853293],[138.40563039564717,36.742748980837575],[138.40563039559024,36.742707310885464],[138.40569289561449,36.742707310869832],[138.40569289555773,36.7426656509179],[138.40575539558219,36.742665650902353],[138.40581789560662,36.742665650886813],[138.40581789555014,36.742623980934795],[138.40588039557468,36.742623980919333],[138.40588039551835,36.742582310967492],[138.40594289554309,36.742582310952038],[138.40594289559931,36.742623980903886],[138.40600539562394,36.742623980888339],[138.40600539568004,36.742665650840095],[138.40594289565553,36.742665650855642],[138.40594289571183,36.742707310807305],[138.40588039568746,36.742707310822937],[138.40588039574388,36.742748980774778],[138.40581789571971,36.742748980790502],[138.40581789566312,36.742707310838568],[138.40575539563886,36.7427073108542],[138.40575539569551,36.742748980806134],[138.40569289567134,36.742748980821858],[138.40569289572818,36.742790650773784],[138.40563039570409,36.742790650789601],[138.40556789568009,36.742790650805318],[138.40550539565601,36.742790650821128],[138.40550539571319,36.742832310773416],[138.40556789573711,36.742832310757606],[138.40563039576102,36.742832310741704],[138.40569289578494,36.742832310725902],[138.40569289584178,36.742873980678013],[138.40569289589854,36.742915650629854],[138.40563039587499,36.742915650645841],[138.40563039593184,36.742957310598044],[138.40563039598885,36.74299898054997],[138.40556789596548,36.742998980566142],[138.40556789602257,36.743040650518338],[138.40550539599937,36.743040650534503],[138.40550539605658,36.743082310486614],[138.40550539611377,36.743123980438902],[138.40544289609085,36.743123980455245],[138.4054428961482,36.743165650407619],[138.40538039612554,36.743165650423961],[138.40538039618301,36.743207310376249],[138.40538039624056,36.74324898032863],[138.40531789621807,36.74324898034515]],[[138.40519289582554,36.742998980662776],[138.40519289588346,36.743040650615413],[138.40519289594135,36.743082310567885],[138.40525539596439,36.743082310551628],[138.40525539590666,36.743040650599255],[138.40525539584883,36.742998980646696],[138.40519289582554,36.742998980662776]],[[138.40538039572303,36.742873980757501],[138.40538039578058,36.742915650709705],[138.40538039583805,36.742957310662163],[138.40538039589552,36.742998980614459],[138.40544289591878,36.742998980598379],[138.4055053959421,36.742998980582215],[138.40550539588489,36.742957310630104],[138.40550539582767,36.742915650677816],[138.40544289580404,36.742915650693718],[138.40544289574666,36.742873980741606],[138.40538039572303,36.742873980757501]]]},"properties":{"FID":500,"A31_201":"8404030649","A31_202":"角間川","A31_203":20,"A31_204":"長野県","A31_205":1,"A31_206":" ","A31_207":" ","A31_208":" "}},{"type":"Feature","id":501,"geometry":{"type":"Polygon","coordinates":[[[138.40531789621807,36.74324898034515],[138.4053178962757,36.743290650297709],[138.40531789633337,36.743332310250082],[138.40525539631105,36.743332310266695],[138.40525539625332,36.743290650314314],[138.40525539619549,36.743248980361756],[138.40531789621807,36.74324898034515]]]},"properties":{"FID":501,"A31_201":"8404030649","A31_202":"角間川","A31_203":20,"A31_204":"長野県","A31_205":1,"A31_206":" ","A31_207":" ","A31_208":" "}},{"type":"Feature","id":502,"geometry":{"type":"Polygon","coordinates":[[[138.40506789624436,36.743332310316696],[138.40500539622215,36.743332310333393],[138.40494289619991,36.743332310350091],[138.40488039617779,36.743332310366696],[138.40488039623642,36.743373980319703],[138.40481789621427,36.743373980336486],[138.40475539619223,36.743373980353184],[138.40475539613325,36.743332310400092],[138.40475539607445,36.743290650447094],[138.40481789609677,36.743290650430488],[138.40481789603805,36.743248980477404],[138.40481789597925,36.743207310524397],[138.40488039600194,36.74320731050797],[138.40488039594331,36.743165650555149],[138.40494289596597,36.743165650538714],[138.40494289590754,36.743123980585807],[138.40500539593046,36.743123980569464],[138.40500539598884,36.743165650522371],[138.4050053960471,36.743207310475015],[138.40494289602452,36.743207310491449],[138.40494289608296,36.743248980444363],[138.40494289614139,36.74329065039727],[138.4050053961638,36.743290650380658],[138.40500539610545,36.743248980427836],[138.40506789612795,36.743248980411323],[138.40506789618621,36.743290650364052],[138.40506789624436,36.743332310316696]]]},"properties":{"FID":502,"A31_201":"8404030649","A31_202":"角間川","A31_203":20,"A31_204":"長野県","A31_205":1,"A31_206":" ","A31_207":" ","A31_208":" "}},{"type":"Feature","id":503,"geometry":{"type":"Polygon","coordinates":[[[138.40488039635363,36.743457310225523],[138.40481789633179,36.743457310242391],[138.40481789627307,36.743415650289307],[138.40488039629503,36.743415650272524],[138.40488039635363,36.743457310225523]]]},"properties":{"FID":503,"A31_201":"8404030649","A31_202":"角間川","A31_203":20,"A31_204":"長野県","A31_205":1,"A31_206":" ","A31_207":" ","A31_208":" "}},{"type":"Feature","id":504,"geometry":{"type":"Polygon","coordinates":[[[138.40481789639057,36.743498980195305],[138.4047553963689,36.743498980212181],[138.40475539630989,36.743457310259274],[138.40481789633179,36.743457310242391],[138.40481789639057,36.743498980195305]]]},"properties":{"FID":504,"A31_201":"8404030649","A31_202":"角間川","A31_203":20,"A31_204":"長野県","A31_205":1,"A31_206":" ","A31_207":" ","A31_208":" "}},{"type":"Feature","id":505,"geometry":{"type":"Polygon","coordinates":[[[138.40506789653534,36.74354065008027],[138.40506789659352,36.743582310033005],[138.40500539657216,36.743582310050144],[138.40500539651381,36.743540650097231],[138.40506789653534,36.74354065008027]]]},"properties":{"FID":505,"A31_201":"8404030649","A31_202":"角間川","A31_203":20,"A31_204":"長野県","A31_205":1,"A31_206":" ","A31_207":" ","A31_208":" "}},{"type":"Feature","id":506,"geometry":{"type":"Polygon","coordinates":[[[138.40494289655075,36.743582310067197],[138.40488039652942,36.74358231008425],[138.4048803964709,36.743540650131251],[138.40481789644929,36.743540650148304],[138.40481789639057,36.743498980195305],[138.40488039641218,36.743498980178344],[138.40488039635363,36.743457310225523],[138.40494289637533,36.74345731020864],[138.40500539639712,36.743457310191772],[138.40500539633877,36.743415650238859],[138.4050053962805,36.743373980286215],[138.40506789630254,36.743373980269517],[138.40506789636072,36.743415650222076],[138.40513039638276,36.743415650205286],[138.40519289640474,36.743415650188496],[138.40519289634673,36.743373980236029],[138.40525539636886,36.743373980219332],[138.40525539642658,36.743415650171627],[138.40525539648442,36.743457310124271],[138.40519289646255,36.743457310141139],[138.40519289652053,36.743498980093605],[138.40513039649886,36.743498980110573],[138.40513039655696,36.743540650063217],[138.40506789653534,36.74354065008027],[138.40506789647716,36.743498980127448],[138.40500539645546,36.743498980144409],[138.40494289643379,36.743498980161377],[138.40494289649223,36.743540650114284],[138.40494289655075,36.743582310067197]]]},"properties":{"FID":506,"A31_201":"8404030649","A31_202":"角間川","A31_203":20,"A31_204":"長野県","A31_205":1,"A31_206":" ","A31_207":" ","A31_208":" "}},{"type":"Feature","id":507,"geometry":{"type":"Polygon","coordinates":[[[138.40500539657216,36.743582310050144],[138.40500539663043,36.743623980002788],[138.40494289660919,36.743623980019933],[138.40494289655075,36.743582310067197],[138.40500539657216,36.743582310050144]]]},"properties":{"FID":507,"A31_201":"8404030649","A31_202":"角間川","A31_203":20,"A31_204":"長野県","A31_205":1,"A31_206":" ","A31_207":" ","A31_208":" "}},{"type":"Feature","id":508,"geometry":{"type":"Polygon","coordinates":[[[138.40500539674716,36.743707309908253],[138.40494289672617,36.743707309925568],[138.40488039670527,36.743707309942891],[138.40488039664666,36.743665649990071],[138.40494289666765,36.74366564997284],[138.40500539668881,36.743665649955702],[138.40500539674716,36.743707309908253]]]},"properties":{"FID":508,"A31_201":"8404030649","A31_202":"角間川","A31_203":20,"A31_204":"長野県","A31_205":1,"A31_206":" ","A31_207":" ","A31_208":" "}},{"type":"Feature","id":509,"geometry":{"type":"Polygon","coordinates":[[[138.40494289684307,36.743790649831482],[138.40488039682251,36.74379064984889],[138.4048803967639,36.743748979895891],[138.4049428967846,36.743748979878482],[138.40494289684307,36.743790649831482]]]},"properties":{"FID":509,"A31_201":"8404030649","A31_202":"角間川","A31_203":20,"A31_204":"長野県","A31_205":1,"A31_206":" ","A31_207":" ","A31_208":" "}},{"type":"Feature","id":510,"geometry":{"type":"Polygon","coordinates":[[[138.40450539675766,36.743832309906693],[138.40444289673712,36.743832309924187],[138.40438039671659,36.743832309941688],[138.4043803966569,36.743790649988334],[138.40438039659711,36.743748980034802],[138.40438039653742,36.743707310081177],[138.40438039647765,36.743665650127916],[138.40444289649881,36.743665650110685],[138.40444289643921,36.743623980157153],[138.40450539646048,36.743623980140015],[138.40456789648172,36.743623980122869],[138.40456789654104,36.743665650076224],[138.4046303965622,36.743665650058993],[138.40463039662134,36.743707310012084],[138.40469289664233,36.743707309994761],[138.40469289670131,36.743748979947938],[138.40463039668052,36.743748979965346],[138.40456789665961,36.743748979982669],[138.40456789671896,36.743790649936017],[138.40450539669823,36.743790649953425],[138.40450539675766,36.743832309906693]]]},"properties":{"FID":510,"A31_201":"8404030649","A31_202":"角間川","A31_203":20,"A31_204":"長野県","A31_205":1,"A31_206":" ","A31_207":" ","A31_208":" "}},{"type":"Feature","id":511,"geometry":{"type":"Polygon","coordinates":[[[138.40413039663443,36.743832310011676],[138.40406789661381,36.743832310029177],[138.40406789655341,36.743790650075468],[138.40413039657412,36.74379065005806],[138.40413039663443,36.743832310011676]]]},"properties":{"FID":511,"A31_201":"8404030649","A31_202":"角間川","A31_203":20,"A31_204":"長野県","A31_205":1,"A31_206":" ","A31_207":" ","A31_208":" "}},{"type":"Feature","id":512,"geometry":{"type":"Polygon","coordinates":[[[138.40488039693975,36.743873979754625],[138.4048178969193,36.743873979772204],[138.40481789686052,36.743832309819211],[138.40488039688114,36.743832309801711],[138.40488039693975,36.743873979754625]]]},"properties":{"FID":512,"A31_201":"8404030649","A31_202":"角間川","A31_203":20,"A31_204":"長野県","A31_205":1,"A31_206":" ","A31_207":" ","A31_208":" "}},{"type":"Feature","id":513,"geometry":{"type":"Polygon","coordinates":[[[138.40450539675766,36.743832309906693],[138.40456789677827,36.7438323098892],[138.40456789683759,36.743873979842462],[138.40450539681717,36.743873979860048],[138.40450539675766,36.743832309906693]]]},"properties":{"FID":513,"A31_201":"8404030649","A31_202":"角間川","A31_203":20,"A31_204":"長野県","A31_205":1,"A31_206":" ","A31_207":" ","A31_208":" "}},{"type":"Feature","id":514,"geometry":{"type":"Polygon","coordinates":[[[138.40475539701663,36.74395730969588],[138.40475539695774,36.743915649742789],[138.40481789697802,36.743915649725118],[138.40481789703682,36.743957309678208],[138.40475539701663,36.74395730969588]]]},"properties":{"FID":514,"A31_201":"8404030649","A31_202":"角間川","A31_203":20,"A31_204":"長野県","A31_205":1,"A31_206":" ","A31_207":" ","A31_208":" "}},{"type":"Feature","id":515,"geometry":{"type":"Polygon","coordinates":[[[138.40475539701663,36.74395730969588],[138.40475539707552,36.743998979649056],[138.40469289705553,36.74399897966682],[138.40469289699644,36.743957309713643],[138.40475539701663,36.74395730969588]]]},"properties":{"FID":515,"A31_201":"8404030649","A31_202":"角間川","A31_203":20,"A31_204":"長野県","A31_205":1,"A31_206":" ","A31_207":" ","A31_208":" "}},{"type":"Feature","id":516,"geometry":{"type":"Polygon","coordinates":[[[138.40413039663443,36.743832310011676],[138.40419289665496,36.743832309994175],[138.4041928967151,36.743873979947892],[138.40425539673555,36.743873979930392],[138.40425539679558,36.743915649883832],[138.40425539685555,36.74395730983754],[138.40419289683535,36.743957309855304],[138.40413039681528,36.743957309872982],[138.40406789679508,36.743957309890661],[138.40400539677489,36.743957309908424],[138.40394289675473,36.743957309926095],[138.40394289681547,36.743998979880161],[138.40394289687612,36.744040649833963],[138.40388039685629,36.744040649851812],[138.40388039691715,36.744082309805961],[138.40381789689741,36.744082309823817],[138.40375539687776,36.744082309841758],[138.40375539681665,36.744040649887516],[138.40381789683639,36.74404064986966],[138.40381789677545,36.743998979915688],[138.40381789671443,36.74395730996153],[138.40388039673462,36.743957309943859],[138.4038803966738,36.743915649989702],[138.40394289669405,36.743915649972031],[138.4039428966334,36.743873980018236],[138.40400539665384,36.743873980000643],[138.40406789667421,36.743873979983064],[138.40413039669465,36.743873979965471],[138.40413039663443,36.743832310011676]]]},"properties":{"FID":516,"A31_201":"8404030649","A31_202":"角間川","A31_203":20,"A31_204":"長野県","A31_205":1,"A31_206":" ","A31_207":" ","A31_208":" "}},{"type":"Feature","id":517,"geometry":{"type":"Polygon","coordinates":[[[138.40438039713464,36.744123979615964],[138.40438039719433,36.744165649569496],[138.40431789717485,36.744165649587615],[138.40425539715557,36.744165649605648],[138.40419289713608,36.744165649623682],[138.40413039711663,36.744165649641801],[138.40406789709715,36.744165649659827],[138.40406789703675,36.74412397970594],[138.40413039705632,36.744123979687913],[138.40419289707597,36.744123979669965],[138.40419289701583,36.744082309716347],[138.40419289695569,36.744040649762553],[138.40425539697554,36.744040649744697],[138.40425539703557,36.744082309698406],[138.40431789705514,36.74408230968055],[138.40438039707487,36.744082309662616],[138.40438039713464,36.744123979615964]]]},"properties":{"FID":517,"A31_201":"8404030649","A31_202":"角間川","A31_203":20,"A31_204":"長野県","A31_205":1,"A31_206":" ","A31_207":" ","A31_208":" "}},{"type":"Feature","id":518,"geometry":{"type":"Polygon","coordinates":[[[138.40469289705553,36.74399897966682],[138.40469289711459,36.744040649619819],[138.40469289717356,36.744082309572995],[138.40463039715382,36.744082309590937],[138.40463039721297,36.744123979544028],[138.4046303972722,36.74416564949729],[138.40463039733137,36.744207309450374],[138.40456789731198,36.744207309468493],[138.40456789725275,36.744165649515409],[138.4045678971934,36.744123979562055],[138.40450539717386,36.744123979579996],[138.40450539711435,36.744082309626734],[138.40456789713409,36.744082309608878],[138.40456789707483,36.744040649655524],[138.40463039709465,36.744040649637668],[138.4046303970355,36.743998979684584],[138.40469289705553,36.74399897966682]]]},"properties":{"FID":518,"A31_201":"8404030649","A31_202":"角間川","A31_203":20,"A31_204":"長野県","A31_205":1,"A31_206":" ","A31_207":" ","A31_208":" "}},{"type":"Feature","id":519,"geometry":{"type":"Polygon","coordinates":[[[138.40450539741161,36.744290649393413],[138.40450539735218,36.744248979440059],[138.40456789737132,36.744248979421855],[138.40456789743064,36.744290649375202],[138.40450539741161,36.744290649393413]]]},"properties":{"FID":519,"A31_201":"8404030649","A31_202":"角間川","A31_203":20,"A31_204":"長野県","A31_205":1,"A31_206":" ","A31_207":" ","A31_208":" "}},{"type":"Feature","id":520,"geometry":{"type":"Polygon","coordinates":[[[138.40450539741161,36.744290649393413],[138.40450539747104,36.744332309346674],[138.4044428974521,36.744332309365063],[138.40444289739258,36.74429064941171],[138.40450539741161,36.744290649393413]]]},"properties":{"FID":520,"A31_201":"8404030649","A31_202":"角間川","A31_203":20,"A31_204":"長野県","A31_205":1,"A31_206":" ","A31_207":" ","A31_208":" "}},{"type":"Feature","id":521,"geometry":{"type":"Polygon","coordinates":[[[138.40356789718768,36.744332309621655],[138.40356789712621,36.74429064966742],[138.40356789706465,36.744248979712907],[138.40350539704545,36.744248979731111],[138.4035053969838,36.744207309776606],[138.40350539692218,36.744165649822278],[138.40356789694164,36.744165649804245],[138.40356789700311,36.744207309758487],[138.40363039702248,36.744207309740368],[138.40363039708387,36.744248979694788],[138.40363039714524,36.744290649649116],[138.4036303972066,36.744332309603365],[138.40356789718768,36.744332309621655]]]},"properties":{"FID":521,"A31_201":"8404030649","A31_202":"角間川","A31_203":20,"A31_204":"長野県","A31_205":1,"A31_206":" ","A31_207":" ","A31_208":" "}},{"type":"Feature","id":522,"geometry":{"type":"Polygon","coordinates":[[[138.4044428974521,36.744332309365063],[138.4044428975117,36.74437397931851],[138.40438039749293,36.744373979336892],[138.40438039743324,36.74433230938336],[138.4044428974521,36.744332309365063]]]},"properties":{"FID":522,"A31_201":"8404030649","A31_202":"角間川","A31_203":20,"A31_204":"長野県","A31_205":1,"A31_206":" ","A31_207":" ","A31_208":" "}},{"type":"Feature","id":523,"geometry":{"type":"Polygon","coordinates":[[[138.40356789718768,36.744332309621655],[138.40356789724922,36.744373979576082],[138.40350539723048,36.744373979594556],[138.40350539729218,36.744415649549062],[138.40344289727352,36.744415649567536],[138.4034428972117,36.744373979612938],[138.40344289714989,36.74433230965834],[138.40350539716883,36.744332309640043],[138.40356789718768,36.744332309621655]]]},"properties":{"FID":523,"A31_201":"8404030649","A31_202":"角間川","A31_203":20,"A31_204":"長野県","A31_205":1,"A31_206":" ","A31_207":" ","A31_208":" "}},{"type":"Feature","id":524,"geometry":{"type":"Polygon","coordinates":[[[138.40350539741547,36.744498979457902],[138.40344289739716,36.744498979476553],[138.40344289733534,36.744457309521955],[138.40350539735383,36.744457309503389],[138.40350539741547,36.744498979457902]]]},"properties":{"FID":524,"A31_201":"8404030649","A31_202":"角間川","A31_203":20,"A31_204":"長野県","A31_205":1,"A31_206":" ","A31_207":" ","A31_208":" "}},{"type":"Feature","id":525,"geometry":{"type":"Polygon","coordinates":[[[138.40438039749293,36.744373979336892],[138.4043803975527,36.744415649290424],[138.40438039761239,36.744457309243778],[138.40438039767216,36.744498979197402],[138.40431789765375,36.744498979215962],[138.40431789771361,36.744540649169409],[138.40425539769558,36.744540649188053],[138.40419289767735,36.744540649206712],[138.40419289773749,36.744582309160506],[138.40413039771943,36.744582309179251],[138.40413039777965,36.744623979132868],[138.40406789776176,36.744623979151697],[138.40406789770137,36.744582309197988],[138.40400539768325,36.744582309216725],[138.40400539762277,36.744540649262753],[138.40394289760454,36.74454064928149],[138.40394289754377,36.744498979327602],[138.40394289748312,36.74445730937363],[138.40394289742244,36.744415649419743],[138.4039428973617,36.744373979465678],[138.40388039734293,36.744373979484067],[138.40388039728211,36.744332309529995],[138.40388039722126,36.744290649576115],[138.40388039716049,36.744248979621958],[138.40394289717963,36.744248979603753],[138.40394289724037,36.744290649557811],[138.4040053972594,36.744290649539522],[138.40400539719883,36.744248979585542],[138.40406789721803,36.744248979567423],[138.40406789715755,36.744207309613536],[138.40413039717691,36.744207309595325],[138.40413039723714,36.744248979549212],[138.40419289725634,36.744248979531008],[138.40419289731648,36.74429064948481],[138.4042553973355,36.744290649466507],[138.40425539739556,36.744332309420045],[138.4043178974143,36.744332309401656],[138.40431789747419,36.744373979355274],[138.4042553974555,36.744373979373663],[138.40419289743681,36.744373979392051],[138.40413039741799,36.744373979410526],[138.4041303974783,36.744415649364321],[138.40413039753861,36.744457309317937],[138.40419289755701,36.744457309299463],[138.4042553975755,36.744457309280904],[138.4043178975939,36.744457309262344],[138.40431789753404,36.744415649308898],[138.40431789747419,36.744373979355274],[138.40438039749293,36.744373979336892]]]},"properties":{"FID":525,"A31_201":"8404030649","A31_202":"角間川","A31_203":20,"A31_204":"長野県","A31_205":1,"A31_206":" ","A31_207":" ","A31_208":" "}},{"type":"Feature","id":526,"geometry":{"type":"Polygon","coordinates":[[[138.40406789788256,36.744707309059471],[138.40406789782216,36.744665649105585],[138.40413039783996,36.74466564908667],[138.40413039790025,36.74470730904055],[138.40406789788256,36.744707309059471]]]},"properties":{"FID":526,"A31_201":"8404030649","A31_202":"角間川","A31_203":20,"A31_204":"長野県","A31_205":1,"A31_206":" ","A31_207":" ","A31_208":" "}},{"type":"Feature","id":527,"geometry":{"type":"Polygon","coordinates":[[[138.40344289776797,36.744748979203521],[138.40344289770616,36.744707309249094],[138.40344289764434,36.744665649294504],[138.4035053976622,36.744665649275582],[138.40356789767998,36.74466564925666],[138.40363039769778,36.744665649237831],[138.40363039775914,36.744707309192165],[138.40369289777675,36.744707309173251],[138.40369289783803,36.744748979127401],[138.40363039782051,36.744748979146408],[138.40356789780301,36.744748979165415],[138.40350539778549,36.744748979184422],[138.40344289776797,36.744748979203521]]]},"properties":{"FID":527,"A31_201":"8404030649","A31_202":"角間川","A31_203":20,"A31_204":"長野県","A31_205":1,"A31_206":" ","A31_207":" ","A31_208":" "}},{"type":"Feature","id":528,"geometry":{"type":"Polygon","coordinates":[[[138.40406789788256,36.744707309059471],[138.40406789794304,36.744748979013181],[138.40400539792546,36.744748979032281],[138.40400539798603,36.744790648986253],[138.40394289796868,36.744790649005353],[138.40388039795135,36.744790649024445],[138.4038803978905,36.744748979070295],[138.40394289790794,36.74474897905128],[138.40394289784726,36.744707309097393],[138.40400539786495,36.744707309078478],[138.40406789788256,36.744707309059471]]]},"properties":{"FID":528,"A31_201":"8404030649","A31_202":"角間川","A31_203":20,"A31_204":"長野県","A31_205":1,"A31_206":" ","A31_207":" ","A31_208":" "}},{"type":"Feature","id":529,"geometry":{"type":"Polygon","coordinates":[[[138.40394289809009,36.744873978913212],[138.40394289802936,36.744832308959147],[138.40400539804659,36.744832308939962],[138.40400539810716,36.744873978893935],[138.40394289809009,36.744873978913212]]]},"properties":{"FID":529,"A31_201":"8404030649","A31_202":"角間川","A31_203":20,"A31_204":"長野県","A31_205":1,"A31_206":" ","A31_207":" ","A31_208":" "}},{"type":"Feature","id":530,"geometry":{"type":"Polygon","coordinates":[[[138.40344289795343,36.744873979067044],[138.40338039793625,36.744873979086321],[138.40338039787434,36.744832309131631],[138.40338039781244,36.744790649177212],[138.40338039775045,36.744748979222521],[138.40344289776797,36.744748979203521],[138.40344289782979,36.744790649158119],[138.40344289789161,36.744832309112446],[138.40344289795343,36.744873979067044]]]},"properties":{"FID":530,"A31_201":"8404030649","A31_202":"角間川","A31_203":20,"A31_204":"長野県","A31_205":1,"A31_206":" ","A31_207":" ","A31_208":" "}},{"type":"Feature","id":531,"geometry":{"type":"Polygon","coordinates":[[[138.40394289809009,36.744873978913212],[138.40394289815075,36.744915648867192],[138.40394289821143,36.744957308821071],[138.40388039819462,36.744957308840441],[138.40388039825547,36.744998978794499],[138.40381789823883,36.744998978813953],[138.40381789817781,36.744957308859796],[138.40381789811687,36.744915648905824],[138.40381789805585,36.744873978951674],[138.40388039807294,36.744873978932397],[138.40394289809009,36.744873978913212]]]},"properties":{"FID":531,"A31_201":"8404030649","A31_202":"角間川","A31_203":20,"A31_204":"長野県","A31_205":1,"A31_206":" ","A31_207":" ","A31_208":" "}},{"type":"Feature","id":532,"geometry":{"type":"Polygon","coordinates":[[[138.40381789823883,36.744998978813953],[138.40381789829976,36.745040648767926],[138.40375539828338,36.745040648787466],[138.40375539822219,36.744998978833408],[138.40381789823883,36.744998978813953]]]},"properties":{"FID":532,"A31_201":"8404030649","A31_202":"角間川","A31_203":20,"A31_204":"長野県","A31_205":1,"A31_206":" ","A31_207":" ","A31_208":" "}},{"type":"Feature","id":533,"geometry":{"type":"Polygon","coordinates":[[[138.40369289838932,36.745123978715668],[138.40363039837305,36.7451239787353],[138.40363039831161,36.74508230878088],[138.40369289832805,36.74508230876134],[138.40369289838932,36.745123978715668]]]},"properties":{"FID":533,"A31_201":"8404030649","A31_202":"角間川","A31_203":20,"A31_204":"長野県","A31_205":1,"A31_206":" ","A31_207":" ","A31_208":" "}},{"type":"Feature","id":534,"geometry":{"type":"Polygon","coordinates":[[[138.40344289795343,36.744873979067044],[138.40350539797049,36.74487397904786],[138.40350539803214,36.744915649002365],[138.40350539809387,36.7449573089567],[138.40350539815552,36.744998978911212],[138.40344289813879,36.74499897893066],[138.40344289820061,36.74504064888508],[138.40344289826243,36.745082308839677],[138.40344289832424,36.745123978794275],[138.40338039830797,36.745123978813908],[138.40338039824604,36.745082308859217],[138.4033178982296,36.74508230887885],[138.40331789816753,36.745040648924075],[138.40325539815097,36.745040648943615],[138.40325539808882,36.744998978988924],[138.40325539802654,36.744957309034234],[138.40319289800973,36.744957309053603],[138.40319289794741,36.744915649098914],[138.4032553979643,36.744915649079552],[138.40331789798128,36.744915649060275],[138.40338039799826,36.744915649041005],[138.40338039806016,36.744957308995424],[138.40344289807697,36.744957308976062],[138.40344289801524,36.744915649021642],[138.40344289795343,36.744873979067044]]]},"properties":{"FID":534,"A31_201":"8404030649","A31_202":"角間川","A31_203":20,"A31_204":"長野県","A31_205":1,"A31_206":" ","A31_207":" ","A31_208":" "}},{"type":"Feature","id":535,"geometry":{"type":"Polygon","coordinates":[[[138.40300539908944,36.745707308301732],[138.40294289907504,36.745707308322423],[138.40294289901215,36.745665648367208],[138.40300539902665,36.745665648346687],[138.40300539908944,36.745707308301732]]]},"properties":{"FID":535,"A31_201":"8404030649","A31_202":"角間川","A31_203":20,"A31_204":"長野県","A31_205":1,"A31_206":" ","A31_207":" ","A31_208":" "}},{"type":"Feature","id":536,"geometry":{"type":"Polygon","coordinates":[[[138.40294289926385,36.745832308187637],[138.40288039924991,36.745832308208421],[138.40288039918693,36.745790648253205],[138.40294289920089,36.745790648232415],[138.40294289926385,36.745832308187637]]]},"properties":{"FID":536,"A31_201":"8404030649","A31_202":"角間川","A31_203":20,"A31_204":"長野県","A31_205":1,"A31_206":" ","A31_207":" ","A31_208":" "}},{"type":"Feature","id":537,"geometry":{"type":"Polygon","coordinates":[[[138.40288039937602,36.745915648118682],[138.40281789936242,36.745915648139729],[138.40281789929927,36.74587397818442],[138.40288039931303,36.745873978163459],[138.40288039937602,36.745915648118682]]]},"properties":{"FID":537,"A31_201":"8404030649","A31_202":"角間川","A31_203":20,"A31_204":"長野県","A31_205":1,"A31_206":" ","A31_207":" ","A31_208":" "}},{"type":"Feature","id":538,"geometry":{"type":"Polygon","coordinates":[[[138.43519289803774,36.72583233114301],[138.43519289800747,36.725790671173492],[138.43525539807544,36.725790671202532],[138.43531789814358,36.725790671231664],[138.43531789817376,36.72583233120136],[138.43525539810571,36.725832331172228],[138.43519289803774,36.72583233114301]]]},"properties":{"FID":538,"A31_201":"8404030649","A31_202":"角間川","A31_203":20,"A31_204":"長野県","A31_205":2,"A31_206":" ","A31_207":" ","A31_208":" "}},{"type":"Feature","id":539,"geometry":{"type":"Polygon","coordinates":[[[138.43544289824985,36.725749001319883],[138.43544289827986,36.725790671289843],[138.43544289830996,36.725832331259717],[138.4353803982419,36.725832331230492],[138.43538039821172,36.725790671260796],[138.43538039818162,36.725749001290836],[138.43544289824985,36.725749001319883]]]},"properties":{"FID":539,"A31_201":"8404030649","A31_202":"角間川","A31_203":20,"A31_204":"長野県","A31_205":2,"A31_206":" ","A31_207":" ","A31_208":" "}},{"type":"Feature","id":540,"geometry":{"type":"Polygon","coordinates":[[[138.43625539928226,36.725957331551434],[138.43619289921438,36.725957331522039],[138.43613039914649,36.725957331492637],[138.43613039911719,36.725915671522053],[138.43613039908789,36.72587400155129],[138.43613039905856,36.725832331580527],[138.43613039902925,36.725790671609943],[138.43613039899995,36.72574900163918],[138.43619289906817,36.725749001668134],[138.4362553991364,36.725749001697181],[138.43631789920454,36.725749001726221],[138.4363178992337,36.725790671697254],[138.4363178992628,36.725832331668016],[138.43631789929196,36.725874001638957],[138.43631789932098,36.725915671609982],[138.43625539925301,36.725915671580672],[138.43625539928226,36.725957331551434]]]},"properties":{"FID":540,"A31_201":"8404030649","A31_202":"角間川","A31_203":20,"A31_204":"長野県","A31_205":2,"A31_206":" ","A31_207":" ","A31_208":" "}},{"type":"Feature","id":541,"geometry":{"type":"Polygon","coordinates":[[[138.43463039754917,36.725999000756765],[138.43463039751816,36.725957330787693],[138.43469289758596,36.725957330816996],[138.43475539765382,36.725957330846398],[138.43475539768465,36.725999000815648],[138.43469289761686,36.725999000786253],[138.43463039754917,36.725999000756765]]]},"properties":{"FID":541,"A31_201":"8404030649","A31_202":"角間川","A31_203":20,"A31_204":"長野県","A31_205":2,"A31_206":" ","A31_207":" ","A31_208":" "}},{"type":"Feature","id":542,"geometry":{"type":"Polygon","coordinates":[[[138.43519289803774,36.72583233114301],[138.43519289806812,36.725874001112707],[138.43513039800015,36.725874001083483],[138.43513039803054,36.725915671053187],[138.43513039806092,36.725957331022613],[138.43513039809139,36.72599900099231],[138.43506789802359,36.725999000962915],[138.43506789799312,36.725957330993303],[138.43506789796265,36.72591567102387],[138.43500539789468,36.725915670994567],[138.43500539786413,36.725874001025048],[138.4350678979321,36.725874001054265],[138.43506789790163,36.725832331084746],[138.43513039796969,36.725832331113878],[138.43519289803774,36.72583233114301]]]},"properties":{"FID":542,"A31_201":"8404030649","A31_202":"角間川","A31_203":20,"A31_204":"長野県","A31_205":2,"A31_206":" ","A31_207":" ","A31_208":" "}},{"type":"Feature","id":543,"geometry":{"type":"Polygon","coordinates":[[[138.43463039754917,36.725999000756765],[138.43463039758015,36.726040670725666],[138.43456789751238,36.726040670696086],[138.43450539744467,36.726040670666599],[138.4345053974136,36.725999000697882],[138.43456789748137,36.725999000727278],[138.43463039754917,36.725999000756765]]]},"properties":{"FID":543,"A31_201":"8404030649","A31_202":"角間川","A31_203":20,"A31_204":"長野県","A31_205":2,"A31_206":" ","A31_207":" ","A31_208":" "}},{"type":"Feature","id":544,"geometry":{"type":"Polygon","coordinates":[[[138.43456789760555,36.726165670603045],[138.43456789763655,36.726207330572031],[138.43456789766762,36.726249000540932],[138.43456789769863,36.726290670510004],[138.43450539763137,36.726290670480068],[138.43450539760019,36.726249000511089],[138.4345053975691,36.72620733054228],[138.43450539753803,36.72616567057338],[138.43456789760555,36.726165670603045]]]},"properties":{"FID":544,"A31_201":"8404030649","A31_202":"角間川","A31_203":20,"A31_204":"長野県","A31_205":2,"A31_206":" ","A31_207":" ","A31_208":" "}},{"type":"Feature","id":545,"geometry":{"type":"Polygon","coordinates":[[[138.4335678967183,36.726415669934681],[138.43363039678545,36.726415669964794],[138.43363039681753,36.726457329932622],[138.43356789675045,36.726457329902424],[138.43350539668353,36.726457329872225],[138.43350539665138,36.726415669904569],[138.4335678967183,36.726415669934681]]]},"properties":{"FID":545,"A31_201":"8404030649","A31_202":"角間川","A31_203":20,"A31_204":"長野県","A31_205":2,"A31_206":" ","A31_207":" ","A31_208":" "}},{"type":"Feature","id":546,"geometry":{"type":"Polygon","coordinates":[[[138.4337553969516,36.726457329993018],[138.43369289688451,36.72645732996282],[138.43369289685253,36.726415669994992],[138.43369289682047,36.726374000026894],[138.4336303967533,36.726373999996781],[138.43363039672124,36.72633233002886],[138.4336928967885,36.726332330058881],[138.43375539685576,36.726332330088901],[138.43375539688765,36.726374000056907],[138.43375539691962,36.726415670025098],[138.4337553969516,36.726457329993018]]]},"properties":{"FID":546,"A31_201":"8404030649","A31_202":"角間川","A31_203":20,"A31_204":"長野県","A31_205":2,"A31_206":" ","A31_207":" ","A31_208":" "}},{"type":"Feature","id":547,"geometry":{"type":"Polygon","coordinates":[[[138.43413039735361,36.726457330174298],[138.4340678972867,36.7264573301441],[138.43406789725509,36.726415670175825],[138.43406789722354,36.726374000207279],[138.43406789719194,36.726332330238826],[138.43400539712468,36.726332330208891],[138.43400539709296,36.726290670240616],[138.43400539706136,36.726249000272162],[138.43400539702964,36.726207330303978],[138.43400539699803,36.726165670335618],[138.43406789706555,36.726165670365276],[138.43406789709707,36.726207330333736],[138.43413039716444,36.726207330363579],[138.43413039719596,36.72624900033194],[138.43413039722748,36.726290670300486],[138.43419289729482,36.726290670330414],[138.43419289732628,36.726332330298867],[138.43419289735772,36.726374000267413],[138.43419289738915,36.726415670236037],[138.43413039732206,36.726415670205931],[138.43413039735361,36.726457330174298]]]},"properties":{"FID":547,"A31_201":"8404030649","A31_202":"角間川","A31_203":20,"A31_204":"長野県","A31_205":2,"A31_206":" ","A31_207":" ","A31_208":" "}},{"type":"Feature","id":548,"geometry":{"type":"Polygon","coordinates":[[[138.4344428975952,36.726332330418856],[138.43444289762638,36.726374000387665],[138.43450539769356,36.726374000417778],[138.43450539772471,36.726415670386764],[138.4345053977558,36.726457330355572],[138.43444289768871,36.726457330325374],[138.43438039762174,36.726457330295176],[138.43438039759047,36.72641567032646],[138.43438039755921,36.726374000357652],[138.43438039752795,36.726332330388843],[138.4344428975952,36.726332330418856]]]},"properties":{"FID":548,"A31_201":"8404030649","A31_202":"角間川","A31_203":20,"A31_204":"長野県","A31_205":2,"A31_206":" ","A31_207":" ","A31_208":" "}},{"type":"Feature","id":549,"geometry":{"type":"Polygon","coordinates":[[[138.43475539796211,36.726374000538037],[138.43475539799294,36.726415670507293],[138.43475539802375,36.726457330476364],[138.43469289795678,36.726457330446166],[138.43469289792586,36.726415670477181],[138.43469289789496,36.726374000508017],[138.43475539796211,36.726374000538037]]]},"properties":{"FID":549,"A31_201":"8404030649","A31_202":"角間川","A31_203":20,"A31_204":"長野県","A31_205":2,"A31_206":" ","A31_207":" ","A31_208":" "}},{"type":"Feature","id":550,"geometry":{"type":"Polygon","coordinates":[[[138.43506789826748,36.72633233071889],[138.43506789829794,36.726374000688409],[138.43506789832841,36.726415670658014],[138.43506789835888,36.72645733062744],[138.43500539829188,36.726457330597242],[138.43500539826132,36.726415670627901],[138.43500539823077,36.726374000658296],[138.43500539820022,36.726332330688862],[138.43506789826748,36.72633233071889]]]},"properties":{"FID":550,"A31_201":"8404030649","A31_202":"角間川","A31_203":20,"A31_204":"長野県","A31_205":2,"A31_206":" ","A31_207":" ","A31_208":" "}},{"type":"Feature","id":551,"geometry":{"type":"Polygon","coordinates":[[[138.43538039854326,36.726249000929151],[138.43538039857339,36.726290670899118],[138.43538039860348,36.7263323308689],[138.43544289867074,36.726332330898828],[138.43544289870084,36.726374000868795],[138.43544289873088,36.726415670838847],[138.43544289876098,36.726457330808721],[138.43538039869389,36.72645733077843],[138.43531789862692,36.726457330748232],[138.43531789859674,36.726415670778536],[138.43531789856652,36.726374000808661],[138.43531789853631,36.726332330838879],[138.43531789850613,36.726290670869183],[138.43531789847594,36.726249000899308],[138.43538039854326,36.726249000929151]]]},"properties":{"FID":551,"A31_201":"8404030649","A31_202":"角間川","A31_203":20,"A31_204":"長野県","A31_205":2,"A31_206":" ","A31_207":" ","A31_208":" "}},{"type":"Feature","id":552,"geometry":{"type":"Polygon","coordinates":[[[138.43338039654947,36.726457329811829],[138.4333803965819,36.726498999779572],[138.43331789651489,36.726498999749282],[138.43331789648249,36.726457329781631],[138.43338039654947,36.726457329811829]]]},"properties":{"FID":552,"A31_201":"8404030649","A31_202":"角間川","A31_203":20,"A31_204":"長野県","A31_205":2,"A31_206":" ","A31_207":" ","A31_208":" "}},{"type":"Feature","id":553,"geometry":{"type":"Polygon","coordinates":[[[138.43350539678016,36.726582329775539],[138.43350539681242,36.726623999743467],[138.4334428967457,36.726623999712999],[138.43344289671344,36.72658232974517],[138.43350539678016,36.726582329775539]]]},"properties":{"FID":553,"A31_201":"8404030649","A31_202":"角間川","A31_203":20,"A31_204":"長野県","A31_205":2,"A31_206":" ","A31_207":" ","A31_208":" "}},{"type":"Feature","id":554,"geometry":{"type":"Polygon","coordinates":[[[138.4337553969516,36.726457329993018],[138.43381789701857,36.726457330023308],[138.43381789705046,36.726498999991492],[138.43388039711743,36.726499000021775],[138.43388039714924,36.726540669989966],[138.43388039718104,36.726582329958063],[138.43388039721285,36.726623999926339],[138.43388039724465,36.726665669894437],[138.43381789717802,36.726665669863884],[138.43381789714613,36.726623999895878],[138.43381789711424,36.726582329927687],[138.43381789708235,36.72654066995959],[138.43375539701543,36.726540669929307],[138.43375539698349,36.726498999961208],[138.4337553969516,36.726457329993018]]]},"properties":{"FID":554,"A31_201":"8404030649","A31_202":"角間川","A31_203":20,"A31_204":"長野県","A31_205":2,"A31_206":" ","A31_207":" ","A31_208":" "}},{"type":"Feature","id":555,"geometry":{"type":"Polygon","coordinates":[[[138.43581789925202,36.726582330900953],[138.43581789928166,36.726624000871453],[138.43581789931125,36.726665670841591],[138.4357553992447,36.726665670811038],[138.43575539921503,36.726624000840985],[138.43575539918527,36.726582330870578],[138.43581789925202,36.726582330900953]]]},"properties":{"FID":555,"A31_201":"8404030649","A31_202":"角間川","A31_203":20,"A31_204":"長野県","A31_205":2,"A31_206":" ","A31_207":" ","A31_208":" "}},{"type":"Feature","id":556,"geometry":{"type":"Polygon","coordinates":[[[138.43569289917806,36.726665670780484],[138.43569289920782,36.726707330750799],[138.43569289923758,36.726749000720943],[138.43569289926742,36.726790670691258],[138.43563039920096,36.726790670660442],[138.43563039917103,36.726749000690212],[138.43563039914119,36.72670733072016],[138.43563039911135,36.726665670749931],[138.43569289917806,36.726665670780484]]]},"properties":{"FID":556,"A31_201":"8404030649","A31_202":"角間川","A31_203":20,"A31_204":"長野県","A31_205":2,"A31_206":" ","A31_207":" ","A31_208":" "}},{"type":"Feature","id":557,"geometry":{"type":"Polygon","coordinates":[[[138.43538039896515,36.726832330507122],[138.43544289903161,36.726832330537945],[138.43544289906163,36.726874000507998],[138.43538039899536,36.726874000477089],[138.43531789892899,36.72687400044618],[138.4353178988988,36.726832330476306],[138.43538039896515,36.726832330507122]]]},"properties":{"FID":557,"A31_201":"8404030649","A31_202":"角間川","A31_203":20,"A31_204":"長野県","A31_205":2,"A31_206":" ","A31_207":" ","A31_208":" "}},{"type":"Feature","id":558,"geometry":{"type":"Polygon","coordinates":[[[138.43381789717802,36.726665669863884],[138.43381789720979,36.726707329832067],[138.43381789724168,36.72674899980008],[138.43381789727357,36.726790669768356],[138.43381789730546,36.726832329736276],[138.43388039737181,36.726832329767092],[138.4338803974037,36.726873999735375],[138.43381789733735,36.726873999704466],[138.43381789736924,36.726915669672735],[138.43375539730295,36.726915669641741],[138.43375539727097,36.726873999673643],[138.43369289720471,36.726873999642734],[138.43369289717265,36.726832329674636],[138.43369289714065,36.726790669706801],[138.43369289710859,36.726748999738703],[138.43369289707661,36.72670732977079],[138.43363039700998,36.726707329740236],[138.43363039697792,36.726665669772224],[138.43356789691128,36.726665669741671],[138.43356789687905,36.726623999773928],[138.43363039694586,36.726623999804389],[138.43363039691371,36.726582329836383],[138.4336928969806,36.726582329866844],[138.43369289701258,36.726623999834857],[138.43375539707938,36.72662399986541],[138.43375539711127,36.726665669833331],[138.43381789717802,36.726665669863884]]]},"properties":{"FID":558,"A31_201":"8404030649","A31_202":"角間川","A31_203":20,"A31_204":"長野県","A31_205":2,"A31_206":" ","A31_207":" ","A31_208":" "}},{"type":"Feature","id":559,"geometry":{"type":"Polygon","coordinates":[[[138.43475539836294,36.726915670137259],[138.43475539839378,36.72695733010633],[138.43469289832757,36.726957330075336],[138.43469289829667,36.726915670106351],[138.43469289826578,36.726874000137187],[138.43469289823486,36.72683233016793],[138.43469289820393,36.726790670199037],[138.43463039813759,36.726790670168214],[138.43463039810666,36.726749000199135],[138.43469289817304,36.726749000229781],[138.43475539823959,36.726749000260511],[138.43475539827048,36.726790670229761],[138.43475539830123,36.726832330198839],[138.43481789836767,36.726832330229655],[138.43481789839842,36.726874000198912],[138.43475539833213,36.726874000168003],[138.43475539836294,36.726915670137259]]]},"properties":{"FID":559,"A31_201":"8404030649","A31_202":"角間川","A31_203":20,"A31_204":"長野県","A31_205":2,"A31_206":" ","A31_207":" ","A31_208":" "}},{"type":"Feature","id":560,"geometry":{"type":"Polygon","coordinates":[[[138.43344289703631,36.726998999422236],[138.43338039697022,36.726998999391157],[138.43338039693779,36.726957329423499],[138.43344289700406,36.726957329454493],[138.43344289703631,36.726998999422236]]]},"properties":{"FID":560,"A31_201":"8404030649","A31_202":"角間川","A31_203":20,"A31_204":"長野県","A31_205":2,"A31_206":" ","A31_207":" ","A31_208":" "}},{"type":"Feature","id":561,"geometry":{"type":"Polygon","coordinates":[[[138.4344428979694,36.726832330044651],[138.43444289800055,36.726874000013552],[138.43444289803173,36.726915669982446],[138.43450539809803,36.72691567001344],[138.43450539812909,36.726957329982255],[138.43450539816018,36.726998999951149],[138.43450539819136,36.727040669920136],[138.43444289812527,36.727040669888964],[138.43444289809409,36.726998999919971],[138.434380398028,36.726998999888892],[138.43438039799673,36.726957329920168],[138.43438039796547,36.726915669951453],[138.43438039793421,36.726873999982644],[138.43438039790294,36.726832330013835],[138.4344428979694,36.726832330044651]]]},"properties":{"FID":561,"A31_201":"8404030649","A31_202":"角間川","A31_203":20,"A31_204":"長野県","A31_205":2,"A31_206":" ","A31_207":" ","A31_208":" "}},{"type":"Feature","id":562,"geometry":{"type":"Polygon","coordinates":[[[138.43344289703631,36.726998999422236],[138.43350539710241,36.726998999453329],[138.43350539713464,36.727040669421243],[138.43356789720065,36.727040669452421],[138.43356789723273,36.727082329420163],[138.4335053971669,36.727082329388899],[138.43344289710089,36.727082329357636],[138.43344289706863,36.727040669390071],[138.43344289703631,36.726998999422236]]]},"properties":{"FID":562,"A31_201":"8404030649","A31_202":"角間川","A31_203":20,"A31_204":"長野県","A31_205":2,"A31_206":" ","A31_207":" ","A31_208":" "}},{"type":"Feature","id":563,"geometry":{"type":"Polygon","coordinates":[[[138.43488039858752,36.727040670107186],[138.43494289865362,36.727040670138365],[138.43494289868426,36.727082330107613],[138.43488039861825,36.727082330076442],[138.43481789855224,36.727082330045178],[138.43481789852152,36.727040670076008],[138.43488039858752,36.727040670107186]]]},"properties":{"FID":563,"A31_201":"8404030649","A31_202":"角間川","A31_203":20,"A31_204":"長野県","A31_205":2,"A31_206":" ","A31_207":" ","A31_208":" "}},{"type":"Feature","id":564,"geometry":{"type":"Polygon","coordinates":[[[138.43250539611125,36.72708232888894],[138.43244289604522,36.727082328857676],[138.43244289607861,36.727123998824354],[138.43238039601277,36.727123998793004],[138.43238039597941,36.727082328826413],[138.4323803959459,36.727040668860006],[138.43244289601182,36.727040668891178],[138.43244289597843,36.7269989989245],[138.43244289594503,36.726957328957823],[138.43250539601124,36.726957328988917],[138.43250539604455,36.726998998955594],[138.43250539607783,36.727040668922356],[138.43250539611125,36.72708232888894]]]},"properties":{"FID":564,"A31_201":"8404030649","A31_202":"角間川","A31_203":20,"A31_204":"長野県","A31_205":2,"A31_206":" ","A31_207":" ","A31_208":" "}},{"type":"Feature","id":565,"geometry":{"type":"Polygon","coordinates":[[[138.43250539601124,36.726957328988917],[138.43250539597793,36.726915669022326],[138.43250539594453,36.726873999055556],[138.43256789601088,36.726873999086465],[138.4325678959776,36.726832329119617],[138.43263039604403,36.726832329150433],[138.43263039601084,36.726790669183757],[138.43269289607736,36.72679066921458],[138.43269289604416,36.726748999247633],[138.43275539611071,36.726748999278271],[138.43275539607765,36.726707329311424],[138.43281789614429,36.726707329342062],[138.43288039621092,36.726707329372701],[138.43288039617798,36.726665669405492],[138.4329428962447,36.726665669436045],[138.43294289621184,36.726623999469105],[138.43300539627847,36.726623999499566],[138.43300539624568,36.72658232953227],[138.43306789631251,36.726582329562646],[138.43313039637931,36.726582329593114],[138.43313039634671,36.726540669625813],[138.43319289641363,36.726540669656188],[138.43319289638103,36.726498999688715],[138.43325539644792,36.726498999718999],[138.43325539648043,36.726540669686472],[138.43325539651295,36.726582329653951],[138.43325539654543,36.726623999621516],[138.43325539657795,36.726665669588812],[138.43325539661046,36.726707329556469],[138.43325539664295,36.726748999523856],[138.43325539667546,36.726790669491422],[138.43331789674193,36.726790669522245],[138.43331789677435,36.726832329489625],[138.43331789680676,36.726873999457283],[138.43338039687313,36.726873999488191],[138.43338039690545,36.726915669455934],[138.43331789683918,36.72691566942494],[138.43325539677301,36.726915669393939],[138.43325539674041,36.726873999426374],[138.43319289667411,36.726873999395465],[138.43319289670671,36.726915669363031],[138.43319289673923,36.726957329330332],[138.43325539680541,36.726957329361412],[138.43325539683792,36.726998999328892],[138.43325539687044,36.727040669296457],[138.43325539690292,36.727082329263936],[138.43319289683691,36.727082329232672],[138.43313039677099,36.727082329201409],[138.43313039673831,36.727040669234107],[138.43313039670571,36.726998999266719],[138.43306789663953,36.726998999235548],[138.43306789660684,36.726957329268245],[138.43306789657416,36.726915669301036],[138.43300539650789,36.726915669270042],[138.43294289644177,36.726915669239133],[138.43294289647463,36.726957329206158],[138.43294289650743,36.726998999173375],[138.43294289654028,36.727040669140578],[138.43294289657314,36.727082329107617],[138.43294289660599,36.727123999074912],[138.43288039654007,36.727123999043556],[138.43281789647415,36.727123999012292],[138.43281789644112,36.727082329045174],[138.4327553963752,36.727082329013911],[138.43275539634215,36.727040669047057],[138.43275539630903,36.726998999080024],[138.43275539627598,36.726957329113077],[138.43275539624295,36.726915669146223],[138.43269289617666,36.726915669115229],[138.4326303961104,36.726915669084235],[138.43256789604419,36.726915669053234],[138.43256789607742,36.726957329019911],[138.43250539601124,36.726957328988917]],[[138.43294289634321,36.726790669337589],[138.43300539640956,36.726790669368413],[138.43300539637679,36.72674899940111],[138.43300539634402,36.7267073294339],[138.43294289627747,36.726707329403347],[138.43294289631032,36.726748999370379],[138.43294289634321,36.726790669337589]]]},"properties":{"FID":565,"A31_201":"8404030649","A31_202":"角間川","A31_203":20,"A31_204":"長野県","A31_205":2,"A31_206":" ","A31_207":" ","A31_208":" "}},{"type":"Feature","id":566,"geometry":{"type":"Polygon","coordinates":[[[138.4341303979526,36.727248999575437],[138.43406789788702,36.72724899954391],[138.43400539782129,36.727248999512383],[138.43400539778966,36.72720732954393],[138.43400539775803,36.72716566957547],[138.43400539772634,36.727123999607286],[138.43400539769462,36.727082329638918],[138.43406789776063,36.727082329670182],[138.43406789772902,36.727040669701822],[138.4340678976975,36.726998999733368],[138.43406789766587,36.726957329764915],[138.43406789763424,36.726915669796639],[138.43406789760263,36.726873999828101],[138.43406789757103,36.726832329859647],[138.43413039763738,36.726832329890463],[138.43413039766892,36.726873999859009],[138.43413039770044,36.726915669827548],[138.43413039773196,36.726957329796001],[138.43419289779817,36.726957329827002],[138.4341928978296,36.726998999795541],[138.43419289786104,36.727040669764172],[138.43425539792713,36.727040669795343],[138.43425539795851,36.727082329763888],[138.43425539798986,36.727123999732612],[138.43425539802129,36.727165669701066],[138.43419289795546,36.727165669669709],[138.43419289798689,36.72720732963834],[138.43413039792114,36.727207329606813],[138.4341303979526,36.727248999575437]]]},"properties":{"FID":566,"A31_201":"8404030649","A31_202":"角間川","A31_203":20,"A31_204":"長野県","A31_205":2,"A31_206":" ","A31_207":" ","A31_208":" "}},{"type":"Feature","id":567,"geometry":{"type":"Polygon","coordinates":[[[138.43569289959507,36.727249000363614],[138.43569289962491,36.727290670333751],[138.43563039955924,36.727290670302132],[138.4356303995294,36.72724900033208],[138.43569289959507,36.727249000363614]]]},"properties":{"FID":567,"A31_201":"8404030649","A31_202":"角間川","A31_203":20,"A31_204":"長野県","A31_205":2,"A31_206":" ","A31_207":" ","A31_208":" "}},{"type":"Feature","id":568,"geometry":{"type":"Polygon","coordinates":[[[138.43250539611125,36.72708232888894],[138.43256789617715,36.727082328920119],[138.43256789621046,36.727123998886974],[138.43256789624377,36.727165668853559],[138.43263039630961,36.727165668884915],[138.43263039634274,36.727207328851861],[138.43269289640858,36.727207328883296],[138.43269289644169,36.727248998850243],[138.43269289647483,36.727290668817005],[138.43269289650794,36.727332328783952],[138.43263039644239,36.727332328752333],[138.43256789637684,36.727332328720621],[138.43250539631126,36.727332328688917],[138.43250539627786,36.72729066872224],[138.43250539624455,36.727248998755655],[138.43250539621124,36.727207328788886],[138.43250539617793,36.727165668822209],[138.43250539614453,36.727123998855618],[138.43250539611125,36.72708232888894]]]},"properties":{"FID":568,"A31_201":"8404030649","A31_202":"角間川","A31_203":20,"A31_204":"長野県","A31_205":2,"A31_206":" ","A31_207":" ","A31_208":" "}},{"type":"Feature","id":569,"geometry":{"type":"Polygon","coordinates":[[[138.43506789902963,36.727373999956683],[138.43500539896405,36.727373999924978],[138.4350053989335,36.727332329955637],[138.43500539890294,36.727290669986118],[138.43500539887239,36.727249000016776],[138.43500539884184,36.727207330047257],[138.43506789890768,36.727207330078699],[138.43506789893814,36.727249000048303],[138.43506789896861,36.727290670017737],[138.43506789899908,36.727332329987256],[138.43506789902963,36.727373999956683]]]},"properties":{"FID":569,"A31_201":"8404030649","A31_202":"角間川","A31_203":20,"A31_204":"長野県","A31_205":2,"A31_206":" ","A31_207":" ","A31_208":" "}},{"type":"Feature","id":570,"geometry":{"type":"Polygon","coordinates":[[[138.43350539742465,36.727415669131197],[138.43350539745688,36.727457329098854],[138.4334428973915,36.727457329066965],[138.43344289735924,36.7274156690994],[138.43350539742465,36.727415669131197]]]},"properties":{"FID":570,"A31_201":"8404030649","A31_202":"角間川","A31_203":20,"A31_204":"長野県","A31_205":2,"A31_206":" ","A31_207":" ","A31_208":" "}},{"type":"Feature","id":571,"geometry":{"type":"Polygon","coordinates":[[[138.43475539864042,36.727290669859727],[138.43475539867123,36.727332329828982],[138.43475539870207,36.727373999798061],[138.43481789876762,36.727373999829766],[138.43481789879837,36.727415669799107],[138.4348178988291,36.727457329768271],[138.43475539876368,36.727457329736382],[138.43475539873296,36.727415669767311],[138.43469289866749,36.727415669735514],[138.43469289863657,36.727373999766257],[138.43469289860568,36.727332329797278],[138.43469289857475,36.7272906698282],[138.43475539864042,36.727290669859727]]]},"properties":{"FID":571,"A31_201":"8404030649","A31_202":"角間川","A31_203":20,"A31_204":"長野県","A31_205":2,"A31_206":" ","A31_207":" ","A31_208":" "}},{"type":"Feature","id":572,"geometry":{"type":"Polygon","coordinates":[[[138.43506789902963,36.727373999956683],[138.4351303990951,36.727373999988487],[138.43513039912548,36.727415669958091],[138.43513039915595,36.72745732992761],[138.43506789909057,36.727457329895728],[138.4350678990601,36.727415669926295],[138.43506789902963,36.727373999956683]]]},"properties":{"FID":572,"A31_201":"8404030649","A31_202":"角間川","A31_203":20,"A31_204":"長野県","A31_205":2,"A31_206":" ","A31_207":" ","A31_208":" "}},{"type":"Feature","id":573,"geometry":{"type":"Polygon","coordinates":[[[138.43444289834349,36.727332329670617],[138.43444289837467,36.72737399963934],[138.43444289840585,36.727415669608234],[138.43450539847132,36.727415669640038],[138.43450539850241,36.727457329608839],[138.4345053985335,36.72749899957774],[138.43444289846821,36.727498999545858],[138.43438039840299,36.727498999513884],[138.43438039837173,36.72745732954516],[138.43438039834047,36.727415669576445],[138.4343803983092,36.727373999607636],[138.43438039827794,36.727332329638912],[138.43444289834349,36.727332329670617]]]},"properties":{"FID":573,"A31_201":"8404030649","A31_202":"角間川","A31_203":20,"A31_204":"長野県","A31_205":2,"A31_206":" ","A31_207":" ","A31_208":" "}},{"type":"Feature","id":574,"geometry":{"type":"Polygon","coordinates":[[[138.43413039807871,36.727415669449258],[138.43413039811026,36.727457329417618],[138.43413039814178,36.727498999386071],[138.43419289820707,36.727498999418046],[138.43419289823851,36.727540669386677],[138.43419289826997,36.72758232935513],[138.43419289830149,36.727623999323761],[138.43413039823636,36.727623999291609],[138.43413039820484,36.72758232932307],[138.4340678981398,36.727582329291003],[138.4340678981082,36.727540669322636],[138.43406789807665,36.727498999354182],[138.43406789804504,36.727457329385729],[138.43400539797963,36.727457329353847],[138.43400539794803,36.727415669385664],[138.43406789801341,36.727415669417454],[138.43406789798181,36.727373999448915],[138.43413039804719,36.727373999480712],[138.43413039807871,36.727415669449258]]]},"properties":{"FID":574,"A31_201":"8404030649","A31_202":"角間川","A31_203":20,"A31_204":"長野県","A31_205":2,"A31_206":" ","A31_207":" ","A31_208":" "}},{"type":"Feature","id":575,"geometry":{"type":"Polygon","coordinates":[[[138.43319289729291,36.727665668776808],[138.43313039722787,36.727665668744564],[138.43313039719527,36.727623998777176],[138.43313039716259,36.727582328809703],[138.43313039713001,36.727540668842401],[138.43313039709733,36.727498998875014],[138.43306789703212,36.727498998843039],[138.43306789699932,36.727457328875744],[138.43306789696663,36.727415668908534],[138.43306789693395,36.727373998941147],[138.43306789690126,36.72733232897393],[138.43300539683563,36.72733232894231],[138.43300539680286,36.727290668975016],[138.43306789686849,36.727290669006635],[138.43313039693416,36.727290669038254],[138.43313039696676,36.727332329005641],[138.4331928970324,36.72733232903726],[138.43319289706491,36.727373999004648],[138.43325539713038,36.727373999036359],[138.43325539716298,36.727415669003918],[138.43325539719541,36.727457328971397],[138.43331789726079,36.727457329003286],[138.43331789729322,36.727498998970844],[138.43331789732565,36.727540668938502],[138.43325539726044,36.727540668906443],[138.43325539729292,36.727582328873915],[138.43325539732544,36.72762399884148],[138.43319289726031,36.727623998809328],[138.43319289729291,36.727665668776808]]]},"properties":{"FID":575,"A31_201":"8404030649","A31_202":"角間川","A31_203":20,"A31_204":"長野県","A31_205":2,"A31_206":" ","A31_207":" ","A31_208":" "}},{"type":"Feature","id":576,"geometry":{"type":"Polygon","coordinates":[[[138.43425539839797,36.727665669324544],[138.43425539842931,36.727707329293082],[138.43419289836436,36.727707329260753],[138.43419289833292,36.727665669292307],[138.43425539839797,36.727665669324544]]]},"properties":{"FID":576,"A31_201":"8404030649","A31_202":"角間川","A31_203":20,"A31_204":"長野県","A31_205":2,"A31_206":" ","A31_207":" ","A31_208":" "}},{"type":"Feature","id":577,"geometry":{"type":"Polygon","coordinates":[[[138.43281789673804,36.727457328748287],[138.43281789677098,36.727498998715319],[138.43288039683628,36.727498998747208],[138.43288039686925,36.727540668714411],[138.43288039690211,36.727582328681358],[138.43294289696732,36.72758232871351],[138.43294289700009,36.72762399868072],[138.43294289703294,36.72766566864793],[138.4329428970658,36.727707328614962],[138.43294289709868,36.727748998582172],[138.43294289713154,36.727790668549204],[138.4328803970667,36.727790668516789],[138.43281789700191,36.727790668484367],[138.43281789696888,36.727748998517512],[138.43281789693592,36.727707328550395],[138.43275539687099,36.727707328518065],[138.43275539683793,36.727665668551211],[138.43275539680491,36.727623998584264],[138.43275539677185,36.727582328617231],[138.43275539673874,36.727540668650377],[138.43275539670569,36.727498998683345],[138.43275539667263,36.727457328716397],[138.43281789673804,36.727457328748287]]]},"properties":{"FID":577,"A31_201":"8404030649","A31_202":"角間川","A31_203":20,"A31_204":"長野県","A31_205":2,"A31_206":" ","A31_207":" ","A31_208":" "}},{"type":"Feature","id":578,"geometry":{"type":"Polygon","coordinates":[[[138.43475539901044,36.727790669489693],[138.43475539904125,36.727832329458948],[138.43469289897649,36.727832329426441],[138.43469289894566,36.727790669457278],[138.43475539901044,36.727790669489693]]]},"properties":{"FID":578,"A31_201":"8404030649","A31_202":"角間川","A31_203":20,"A31_204":"長野県","A31_205":2,"A31_206":" ","A31_207":" ","A31_208":" "}},{"type":"Feature","id":579,"geometry":{"type":"Polygon","coordinates":[[[138.43381789800668,36.727748999035228],[138.43381789803857,36.727790669003241],[138.43381789807046,36.727832328971431],[138.43388039813513,36.727832329003931],[138.43388039816702,36.727873998972029],[138.43381789810232,36.727873998939437],[138.43375539803765,36.727873998906929],[138.43375539800567,36.727832328938916],[138.43375539797378,36.727790668970826],[138.43375539794181,36.727748999002898],[138.43381789800668,36.727748999035228]]]},"properties":{"FID":579,"A31_201":"8404030649","A31_202":"角間川","A31_203":20,"A31_204":"長野県","A31_205":2,"A31_206":" ","A31_207":" ","A31_208":" "}},{"type":"Feature","id":580,"geometry":{"type":"Polygon","coordinates":[[[138.43294289716439,36.727832328516413],[138.43300539722898,36.727832328548921],[138.43300539726175,36.727873998516046],[138.43300539729455,36.727915668483433],[138.43294289723005,36.727915668450748],[138.43294289719728,36.727873998483531],[138.43288039713258,36.727873998450939],[138.43288039709964,36.727832328483906],[138.43294289716439,36.727832328516413]]]},"properties":{"FID":580,"A31_201":"8404030649","A31_202":"角間川","A31_203":20,"A31_204":"長野県","A31_205":2,"A31_206":" ","A31_207":" ","A31_208":" "}},{"type":"Feature","id":581,"geometry":{"type":"Polygon","coordinates":[[[138.4331928974232,36.727832328646443],[138.4332553974879,36.72783232867895],[138.4332553975205,36.727873998646338],[138.4332553975529,36.727915668613903],[138.43319289748831,36.727915668581304],[138.43313039742372,36.727915668548711],[138.43313039739112,36.727873998581231],[138.43306789732645,36.727873998548638],[138.43306789729368,36.727832328581428],[138.43313039735844,36.727832328613935],[138.43313039732584,36.727790668646463],[138.43313039729316,36.727748998679246],[138.43319289735803,36.727748998711668],[138.4331928973906,36.727790668678963],[138.4331928974232,36.727832328646443]]]},"properties":{"FID":581,"A31_201":"8404030649","A31_202":"角間川","A31_203":20,"A31_204":"長野県","A31_205":2,"A31_206":" ","A31_207":" ","A31_208":" "}},{"type":"Feature","id":582,"geometry":{"type":"Polygon","coordinates":[[[138.43350539761801,36.727665668937917],[138.43350539765024,36.727707328905574],[138.43350539768247,36.727748998873409],[138.43350539771464,36.72779066884106],[138.43356789777931,36.727790668873482],[138.43356789781146,36.727832328841487],[138.43363039787624,36.727832328873902],[138.4336303979083,36.727873998841737],[138.43363039794036,36.727915668809743],[138.43356789787578,36.72791566877715],[138.43350539781136,36.727915668744465],[138.43344289774666,36.727915668711873],[138.43344289771443,36.727873998744037],[138.43344289768211,36.727832328776472],[138.43344289764985,36.727790668808638],[138.43344289761754,36.727748998841079],[138.43344289758528,36.727707328873336],[138.43344289755296,36.727665668905679],[138.43350539761801,36.727665668937917]]]},"properties":{"FID":582,"A31_201":"8404030649","A31_202":"角間川","A31_203":20,"A31_204":"長野県","A31_205":2,"A31_206":" ","A31_207":" ","A31_208":" "}},{"type":"Feature","id":583,"geometry":{"type":"Polygon","coordinates":[[[138.43413039839402,36.72783232913396],[138.43413039842554,36.727873999102329],[138.43413039845709,36.727915669070867],[138.43406789839258,36.727915669038275],[138.43406789836095,36.727873999069729],[138.43406789832935,36.72783232910146],[138.43413039839402,36.72783232913396]]]},"properties":{"FID":583,"A31_201":"8404030649","A31_202":"角間川","A31_203":20,"A31_204":"長野県","A31_205":2,"A31_206":" ","A31_207":" ","A31_208":" "}},{"type":"Feature","id":584,"geometry":{"type":"Polygon","coordinates":[[[138.43063039491125,36.727998997172179],[138.43063039494669,36.728040667136902],[138.43056789488227,36.72804066710404],[138.43056789484683,36.727998997139409],[138.43063039491125,36.727998997172179]]]},"properties":{"FID":584,"A31_201":"8404030649","A31_202":"角間川","A31_203":20,"A31_204":"長野県","A31_205":2,"A31_206":" ","A31_207":" ","A31_208":" "}},{"type":"Feature","id":585,"geometry":{"type":"Polygon","coordinates":[[[138.43444289874884,36.727873999265221],[138.43444289878002,36.727915669234122],[138.4344428988112,36.727957329202752],[138.43450539887579,36.727957329235437],[138.43450539890688,36.727998999204416],[138.43450539893797,36.72804066917341],[138.43444289887356,36.72804066914054],[138.43438039880922,36.728040669107685],[138.43438039877796,36.727998999138876],[138.4343803987467,36.727957329170067],[138.43438039871543,36.727915669201437],[138.43438039868417,36.727873999232628],[138.43444289874884,36.727873999265221]]]},"properties":{"FID":585,"A31_201":"8404030649","A31_202":"角間川","A31_203":20,"A31_204":"長野県","A31_205":2,"A31_206":" ","A31_207":" ","A31_208":" "}},{"type":"Feature","id":586,"geometry":{"type":"Polygon","coordinates":[[[138.43256789697554,36.728082328121786],[138.43256789700877,36.728123998088549],[138.43250539694452,36.728123998055601],[138.43250539691121,36.728082328088924],[138.43256789697554,36.728082328121786]]]},"properties":{"FID":586,"A31_201":"8404030649","A31_202":"角間川","A31_203":20,"A31_204":"長野県","A31_205":2,"A31_206":" ","A31_207":" ","A31_208":" "}},{"type":"Feature","id":587,"geometry":{"type":"Polygon","coordinates":[[[138.4331928976512,36.728123998418425],[138.43319289768371,36.728165668385898],[138.43319289771631,36.728207328353285],[138.43319289774891,36.728248998320765],[138.43313039768483,36.728248998287633],[138.43313039765223,36.728207328320153],[138.43313039761955,36.728165668352858],[138.43313039758687,36.72812399838547],[138.4331928976512,36.728123998418425]]]},"properties":{"FID":587,"A31_201":"8404030649","A31_202":"角間川","A31_203":20,"A31_204":"長野県","A31_205":2,"A31_206":" ","A31_207":" ","A31_208":" "}},{"type":"Feature","id":588,"geometry":{"type":"Polygon","coordinates":[[[138.4293803938063,36.728207326332679],[138.42944289387046,36.728207326365805],[138.42944289390715,36.728248996329114],[138.4295053939712,36.728248996362325],[138.42956789403524,36.72824899639555],[138.42956789407185,36.72829066635876],[138.42950539400789,36.728290666325542],[138.4294428939439,36.728290666292239],[138.42938039387994,36.728290666259014],[138.42938039384316,36.728248996295981],[138.42931789377911,36.728248996262764],[138.42931789374225,36.728207326299554],[138.4293803938063,36.728207326332679]]]},"properties":{"FID":588,"A31_201":"8404030649","A31_202":"角間川","A31_203":20,"A31_204":"長野県","A31_205":2,"A31_206":" ","A31_207":" ","A31_208":" "}},{"type":"Feature","id":589,"geometry":{"type":"Polygon","coordinates":[[[138.43288039729708,36.728082328286362],[138.43288039733002,36.728123998253487],[138.43288039736296,36.728165668220697],[138.43288039739585,36.728207328187636],[138.43294289745998,36.728207328220769],[138.43294289749286,36.728248998187979],[138.43294289752563,36.728290668155012],[138.43294289755849,36.728332328122306],[138.43288039749461,36.728332328088911],[138.43288039746176,36.728290668121794],[138.43281789739777,36.728290668088491],[138.43281789736474,36.728248998121629],[138.43281789733177,36.728207328154511],[138.43281789729875,36.728165668187572],[138.43281789726581,36.728123998220539],[138.43281789723284,36.728082328253507],[138.43288039729708,36.728082328286362]]]},"properties":{"FID":589,"A31_201":"8404030649","A31_202":"角間川","A31_203":20,"A31_204":"長野県","A31_205":2,"A31_206":" ","A31_207":" ","A31_208":" "}},{"type":"Feature","id":590,"geometry":{"type":"Polygon","coordinates":[[[138.43350539810135,36.72829066845442],[138.43350539813349,36.728332328422248],[138.43344289806961,36.728332328388944],[138.4334428980373,36.72829066842111],[138.43350539810135,36.72829066845442]]]},"properties":{"FID":590,"A31_201":"8404030649","A31_202":"角間川","A31_203":20,"A31_204":"長野県","A31_205":2,"A31_206":" ","A31_207":" ","A31_208":" "}},{"type":"Feature","id":591,"geometry":{"type":"Polygon","coordinates":[[[138.43381789832543,36.728165668716478],[138.43381789835732,36.728207328684576],[138.43388039842139,36.728207328717616],[138.43388039845325,36.728248998685892],[138.43388039848506,36.72829066865399],[138.43388039851686,36.728332328622265],[138.4338178984529,36.728332328588962],[138.4338178984211,36.728290668620687],[138.43375539835705,36.728290668587462],[138.43375539832516,36.728248998619549],[138.43375539829319,36.728207328651358],[138.43375539826121,36.728165668683438],[138.43381789832543,36.728165668716478]]]},"properties":{"FID":591,"A31_201":"8404030649","A31_202":"角間川","A31_203":20,"A31_204":"長野県","A31_205":2,"A31_206":" ","A31_207":" ","A31_208":" "}},{"type":"Feature","id":592,"geometry":{"type":"Polygon","coordinates":[[[138.43050539496014,36.72820732692891],[138.43050539499566,36.728248996893456],[138.43050539503119,36.728290666857738],[138.43044289496723,36.72829066682452],[138.43044289500284,36.728332326788973],[138.43038039493896,36.728332326755577],[138.43038039497466,36.728373996720038],[138.43031789491087,36.728373996686557],[138.43031789487509,36.728332326722274],[138.43031789483931,36.728290666757907],[138.43038039490327,36.72829066679121],[138.43038039486757,36.72824899682702],[138.43031789480358,36.728248996793894],[138.4303178947678,36.728207326829526],[138.43025539470364,36.728207326796394],[138.43019289463959,36.728207326763268],[138.43019289460364,36.728165666799256],[138.43013039453956,36.728165666766216],[138.43006789447543,36.728165666733176],[138.43000539441127,36.728165666700136],[138.42994289434705,36.728165666667095],[138.42988039428289,36.72816566663397],[138.42981789421873,36.72816566660093],[138.429817894255,36.728207326564494],[138.42981789429132,36.728248996528329],[138.42981789432764,36.728290666491809],[138.42975539426368,36.728290666458591],[138.42975539430009,36.728332326422247],[138.4296928942361,36.728332326388937],[138.42969289419969,36.728290666425281],[138.42969289416328,36.728248996461893],[138.42963039409923,36.728248996428675],[138.42963039406271,36.728207326465196],[138.42963039402613,36.728165666501809],[138.42963039398961,36.728123996538237],[138.42969289405386,36.728123996571185],[138.4297553941181,36.728123996604225],[138.42981789418241,36.72812399663718],[138.42988039424665,36.728123996670135],[138.4299428943109,36.728123996703175],[138.43000539437512,36.728123996736123],[138.43000539433905,36.728082326772196],[138.43000539430292,36.728040666808454],[138.43000539426677,36.727998996844441],[138.42994289420236,36.727998996811664],[138.42994289416612,36.727957326847744],[138.42994289412997,36.727915666884087],[138.43000539419455,36.727915666916687],[138.43000539415848,36.727873996952759],[138.4300678942231,36.727873996985352],[138.43006789418712,36.727832327021432],[138.43013039425179,36.727832327053939],[138.43013039421584,36.727790667089835],[138.43019289428051,36.727790667122257],[138.43025539434535,36.727790667154679],[138.43025539430948,36.727748997190659],[138.43031789437441,36.727748997222989],[138.43031789433863,36.727707327258713],[138.43031789430285,36.727665667294524],[138.43038039436786,36.727665667326761],[138.43038039433216,36.727623997362485],[138.43044289439729,36.727623997394637],[138.43050539446233,36.72762399742679],[138.43056789452746,36.727623997458942],[138.43063039459258,36.727623997491094],[138.43063039455714,36.72758232752637],[138.43069289462227,36.727582327558522],[138.43069289458691,36.727540667593885],[138.43069289455156,36.727498997629169],[138.43063039448626,36.727498997597195],[138.4306303944509,36.727457327632649],[138.43063039441546,36.727415667668097],[138.43069289448084,36.727415667699901],[138.43075539454617,36.727415667731691],[138.4307553945109,36.727373997766882],[138.43081789457636,36.727373997798679],[138.43081789454121,36.727332327833956],[138.43088039460676,36.727332327865668],[138.43094289467234,36.727332327897287],[138.43094289463727,36.727290667932294],[138.43100539470291,36.727290667963914],[138.43106789476857,36.727290667995533],[138.43113039483421,36.727290668027152],[138.43119289489979,36.727290668058686],[138.43125539496543,36.727290668090305],[138.43125539500016,36.727332328055645],[138.43119289493461,36.727332328023934],[138.43119289496943,36.727373997989105],[138.43119289500416,36.727415667954361],[138.43119289503898,36.727457327919524],[138.43113039497359,36.727457327887642],[138.43113039500849,36.727498997852805],[138.43113039504331,36.727540667817976],[138.43119289510852,36.727540667850036],[138.43125539517382,36.72754066788201],[138.43125539520844,36.727582327847273],[138.43119289514334,36.727582327815114],[138.43119289517816,36.727623997780462],[138.43113039511303,36.72762399774831],[138.43113039514793,36.727665667713481],[138.43113039518275,36.727707327678466],[138.43106789511788,36.727707327646229],[138.43106789515281,36.727748997611393],[138.43100539508785,36.727748997578971],[138.43100539512292,36.727790667543871],[138.43100539515791,36.727832327508949],[138.43094289509315,36.727832327476449],[138.43094289512823,36.727873997441257],[138.43094289516333,36.727915667406336],[138.43088039509874,36.727915667373651],[138.43088039513381,36.727957327338373],[138.43081789506931,36.727957327305688],[138.43075539500481,36.727957327273003],[138.43069289494039,36.727957327240233],[138.43069289490506,36.727915667275774],[138.43075539496954,36.727915667308366],[138.43075539493421,36.727873997343558],[138.43075539489894,36.72783232737892],[138.43069289483435,36.72783232734642],[138.43069289486971,36.72787399731105],[138.43063039480501,36.727873997278451],[138.43063039484045,36.727915667243089],[138.43056789477586,36.727915667210496],[138.43050539471119,36.727915667177811],[138.4304428946466,36.727915667145211],[138.43038039458202,36.727915667112526],[138.43038039461771,36.727957327076716],[138.43038039465341,36.727998997041084],[138.43038039468911,36.728040667005452],[138.43031789462472,36.728040666972674],[138.4303178946605,36.728082326936779],[138.43038039472484,36.728082326969727],[138.43038039476053,36.728123996934009],[138.43044289482478,36.728123996967049],[138.430505394889,36.728123996999997],[138.43050539485347,36.728082327035544],[138.4305678949178,36.728082327068492],[138.43056789495324,36.728123997033038],[138.43056789498877,36.728165666997583],[138.43056789502421,36.728207326962043],[138.43050539496014,36.72820732692891],[138.43050539492452,36.728165666964543],[138.43044289486039,36.728165666931503],[138.430442894896,36.728207326895784],[138.43050539496014,36.72820732692891]]]},"properties":{"FID":592,"A31_201":"8404030649","A31_202":"角間川","A31_203":20,"A31_204":"長野県","A31_205":2,"A31_206":" ","A31_207":" ","A31_208":" "}},{"type":"Feature","id":593,"geometry":{"type":"Polygon","coordinates":[[[138.43256789730816,36.728498997789174],[138.43256789734139,36.728540667755944],[138.43250539727785,36.728540667722285],[138.43250539724454,36.728498997755516],[138.43256789730816,36.728498997789174]]]},"properties":{"FID":593,"A31_201":"8404030649","A31_202":"角間川","A31_203":20,"A31_204":"長野県","A31_205":2,"A31_206":" ","A31_207":" ","A31_208":" "}},{"type":"Feature","id":594,"geometry":{"type":"Polygon","coordinates":[[[138.43288039762632,36.728498997957217],[138.43288039765918,36.728540667924342],[138.43281789759567,36.728540667890684],[138.43281789756261,36.728498997923559],[138.43288039762632,36.728498997957217]]]},"properties":{"FID":594,"A31_201":"8404030649","A31_202":"角間川","A31_203":20,"A31_204":"長野県","A31_205":2,"A31_206":" ","A31_207":" ","A31_208":" "}},{"type":"Feature","id":595,"geometry":{"type":"Polygon","coordinates":[[[138.43006789483584,36.728582326372589],[138.43006789479978,36.728540666408755],[138.43000539473627,36.728540666375096],[138.43000539470012,36.728498996411076],[138.43000539466397,36.728457326447334],[138.4300053946279,36.728415666483414],[138.43000539459175,36.728373996519579],[138.43000539455568,36.728332326555559],[138.43000539451953,36.72829066659164],[138.43006789458352,36.728290666624858],[138.43006789461958,36.728332326588955],[138.43006789465562,36.728373996552975],[138.43006789469169,36.728415666516895],[138.43013039475539,36.728415666550291],[138.4301928948191,36.728415666583771],[138.43025539488281,36.728415666617259],[138.43025539491867,36.728457326581449],[138.43025539495449,36.728498996545554],[138.43019289489087,36.728498996511888],[138.43019289492682,36.728540666476079],[138.43013039486331,36.728540666442413],[138.43013039489927,36.72858232640634],[138.43006789483584,36.728582326372589]]]},"properties":{"FID":595,"A31_201":"8404030649","A31_202":"角間川","A31_203":20,"A31_204":"長野県","A31_205":2,"A31_206":" ","A31_207":" ","A31_208":" "}},{"type":"Feature","id":596,"geometry":{"type":"Polygon","coordinates":[[[138.432880397725,36.728623997858492],[138.43281789766155,36.728623997824656],[138.43281789762861,36.728582327857623],[138.43288039769214,36.728582327891374],[138.432880397725,36.728623997858492]]]},"properties":{"FID":596,"A31_201":"8404030649","A31_202":"角間川","A31_203":20,"A31_204":"長野県","A31_205":2,"A31_206":" ","A31_207":" ","A31_208":" "}},{"type":"Feature","id":597,"geometry":{"type":"Polygon","coordinates":[[[138.42975539451839,36.728582326203835],[138.4297553945548,36.728623996167492],[138.42975539459121,36.728665666131235],[138.42969289452779,36.728665666097314],[138.42969289449138,36.728623996133649],[138.42963039442793,36.728623996099898],[138.42963039439144,36.728582326136333],[138.4295678943281,36.728582326102583],[138.42956789436468,36.728623996066062],[138.42950539430126,36.728623996032226],[138.42944289423781,36.728623995998383],[138.42938039417436,36.728623995964632],[138.42938039413761,36.72858232600133],[138.42938039410075,36.728540666038299],[138.42938039406397,36.72849899607499],[138.42944289412759,36.72849899610857],[138.4294428940909,36.728457326145445],[138.42944289405415,36.728415666182144],[138.42950539411794,36.728415666215625],[138.42950539415452,36.728457326178926],[138.42956789421822,36.728457326212499],[138.42956789425489,36.728498996175801],[138.42963039431834,36.728498996209467],[138.42963039435494,36.728540666173032],[138.42969289441845,36.728540666206698],[138.42975539448199,36.728540666240356],[138.42975539451839,36.728582326203835]]]},"properties":{"FID":597,"A31_201":"8404030649","A31_202":"角間川","A31_203":20,"A31_204":"長野県","A31_205":2,"A31_206":" ","A31_207":" ","A31_208":" "}},{"type":"Feature","id":598,"geometry":{"type":"Polygon","coordinates":[[[138.43006789483584,36.728582326372589],[138.4300678948718,36.728623996336601],[138.43006789490786,36.728665666300614],[138.43000539484453,36.728665666266778],[138.43000539480846,36.728623996302758],[138.43000539477231,36.728582326338838],[138.43006789483584,36.728582326372589]]]},"properties":{"FID":598,"A31_201":"8404030649","A31_202":"角間川","A31_203":20,"A31_204":"長野県","A31_205":2,"A31_206":" ","A31_207":" ","A31_208":" "}},{"type":"Feature","id":599,"geometry":{"type":"Polygon","coordinates":[[[138.42825539314728,36.728748995241787],[138.42819289308412,36.728748995207766],[138.42819289304592,36.728707325245793],[138.4281928930078,36.728665665284005],[138.42825539307117,36.728665665317848],[138.4283178931345,36.72866566535177],[138.42831789317253,36.72870732531365],[138.42825539310928,36.728707325279728],[138.42825539314728,36.728748995241787]]]},"properties":{"FID":599,"A31_201":"8404030649","A31_202":"角間川","A31_203":20,"A31_204":"長野県","A31_205":2,"A31_206":" ","A31_207":" ","A31_208":" "}},{"type":"Feature","id":600,"geometry":{"type":"Polygon","coordinates":[[[138.43000539488068,36.728707326230605],[138.43000539491675,36.728748996194533],[138.42994289485355,36.728748996160519],[138.42994289481743,36.728707326196592],[138.43000539488068,36.728707326230605]]]},"properties":{"FID":600,"A31_201":"8404030649","A31_202":"角間川","A31_203":20,"A31_204":"長野県","A31_205":2,"A31_206":" ","A31_207":" ","A31_208":" "}},{"type":"Feature","id":601,"geometry":{"type":"Polygon","coordinates":[[[138.43131789613983,36.728623997013038],[138.43131789617453,36.728665666978472],[138.43138039623781,36.728665667012308],[138.43138039627243,36.728707326977656],[138.43138039630699,36.728748996943182],[138.43131789624383,36.728748996909161],[138.43131789620918,36.728707326943727],[138.43125539614601,36.728707326909714],[138.43119289608268,36.728707326875778],[138.43119289604795,36.728665666910615],[138.43125539611128,36.728665666944543],[138.43125539607655,36.728623996979195],[138.43131789613983,36.728623997013038]]]},"properties":{"FID":601,"A31_201":"8404030649","A31_202":"角間川","A31_203":20,"A31_204":"長野県","A31_205":2,"A31_206":" ","A31_207":" ","A31_208":" "}},{"type":"Feature","id":602,"geometry":{"type":"Polygon","coordinates":[[[138.43163039649127,36.728665667147851],[138.43163039652558,36.728707327113455],[138.43169289658883,36.728707327147475],[138.43169289662302,36.728748997113264],[138.43163039655985,36.728748997079251],[138.43156789649657,36.72874899704523],[138.4315678964623,36.728707327079533],[138.43156789642785,36.728665667114008],[138.43163039649127,36.728665667147851]]]},"properties":{"FID":602,"A31_201":"8404030649","A31_202":"角間川","A31_203":20,"A31_204":"長野県","A31_205":2,"A31_206":" ","A31_207":" ","A31_208":" "}},{"type":"Feature","id":603,"geometry":{"type":"Polygon","coordinates":[[[138.43194289684178,36.728707327283274],[138.4319428968758,36.728748997249426],[138.4318803968126,36.728748997215405],[138.4318803967785,36.728707327249353],[138.43194289684178,36.728707327283274]]]},"properties":{"FID":603,"A31_201":"8404030649","A31_202":"角間川","A31_203":20,"A31_204":"長野県","A31_205":2,"A31_206":" ","A31_207":" ","A31_208":" "}},{"type":"Feature","id":604,"geometry":{"type":"Polygon","coordinates":[[[138.43131789613983,36.728623997013038],[138.43131789610518,36.728582327047604],[138.43131789607054,36.728540667082349],[138.43138039613407,36.728540667116008],[138.43138039609951,36.728498997150581],[138.43144289616313,36.728498997184147],[138.43144289612866,36.72845732721872],[138.43144289609413,36.728415667253195],[138.43150539615792,36.728415667286683],[138.43150539612344,36.728373997321242],[138.43156789618723,36.728373997354637],[138.43156789615287,36.728332327388941],[138.43156789611848,36.728290667423238],[138.43163039618247,36.728290667456463],[138.43163039614817,36.728248997490937],[138.43163039611389,36.728207327525148],[138.43169289617794,36.72820732755828],[138.43169289614374,36.728165667592577],[138.43169289610955,36.728123997626788],[138.4317553961738,36.728123997659736],[138.43175539613961,36.728082327693862],[138.43175539610542,36.728040667728166],[138.43181789616983,36.728040667761022],[138.43181789613573,36.72799899779497],[138.43181789610162,36.727957327829003],[138.43188039616601,36.727957327861688],[138.43188039613199,36.7279156678959],[138.43188039609799,36.727873997929848],[138.43194289616267,36.72787399796244],[138.43194289612873,36.727832327996474],[138.43194289609471,36.72779066803033],[138.43200539615958,36.727790668062752],[138.43200539612565,36.727748998096786],[138.4320053960918,36.727707328130549],[138.43200539605789,36.727665668164583],[138.4320678961229,36.727665668196821],[138.43206789608908,36.727623998230591],[138.43206789605523,36.727582328264269],[138.43213039612044,36.727582328296421],[138.43213039608671,36.727540668330192],[138.43213039605294,36.72749899836387],[138.4321303960192,36.727457328397634],[138.4321928960845,36.727457328429523],[138.43219289605082,36.727415668463287],[138.43219289601717,36.727373998496873],[138.43225539608264,36.727373998528584],[138.43225539604907,36.727332328562262],[138.43225539601542,36.727290668595856],[138.43225539598183,36.727248998629534],[138.43231789604758,36.727248998661061],[138.43231789601401,36.727207328694561],[138.43231789598045,36.727165668727977],[138.43238039604628,36.727165668759412],[138.43238039607976,36.727207328726003],[138.43238039611325,36.727248998692588],[138.43238039614673,36.727290668659094],[138.43238039618021,36.727332328625593],[138.43231789611465,36.727332328593974],[138.43231789614813,36.727373998560296],[138.4323178961817,36.727415668526881],[138.43238039624717,36.727415668558677],[138.43238039628068,36.727457328525091],[138.43238039631404,36.727498998491676],[138.43244289637926,36.72749899852365],[138.43244289641268,36.727540668490327],[138.43244289644605,36.727582328456826],[138.43250539651117,36.727582328488893],[138.43250539654457,36.727623998455655],[138.43250539657788,36.727665668422333],[138.43256789664292,36.727665668454577],[138.43256789667615,36.727707328421246],[138.43256789670946,36.727748998388016],[138.4326303967743,36.727748998420438],[138.43263039680753,36.727790668387023],[138.43263039684064,36.727832328353969],[138.43263039687386,36.727873998320646],[138.43256789680919,36.727873998288047],[138.4325678968425,36.727915668254902],[138.43256789687572,36.727957328221493],[138.43250539681122,36.727957328188808],[138.43244289674672,36.727957328156123],[138.43244289678012,36.7279989981228],[138.4323803967157,36.727998998090023],[138.43238039674918,36.728040668056607],[138.43231789668485,36.728040668023752],[138.43231789671833,36.728082327990158],[138.432255396654,36.72808232795721],[138.43225539668768,36.728123997923618],[138.43219289662343,36.728123997890663],[138.4321303965591,36.728123997857622],[138.43213039659287,36.728165667824037],[138.43206789652874,36.728165667790904],[138.43200539646458,36.728165667757864],[138.43200539649843,36.728207327723922],[138.43200539653233,36.728248997690066],[138.43206789659632,36.728248997723284],[138.43213039666037,36.728248997756502],[138.43213039669411,36.728290667722646],[138.4321928967581,36.728290667755864],[138.43225539682206,36.728290667789167],[138.43225539678849,36.728248997822845],[138.43219289672442,36.72824899778972],[138.43219289669076,36.728207327823313],[138.4322553967549,36.728207327856438],[138.43225539672125,36.728165667890117],[138.43231789678541,36.728165667923157],[138.43231789681897,36.728207327889564],[138.43231789685254,36.72824899785607],[138.43238039691659,36.728248997889281],[138.43238039695001,36.728290667855696],[138.43238039698349,36.728332327822287],[138.43231789691959,36.728332327788976],[138.43231789695318,36.728373997755476],[138.43231789698666,36.72841566772189],[138.43231789702023,36.728457327688297],[138.43238039708393,36.72845732772187],[138.43238039711741,36.728498997688277],[138.43238039715089,36.728540667654954],[138.43238039718437,36.728582327621368],[138.43244289724774,36.728582327655118],[138.43244289728113,36.72862399762171],[138.43244289731453,36.728665667588388],[138.43244289734793,36.728707327554972],[138.43238039728476,36.728707327520951],[138.43238039731824,36.728748997487628],[138.43231789725496,36.728748997453522],[138.4322553971918,36.728748997419508],[138.43219289712863,36.728748997385495],[138.43219289709489,36.72870732741908],[138.43219289706121,36.728665667452844],[138.43225539712458,36.72866566748678],[138.43225539709101,36.728623997520273],[138.43219289702756,36.728623997486437],[138.43219289699391,36.728582327520115],[138.43219289696023,36.728540667553887],[138.43213039689664,36.728540667520221],[138.4320678968331,36.728540667486556],[138.43200539676957,36.728540667452805],[138.43194289670595,36.728540667419146],[138.43194289673997,36.728582327385112],[138.4319428967739,36.728623997351164],[138.43188039671048,36.728623997317328],[138.4318178966472,36.728623997283577],[138.43175539658378,36.728623997249741],[138.43175539654959,36.72858232728386],[138.43169289648614,36.728582327250109],[138.43169289652033,36.728623997215898],[138.43163039645691,36.728623997182055],[138.43156789639357,36.728623997148304],[138.43150539633012,36.728623997114468],[138.43150539629568,36.728582327148857],[138.4315053962612,36.728540667183424],[138.43144289619767,36.728540667149758],[138.43144289623214,36.728582327115106],[138.43138039616869,36.728582327081355],[138.43138039620325,36.728623997046789],[138.43131789613983,36.728623997013038]],[[138.4317553962421,36.728207327591406],[138.43181789630626,36.728207327624531],[138.43181789627215,36.728165667658743],[138.4317553962079,36.728165667625618],[138.4317553962421,36.728207327591406]]]},"properties":{"FID":604,"A31_201":"8404030649","A31_202":"角間川","A31_203":20,"A31_204":"長野県","A31_205":2,"A31_206":" ","A31_207":" ","A31_208":" "}},{"type":"Feature","id":605,"geometry":{"type":"Polygon","coordinates":[[[138.432880397725,36.728623997858492],[138.43294289778845,36.728623997892335],[138.43294289782131,36.728665667859545],[138.43294289785416,36.728707327826577],[138.43294289788702,36.728748997793872],[138.43288039782377,36.728748997759858],[138.43288039779083,36.728707327792648],[138.43288039775794,36.728665667825616],[138.432880397725,36.728623997858492]]]},"properties":{"FID":605,"A31_201":"8404030649","A31_202":"角間川","A31_203":20,"A31_204":"長野県","A31_205":2,"A31_206":" ","A31_207":" ","A31_208":" "}},{"type":"Feature","id":606,"geometry":{"type":"Polygon","coordinates":[[[138.43119289608268,36.728707326875778],[138.43119289611749,36.728748996841034],[138.43119289615231,36.72879066680629],[138.43113039608915,36.728790666772184],[138.4311303960543,36.72874899680702],[138.4311303960194,36.728707326841857],[138.43119289608268,36.728707326875778]]]},"properties":{"FID":606,"A31_201":"8404030649","A31_202":"角間川","A31_203":20,"A31_204":"長野県","A31_205":2,"A31_206":" ","A31_207":" ","A31_208":" "}},{"type":"Feature","id":607,"geometry":{"type":"Polygon","coordinates":[[[138.42994289488979,36.728790666124354],[138.42994289492594,36.728832326088096],[138.42988039486286,36.728832326053904],[138.42988039482663,36.728790666090248],[138.42994289488979,36.728790666124354]]]},"properties":{"FID":607,"A31_201":"8404030649","A31_202":"角間川","A31_203":20,"A31_204":"長野県","A31_205":2,"A31_206":" ","A31_207":" ","A31_208":" "}},{"type":"Feature","id":608,"geometry":{"type":"Polygon","coordinates":[[[138.43288039788959,36.728832327693922],[138.43288039792253,36.728873997661132],[138.43281789785954,36.728873997626849],[138.43281789782651,36.728832327659731],[138.43288039788959,36.728832327693922]]]},"properties":{"FID":608,"A31_201":"8404030649","A31_202":"角間川","A31_203":20,"A31_204":"長野県","A31_205":2,"A31_206":" ","A31_207":" ","A31_208":" "}},{"type":"Feature","id":609,"geometry":{"type":"Polygon","coordinates":[[[138.42975539480946,36.728915665912737],[138.42975539477311,36.728873995949257],[138.42981789483611,36.728873995983541],[138.42981789487243,36.728915665947021],[138.42975539480946,36.728915665912737]]]},"properties":{"FID":609,"A31_201":"8404030649","A31_202":"角間川","A31_203":20,"A31_204":"長野県","A31_205":2,"A31_206":" ","A31_207":" ","A31_208":" "}},{"type":"Feature","id":610,"geometry":{"type":"Polygon","coordinates":[[[138.42975539480946,36.728915665912737],[138.42975539484587,36.728957325876479],[138.42975539488228,36.728998995839959],[138.42969289481948,36.728998995805497],[138.42969289478305,36.72895732584211],[138.42969289474655,36.728915665878453],[138.42975539480946,36.728915665912737]]]},"properties":{"FID":610,"A31_201":"8404030649","A31_202":"角間川","A31_203":20,"A31_204":"長野県","A31_205":2,"A31_206":" ","A31_207":" ","A31_208":" "}},{"type":"Feature","id":611,"geometry":{"type":"Polygon","coordinates":[[[138.43256789757427,36.728832327523122],[138.4325678976075,36.728873997489892],[138.43263039767055,36.728873997524175],[138.43263039770369,36.728915667490853],[138.43263039773692,36.728957327457707],[138.43263039777014,36.728998997424384],[138.43256789770732,36.728998997390008],[138.43256789767409,36.728957327423331],[138.43250539761118,36.728957327388962],[138.4325053975779,36.7289156674222],[138.4325053975445,36.728873997455693],[138.43250539751119,36.728832327488931],[138.43256789757427,36.728832327523122]]]},"properties":{"FID":611,"A31_201":"8404030649","A31_202":"角間川","A31_203":20,"A31_204":"長野県","A31_205":2,"A31_206":" ","A31_207":" ","A31_208":" "}},{"type":"Feature","id":612,"geometry":{"type":"Polygon","coordinates":[[[138.42825539337562,36.728998995013335],[138.42825539341365,36.729040664975301],[138.42819289335102,36.72904066494084],[138.42819289331283,36.728998994978873],[138.42825539337562,36.728998995013335]]]},"properties":{"FID":612,"A31_201":"8404030649","A31_202":"角間川","A31_203":20,"A31_204":"長野県","A31_205":2,"A31_206":" ","A31_207":" ","A31_208":" "}},{"type":"Feature","id":613,"geometry":{"type":"Polygon","coordinates":[[[138.43194289714739,36.729082326977597],[138.43188039708474,36.729082326942958],[138.43188039705075,36.72904066697717],[138.43188039701673,36.728998997011118],[138.43188039698271,36.728957327045237],[138.43181789691997,36.72895732701086],[138.43181789688586,36.728915667044809],[138.43181789685175,36.728873997079106],[138.43188039691466,36.728873997113304],[138.43194289697766,36.728873997147588],[138.4319428970116,36.728915667113469],[138.43194289704559,36.728957327079613],[138.43194289707952,36.728998997045487],[138.43200539714235,36.728998997079948],[138.43200539717617,36.729040667046178],[138.43194289711346,36.729040667011631],[138.43194289714739,36.729082326977597]]]},"properties":{"FID":613,"A31_201":"8404030649","A31_202":"角間川","A31_203":20,"A31_204":"長野県","A31_205":2,"A31_206":" ","A31_207":" ","A31_208":" "}},{"type":"Feature","id":614,"geometry":{"type":"Polygon","coordinates":[[[138.42788039307592,36.729082324729617],[138.42788039311438,36.729123994691236],[138.42781789305184,36.72912399465659],[138.4278178930133,36.729082324695071],[138.42788039307592,36.729082324729617]]]},"properties":{"FID":614,"A31_201":"8404030649","A31_202":"角間川","A31_203":20,"A31_204":"長野県","A31_205":2,"A31_206":" ","A31_207":" ","A31_208":" "}},{"type":"Feature","id":615,"geometry":{"type":"Polygon","coordinates":[[[138.43163039686857,36.729123996770454],[138.43156789680603,36.72912399673573],[138.43156789677167,36.729082326770026],[138.43156789673728,36.729040666804593],[138.43156789670292,36.728998996838897],[138.43156789666853,36.728957326873285],[138.43150539660564,36.728957326838909],[138.43150539657117,36.728915666873306],[138.43156789663416,36.728915666907582],[138.43163039669707,36.728915666941958],[138.43163039673135,36.728957326907661],[138.43169289679426,36.72895732694203],[138.43169289682845,36.728998996907734],[138.43169289686273,36.729040666873608],[138.43169289689692,36.729082326839219],[138.43163039683429,36.729082326804672],[138.43163039686857,36.729123996770454]]]},"properties":{"FID":615,"A31_201":"8404030649","A31_202":"角間川","A31_203":20,"A31_204":"長野県","A31_205":2,"A31_206":" ","A31_207":" ","A31_208":" "}},{"type":"Feature","id":616,"geometry":{"type":"Polygon","coordinates":[[[138.42738039261374,36.729123994414032],[138.42738039265274,36.729165664375117],[138.42731789259037,36.729165664340385],[138.42731789255129,36.729123994379393],[138.42738039261374,36.729123994414032]]]},"properties":{"FID":616,"A31_201":"8404030649","A31_202":"角間川","A31_203":20,"A31_204":"長野県","A31_205":2,"A31_206":" ","A31_207":" ","A31_208":" "}},{"type":"Feature","id":617,"geometry":{"type":"Polygon","coordinates":[[[138.42756789276265,36.729082324556686],[138.42756789280148,36.729123994517948],[138.42756789284027,36.729165664479297],[138.42750539277782,36.729165664444565],[138.42750539273894,36.729123994483309],[138.42750539270003,36.729082324522139],[138.42756789276265,36.729082324556686]]]},"properties":{"FID":617,"A31_201":"8404030649","A31_202":"角間川","A31_203":20,"A31_204":"長野県","A31_205":2,"A31_206":" ","A31_207":" ","A31_208":" "}},{"type":"Feature","id":618,"geometry":{"type":"Polygon","coordinates":[[[138.43213039740289,36.72916566701398],[138.43206789734035,36.729165666979256],[138.43206789730658,36.729123997013019],[138.43213039736912,36.729123997047658],[138.43213039740289,36.72916566701398]]]},"properties":{"FID":618,"A31_201":"8404030649","A31_202":"角間川","A31_203":20,"A31_204":"長野県","A31_205":2,"A31_206":" ","A31_207":" ","A31_208":" "}},{"type":"Feature","id":619,"geometry":{"type":"Polygon","coordinates":[[[138.43213039740289,36.72916566701398],[138.43219289746543,36.729165667048704],[138.43225539752788,36.729165667083436],[138.43225539756156,36.729207327049757],[138.43231789762393,36.729207327084481],[138.4323178976575,36.729248997050988],[138.43231789769106,36.729290667017573],[138.43225539762878,36.729290666982578],[138.43219289756641,36.729290666947676],[138.43219289753276,36.729248996981262],[138.43213039747039,36.729248996946446],[138.43213039743665,36.729207326980124],[138.43213039740289,36.72916566701398]]]},"properties":{"FID":619,"A31_201":"8404030649","A31_202":"角間川","A31_203":20,"A31_204":"長野県","A31_205":2,"A31_206":" ","A31_207":" ","A31_208":" "}},{"type":"Feature","id":620,"geometry":{"type":"Polygon","coordinates":[[[138.42788039330676,36.729332324498948],[138.42788039326831,36.729290664537515],[138.42794289333051,36.729290664572417],[138.42794289336888,36.729332324533942],[138.42788039330676,36.729332324498948]]]},"properties":{"FID":620,"A31_201":"8404030649","A31_202":"角間川","A31_203":20,"A31_204":"長野県","A31_205":2,"A31_206":" ","A31_207":" ","A31_208":" "}},{"type":"Feature","id":621,"geometry":{"type":"Polygon","coordinates":[[[138.42825539368002,36.729332324708913],[138.42825539364199,36.729290664747033],[138.42819289357971,36.729290664712124],[138.42819289354162,36.729248994750158],[138.42825539360399,36.729248994785067],[138.42831789366636,36.729248994819883],[138.42831789370427,36.729290664782027],[138.4283178937423,36.729332324743908],[138.42825539368002,36.729332324708913]]]},"properties":{"FID":621,"A31_201":"8404030649","A31_202":"角間川","A31_203":20,"A31_204":"長野県","A31_205":2,"A31_206":" ","A31_207":" ","A31_208":" "}},{"type":"Feature","id":622,"geometry":{"type":"Polygon","coordinates":[[[138.43056789591139,36.729248996074872],[138.43056789594684,36.72929066603951],[138.43056789598236,36.729332326003878],[138.43050539592008,36.729332325968883],[138.43044289585782,36.729332325933889],[138.4304428958223,36.729290665969614],[138.43050539588455,36.729290666004516],[138.43050539584902,36.729248996040056],[138.43056789591139,36.729248996074872]]]},"properties":{"FID":622,"A31_201":"8404030649","A31_202":"角間川","A31_203":20,"A31_204":"長野県","A31_205":2,"A31_206":" ","A31_207":" ","A31_208":" "}},{"type":"Feature","id":623,"geometry":{"type":"Polygon","coordinates":[[[138.4289428944391,36.729415665019303],[138.42888039437699,36.729415664984131],[138.42881789431496,36.729415664948959],[138.4288178942775,36.729373994986545],[138.4287553942153,36.729373994951459],[138.42875539417781,36.72933232498896],[138.42869289411561,36.729332324953873],[138.42863039405336,36.729332324918879],[138.42863039401567,36.729290664956643],[138.42856789395341,36.729290664921734],[138.42856789391575,36.72924899495932],[138.4285053938533,36.729248994924504],[138.42850539381553,36.729207324962182],[138.42844289375324,36.729207324927458],[138.42844289371541,36.729165664965393],[138.42850539377778,36.729165665000124],[138.42850539374004,36.729123995037796],[138.42856789380258,36.729123995072442],[138.42856789376492,36.729082325110028],[138.42863039382749,36.72908232514466],[138.4286928938902,36.729082325179213],[138.42869289385263,36.729040665216978],[138.42875539391537,36.729040665251439],[138.42875539387788,36.728998995288848],[138.42881789394062,36.728998995323309],[138.42881789397808,36.729040665285993],[138.42888039404082,36.729040665320454],[138.42888039407811,36.729082325282953],[138.42894289414076,36.729082325317592],[138.42894289410353,36.729040665355001],[138.42900539416627,36.729040665389462],[138.42900539412904,36.728998995426608],[138.42894289406624,36.728998995392232],[138.42894289402892,36.728957325429548],[138.42900539409175,36.728957325463924],[138.42900539405451,36.728915665501063],[138.42894289399163,36.728915665466786],[138.42894289395431,36.728873995504188],[138.42900539401731,36.728873995538478],[138.42906789408022,36.72887399557267],[138.42913039414321,36.728873995606953],[138.42913039410618,36.728832325643921],[138.42919289416915,36.728832325678113],[138.42925539423226,36.728832325712219],[138.42931789429531,36.72883232574641],[138.42938039435842,36.728832325780608],[138.42944289442147,36.728832325814714],[138.42950539448458,36.728832325848913],[138.42956789454763,36.728832325883104],[138.42956789458424,36.728873995846584],[138.42963039464715,36.728873995880775],[138.42963039468364,36.72891566584417],[138.42963039472016,36.728957325807741],[138.42956789465742,36.728957325773365],[138.42950539459451,36.728957325738989],[138.42944289453172,36.72895732570462],[138.42938039446881,36.728957325670159],[138.42938039450567,36.728998995633283],[138.42931789444285,36.728998995598822],[138.42925539438005,36.728998995564453],[138.429255394417,36.729040665527577],[138.42925539445395,36.729082325490431],[138.42925539449089,36.729123995453648],[138.42925539452784,36.729165665416772],[138.42919289446536,36.729165665382041],[138.42919289450231,36.729207325344902],[138.42913039443985,36.729207325310171],[138.429130394477,36.729248995273117],[138.42906789441463,36.729248995238208],[138.42906789445175,36.729290665201162],[138.42900539438955,36.729290665166253],[138.42900539442675,36.729332325128937],[138.42900539446399,36.729373995091791],[138.42894289440187,36.729373995056704],[138.4289428944391,36.729415665019303]],[[138.42881789412775,36.729207325136173],[138.42881789416523,36.729248995098772],[138.4288803942276,36.729248995133673],[138.42894289428997,36.72924899516849],[138.42894289425266,36.729207325205721],[138.42894289421537,36.72916566524313],[138.42888039415288,36.729165665208399],[138.42881789409034,36.729165665173674],[138.42881789412775,36.729207325136173]]]},"properties":{"FID":623,"A31_201":"8404030649","A31_202":"角間川","A31_203":20,"A31_204":"長野県","A31_205":2,"A31_206":" ","A31_207":" ","A31_208":" "}},{"type":"Feature","id":624,"geometry":{"type":"Polygon","coordinates":[[[138.42663039214196,36.729415663719095],[138.42663039218183,36.729457323679377],[138.42656789211983,36.729457323644112],[138.42656789207987,36.729415663684009],[138.42650539201784,36.729415663648837],[138.4265053919778,36.729373993689002],[138.4264428919156,36.729373993653923],[138.42638039185351,36.729373993618836],[138.42638039181335,36.729332323658909],[138.42644289187555,36.729332323693903],[138.42650539193784,36.729332323728897],[138.42650539189785,36.729290663768971],[138.42656789196013,36.729290663803965],[138.42663039202242,36.729290663838867],[138.42663039198254,36.729248993878677],[138.42669289204491,36.729248993913494],[138.4266928920847,36.729290663873776],[138.42669289212449,36.72933232383388],[138.42675539218678,36.729332323868874],[138.42675539222648,36.729373993829242],[138.42669289216428,36.729373993794255],[138.42663039210217,36.729373993759168],[138.42663039214196,36.729415663719095]]]},"properties":{"FID":624,"A31_201":"8404030649","A31_202":"角間川","A31_203":20,"A31_204":"長野県","A31_205":2,"A31_206":" ","A31_207":" ","A31_208":" "}},{"type":"Feature","id":625,"geometry":{"type":"Polygon","coordinates":[[[138.42700539255395,36.729457323890585],[138.42694289249184,36.729457323855414],[138.42688039242981,36.729457323820156],[138.4268803923903,36.729415663859697],[138.42688039235068,36.729373993899415],[138.42688039231106,36.729332323938948],[138.42694289237335,36.729332323973949],[138.42700539243555,36.729332324008936],[138.42706789249783,36.729332324043938],[138.42713039256,36.729332324078925],[138.42713039259937,36.729373994039655],[138.42706789253717,36.729373994004661],[138.42706789257653,36.729415663965121],[138.4270053925145,36.729415663929949],[138.42700539255395,36.729457323890585]]]},"properties":{"FID":625,"A31_201":"8404030649","A31_202":"角間川","A31_203":20,"A31_204":"長野県","A31_205":2,"A31_206":" ","A31_207":" ","A31_208":" "}},{"type":"Feature","id":626,"geometry":{"type":"Polygon","coordinates":[[[138.43200539748119,36.729415666741033],[138.43200539751513,36.729457326707262],[138.43194289745301,36.72945732667209],[138.43188039739098,36.729457326636833],[138.43181789732907,36.729457326601661],[138.43181789729505,36.729415666635695],[138.43175539723296,36.729415666600524],[138.43175539719874,36.72937399663482],[138.43175539716455,36.729332326668946],[138.43175539713044,36.729290666703157],[138.43169289706807,36.729290666668248],[138.43169289703388,36.729248996702374],[138.43169289699961,36.729207326736585],[138.43175539706206,36.729207326771402],[138.43175539702796,36.729165666805613],[138.43175539699376,36.729123996839732],[138.43181789705631,36.729123996874378],[138.43188039711885,36.72912399690901],[138.43188039715287,36.729165666875069],[138.43194289721532,36.729165666909793],[138.43194289724934,36.729207326875766],[138.43194289728328,36.729248996841818],[138.43200539734565,36.72924899687672],[138.4320053973795,36.729290666842871],[138.43206789744187,36.729290666877773],[138.4320678974756,36.729332326843917],[138.43206789750946,36.729373996810153],[138.43200539744734,36.729373996775067],[138.43200539748119,36.729415666741033]]]},"properties":{"FID":626,"A31_201":"8404030649","A31_202":"角間川","A31_203":20,"A31_204":"長野県","A31_205":2,"A31_206":" ","A31_207":" ","A31_208":" "}},{"type":"Feature","id":627,"geometry":{"type":"Polygon","coordinates":[[[138.42825539368002,36.729332324708913],[138.4282553937181,36.729373994670972],[138.42825539375622,36.729415664632768],[138.42825539379425,36.729457324594733],[138.42825539383225,36.729498994556792],[138.42831789389425,36.729498994592049],[138.42831789393219,36.729540664554023],[138.42825539387036,36.729540664518673],[138.42819289380841,36.729540664483324],[138.42819289377033,36.729498994521535],[138.42813039370839,36.729498994486271],[138.42813039367019,36.72945732452439],[138.42813039363202,36.729415664562509],[138.42813039359382,36.729373994600806],[138.42813039355562,36.729332324638925],[138.42819289361782,36.729332324673919],[138.42825539368002,36.729332324708913]]]},"properties":{"FID":627,"A31_201":"8404030649","A31_202":"角間川","A31_203":20,"A31_204":"長野県","A31_205":2,"A31_206":" ","A31_207":" ","A31_208":" "}},{"type":"Feature","id":628,"geometry":{"type":"Polygon","coordinates":[[[138.43056789591139,36.729248996074872],[138.43056789587587,36.729207326110327],[138.43063039593835,36.729207326145143],[138.43063039590291,36.729165666180606],[138.43063039586755,36.729123996215968],[138.43069289593009,36.729123996250607],[138.43069289589474,36.729082326285884],[138.43075539595719,36.729082326320437],[138.43075539592195,36.729040666355885],[138.43081789598477,36.729040666390439],[138.4308178959495,36.728998996425538],[138.4308803960123,36.72899899646],[138.43088039597714,36.728957326495191],[138.43094289604005,36.72895732652956],[138.43094289600495,36.728915666564575],[138.43094289596988,36.728873996599759],[138.43100539603287,36.728873996634043],[138.43100539599789,36.728832326668964],[138.43106789606097,36.728832326703071],[138.43106789609587,36.728873996668241],[138.43106789613077,36.728915666633142],[138.43100539606786,36.728915666598851],[138.43100539610285,36.728957326563929],[138.43100539613786,36.72899899652883],[138.43100539617285,36.729040666493916],[138.43106789623556,36.729040666528462],[138.43106789627046,36.729082326493362],[138.4311303963332,36.729082326528001],[138.43113039636802,36.729123996493172],[138.43119289643064,36.729123996527804],[138.43119289646538,36.729165666493152],[138.43125539652794,36.729165666527877],[138.43125539656265,36.729207326493047],[138.43131789662493,36.729207326527863],[138.43138039668739,36.72920732656268],[138.43138039672203,36.729248996528113],[138.43138039675659,36.729290666493547],[138.43144289681888,36.729290666528541],[138.43144289685341,36.729332326493889],[138.43150539691561,36.729332326528876],[138.43150539695006,36.72937399649458],[138.43150539698453,36.729415666459929],[138.43156789704665,36.7294156664951],[138.43156789708101,36.729457326460796],[138.43156789711537,36.7294989964265],[138.43156789714976,36.729540666392019],[138.4315053970879,36.729540666356669],[138.43150539712229,36.729582326322102],[138.43144289706046,36.729582326286753],[138.43138039699869,36.729582326251318],[138.43138039696407,36.729540666286056],[138.43131789690221,36.729540666250713],[138.43131789686751,36.729498996285457],[138.43125539680574,36.729498996250101],[138.43125539677095,36.729457326284759],[138.43125539673622,36.729415666319412],[138.43125539670157,36.729373996354248],[138.43119289663937,36.729373996319168],[138.43113039657717,36.729373996284167],[138.431067896515,36.729373996249087],[138.4310678964801,36.729332326283924],[138.43113039654236,36.729332326318911],[138.43119289660456,36.729332326353912],[138.43119289656983,36.729290666388742],[138.43119289653501,36.729248996423486],[138.43113039647264,36.729248996388669],[138.43106789641027,36.729248996353761],[138.4310053963479,36.729248996318944],[138.43100539638289,36.729290666284029],[138.43094289632052,36.729290666249028],[138.43094289628553,36.729248996284042],[138.43088039622316,36.729248996249225],[138.4308178961607,36.729248996214324],[138.43075539609833,36.729248996179507],[138.43069289603613,36.729248996144598],[138.43063039597376,36.729248996109781],[138.43056789591139,36.729248996074872]]]},"properties":{"FID":628,"A31_201":"8404030649","A31_202":"角間川","A31_203":20,"A31_204":"長野県","A31_205":2,"A31_206":" ","A31_207":" ","A31_208":" "}},{"type":"Feature","id":629,"geometry":{"type":"Polygon","coordinates":[[[138.43138039699869,36.729582326251318],[138.43138039703325,36.729623996216837],[138.43131789697151,36.72962399618131],[138.43131789693686,36.729582326215876],[138.43138039699869,36.729582326251318]]]},"properties":{"FID":629,"A31_201":"8404030649","A31_202":"角間川","A31_203":20,"A31_204":"長野県","A31_205":2,"A31_206":" ","A31_207":" ","A31_208":" "}},{"type":"Feature","id":630,"geometry":{"type":"Polygon","coordinates":[[[138.42600539180506,36.729707323083844],[138.4259428917434,36.729707323048231],[138.42594289170282,36.729665663088923],[138.42588039164116,36.729665663053396],[138.4258803916004,36.729623993094002],[138.42581789153863,36.729623993058567],[138.42581789149787,36.729582323099258],[138.4258803915597,36.729582323134608],[138.42594289162156,36.72958232317005],[138.42594289158095,36.729540663210827],[138.4260053916428,36.729540663246183],[138.42600539160219,36.729498993286782],[138.42606789166422,36.729498993322046],[138.42613039172613,36.729498993357396],[138.42613039176655,36.729540663316882],[138.42613039180696,36.729582323276276],[138.42613039184738,36.729623993235933],[138.42606789178564,36.729623993200491],[138.42606789182614,36.729665663160063],[138.42600539176448,36.729665663124536],[138.42600539180506,36.729707323083844]]]},"properties":{"FID":630,"A31_201":"8404030649","A31_202":"角間川","A31_203":20,"A31_204":"長野県","A31_205":2,"A31_206":" ","A31_207":" ","A31_208":" "}},{"type":"Feature","id":631,"geometry":{"type":"Polygon","coordinates":[[[138.4273178930595,36.729665663871231],[138.42731789309866,36.729707323832045],[138.427255393037,36.72970732379634],[138.42725539299784,36.729665663835618],[138.42719289293618,36.729665663800091],[138.42719289289693,36.729623993839184],[138.42719289285768,36.729582323878368],[138.42719289281848,36.729540663917732],[138.42725539288034,36.729540663953081],[138.42731789294226,36.729540663988431],[138.427380393004,36.72954066402378],[138.42738039304299,36.729582323984594],[138.42738039308207,36.72962399394568],[138.42731789302042,36.729623993910238],[138.4273178930595,36.729665663871231]]]},"properties":{"FID":631,"A31_201":"8404030649","A31_202":"角間川","A31_203":20,"A31_204":"長野県","A31_205":2,"A31_206":" ","A31_207":" ","A31_208":" "}},{"type":"Feature","id":632,"geometry":{"type":"Polygon","coordinates":[[[138.43119289691765,36.729707326040767],[138.43119289688292,36.729665666075604],[138.43125539694458,36.729665666111217],[138.43125539697931,36.72970732607638],[138.43119289691765,36.729707326040767]]]},"properties":{"FID":632,"A31_201":"8404030649","A31_202":"角間川","A31_203":20,"A31_204":"長野県","A31_205":2,"A31_206":" ","A31_207":" ","A31_208":" "}},{"type":"Feature","id":633,"geometry":{"type":"Polygon","coordinates":[[[138.42738039319914,36.72974899382865],[138.42738039323814,36.729790663789643],[138.42731789317682,36.729790663753946],[138.42731789313774,36.729748993792953],[138.42738039319914,36.72974899382865]]]},"properties":{"FID":633,"A31_201":"8404030649","A31_202":"角間川","A31_203":20,"A31_204":"長野県","A31_205":2,"A31_206":" ","A31_207":" ","A31_208":" "}},{"type":"Feature","id":634,"geometry":{"type":"Polygon","coordinates":[[[138.42981789567145,36.729832325148095],[138.42981789563513,36.729790665184439],[138.42988039569661,36.729790665220236],[138.42988039573285,36.729832325183892],[138.42981789567145,36.729832325148095]]]},"properties":{"FID":634,"A31_201":"8404030649","A31_202":"角間川","A31_203":20,"A31_204":"長野県","A31_205":2,"A31_206":" ","A31_207":" ","A31_208":" "}},{"type":"Feature","id":635,"geometry":{"type":"Polygon","coordinates":[[[138.43119289691765,36.729707326040767],[138.43119289695247,36.729748996006023],[138.43119289698728,36.729790665971279],[138.43113039692579,36.729790665935482],[138.4311303969607,36.72983232590056],[138.43106789689932,36.72983232586477],[138.43106789693422,36.729873995829848],[138.43100539687282,36.729873995793966],[138.43094289681153,36.729873995758084],[138.43088039675021,36.729873995722201],[138.43081789668889,36.729873995686319],[138.43081789665365,36.729832325721418],[138.43081789661846,36.729790665756695],[138.43081789658322,36.729748995791795],[138.43081789654804,36.729707325826979],[138.43088039660961,36.729707325862599],[138.43088039657454,36.729665665897876],[138.43088039653935,36.729623995932883],[138.43081789647761,36.729623995897448],[138.43075539641586,36.729623995861921],[138.43075539645113,36.72966566582673],[138.43075539648638,36.729707325791367],[138.43069289642489,36.729707325755754],[138.43063039636334,36.729707325720135],[138.4306303963279,36.72966566575559],[138.43063039629254,36.729623995790959],[138.4306303962571,36.729582325826321],[138.43056789619527,36.729582325790886],[138.43050539613344,36.729582325755445],[138.43044289607158,36.729582325720003],[138.43038039600975,36.72958232568466],[138.43038039597405,36.729540665720464],[138.43031789591222,36.729540665685121],[138.43025539585028,36.729540665649765],[138.43025539588618,36.729582325613777],[138.43019289582435,36.729582325578342],[138.43019289578845,36.729540665614422],[138.43019289575255,36.729498995650403],[138.4302553958145,36.729498995685667],[138.43025539577872,36.729457325721476],[138.43031789584072,36.729457325756648],[138.43031789580493,36.729415665792374],[138.43031789576912,36.729373995828269],[138.43038039583132,36.729373995863263],[138.43038039586702,36.729415665827453],[138.43044289592913,36.729415665862625],[138.43044289596475,36.729457325827084],[138.43050539602677,36.729457325862256],[138.43056789608877,36.729457325897513],[138.43056789605333,36.729415665932876],[138.43063039611545,36.729415665968048],[138.43069289617753,36.729415666003135],[138.4306928962128,36.729457325967857],[138.43075539627472,36.729457326003114],[138.43075539630999,36.72949899596793],[138.43081789637199,36.729498996003187],[138.43081789640718,36.729540665967917],[138.43088039646909,36.72954066600326],[138.43088039650419,36.729582325967982],[138.43094289656602,36.729582326003424],[138.43094289653095,36.729540666038616],[138.43100539659287,36.729540666073959],[138.43100539662785,36.729582326038773],[138.43100539666284,36.729623996003852],[138.43100539669786,36.72966566596893],[138.43106789675952,36.72966566600455],[138.4310678967945,36.729707325969535],[138.43113039685608,36.729707326005155],[138.43119289691765,36.729707326040767]]]},"properties":{"FID":635,"A31_201":"8404030649","A31_202":"角間川","A31_203":20,"A31_204":"長野県","A31_205":2,"A31_206":" ","A31_207":" ","A31_208":" "}},{"type":"Feature","id":636,"geometry":{"type":"Polygon","coordinates":[[[138.42788039330676,36.729332324498948],[138.42788039334522,36.729373994460559],[138.42788039338367,36.729415664421907],[138.4279428934457,36.729415664457079],[138.42794289348407,36.729457324418696],[138.42794289352253,36.7294989943804],[138.4279428935609,36.729540664341926],[138.42788039349915,36.729540664306576],[138.42781789343724,36.729540664271227],[138.42781789347578,36.729582324232574],[138.42775539341392,36.729582324197139],[138.42769289335217,36.729582324161697],[138.42769289339083,36.729623994123131],[138.42763039332908,36.729623994087603],[138.42763039336779,36.729665664048952],[138.42763039340653,36.729707324010121],[138.42769289346819,36.729707324045741],[138.42769289350682,36.729748994007089],[138.42775539356839,36.729748994042794],[138.42781789362996,36.729748994078498],[138.42788039369145,36.729748994114203],[138.42788039365297,36.729707324152585],[138.42788039361452,36.729665664191153],[138.42794289367609,36.729665664226772],[138.42794289371454,36.729707324188297],[138.42794289375291,36.729748994149908],[138.42794289379128,36.729790664111519],[138.42788039372999,36.729790664075821],[138.42788039376845,36.729832324037254],[138.4278803938069,36.729873993998865],[138.42788039384536,36.729915663960398],[138.42781789378407,36.729915663924423],[138.42775539372283,36.729915663888448],[138.42775539368421,36.729873993927015],[138.42775539364555,36.729832323965582],[138.42769289358418,36.729832323929784],[138.42769289354555,36.729790663968529],[138.42763039348407,36.729790663932732],[138.42756789342258,36.729790663896935],[138.42756789338375,36.729748993935679],[138.42756789334496,36.729707323974509],[138.42750539328338,36.729707323938896],[138.42750539324447,36.729665663977812],[138.42750539320556,36.729623994016642],[138.42750539316668,36.729582324055471],[138.42744289310482,36.729582324020029],[138.42744289306594,36.72954066405913],[138.42744289302695,36.729498994098222],[138.42750539308886,36.729498994133486],[138.42750539305007,36.729457324172316],[138.42750539301116,36.729415664211061],[138.42750539297225,36.729373994250153],[138.42744289291005,36.729373994215067],[138.42738039284785,36.729373994179987],[138.42738039288696,36.729415664140802],[138.42731789282493,36.72941566410563],[138.42731789278585,36.729373994144908],[138.42725539272365,36.729373994109821],[138.42719289266148,36.729373994074734],[138.42719289262229,36.729332324113926],[138.42719289258304,36.729290664153197],[138.42719289254379,36.729248994192382],[138.42719289250454,36.729207324231567],[138.42725539256699,36.729207324266383],[138.42725539260616,36.729248994227291],[138.42725539264532,36.729290664188191],[138.42725539268449,36.729332324148913],[138.42731789274677,36.729332324183915],[138.42738039280889,36.729332324218902],[138.42744289287117,36.729332324253903],[138.42744289283218,36.729290664292996],[138.42744289279318,36.729248994331826],[138.42750539285555,36.729248994366728],[138.42750539289443,36.729290664327905],[138.4275678929568,36.729290664362807],[138.42756789299554,36.729332324323892],[138.42763039305783,36.729332324358879],[138.42763039309654,36.729373994320227],[138.42763039313536,36.729415664281312],[138.42763039317407,36.729457324242659],[138.42763039321281,36.729498994204008],[138.42769289327481,36.729498994239265],[138.42775539333675,36.729498994274621],[138.42781789339867,36.729498994309878],[138.42781789336013,36.729457324348353],[138.42781789332159,36.729415664386735],[138.42781789328302,36.72937399442548],[138.42781789324457,36.729332324463954],[138.42788039330676,36.729332324498948]]]},"properties":{"FID":636,"A31_201":"8404030649","A31_202":"角間川","A31_203":20,"A31_204":"長野県","A31_205":2,"A31_206":" ","A31_207":" ","A31_208":" "}},{"type":"Feature","id":637,"geometry":{"type":"Polygon","coordinates":[[[138.42569289145609,36.729665662946729],[138.42569289149694,36.729707322905767],[138.42569289153789,36.729748992864891],[138.42569289157882,36.729790662824108],[138.42569289161969,36.729832322783054],[138.42569289166056,36.72987399274227],[138.42569289170149,36.729915662701401],[138.42569289174236,36.729957322660354],[138.42575539180356,36.729957322696407],[138.4257553918444,36.729998992655716],[138.42569289178329,36.729998992619571],[138.42563039172225,36.729998992583418],[138.4256303916813,36.729957322624379],[138.42563039164037,36.729915662665434],[138.42563039159933,36.729873992706388],[138.4256303915584,36.729832322747264],[138.42563039151744,36.729790662788318],[138.42563039147649,36.729748992829187],[138.42563039143545,36.729707322870148],[138.42563039139452,36.729665662911202],[138.42569289145609,36.729665662946729]]]},"properties":{"FID":637,"A31_201":"8404030649","A31_202":"角間川","A31_203":20,"A31_204":"長野県","A31_205":2,"A31_206":" ","A31_207":" ","A31_208":" "}},{"type":"Feature","id":638,"geometry":{"type":"Polygon","coordinates":[[[138.42600539196724,36.729873992921775],[138.42600539200782,36.729915662881254],[138.42600539204832,36.729957322840562],[138.42600539208894,36.729998992800134],[138.42594289202779,36.729998992763981],[138.42594289198712,36.729957322804594],[138.42594289194653,36.729915662845286],[138.42594289190595,36.729873992885892],[138.42600539196724,36.729873992921775]]]},"properties":{"FID":638,"A31_201":"8404030649","A31_202":"角間川","A31_203":20,"A31_204":"長野県","A31_205":2,"A31_206":" ","A31_207":" ","A31_208":" "}},{"type":"Feature","id":639,"geometry":{"type":"Polygon","coordinates":[[[138.42788039388381,36.72995732392183],[138.42788039392235,36.729998993883441],[138.42781789386115,36.729998993847389],[138.42781789382261,36.72995732388577],[138.42788039388381,36.72995732392183]]]},"properties":{"FID":639,"A31_201":"8404030649","A31_202":"角間川","A31_203":20,"A31_204":"長野県","A31_205":2,"A31_206":" ","A31_207":" ","A31_208":" "}},{"type":"Feature","id":640,"geometry":{"type":"Polygon","coordinates":[[[138.43075539673339,36.729998995544605],[138.43075539669812,36.72995732557979],[138.43081789675927,36.729957325615764],[138.43081789679451,36.729998995580665],[138.43075539673339,36.729998995544605]]]},"properties":{"FID":640,"A31_201":"8404030649","A31_202":"角間川","A31_203":20,"A31_204":"長野県","A31_205":2,"A31_206":" ","A31_207":" ","A31_208":" "}},{"type":"Feature","id":641,"geometry":{"type":"Polygon","coordinates":[[[138.42731789341138,36.730040663519191],[138.4273178933723,36.729998993558461],[138.42731789333322,36.729957323597468],[138.42731789329414,36.729915663636653],[138.42738039335529,36.729915663672628],[138.42738039339429,36.729957323633528],[138.42744289345549,36.729957323669588],[138.4274428934165,36.729915663708596],[138.42744289337759,36.729873993747518],[138.42750539343891,36.7298739937834],[138.4275678935002,36.729873993819368],[138.4275678934614,36.729832323858105],[138.42763039352278,36.729832323893902],[138.4276303935616,36.72987399385525],[138.42763039360031,36.729915663816513],[138.42763039363905,36.729957323777683],[138.42756789357782,36.729957323741615],[138.42756789361673,36.729998993702878],[138.42750539355552,36.729998993666818],[138.4274428934944,36.729998993630673],[138.4274428935334,36.730040663591573],[138.42738039347233,36.730040663555428],[138.42731789341138,36.730040663519191]]]},"properties":{"FID":641,"A31_201":"8404030649","A31_202":"角間川","A31_203":20,"A31_204":"長野県","A31_205":2,"A31_206":" ","A31_207":" ","A31_208":" "}},{"type":"Feature","id":642,"geometry":{"type":"Polygon","coordinates":[[[138.42569289182416,36.730040662578517],[138.42569289186508,36.730082322537733],[138.42563039180425,36.730082322501495],[138.42563039176329,36.730040662542365],[138.42569289182416,36.730040662578517]]]},"properties":{"FID":642,"A31_201":"8404030649","A31_202":"角間川","A31_203":20,"A31_204":"長野県","A31_205":2,"A31_206":" ","A31_207":" ","A31_208":" "}},{"type":"Feature","id":643,"geometry":{"type":"Polygon","coordinates":[[[138.42981789567145,36.729832325148095],[138.42981789570777,36.729873995111845],[138.42981789574409,36.729915665075502],[138.4297553956828,36.729915665039528],[138.42975539571921,36.729957325003099],[138.42981789578042,36.729957325039159],[138.42981789581677,36.729998995002902],[138.42981789585298,36.730040664966474],[138.42981789588933,36.730082324930223],[138.42981789592565,36.730123994893788],[138.42975539586479,36.730123994857465],[138.42975539582838,36.730082324893985],[138.42969289576735,36.730082324857747],[138.42969289573091,36.730040664894091],[138.4296928956945,36.729998994930696],[138.42963039563338,36.729998994894544],[138.42956789557235,36.729998994858491],[138.42956789553574,36.729957324895011],[138.42963039559677,36.729957324930979],[138.42963039556028,36.729915664967592],[138.42969289562157,36.72991566500356],[138.42969289558508,36.729873995039995],[138.4297553956464,36.729873995075963],[138.42975539561004,36.729832325112213],[138.42981789567145,36.729832325148095]]]},"properties":{"FID":643,"A31_201":"8404030649","A31_202":"角間川","A31_203":20,"A31_204":"長野県","A31_205":2,"A31_206":" ","A31_207":" ","A31_208":" "}},{"type":"Feature","id":644,"geometry":{"type":"Polygon","coordinates":[[[138.42675539294146,36.730123993114148],[138.42675539298116,36.730165663074516],[138.4266928929203,36.7301656630381],[138.42669289288051,36.730123993077818],[138.42675539294146,36.730123993114148]]]},"properties":{"FID":644,"A31_201":"8404030649","A31_202":"角間川","A31_203":20,"A31_204":"長野県","A31_205":2,"A31_206":" ","A31_207":" ","A31_208":" "}},{"type":"Feature","id":645,"geometry":{"type":"Polygon","coordinates":[[[138.42731789341138,36.730040663519191],[138.42731789345046,36.730082323480175],[138.42731789348966,36.730123993440998],[138.42731789352871,36.730165663401991],[138.42725539346787,36.730165663365661],[138.42719289340701,36.730165663329245],[138.42719289336776,36.73012399336843],[138.42719289332848,36.7300823234077],[138.42719289328932,36.730040663446886],[138.42725539335035,36.730040663483038],[138.42731789341138,36.730040663519191]]]},"properties":{"FID":645,"A31_201":"8404030649","A31_202":"角間川","A31_203":20,"A31_204":"長野県","A31_205":2,"A31_206":" ","A31_207":" ","A31_208":" "}},{"type":"Feature","id":646,"geometry":{"type":"Polygon","coordinates":[[[138.43075539673339,36.729998995544605],[138.43075539676863,36.730040665509151],[138.4307553968039,36.730082325473958],[138.43069289674304,36.730082325437721],[138.43063039668209,36.730082325401483],[138.43056789662106,36.73008232536516],[138.43050539656011,36.730082325328922],[138.43044289649907,36.730082325292685],[138.43044289653469,36.73012399525696],[138.43044289657038,36.730165665221421],[138.43038039650952,36.730165665185098],[138.43038039647382,36.730123995220637],[138.43031789641287,36.7301239951844],[138.43031789637709,36.730082325220209],[138.43031789634139,36.730040665255842],[138.43031789630558,36.72999899529183],[138.43025539624446,36.729998995255684],[138.43025539620868,36.729957325291402],[138.43025539617278,36.72991566532739],[138.430255396137,36.729873995363199],[138.4302553961011,36.729832325398917],[138.43019289603973,36.729832325363034],[138.43013039597841,36.729832325327244],[138.43013039594246,36.729790665363325],[138.43006789588105,36.729790665327528],[138.43006789584499,36.729748995363515],[138.43006789580892,36.729707325399502],[138.43013039587058,36.729707325435115],[138.43019289593207,36.729707325470734],[138.43019289589608,36.729665665506722],[138.43025539595786,36.729665665542342],[138.43025539599364,36.729707325506354],[138.43025539602951,36.729748995470544],[138.430317896091,36.729748995506242],[138.43031789612681,36.729790665470617],[138.43031789616251,36.729832325434714],[138.43038039622388,36.729832325470596],[138.43038039625961,36.729873995434964],[138.43044289632098,36.729873995470847],[138.43044289635662,36.7299156654353],[138.43050539641783,36.729915665471275],[138.43050539645344,36.729957325435642],[138.43056789651465,36.729957325471617],[138.43056789655009,36.729998995436247],[138.43063039661121,36.729998995472307],[138.43069289667235,36.729998995508453],[138.43075539673339,36.729998995544605]]]},"properties":{"FID":646,"A31_201":"8404030649","A31_202":"角間川","A31_203":20,"A31_204":"長野県","A31_205":2,"A31_206":" ","A31_207":" ","A31_208":" "}},{"type":"Feature","id":647,"geometry":{"type":"Polygon","coordinates":[[[138.42475539104802,36.730123992097177],[138.42475539109003,36.730165662055597],[138.42475539113195,36.73020732201384],[138.42469289108504,36.73020732201384],[138.42469289104304,36.730165662055597],[138.42469289100103,36.730123992097177],[138.42475539104802,36.730123992097177]]]},"properties":{"FID":647,"A31_201":"8404030649","A31_202":"角間川","A31_203":20,"A31_204":"長野県","A31_205":2,"A31_206":" ","A31_207":" ","A31_208":" "}},{"type":"Feature","id":648,"geometry":{"type":"Polygon","coordinates":[[[138.42631789255523,36.730165662819786],[138.42631789259548,36.730207322779449],[138.4262553925347,36.730207322742942],[138.42625539249437,36.730165662783371],[138.42631789255523,36.730165662819786]]]},"properties":{"FID":648,"A31_201":"8404030649","A31_202":"角間川","A31_203":20,"A31_204":"長野県","A31_205":2,"A31_206":" ","A31_207":" ","A31_208":" "}},{"type":"Feature","id":649,"geometry":{"type":"Polygon","coordinates":[[[138.4253803917253,36.730248992191363],[138.4253178916646,36.730248992154863],[138.42531789162322,36.730207322196094],[138.42531789158193,36.730165662237582],[138.42538039164276,36.730165662273912],[138.42538039160155,36.730123992315143],[138.42544289166241,36.730123992351466],[138.42544289170363,36.730165662310327],[138.42544289174484,36.73020732226901],[138.42538039168409,36.730207322232594],[138.4253803917253,36.730248992191363]]]},"properties":{"FID":649,"A31_201":"8404030649","A31_202":"角間川","A31_203":20,"A31_204":"長野県","A31_205":2,"A31_206":" ","A31_207":" ","A31_208":" "}},{"type":"Feature","id":650,"geometry":{"type":"Polygon","coordinates":[[[138.42694289328213,36.730290663065141],[138.4269428932426,36.730248993104595],[138.42694289320309,36.730207323144043],[138.42688039314231,36.730207323107535],[138.42688039310281,36.730165663147261],[138.42688039306319,36.730123993186794],[138.42681789300224,36.730123993150471],[138.42681789296262,36.730082323190189],[138.426817892923,36.73004066322973],[138.42675539286205,36.730040663193577],[138.42675539282226,36.72999899323348],[138.42675539278255,36.729957323273105],[138.42669289272135,36.729957323237045],[138.42669289276114,36.729998993197327],[138.42663039270002,36.729998993161267],[138.4266303927399,36.730040663121194],[138.42663039277977,36.730082323081476],[138.42656789271874,36.730082323045238],[138.42650539265779,36.730082323009],[138.42650539261783,36.730040663048896],[138.42644289255679,36.730040663012659],[138.42644289251663,36.729998993052909],[138.42650539257784,36.729998993089055],[138.4265678926389,36.729998993125122],[138.426567892599,36.72995732316501],[138.42656789255904,36.729915663204999],[138.42663039262035,36.729915663240973],[138.42663039258048,36.729873993280776],[138.42669289264177,36.729873993316659],[138.42669289268156,36.729915663276941],[138.42675539274285,36.729915663312909],[138.42675539270317,36.729873993352626],[138.42681789276438,36.729873993388509],[138.42681789272467,36.729832323428056],[138.42681789268505,36.729790663467767],[138.42688039274654,36.729790663503564],[138.42688039270692,36.729748993543105],[138.42694289276849,36.729748993578724],[138.42694289272899,36.729707323618257],[138.42700539279053,36.729707323653876],[138.42706789285222,36.729707323689496],[138.42706789289156,36.729748993650134],[138.42706789293089,36.729790663610856],[138.42706789297034,36.729832323571401],[138.42700539290894,36.729832323535611],[138.42694289284753,36.729832323499728],[138.42694289288698,36.729873993460274],[138.42694289292652,36.729915663420826],[138.42694289296603,36.7299573233812],[138.42700539302726,36.729957323417253],[138.42700539306668,36.72999899337789],[138.42694289300556,36.729998993341837],[138.42694289304507,36.73004066330212],[138.4269428930846,36.730082323262664],[138.42694289312414,36.730123993223124],[138.427005393185,36.730123993259454],[138.42706789324595,36.730123993295777],[138.42713039330681,36.7301239933321],[138.42713039334615,36.73016566329283],[138.42713039338548,36.730207323253381],[138.4270678933247,36.730207323216959],[138.42706789336407,36.730248993177597],[138.42700539330338,36.730248993141096],[138.42700539334282,36.730290663101734],[138.42694289328213,36.730290663065141]]]},"properties":{"FID":650,"A31_201":"8404030649","A31_202":"角間川","A31_203":20,"A31_204":"長野県","A31_205":2,"A31_206":" ","A31_207":" ","A31_208":" "}},{"type":"Feature","id":651,"geometry":{"type":"Polygon","coordinates":[[[138.42931789558594,36.73029066445585],[138.4293178956228,36.730332324418882],[138.42925539556228,36.730332324382204],[138.42925539552533,36.730290664419257],[138.42931789558594,36.73029066445585]]]},"properties":{"FID":651,"A31_201":"8404030649","A31_202":"角間川","A31_203":20,"A31_204":"長野県","A31_205":2,"A31_206":" ","A31_207":" ","A31_208":" "}},{"type":"Feature","id":652,"geometry":{"type":"Polygon","coordinates":[[[138.42981789592565,36.730123994893788],[138.4298803959866,36.730123994930111],[138.42994289604746,36.730123994966441],[138.4299428960837,36.730165664930368],[138.43000539614457,36.730165664966691],[138.4300678962054,36.730165665003106],[138.43006789624138,36.730207324966941],[138.43013039630216,36.730207325003356],[138.4301303963382,36.730248994967454],[138.43013039637418,36.730290664931644],[138.43013039641008,36.730332324895571],[138.43006789634956,36.730332324858892],[138.43006789638562,36.730373994822898],[138.43000539632504,36.730373994786135],[138.42994289626461,36.730373994749449],[138.42994289622837,36.730332324785522],[138.42994289619222,36.73029066482178],[138.42988039613155,36.730290664785187],[138.42988039609531,36.730248994821352],[138.42988039605908,36.730207324857517],[138.42988039602284,36.730165664893946],[138.42981789596197,36.730165664857537],[138.42981789592565,36.730123994893788]]]},"properties":{"FID":652,"A31_201":"8404030649","A31_202":"角間川","A31_203":20,"A31_204":"長野県","A31_205":2,"A31_206":" ","A31_207":" ","A31_208":" "}},{"type":"Feature","id":653,"geometry":{"type":"Polygon","coordinates":[[[138.42513039160707,36.730373991920686],[138.42513039164857,36.730415661879285],[138.42506789158824,36.730415661842514],[138.4250053915278,36.730415661805651],[138.42500539148617,36.730373991847237],[138.42506789154666,36.730373991884008],[138.42506789150508,36.730332321925587],[138.42513039156552,36.730332321962273],[138.42513039160707,36.730373991920686]]]},"properties":{"FID":653,"A31_201":"8404030649","A31_202":"角間川","A31_203":20,"A31_204":"長野県","A31_205":2,"A31_206":" ","A31_207":" ","A31_208":" "}},{"type":"Feature","id":654,"geometry":{"type":"Polygon","coordinates":[[[138.42694289328213,36.730290663065141],[138.42694289332167,36.7303323230256],[138.42694289336117,36.73037399298606],[138.42694289340071,36.730415662946612],[138.4268803933403,36.730415662909834],[138.42688039330068,36.730373992949382],[138.42688039326106,36.730332322988914],[138.42688039322155,36.730290663028548],[138.42694289328213,36.730290663065141]]]},"properties":{"FID":654,"A31_201":"8404030649","A31_202":"角間川","A31_203":20,"A31_204":"長野県","A31_205":2,"A31_206":" ","A31_207":" ","A31_208":" "}},{"type":"Feature","id":655,"geometry":{"type":"Polygon","coordinates":[[[138.42425539101191,36.730457321763893],[138.42419289096543,36.730457321763893],[138.42413039091903,36.730457321763893],[138.4241303908764,36.730415661805651],[138.42413039083368,36.730373991847237],[138.42413039079105,36.730332321888909],[138.42419289083779,36.730332321888909],[138.42425539088444,36.730332321888909],[138.42425539084198,36.730290661930667],[138.42431789088872,36.730290661930667],[138.42431789084628,36.730248991972253],[138.42438039089311,36.730248991972253],[138.42438039085073,36.73020732201384],[138.42444289089764,36.73020732201384],[138.42444289085529,36.730165662055597],[138.424442890813,36.730123992097177],[138.42450539086002,36.730123992097177],[138.42456789090693,36.730123992097177],[138.42463039095401,36.730123992097177],[138.42463039099601,36.730165662055597],[138.42463039103814,36.73020732201384],[138.42456789099123,36.73020732201384],[138.42450539094449,36.73020732201384],[138.42450539098675,36.730248991972253],[138.42450539102893,36.730290661930667],[138.42444289098219,36.730290661930667],[138.42444289102448,36.730332321888909],[138.42450539107114,36.730332321888909],[138.4245053911134,36.730373991847237],[138.42444289106675,36.730373991847237],[138.42444289110904,36.730415661805651],[138.42438039106256,36.730415661805651],[138.42431789101602,36.730415661805651],[138.42425539096945,36.730415661805651],[138.42425539101191,36.730457321763893]]]},"properties":{"FID":655,"A31_201":"8404030649","A31_202":"角間川","A31_203":20,"A31_204":"長野県","A31_205":2,"A31_206":" ","A31_207":" ","A31_208":" "}},{"type":"Feature","id":656,"geometry":{"type":"Polygon","coordinates":[[[138.42994289626461,36.730373994749449],[138.42994289630076,36.730415664713284],[138.42988039624035,36.730415664676514],[138.42981789617994,36.730415664639743],[138.42981789621618,36.730457324603307],[138.42975539615583,36.730457324566451],[138.4296928960955,36.730457324529503],[138.42963039603518,36.730457324492647],[138.42956789597486,36.730457324455784],[138.42956789593828,36.730415664492483],[138.42950539587784,36.730415664455712],[138.42950539584118,36.730373994492233],[138.42944289578077,36.730373994455547],[138.42944289574399,36.730332324492252],[138.42938039568338,36.730332324455567],[138.4293803956466,36.730290664492443],[138.42931789558594,36.73029066445585],[138.42931789554908,36.730248994492641],[138.42925539548838,36.730248994456133],[138.42925539545143,36.730207324493009],[138.42925539541449,36.730165664530062],[138.42931789547535,36.730165664566478],[138.42931789543849,36.730123994603261],[138.42938039549935,36.730123994639591],[138.4293803954626,36.730082324676466],[138.42944289552355,36.730082324712704],[138.4295053955845,36.730082324748942],[138.42950539562125,36.730123994712244],[138.42956789568211,36.730123994748482],[138.42956789571872,36.730165664712047],[138.42963039577947,36.730165664748377],[138.42963039581599,36.73020732471177],[138.42969289587677,36.730207324748179],[138.42969289591318,36.730248994711843],[138.42975539597393,36.730248994748344],[138.42975539601028,36.730290664712001],[138.42981789607094,36.730290664748594],[138.42981789610727,36.730332324712251],[138.42988039616787,36.730332324748929],[138.42988039620411,36.730373994712679],[138.42994289626461,36.730373994749449]],[[138.42950539580457,36.730332324528931],[138.42956789586509,36.730332324565524],[138.42956789582848,36.730290664602222],[138.4295053957679,36.730290664565629],[138.42950539580457,36.730332324528931]]]},"properties":{"FID":656,"A31_201":"8404030649","A31_202":"角間川","A31_203":20,"A31_204":"長野県","A31_205":2,"A31_206":" ","A31_207":" ","A31_208":" "}},{"type":"Feature","id":657,"geometry":{"type":"Polygon","coordinates":[[[138.4275678941213,36.730540663198092],[138.4275678940825,36.730498993237099],[138.42763039414282,36.730498993274047],[138.42763039418153,36.730540663235132],[138.4275678941213,36.730540663198092]]]},"properties":{"FID":657,"A31_201":"8404030649","A31_202":"角間川","A31_203":20,"A31_204":"長野県","A31_205":2,"A31_206":" ","A31_207":" ","A31_208":" "}},{"type":"Feature","id":658,"geometry":{"type":"Polygon","coordinates":[[[138.4275678941213,36.730540663198092],[138.42756789416012,36.730582323159354],[138.42750539409997,36.730582323122313],[138.42750539406114,36.730540663161051],[138.4275678941213,36.730540663198092]]]},"properties":{"FID":658,"A31_201":"8404030649","A31_202":"角間川","A31_203":20,"A31_204":"長野県","A31_205":2,"A31_206":" ","A31_207":" ","A31_208":" "}},{"type":"Feature","id":659,"geometry":{"type":"Polygon","coordinates":[[[138.42525539193494,36.730582321787296],[138.42525539197632,36.730623991745972],[138.42525539201773,36.730665661704478],[138.42519289195775,36.730665661667267],[138.42519289191628,36.730623991708853],[138.42519289187479,36.730582321750163],[138.42525539193494,36.730582321787296]]]},"properties":{"FID":659,"A31_201":"8404030649","A31_202":"角間川","A31_203":20,"A31_204":"長野県","A31_205":2,"A31_206":" ","A31_207":" ","A31_208":" "}},{"type":"Feature","id":660,"geometry":{"type":"Polygon","coordinates":[[[138.42575539249776,36.730665662002288],[138.4256928924377,36.730665661965077],[138.42569289239685,36.730623992006031],[138.42563039233687,36.730623991968912],[138.42563039229594,36.730582322009781],[138.4256303922549,36.730540662050657],[138.42563039221395,36.730498992091796],[138.42563039217299,36.730457322132665],[138.42563039213198,36.730415662173712],[138.42556789207157,36.730415662136949],[138.42556789203053,36.730373992177903],[138.42563039209102,36.730373992214588],[138.4256303920501,36.730332322255549],[138.42563039200905,36.730290662296596],[138.4256303919681,36.730248992337472],[138.42563039192714,36.730207322378433],[138.42563039188613,36.730165662419481],[138.42569289194688,36.730165662455903],[138.42569289198784,36.730207322414849],[138.42569289202871,36.730248992374065],[138.42575539208937,36.730248992410566],[138.42575539213024,36.730290662369782],[138.42575539217108,36.730332322328913],[138.42575539221195,36.730373992288129],[138.42575539225271,36.730415662247346],[138.4256928921923,36.730415662210575],[138.42569289223326,36.730457322169528],[138.4256928922741,36.730498992128744],[138.42575539233442,36.730498992165693],[138.42575539237521,36.730540662124724],[138.42575539241605,36.730582322083947],[138.4258178924762,36.730582322121066],[138.42588039253636,36.730582322158106],[138.42588039257711,36.730623992117501],[138.42581789251696,36.730623992080375],[138.42575539245689,36.730623992043164],[138.42575539249776,36.730665662002288]]]},"properties":{"FID":660,"A31_201":"8404030649","A31_202":"角間川","A31_203":20,"A31_204":"長野県","A31_205":2,"A31_206":" ","A31_207":" ","A31_208":" "}},{"type":"Feature","id":661,"geometry":{"type":"Polygon","coordinates":[[[138.42600539273784,36.730665662151146],[138.42600539277834,36.730707322110447],[138.42594289271844,36.730707322073144],[138.42594289267777,36.730665662113935],[138.42600539273784,36.730665662151146]]]},"properties":{"FID":661,"A31_201":"8404030649","A31_202":"角間川","A31_203":20,"A31_204":"長野県","A31_205":2,"A31_206":" ","A31_207":" ","A31_208":" "}},{"type":"Feature","id":662,"geometry":{"type":"Polygon","coordinates":[[[138.42413039126009,36.730790661430603],[138.42413039130273,36.730832321388846],[138.4240678912569,36.730832321388846],[138.42406789121418,36.730790661430603],[138.42413039126009,36.730790661430603]]]},"properties":{"FID":662,"A31_201":"8404030649","A31_202":"角間川","A31_203":20,"A31_204":"長野県","A31_205":2,"A31_206":" ","A31_207":" ","A31_208":" "}},{"type":"Feature","id":663,"geometry":{"type":"Polygon","coordinates":[[[138.4266303933378,36.730665662523379],[138.42663039337771,36.730707322483397],[138.4266303934175,36.730748992443594],[138.42663039345737,36.730790662403784],[138.42663039349725,36.730832322363888],[138.42656789343755,36.730832322326407],[138.42656789339756,36.730790662366388],[138.42656789335769,36.730748992406291],[138.42656789331772,36.730707322446094],[138.42656789327785,36.730665662486167],[138.42656789323786,36.730623992526148],[138.4265678931979,36.73058232256605],[138.42656789315802,36.730540662605854],[138.42650539309778,36.730540662568906],[138.42650539313775,36.730582322528917],[138.42650539317782,36.730623992489029],[138.42644289311767,36.730623992451896],[138.4264428931578,36.730665662411738],[138.42650539321778,36.730665662448956],[138.42650539325783,36.73070732240879],[138.42644289319787,36.730707322371487],[138.42644289323792,36.730748992331499],[138.42638039317805,36.730748992294195],[138.42638039321818,36.730790662254122],[138.4263178931584,36.730790662216648],[138.42625539309859,36.730790662179253],[138.42625539305828,36.730748992219418],[138.42625539301804,36.730707322259661],[138.42619289295817,36.730707322222358],[138.42613039289827,36.730707322185054],[138.42613039285786,36.730665662225576],[138.42613039281744,36.730623992266089],[138.42613039277703,36.730582322306432],[138.42619289283718,36.730582322343558],[138.42619289279676,36.73054066238381],[138.42613039273664,36.730540662346769],[138.42613039269611,36.730498992387382],[138.42613039265572,36.730457322427625],[138.42619289271613,36.730457322464574],[138.42625539277637,36.730457322501437],[138.42625539281659,36.730498992461186],[138.42631789287694,36.730498992498134],[138.42631789291715,36.730540662457798],[138.42638039297739,36.730540662494832],[138.42644289303755,36.730540662531865],[138.4264428929975,36.730498992572031],[138.42650539305782,36.730498992608979],[138.42650539301775,36.730457322648959],[138.42656789307819,36.730457322685822],[138.42656789303823,36.730415662725804],[138.42656789299832,36.730373992765614],[138.42663039305876,36.730373992802384],[138.42663039301897,36.730332322842187],[138.42669289307946,36.730332322878873],[138.42675539314007,36.730332322915558],[138.42675539317986,36.73037399287584],[138.42675539321954,36.730415662836208],[138.42669289315913,36.730415662799437],[138.42669289319883,36.730457322759541],[138.42669289323862,36.730498992719824],[138.4266928932785,36.730540662679928],[138.4266928933182,36.73058232264021],[138.42669289335808,36.730623992600492],[138.42663039329793,36.730623992563366],[138.4266303933378,36.730665662523379]]]},"properties":{"FID":663,"A31_201":"8404030649","A31_202":"角間川","A31_203":20,"A31_204":"長野県","A31_205":2,"A31_206":" ","A31_207":" ","A31_208":" "}},{"type":"Feature","id":664,"geometry":{"type":"Polygon","coordinates":[[[138.42438039131667,36.730665661555619],[138.4243803912743,36.730623991597383],[138.4243178912281,36.730623991597383],[138.42431789118572,36.730582321638963],[138.42438039123195,36.730582321638963],[138.42444289127823,36.730582321638963],[138.42444289123597,36.73054066168055],[138.42444289119368,36.730498991722314],[138.42450539124007,36.730498991722314],[138.42450539128225,36.73054066168055],[138.42456789132845,36.73054066168055],[138.42463039137485,36.73054066168055],[138.42463039133273,36.730498991722314],[138.42463039129063,36.730457321763893],[138.42469289133712,36.730457321763893],[138.42469289129511,36.730415661805651],[138.42469289125307,36.730373991847237],[138.42475539129973,36.730373991847237],[138.42481789134629,36.730373991847237],[138.42488039139295,36.730373991847237],[138.4248803914347,36.730415661805651],[138.42481789138822,36.730415661805651],[138.42481789143005,36.730457321763893],[138.42481789147197,36.730498991722314],[138.42475539142561,36.730498991722314],[138.4247553914675,36.73054066168055],[138.42469289142113,36.73054066168055],[138.42469289146314,36.730582321638963],[138.42475539150945,36.730582321638963],[138.42475539155134,36.730623991597383],[138.42475539159329,36.730665661555619],[138.42475539163519,36.730707321513776],[138.42481789168133,36.730707321513776],[138.42481789172314,36.73074899147219],[138.42481789176509,36.730790661430603],[138.4248178918069,36.730832321388846],[138.42481789184882,36.730873991347266],[138.42475539180307,36.730873991347266],[138.42475539176107,36.730832321388846],[138.42469289171521,36.730832321388846],[138.4246928916732,36.730790661430603],[138.4246928916312,36.73074899147219],[138.42463039158525,36.73074899147219],[138.42463039154313,36.730707321513776],[138.42463039150104,36.730665661555619],[138.42456789145493,36.730665661555619],[138.42456789141275,36.730623991597383],[138.42450539136672,36.730623991597383],[138.4244428913205,36.730623991597383],[138.42444289136279,36.730665661555619],[138.42438039131667,36.730665661555619]]]},"properties":{"FID":664,"A31_201":"8404030649","A31_202":"角間川","A31_203":20,"A31_204":"長野県","A31_205":2,"A31_206":" ","A31_207":" ","A31_208":" "}},{"type":"Feature","id":665,"geometry":{"type":"Polygon","coordinates":[[[138.42681789371596,36.730873992436791],[138.42675539365644,36.730873992399225],[138.42675539361673,36.73083232243885],[138.42669289355703,36.730832322401369],[138.42669289351724,36.730790662441265],[138.42675539357703,36.730790662478654],[138.42681789363667,36.730790662516142],[138.42681789359705,36.730748992555675],[138.42688039365692,36.730748992593071],[138.42688039361732,36.730707322632526],[138.42688039357779,36.730665662672237],[138.42688039353817,36.730623992711955],[138.42688039349855,36.73058232275141],[138.42688039345904,36.730540662790951],[138.42688039341942,36.730498992830668],[138.42694289347975,36.730498992867616],[138.42700539353999,36.730498992904565],[138.42700539357944,36.730540662864939],[138.42700539361886,36.730582322825569],[138.42706789367901,36.730582322862702],[138.42706789371846,36.730623992823425],[138.42706789375779,36.730665662783977],[138.42700539369781,36.730665662746759],[138.42700539373726,36.730707322707133],[138.42700539377668,36.73074899266777],[138.42694289371681,36.730748992630375],[138.42694289375635,36.730790662591012],[138.42694289379585,36.730832322551379],[138.42688039373607,36.730832322513905],[138.42681789367634,36.730832322476417],[138.42681789371596,36.730873992436791]]]},"properties":{"FID":665,"A31_201":"8404030649","A31_202":"角間川","A31_203":20,"A31_204":"長野県","A31_205":2,"A31_206":" ","A31_207":" ","A31_208":" "}},{"type":"Feature","id":666,"geometry":{"type":"Polygon","coordinates":[[[138.427005393895,36.730873992549505],[138.42700539385555,36.730832322588867],[138.42706789391528,36.730832322626341],[138.4270678939547,36.730873992587071],[138.427005393895,36.730873992549505]]]},"properties":{"FID":666,"A31_201":"8404030649","A31_202":"角間川","A31_203":20,"A31_204":"長野県","A31_205":2,"A31_206":" ","A31_207":" ","A31_208":" "}},{"type":"Feature","id":667,"geometry":{"type":"Polygon","coordinates":[[[138.42544289240368,36.730873991610252],[138.42544289244489,36.730915661569114],[138.42538039238528,36.730915661531455],[138.42531789232567,36.730915661493881],[138.42531789228437,36.730873991535113],[138.42531789224307,36.730832321576429],[138.42525539218329,36.730832321538855],[138.42525539214188,36.730790661580357],[138.42531789220169,36.730790661617746],[138.42531789216039,36.730748991659063],[138.4253178921191,36.730707321700294],[138.42531789207777,36.730665661741696],[138.42538039213775,36.730665661778914],[138.42538039217905,36.730707321737597],[138.42544289223895,36.730707321774808],[138.42544289228016,36.730748991733762],[138.42544289232137,36.730790661692623],[138.42550539238115,36.730790661730097],[138.42550539242228,36.730832321688872],[138.42544289236247,36.730832321651391],[138.42544289240368,36.730873991610252]]]},"properties":{"FID":667,"A31_201":"8404030649","A31_202":"角間川","A31_203":20,"A31_204":"長野県","A31_205":2,"A31_206":" ","A31_207":" ","A31_208":" "}},{"type":"Feature","id":668,"geometry":{"type":"Polygon","coordinates":[[[138.42663039353712,36.730873992324078],[138.426630393577,36.730915662284275],[138.42656789351739,36.730915662246616],[138.42656789347743,36.730873992286512],[138.42663039353712,36.730873992324078]]]},"properties":{"FID":668,"A31_201":"8404030649","A31_202":"角間川","A31_203":20,"A31_204":"長野県","A31_205":2,"A31_206":" ","A31_207":" ","A31_208":" "}},{"type":"Feature","id":669,"geometry":{"type":"Polygon","coordinates":[[[138.427005393895,36.730873992549505],[138.42700539393442,36.730915662510142],[138.42694289387489,36.730915662472484],[138.42688039381528,36.730915662434825],[138.42688039377566,36.730873992474358],[138.4269428938353,36.730873992511931],[138.427005393895,36.730873992549505]]]},"properties":{"FID":669,"A31_201":"8404030649","A31_202":"角間川","A31_203":20,"A31_204":"長野県","A31_205":2,"A31_206":" ","A31_207":" ","A31_208":" "}},{"type":"Feature","id":670,"geometry":{"type":"Polygon","coordinates":[[[138.42569289251949,36.730748991883146],[138.42569289256045,36.730790661842363],[138.42569289260132,36.730832321801401],[138.4257553926611,36.730832321838889],[138.42575539270194,36.730873991798106],[138.42575539274273,36.730915661757322],[138.42575539278357,36.730957321716446],[138.42569289272404,36.730957321678702],[138.42569289268312,36.730915661719663],[138.42563039262367,36.73091566168209],[138.42563039258272,36.730873991722959],[138.42563039254168,36.730832321763927],[138.42563039250075,36.730790661804974],[138.42563039245979,36.730748991845843],[138.42569289251949,36.730748991883146]]]},"properties":{"FID":670,"A31_201":"8404030649","A31_202":"角間川","A31_203":20,"A31_204":"長野県","A31_205":2,"A31_206":" ","A31_207":" ","A31_208":" "}},{"type":"Feature","id":671,"geometry":{"type":"Polygon","coordinates":[[[138.42925539556228,36.730332324382204],[138.42925539559923,36.730373994345328],[138.42931789565966,36.730373994382006],[138.42931789569661,36.730415664345223],[138.42938039575702,36.730415664382079],[138.4293803957938,36.73045732434521],[138.42938039583066,36.730498994308419],[138.42944289589087,36.730498994345368],[138.42944289592765,36.730540664308492],[138.42944289596434,36.730582324271879],[138.42944289600112,36.730623994235188],[138.42938039594105,36.730623994198055],[138.42938039597783,36.73066566416118],[138.42931789591785,36.730665664123968],[138.42931789595471,36.730707324086914],[138.42925539589473,36.730707324049611],[138.42919289583477,36.730707324012307],[138.42919289587181,36.730748993975432],[138.42913039581191,36.730748993938036],[138.42913039584903,36.730790663901075],[138.42906789578925,36.730790663863594],[138.42906789582636,36.730832323826363],[138.42900539576675,36.730832323788881],[138.42894289570705,36.7308323237514],[138.42888039564727,36.730832323713919],[138.42888039568464,36.730873993676511],[138.42888039572205,36.73091566363928],[138.42881789566243,36.730915663601621],[138.42881789569981,36.730957323564127],[138.42875539564028,36.730957323526376],[138.42875539567785,36.730998993488967],[138.42869289561833,36.730998993451223],[138.42869289558075,36.730957323488717],[138.42869289554318,36.730915663526389],[138.42875539560282,36.730915663563962],[138.42875539556533,36.730873993601371],[138.42881789562495,36.730873993638937],[138.42881789558754,36.730832323676353],[138.42881789555008,36.730790663713847],[138.42875539549036,36.730790663676459],[138.42875539545281,36.73074899371386],[138.42869289539291,36.730748993676556],[138.42863039533302,36.730748993639168],[138.42863039529539,36.730707323676754],[138.42856789523549,36.73070732363945],[138.42856789519774,36.7306656636773],[138.42863039525781,36.730665663714518],[138.42863039522015,36.730623993752189],[138.42869289528019,36.730623993789408],[138.42869289524265,36.730582323826816],[138.42875539530286,36.730582323863942],[138.42881789536293,36.730582323901068],[138.42881789532555,36.730540663938385],[138.42881789528815,36.730498993975971],[138.42888039534839,36.730498994012919],[138.42888039531107,36.73045732405015],[138.42894289537142,36.730457324087013],[138.42900539543174,36.730457324123961],[138.42906789549198,36.730457324160824],[138.42906789545486,36.730415664198048],[138.42913039551527,36.730415664234826],[138.42919289557568,36.730415664271682],[138.42919289553873,36.730373994308557],[138.4291928955017,36.730332324345525],[138.42925539556228,36.730332324382204]]]},"properties":{"FID":671,"A31_201":"8404030649","A31_202":"角間川","A31_203":20,"A31_204":"長野県","A31_205":2,"A31_206":" ","A31_207":" ","A31_208":" "}},{"type":"Feature","id":672,"geometry":{"type":"Polygon","coordinates":[[[138.42438039131667,36.730665661555619],[138.42438039135902,36.730707321513776],[138.4243803914014,36.73074899147219],[138.42444289144743,36.73074899147219],[138.42444289148972,36.730790661430603],[138.42444289153198,36.730832321388846],[138.42444289157427,36.730873991347266],[138.42450539162002,36.730873991347266],[138.42450539166231,36.73091566130568],[138.42450539170449,36.730957321263915],[138.42450539174666,36.730998991222336],[138.42450539178895,36.731040661180664],[138.42444289174347,36.731040661180664],[138.42444289170118,36.730998991222336],[138.42444289165883,36.730957321263915],[138.42444289161654,36.73091566130568],[138.42438039157088,36.73091566130568],[138.4243803915285,36.730873991347266],[138.42438039148612,36.730832321388846],[138.4243178914403,36.730832321388846],[138.42431789139783,36.730790661430603],[138.42431789135546,36.73074899147219],[138.42431789131302,36.730707321513776],[138.42431789127056,36.730665661555619],[138.42438039131667,36.730665661555619]]]},"properties":{"FID":672,"A31_201":"8404030649","A31_202":"角間川","A31_203":20,"A31_204":"長野県","A31_205":2,"A31_206":" ","A31_207":" ","A31_208":" "}},{"type":"Feature","id":673,"geometry":{"type":"Polygon","coordinates":[[[138.42463039183775,36.730998991222336],[138.42463039187984,36.731040661180664],[138.42456789183436,36.731040661180664],[138.42456789179218,36.730998991222336],[138.42463039183775,36.730998991222336]]]},"properties":{"FID":673,"A31_201":"8404030649","A31_202":"角間川","A31_203":20,"A31_204":"長野県","A31_205":2,"A31_206":" ","A31_207":" ","A31_208":" "}},{"type":"Feature","id":674,"geometry":{"type":"Polygon","coordinates":[[[138.42538039246779,36.730998991448999],[138.425380392509,36.731040661407775],[138.42531789244967,36.731040661369931],[138.42531789240826,36.730998991411255],[138.42538039246779,36.730998991448999]]]},"properties":{"FID":674,"A31_201":"8404030649","A31_202":"角間川","A31_203":20,"A31_204":"長野県","A31_205":2,"A31_206":" ","A31_207":" ","A31_208":" "}},{"type":"Feature","id":675,"geometry":{"type":"Polygon","coordinates":[[[138.42638039337876,36.730957322093474],[138.42638039341881,36.730998992053401],[138.42644289347834,36.730998992091244],[138.42644289351841,36.731040662051171],[138.42638039345897,36.731040662013328],[138.42631789339961,36.731040661975499],[138.4263178933594,36.730998992015657],[138.42631789331924,36.730957322055815],[138.42638039337876,36.730957322093474]]]},"properties":{"FID":675,"A31_201":"8404030649","A31_202":"角間川","A31_203":20,"A31_204":"長野県","A31_205":2,"A31_206":" ","A31_207":" ","A31_208":" "}},{"type":"Feature","id":676,"geometry":{"type":"Polygon","coordinates":[[[138.42869289561833,36.730998993451223],[138.4286928956559,36.731040663413637],[138.42863039559654,36.731040663375794],[138.42863039555888,36.730998993413472],[138.42869289561833,36.730998993451223]]]},"properties":{"FID":676,"A31_201":"8404030649","A31_202":"角間川","A31_203":20,"A31_204":"長野県","A31_205":2,"A31_206":" ","A31_207":" ","A31_208":" "}},{"type":"Feature","id":677,"geometry":{"type":"Polygon","coordinates":[[[138.42350539106104,36.731040661180664],[138.42350539110438,36.731082321138899],[138.42344289105898,36.731082321138899],[138.42344289101555,36.731040661180664],[138.42350539106104,36.731040661180664]]]},"properties":{"FID":677,"A31_201":"8404030649","A31_202":"角間川","A31_203":20,"A31_204":"長野県","A31_205":2,"A31_206":" ","A31_207":" ","A31_208":" "}},{"type":"Feature","id":678,"geometry":{"type":"Polygon","coordinates":[[[138.42850539551551,36.731082323262271],[138.42850539547777,36.731040663300121],[138.42856789553713,36.731040663337964],[138.42856789557487,36.7310823233002],[138.42850539551551,36.731082323262271]]]},"properties":{"FID":678,"A31_201":"8404030649","A31_202":"角間川","A31_203":20,"A31_204":"長野県","A31_205":2,"A31_206":" ","A31_207":" ","A31_208":" "}},{"type":"Feature","id":679,"geometry":{"type":"Polygon","coordinates":[[[138.42569289276491,36.730998991637918],[138.42569289280584,36.731040661597042],[138.42569289284671,36.731082321555988],[138.42569289288764,36.731123991515204],[138.42563039282848,36.73112399147719],[138.42563039278753,36.731082321518066],[138.4256303927466,36.731040661559121],[138.42563039270564,36.730998991600075],[138.42569289276491,36.730998991637918]]]},"properties":{"FID":679,"A31_201":"8404030649","A31_202":"角間川","A31_203":20,"A31_204":"長野県","A31_205":2,"A31_206":" ","A31_207":" ","A31_208":" "}},{"type":"Feature","id":680,"geometry":{"type":"Polygon","coordinates":[[[138.42850539551551,36.731082323262271],[138.42850539555334,36.7311239932246],[138.42844289549419,36.731123993186586],[138.42844289545633,36.731082323224342],[138.42850539551551,36.731082323262271]]]},"properties":{"FID":680,"A31_201":"8404030649","A31_202":"角間川","A31_203":20,"A31_204":"長野県","A31_205":2,"A31_206":" ","A31_207":" ","A31_208":" "}},{"type":"Feature","id":681,"geometry":{"type":"Polygon","coordinates":[[[138.42844289549419,36.731123993186586],[138.42844289553202,36.731165663148552],[138.42838039547283,36.731165663110538],[138.42838039543491,36.731123993148572],[138.42844289549419,36.731123993186586]]]},"properties":{"FID":681,"A31_201":"8404030649","A31_202":"角間川","A31_203":20,"A31_204":"長野県","A31_205":2,"A31_206":" ","A31_207":" ","A31_208":" "}},{"type":"Feature","id":682,"geometry":{"type":"Polygon","coordinates":[[[138.42381789146046,36.731207321013976],[138.42375539141534,36.731207321013976],[138.42375539137225,36.731165661055556],[138.42375539132917,36.73112399109732],[138.42375539128611,36.731082321138899],[138.42381789133151,36.731082321138899],[138.42381789128859,36.731040661180664],[138.42375539124311,36.731040661180664],[138.42375539120002,36.730998991222336],[138.42381789124553,36.730998991222336],[138.42381789120262,36.730957321263915],[138.42388039124822,36.730957321263915],[138.42388039129111,36.730998991222336],[138.42388039133402,36.731040661180664],[138.423880391377,36.731082321138899],[138.42388039141989,36.73112399109732],[138.4238803914628,36.731165661055556],[138.42381789141749,36.731165661055556],[138.42381789146046,36.731207321013976]]]},"properties":{"FID":682,"A31_201":"8404030649","A31_202":"角間川","A31_203":20,"A31_204":"長野県","A31_205":2,"A31_206":" ","A31_207":" ","A31_208":" "}},{"type":"Feature","id":683,"geometry":{"type":"Polygon","coordinates":[[[138.42431789182211,36.731207321013976],[138.42431789177974,36.731165661055556],[138.42438039182505,36.731165661055556],[138.42444289187029,36.731165661055556],[138.42444289191258,36.731207321013976],[138.42438039186734,36.731207321013976],[138.42431789182211,36.731207321013976]]]},"properties":{"FID":683,"A31_201":"8404030649","A31_202":"角間川","A31_203":20,"A31_204":"長野県","A31_205":2,"A31_206":" ","A31_207":" ","A31_208":" "}},{"type":"Feature","id":684,"geometry":{"type":"Polygon","coordinates":[[[138.42825539539251,36.731207322996482],[138.42825539535448,36.731165663034417],[138.42831789541367,36.731165663072524],[138.42831789545167,36.731207323034582],[138.42825539539251,36.731207322996482]]]},"properties":{"FID":684,"A31_201":"8404030649","A31_202":"角間川","A31_203":20,"A31_204":"長野県","A31_205":2,"A31_206":" ","A31_207":" ","A31_208":" "}},{"type":"Feature","id":685,"geometry":{"type":"Polygon","coordinates":[[[138.42469289209339,36.731207321013976],[138.42475539213862,36.731207321013976],[138.42481789218377,36.731207321013976],[138.424880392229,36.731207321013976],[138.42488039227084,36.731248990972219],[138.42481789222569,36.731248990972219],[138.42475539218054,36.731248990972219],[138.4246928921354,36.731248990972219],[138.42463039209025,36.731248990972219],[138.42463039204816,36.731207321013976],[138.42469289209339,36.731207321013976]]]},"properties":{"FID":685,"A31_201":"8404030649","A31_202":"角間川","A31_203":20,"A31_204":"長野県","A31_205":2,"A31_206":" ","A31_207":" ","A31_208":" "}},{"type":"Feature","id":686,"geometry":{"type":"Polygon","coordinates":[[[138.4263178936007,36.731248991774329],[138.42631789356048,36.73120732181458],[138.42638039361955,36.731207321852679],[138.42638039365971,36.731248991812521],[138.4263178936007,36.731248991774329]]]},"properties":{"FID":686,"A31_201":"8404030649","A31_202":"角間川","A31_203":20,"A31_204":"長野県","A31_205":2,"A31_206":" ","A31_207":" ","A31_208":" "}},{"type":"Feature","id":687,"geometry":{"type":"Polygon","coordinates":[[[138.42825539539251,36.731207322996482],[138.4282553954306,36.731248992958271],[138.42819289537152,36.731248992920079],[138.42813039531254,36.731248992881888],[138.42813039527434,36.731207322920184],[138.42819289533344,36.731207322958376],[138.42825539539251,36.731207322996482]]]},"properties":{"FID":687,"A31_201":"8404030649","A31_202":"角間川","A31_203":20,"A31_204":"長野県","A31_205":2,"A31_206":" ","A31_207":" ","A31_208":" "}},{"type":"Feature","id":688,"geometry":{"type":"Polygon","coordinates":[[[138.42813039531254,36.731248992881888],[138.42813039535073,36.731290662843861],[138.42806789529172,36.731290662805577],[138.42806789525343,36.731248992843696],[138.42813039531254,36.731248992881888]]]},"properties":{"FID":688,"A31_201":"8404030649","A31_202":"角間川","A31_203":20,"A31_204":"長野県","A31_205":2,"A31_206":" ","A31_207":" ","A31_208":" "}},{"type":"Feature","id":689,"geometry":{"type":"Polygon","coordinates":[[[138.42794289517383,36.731290662729016],[138.42800539523273,36.731290662767293],[138.4280053952711,36.731332322728818],[138.4279428952122,36.731332322690449],[138.42788039515338,36.731332322652172],[138.42788039511493,36.731290662690739],[138.42794289517383,36.731290662729016]]]},"properties":{"FID":689,"A31_201":"8404030649","A31_202":"角間川","A31_203":20,"A31_204":"長野県","A31_205":2,"A31_206":" ","A31_207":" ","A31_208":" "}},{"type":"Feature","id":690,"geometry":{"type":"Polygon","coordinates":[[[138.42494289244121,36.731373990847203],[138.42494289239946,36.731332320888782],[138.42500539244449,36.731332320888782],[138.42500539240277,36.731290660930632],[138.4250053923611,36.731248990972219],[138.42500539231943,36.731207321013976],[138.4250053922778,36.731165661055556],[138.42500539223613,36.73112399109732],[138.42500539219446,36.731082321138899],[138.42506789225382,36.731082321176828],[138.4250678922954,36.731123991135334],[138.42513039235456,36.731123991173348],[138.42513039239606,36.731165661131676],[138.42519289245521,36.73116566116969],[138.42519289241375,36.731123991211277],[138.42525539247299,36.731123991249291],[138.4252553925144,36.731165661207797],[138.42525539255578,36.73120732116648],[138.42531789261494,36.731207321204579],[138.42538039267404,36.731207321242678],[138.42538039263275,36.73116566128391],[138.42538039259153,36.731123991325227],[138.42544289265078,36.731123991363241],[138.42544289269199,36.731165661321924],[138.42550539275118,36.731165661359938],[138.42556789281034,36.731165661398038],[138.42556789285138,36.731207321357076],[138.42556789289242,36.731248991315937],[138.4256303929514,36.731248991354136],[138.42563039299245,36.73129066131326],[138.42563039303337,36.73133232127212],[138.42569289309219,36.731332321310489],[138.42569289313306,36.731373991269706],[138.42563039307433,36.731373991231251],[138.42556789301551,36.731373991192882],[138.42556789297447,36.731332321233836],[138.42550539291557,36.731332321195467],[138.42544289285667,36.73133232115719],[138.42544289289788,36.731373991116051],[138.42538039283906,36.731373991077682],[138.42538039279776,36.731332321118821],[138.42538039275655,36.73129066116023],[138.42531789269756,36.731290661121946],[138.42531789265627,36.73124899116317],[138.42525539259717,36.731248991124986],[138.42525539263855,36.731290661083662],[138.42519289257964,36.731290661045385],[138.42513039252066,36.731290661007193],[138.42513039256212,36.731332320965521],[138.42513039260371,36.731373990924027],[138.42506789254497,36.731373990885658],[138.42500539248616,36.731373990847203],[138.42494289244121,36.731373990847203]]]},"properties":{"FID":690,"A31_201":"8404030649","A31_202":"角間川","A31_203":20,"A31_204":"長野県","A31_205":2,"A31_206":" ","A31_207":" ","A31_208":" "}},{"type":"Feature","id":691,"geometry":{"type":"Polygon","coordinates":[[[138.42763039495657,36.731373992460135],[138.42763039491774,36.731332322498787],[138.42769289497667,36.731332322537156],[138.42769289501538,36.73137399249859],[138.42763039495657,36.731373992460135]]]},"properties":{"FID":691,"A31_201":"8404030649","A31_202":"角間川","A31_203":20,"A31_204":"長野県","A31_205":2,"A31_206":" ","A31_207":" ","A31_208":" "}},{"type":"Feature","id":692,"geometry":{"type":"Polygon","coordinates":[[[138.42781789509448,36.731332322613802],[138.42781789513302,36.731373992575328],[138.4277553950742,36.731373992536959],[138.42775539503558,36.731332322575525],[138.42781789509448,36.731332322613802]]]},"properties":{"FID":692,"A31_201":"8404030649","A31_202":"角間川","A31_203":20,"A31_204":"長野県","A31_205":2,"A31_206":" ","A31_207":" ","A31_208":" "}},{"type":"Feature","id":693,"geometry":{"type":"Polygon","coordinates":[[[138.42763039495657,36.731373992460135],[138.4276303949953,36.731415662421483],[138.42756789493657,36.731415662383021],[138.42756789489775,36.731373992421766],[138.42763039495657,36.731373992460135]]]},"properties":{"FID":693,"A31_201":"8404030649","A31_202":"角間川","A31_203":20,"A31_204":"長野県","A31_205":2,"A31_206":" ","A31_207":" ","A31_208":" "}},{"type":"Feature","id":694,"geometry":{"type":"Polygon","coordinates":[[[138.4233178913166,36.731415660805617],[138.42338039136146,36.731415660805617],[138.42338039140492,36.731457320763944],[138.42331789136011,36.731457320763944],[138.42325539131525,36.731457320763944],[138.42319289127047,36.731457320763944],[138.42319289122685,36.731415660805617],[138.42325539127165,36.731415660805617],[138.42325539122811,36.731373990847203],[138.423317891273,36.731373990847203],[138.4233178913166,36.731415660805617]]]},"properties":{"FID":694,"A31_201":"8404030649","A31_202":"角間川","A31_203":20,"A31_204":"長野県","A31_205":2,"A31_206":" ","A31_207":" ","A31_208":" "}},{"type":"Feature","id":695,"geometry":{"type":"Polygon","coordinates":[[[138.42350539136436,36.731332320888782],[138.4235053914077,36.731373990847203],[138.42350539145104,36.731415660805617],[138.42350539149439,36.731457320763944],[138.42344289144961,36.731457320763944],[138.42344289140618,36.731415660805617],[138.42344289136281,36.731373990847203],[138.42344289131938,36.731332320888782],[138.42350539136436,36.731332320888782]]]},"properties":{"FID":695,"A31_201":"8404030649","A31_202":"角間川","A31_203":20,"A31_204":"長野県","A31_205":2,"A31_206":" ","A31_207":" ","A31_208":" "}},{"type":"Feature","id":696,"geometry":{"type":"Polygon","coordinates":[[[138.42431789182211,36.731207321013976],[138.42431789186458,36.731248990972219],[138.42431789190704,36.731290660930632],[138.42431789194947,36.731332320888782],[138.42438039199445,36.731332320888782],[138.4243803920368,36.731373990847203],[138.42444289208177,36.731373990847203],[138.42444289212403,36.731415660805617],[138.42444289216633,36.731457320763944],[138.42444289220867,36.731498990722272],[138.4243803921639,36.731498990722272],[138.42438039212155,36.731457320763944],[138.42431789207674,36.731457320763944],[138.42431789203431,36.731415660805617],[138.42431789199185,36.731373990847203],[138.42425539194699,36.731373990847203],[138.42425539190444,36.731332320888782],[138.42425539186198,36.731290660930632],[138.42419289181683,36.731290660930632],[138.42413039177177,36.731290660930632],[138.42406789172665,36.731290660930632],[138.42406789168402,36.731248990972219],[138.4240678916413,36.731207321013976],[138.42406789159855,36.731165661055556],[138.42406789155584,36.73112399109732],[138.42406789151312,36.731082321138899],[138.42413039155861,36.731082321138899],[138.42413039160124,36.73112399109732],[138.42419289164656,36.73112399109732],[138.42419289168919,36.731165661055556],[138.42425539173442,36.731165661055556],[138.42425539177697,36.731207321013976],[138.42431789182211,36.731207321013976]]]},"properties":{"FID":696,"A31_201":"8404030649","A31_202":"角間川","A31_203":20,"A31_204":"長野県","A31_205":2,"A31_206":" ","A31_207":" ","A31_208":" "}},{"type":"Feature","id":697,"geometry":{"type":"Polygon","coordinates":[[[138.4263178936007,36.731248991774329],[138.42631789364086,36.731290661734164],[138.42625539358187,36.731290661695887],[138.42625539362217,36.731332321655458],[138.42619289356335,36.731332321617174],[138.42619289360377,36.731373991576838],[138.42613039354487,36.731373991538469],[138.42613039358528,36.731415661498133],[138.42606789352655,36.731415661459671],[138.42606789356705,36.731457321419064],[138.42600539350832,36.731457321380603],[138.42600539354891,36.731498991340004],[138.42594289349029,36.73149899130145],[138.42594289344967,36.731457321342063],[138.425942893409,36.731415661382755],[138.42594289336841,36.731373991423268],[138.42594289332774,36.731332321463789],[138.42594289328716,36.731290661504573],[138.42588039322823,36.731290661466289],[138.42581789316924,36.731290661428012],[138.42581789312848,36.731248991468703],[138.4258178930877,36.731207321509579],[138.4258803931468,36.731207321547686],[138.42594289320587,36.73120732158587],[138.42594289316528,36.731165661626392],[138.42594289312461,36.731123991667175],[138.42600539318386,36.731123991705104],[138.42606789324313,36.731123991743118],[138.4261303933024,36.731123991781132],[138.42613039334282,36.731165661740519],[138.42613039338323,36.731207321700182],[138.42613039342362,36.731248991659669],[138.42619289348272,36.731248991697854],[138.42625539354162,36.731248991736138],[138.4263178936007,36.731248991774329]]]},"properties":{"FID":697,"A31_201":"8404030649","A31_202":"角間川","A31_203":20,"A31_204":"長野県","A31_205":2,"A31_206":" ","A31_207":" ","A31_208":" "}},{"type":"Feature","id":698,"geometry":{"type":"Polygon","coordinates":[[[138.42738039483828,36.731498992189458],[138.42738039479929,36.731457322228465],[138.42744289485793,36.731457322267005],[138.42750539491664,36.731457322305559],[138.42750539495555,36.731498992266722],[138.4274428948969,36.73149899222809],[138.42738039483828,36.731498992189458]]]},"properties":{"FID":698,"A31_201":"8404030649","A31_202":"角間川","A31_203":20,"A31_204":"長野県","A31_205":2,"A31_206":" ","A31_207":" ","A31_208":" "}},{"type":"Feature","id":699,"geometry":{"type":"Polygon","coordinates":[[[138.42594289349029,36.73149899130145],[138.42594289353087,36.731540661260851],[138.42588039347231,36.731540661222212],[138.42588039343164,36.731498991262818],[138.42594289349029,36.73149899130145]]]},"properties":{"FID":699,"A31_201":"8404030649","A31_202":"角間川","A31_203":20,"A31_204":"長野県","A31_205":2,"A31_206":" ","A31_207":" ","A31_208":" "}},{"type":"Feature","id":700,"geometry":{"type":"Polygon","coordinates":[[[138.42738039483828,36.731498992189458],[138.42738039487736,36.731540662150536],[138.42731789481888,36.731540662111811],[138.4273178947798,36.731498992150904],[138.42738039483828,36.731498992189458]]]},"properties":{"FID":700,"A31_201":"8404030649","A31_202":"角間川","A31_203":20,"A31_204":"長野県","A31_205":2,"A31_206":" ","A31_207":" ","A31_208":" "}},{"type":"Feature","id":701,"geometry":{"type":"Polygon","coordinates":[[[138.42575539339606,36.731582321103886],[138.42575539335522,36.731540661144848],[138.42581789341386,36.731540661183487],[138.42581789345454,36.731582321142703],[138.42575539339606,36.731582321103886]]]},"properties":{"FID":701,"A31_201":"8404030649","A31_202":"角間川","A31_203":20,"A31_204":"長野県","A31_205":2,"A31_206":" ","A31_207":" ","A31_208":" "}},{"type":"Feature","id":702,"geometry":{"type":"Polygon","coordinates":[[[138.42731789481888,36.731540662111811],[138.42731789485796,36.731582322072711],[138.42725539479952,36.731582322033901],[138.42719289474104,36.731582321995177],[138.42719289470179,36.73154066203454],[138.42725539476035,36.731540662073172],[138.42731789481888,36.731540662111811]]]},"properties":{"FID":702,"A31_201":"8404030649","A31_202":"角間川","A31_203":20,"A31_204":"長野県","A31_205":2,"A31_206":" ","A31_207":" ","A31_208":" "}},{"type":"Feature","id":703,"geometry":{"type":"Polygon","coordinates":[[[138.42288039117852,36.731582320638928],[138.42294289122313,36.731582320638928],[138.4229428912671,36.731623990597342],[138.42288039122258,36.731623990597342],[138.42281789117814,36.731623990597342],[138.42281789113409,36.731582320638928],[138.42288039117852,36.731582320638928]]]},"properties":{"FID":703,"A31_201":"8404030649","A31_202":"角間川","A31_203":20,"A31_204":"長野県","A31_205":2,"A31_206":" ","A31_207":" ","A31_208":" "}},{"type":"Feature","id":704,"geometry":{"type":"Polygon","coordinates":[[[138.42575539339606,36.731582321103886],[138.42575539343693,36.731623991063195],[138.42569289337845,36.731623991024378],[138.42569289333761,36.731582321065162],[138.42575539339606,36.731582321103886]]]},"properties":{"FID":704,"A31_201":"8404030649","A31_202":"角間川","A31_203":20,"A31_204":"長野県","A31_205":2,"A31_206":" ","A31_207":" ","A31_208":" "}},{"type":"Feature","id":705,"geometry":{"type":"Polygon","coordinates":[[[138.42719289474104,36.731582321995177],[138.42719289478021,36.731623991955992],[138.42713039472184,36.731623991917175],[138.42713039468251,36.731582321956452],[138.42719289474104,36.731582321995177]]]},"properties":{"FID":705,"A31_201":"8404030649","A31_202":"角間川","A31_203":20,"A31_204":"長野県","A31_205":2,"A31_206":" ","A31_207":" ","A31_208":" "}},{"type":"Feature","id":706,"geometry":{"type":"Polygon","coordinates":[[[138.42319289144518,36.731623990597342],[138.42319289148887,36.731665660555493],[138.42313039144443,36.731665660555493],[138.42313039140066,36.731623990597342],[138.42319289144518,36.731623990597342]]]},"properties":{"FID":706,"A31_201":"8404030649","A31_202":"角間川","A31_203":20,"A31_204":"長野県","A31_205":2,"A31_206":" ","A31_207":" ","A31_208":" "}},{"type":"Feature","id":707,"geometry":{"type":"Polygon","coordinates":[[[138.42350539166776,36.731623990597342],[138.4235053917111,36.731665660555493],[138.42344289166658,36.731665660555493],[138.42344289162324,36.731623990597342],[138.42350539166776,36.731623990597342]]]},"properties":{"FID":707,"A31_201":"8404030649","A31_202":"角間川","A31_203":20,"A31_204":"長野県","A31_205":2,"A31_206":" ","A31_207":" ","A31_208":" "}},{"type":"Feature","id":708,"geometry":{"type":"Polygon","coordinates":[[[138.42513039285285,36.731623990674976],[138.4251928929113,36.731623990713786],[138.42519289295277,36.731665660672206],[138.4251303928944,36.731665660633297],[138.42513039285285,36.731623990674976]]]},"properties":{"FID":708,"A31_201":"8404030649","A31_202":"角間川","A31_203":20,"A31_204":"長野県","A31_205":2,"A31_206":" ","A31_207":" ","A31_208":" "}},{"type":"Feature","id":709,"geometry":{"type":"Polygon","coordinates":[[[138.42569289337845,36.731623991024378],[138.42569289341941,36.731665660983332],[138.42563039336113,36.731665660944429],[138.42563039332018,36.731623990985568],[138.42569289337845,36.731623991024378]]]},"properties":{"FID":709,"A31_201":"8404030649","A31_202":"角間川","A31_203":20,"A31_204":"長野県","A31_205":2,"A31_206":" ","A31_207":" ","A31_208":" "}},{"type":"Feature","id":710,"geometry":{"type":"Polygon","coordinates":[[[138.42713039472184,36.731623991917175],[138.42713039476118,36.731665661877727],[138.42706789470282,36.731665661838825],[138.42700539464445,36.731665661800008],[138.427005394605,36.731623991839555],[138.42706789466337,36.731623991878365],[138.42713039472184,36.731623991917175]]]},"properties":{"FID":710,"A31_201":"8404030649","A31_202":"角間川","A31_203":20,"A31_204":"長野県","A31_205":2,"A31_206":" ","A31_207":" ","A31_208":" "}},{"type":"Feature","id":711,"geometry":{"type":"Polygon","coordinates":[[[138.42263039104461,36.731623990597342],[138.42263039108892,36.731665660555493],[138.42263039113323,36.731707320513912],[138.42256789108882,36.731707320513912],[138.42250539104438,36.731707320513912],[138.42250539099996,36.731665660555493],[138.42250539095556,36.731623990597342],[138.42256789100009,36.731623990597342],[138.42256789095566,36.731582320638928],[138.42263039100027,36.731582320638928],[138.42263039104461,36.731623990597342]]]},"properties":{"FID":711,"A31_201":"8404030649","A31_202":"角間川","A31_203":20,"A31_204":"長野県","A31_205":2,"A31_206":" ","A31_207":" ","A31_208":" "}},{"type":"Feature","id":712,"geometry":{"type":"Polygon","coordinates":[[[138.42563039336113,36.731665660944429],[138.42563039340214,36.731707320903553],[138.42556789334387,36.731707320864565],[138.42556789330283,36.731665660905527],[138.42563039336113,36.731665660944429]]]},"properties":{"FID":712,"A31_201":"8404030649","A31_202":"角間川","A31_203":20,"A31_204":"長野県","A31_205":2,"A31_206":" ","A31_207":" ","A31_208":" "}},{"type":"Feature","id":713,"geometry":{"type":"Polygon","coordinates":[[[138.42700539464445,36.731665661800008],[138.42700539468387,36.731707321760652],[138.4269428946256,36.731707321721657],[138.42688039456732,36.731707321682663],[138.42681789450901,36.731707321643768],[138.42681789446942,36.731665661683309],[138.42688039452779,36.731665661722204],[138.42694289458606,36.731665661761113],[138.42700539464445,36.731665661800008]]]},"properties":{"FID":713,"A31_201":"8404030649","A31_202":"角間川","A31_203":20,"A31_204":"長野県","A31_205":2,"A31_206":" ","A31_207":" ","A31_208":" "}},{"type":"Feature","id":714,"geometry":{"type":"Polygon","coordinates":[[[138.42556789334387,36.731707320864565],[138.42556789338491,36.731748990823426],[138.42550539332672,36.731748990784439],[138.42550539328559,36.731707320825578],[138.42556789334387,36.731707320864565]]]},"properties":{"FID":714,"A31_201":"8404030649","A31_202":"角間川","A31_203":20,"A31_204":"長野県","A31_205":2,"A31_206":" ","A31_207":" ","A31_208":" "}},{"type":"Feature","id":715,"geometry":{"type":"Polygon","coordinates":[[[138.42550539332672,36.731748990784439],[138.42550539336776,36.731790660743386],[138.42544289330965,36.731790660704306],[138.42544289326844,36.731748990745359],[138.42550539332672,36.731748990784439]]]},"properties":{"FID":715,"A31_201":"8404030649","A31_202":"角間川","A31_203":20,"A31_204":"長野県","A31_205":2,"A31_206":" ","A31_207":" ","A31_208":" "}},{"type":"Feature","id":716,"geometry":{"type":"Polygon","coordinates":[[[138.42531789323473,36.731832320584651],[138.42531789319344,36.731790660626061],[138.42538039325154,36.731790660665226],[138.42538039329276,36.731832320623823],[138.42531789323473,36.731832320584651]]]},"properties":{"FID":716,"A31_201":"8404030649","A31_202":"角間川","A31_203":20,"A31_204":"長野県","A31_205":2,"A31_206":" ","A31_207":" ","A31_208":" "}},{"type":"Feature","id":717,"geometry":{"type":"Polygon","coordinates":[[[138.42256789126628,36.731873990347225],[138.42250539122219,36.731873990347225],[138.42250539117771,36.731832320388804],[138.42250539113329,36.731790660430569],[138.42256789117755,36.731790660430569],[138.42263039122179,36.731790660430569],[138.42263039126613,36.731832320388804],[138.42256789122195,36.731832320388804],[138.42256789126628,36.731873990347225]]]},"properties":{"FID":717,"A31_201":"8404030649","A31_202":"角間川","A31_203":20,"A31_204":"長野県","A31_205":2,"A31_206":" ","A31_207":" ","A31_208":" "}},{"type":"Feature","id":718,"geometry":{"type":"Polygon","coordinates":[[[138.42481789285381,36.731873990347225],[138.42488039289788,36.731873990347225],[138.42488039293971,36.731915660305646],[138.42481789289565,36.731915660305646],[138.42481789285381,36.731873990347225]]]},"properties":{"FID":718,"A31_201":"8404030649","A31_202":"角間川","A31_203":20,"A31_204":"長野県","A31_205":2,"A31_206":" ","A31_207":" ","A31_208":" "}},{"type":"Feature","id":719,"geometry":{"type":"Polygon","coordinates":[[[138.42531789323473,36.731832320584651],[138.42531789327603,36.73187399054342],[138.42525539321801,36.73187399050417],[138.42525539325939,36.731915660462846],[138.42519289320146,36.731915660423596],[138.42519289324295,36.731957320382008],[138.4251303931851,36.731957320342659],[138.4251303932266,36.731998990301165],[138.42506789316892,36.731998990261729],[138.42500539311106,36.731998990222209],[138.42500539306943,36.731957320263881],[138.42500539302785,36.731915660305646],[138.42500539298612,36.731873990347225],[138.42506789304412,36.731873990386482],[138.42506789300256,36.731832320427976],[138.42506789296101,36.731790660469741],[138.42506789291934,36.731748990511235],[138.42513039297745,36.731748990550223],[138.425130393019,36.731790660508821],[138.42519289307711,36.731790660547901],[138.42519289311852,36.731832320506314],[138.42525539317663,36.731832320545479],[138.42531789323473,36.731832320584651]]]},"properties":{"FID":719,"A31_201":"8404030649","A31_202":"角間川","A31_203":20,"A31_204":"長野県","A31_205":2,"A31_206":" ","A31_207":" ","A31_208":" "}},{"type":"Feature","id":720,"geometry":{"type":"Polygon","coordinates":[[[138.42200539118446,36.732165660055522],[138.42194289114084,36.732165660055522],[138.4218803910972,36.732165660055522],[138.42181789105359,36.732165660055522],[138.42181789100837,36.732123990097371],[138.42188039105201,36.732123990097371],[138.42188039100688,36.732082320138957],[138.42181789096315,36.732082320138957],[138.42175539091934,36.732082320138957],[138.42169289087573,36.732082320138957],[138.42169289083043,36.73204066018063],[138.42175539087407,36.73204066018063],[138.42175539082885,36.731998990222209],[138.42175539078355,36.731957320263881],[138.42181789082753,36.731957320263881],[138.42188039087154,36.731957320263881],[138.42194289091543,36.731957320263881],[138.42194289096054,36.731998990222209],[138.42200539100443,36.731998990222209],[138.42206789104833,36.731998990222209],[138.42206789109326,36.73204066018063],[138.42206789113823,36.732082320138957],[138.42206789118316,36.732123990097371],[138.42200539113944,36.732123990097371],[138.42200539118446,36.732165660055522]]]},"properties":{"FID":720,"A31_201":"8404030649","A31_202":"角間川","A31_203":20,"A31_204":"長野県","A31_205":2,"A31_206":" ","A31_207":" ","A31_208":" "}},{"type":"Feature","id":721,"geometry":{"type":"Polygon","coordinates":[[[138.42463039314231,36.732290659930506],[138.42463039310022,36.732248989972355],[138.42469289314374,36.732248989972355],[138.42469289318575,36.732290659930506],[138.42463039314231,36.732290659930506]]]},"properties":{"FID":721,"A31_201":"8404030649","A31_202":"角間川","A31_203":20,"A31_204":"長野県","A31_205":2,"A31_206":" ","A31_207":" ","A31_208":" "}},{"type":"Feature","id":722,"geometry":{"type":"Polygon","coordinates":[[[138.42163039128613,36.732498989722231],[138.42156789124303,36.732498989722231],[138.42156789119755,36.732457319763817],[138.42156789115208,36.732415659805667],[138.42163039119527,36.732415659805667],[138.42163039114988,36.732373989847247],[138.42169289119317,36.732373989847247],[138.42169289123854,36.732415659805667],[138.42175539128164,36.732415659805667],[138.42175539132685,36.732457319763817],[138.42169289128384,36.732457319763817],[138.42163039124074,36.732457319763817],[138.42163039128613,36.732498989722231]]]},"properties":{"FID":722,"A31_201":"8404030649","A31_202":"角間川","A31_203":20,"A31_204":"長野県","A31_205":2,"A31_206":" ","A31_207":" ","A31_208":" "}},{"type":"Feature","id":723,"geometry":{"type":"Polygon","coordinates":[[[138.42400539317879,36.732748989472384],[138.42400539313607,36.732707319513963],[138.4240678931788,36.732707319513963],[138.42406789322143,36.732748989472384],[138.42400539317879,36.732748989472384]]]},"properties":{"FID":723,"A31_201":"8404030649","A31_202":"角間川","A31_203":20,"A31_204":"長野県","A31_205":2,"A31_206":" ","A31_207":" ","A31_208":" "}},{"type":"Feature","id":724,"geometry":{"type":"Polygon","coordinates":[[[138.42400539317879,36.732748989472384],[138.42400539322159,36.732790659430535],[138.42394289317912,36.732790659430535],[138.42394289313631,36.732748989472384],[138.42400539317879,36.732748989472384]]]},"properties":{"FID":724,"A31_201":"8404030649","A31_202":"角間川","A31_203":20,"A31_204":"長野県","A31_205":2,"A31_206":" ","A31_207":" ","A31_208":" "}},{"type":"Feature","id":725,"geometry":{"type":"Polygon","coordinates":[[[138.42394289317912,36.732790659430535],[138.42394289322195,36.732832319388947],[138.42388039317947,36.732832319388947],[138.42388039313656,36.732790659430535],[138.42394289317912,36.732790659430535]]]},"properties":{"FID":725,"A31_201":"8404030649","A31_202":"角間川","A31_203":20,"A31_204":"長野県","A31_205":2,"A31_206":" ","A31_207":" ","A31_208":" "}},{"type":"Feature","id":726,"geometry":{"type":"Polygon","coordinates":[[[138.42388039317947,36.732832319388947],[138.42388039322236,36.732873989347183],[138.42381789317997,36.732873989347183],[138.42381789313691,36.732832319388947],[138.42388039317947,36.732832319388947]]]},"properties":{"FID":726,"A31_201":"8404030649","A31_202":"角間川","A31_203":20,"A31_204":"長野県","A31_205":2,"A31_206":" ","A31_207":" ","A31_208":" "}},{"type":"Feature","id":727,"geometry":{"type":"Polygon","coordinates":[[[138.42381789317997,36.732873989347183],[138.42381789322289,36.732915659305604],[138.42375539318058,36.732915659305604],[138.4237553931375,36.732873989347183],[138.42381789317997,36.732873989347183]]]},"properties":{"FID":727,"A31_201":"8404030649","A31_202":"角間川","A31_203":20,"A31_204":"長野県","A31_205":2,"A31_206":" ","A31_207":" ","A31_208":" "}},{"type":"Feature","id":728,"geometry":{"type":"Polygon","coordinates":[[[138.42375539318058,36.732915659305604],[138.42375539322356,36.732957319263846],[138.42369289318128,36.732957319263846],[138.4236928931382,36.732915659305604],[138.42375539318058,36.732915659305604]]]},"properties":{"FID":728,"A31_201":"8404030649","A31_202":"角間川","A31_203":20,"A31_204":"長野県","A31_205":2,"A31_206":" ","A31_207":" ","A31_208":" "}},{"type":"Feature","id":729,"geometry":{"type":"Polygon","coordinates":[[[138.42369289318128,36.732957319263846],[138.42369289322443,36.73299898922226],[138.42369289326751,36.733040659180674],[138.42363039322538,36.733040659180674],[138.42363039326855,36.733082319138916],[138.42356789322645,36.733082319138916],[138.42356789326971,36.733123989097244],[138.42350539322774,36.733123989097244],[138.4235053931844,36.733082319138916],[138.42350539314106,36.733040659180674],[138.42356789318319,36.733040659180674],[138.42356789313993,36.73299898922226],[138.42363039318215,36.73299898922226],[138.42363039313898,36.732957319263846],[138.42369289318128,36.732957319263846]]]},"properties":{"FID":729,"A31_201":"8404030649","A31_202":"角間川","A31_203":20,"A31_204":"長野県","A31_205":2,"A31_206":" ","A31_207":" ","A31_208":" "}},{"type":"Feature","id":730,"geometry":{"type":"Polygon","coordinates":[[[138.42350539322774,36.733123989097244],[138.42350539327109,36.733165659055658],[138.42344289322907,36.733165659055658],[138.42344289318572,36.733123989097244],[138.42350539322774,36.733123989097244]]]},"properties":{"FID":730,"A31_201":"8404030649","A31_202":"角間川","A31_203":20,"A31_204":"長野県","A31_205":2,"A31_206":" ","A31_207":" ","A31_208":" "}},{"type":"Feature","id":731,"geometry":{"type":"Polygon","coordinates":[[[138.42344289322907,36.733165659055658],[138.42344289327249,36.7332073190139],[138.42338039323073,36.7332073190139],[138.42338039318722,36.733165659055658],[138.42344289322907,36.733165659055658]]]},"properties":{"FID":731,"A31_201":"8404030649","A31_202":"角間川","A31_203":20,"A31_204":"長野県","A31_205":2,"A31_206":" ","A31_207":" ","A31_208":" "}},{"type":"Feature","id":732,"geometry":{"type":"Polygon","coordinates":[[[138.42338039323073,36.7332073190139],[138.42338039327416,36.733248988972321],[138.42331789323239,36.733248988972321],[138.42331789318879,36.7332073190139],[138.42338039323073,36.7332073190139]]]},"properties":{"FID":732,"A31_201":"8404030649","A31_202":"角間川","A31_203":20,"A31_204":"長野県","A31_205":2,"A31_206":" ","A31_207":" ","A31_208":" "}},{"type":"Feature","id":733,"geometry":{"type":"Polygon","coordinates":[[[138.42306789324903,36.733457318763953],[138.42306789321685,36.733415658805541],[138.42313039325828,36.733415658805541],[138.42313039329025,36.733457318763953],[138.42306789324903,36.733457318763953]]]},"properties":{"FID":733,"A31_201":"8404030649","A31_202":"角間川","A31_203":20,"A31_204":"長野県","A31_205":2,"A31_206":" ","A31_207":" ","A31_208":" "}},{"type":"Feature","id":734,"geometry":{"type":"Polygon","coordinates":[[[138.42306789324903,36.733457318763953],[138.42306789328109,36.733498988722197],[138.42300539323995,36.733498988722197],[138.4230053932078,36.733457318763953],[138.42306789324903,36.733457318763953]]]},"properties":{"FID":734,"A31_201":"8404030649","A31_202":"角間川","A31_203":20,"A31_204":"長野県","A31_205":2,"A31_206":" ","A31_207":" ","A31_208":" "}},{"type":"Feature","id":735,"geometry":{"type":"Polygon","coordinates":[[[138.42200539320223,36.734248987972279],[138.4220053932367,36.7342906579307],[138.42194289319821,36.7342906579307],[138.42194289316359,36.734248987972279],[138.42200539320223,36.734248987972279]]]},"properties":{"FID":735,"A31_201":"8404030649","A31_202":"角間川","A31_203":20,"A31_204":"長野県","A31_205":2,"A31_206":" ","A31_207":" ","A31_208":" "}},{"type":"Feature","id":736,"geometry":{"type":"Polygon","coordinates":[[[138.42194289319821,36.7342906579307],[138.42194289323277,36.734332317888935],[138.42188039319447,36.734332317888935],[138.42188039315974,36.7342906579307],[138.42194289319821,36.7342906579307]]]},"properties":{"FID":736,"A31_201":"8404030649","A31_202":"角間川","A31_203":20,"A31_204":"長野県","A31_205":2,"A31_206":" ","A31_207":" ","A31_208":" "}},{"type":"Feature","id":737,"geometry":{"type":"Polygon","coordinates":[[[138.42188039319447,36.734332317888935],[138.42188039322912,36.734373987847349],[138.42181789319099,36.734373987847349],[138.42181789315606,36.734332317888935],[138.42188039319447,36.734332317888935]]]},"properties":{"FID":737,"A31_201":"8404030649","A31_202":"角間川","A31_203":20,"A31_204":"長野県","A31_205":2,"A31_206":" ","A31_207":" ","A31_208":" "}},{"type":"Feature","id":738,"geometry":{"type":"Polygon","coordinates":[[[138.42181789319099,36.734373987847349],[138.42181789322581,36.734415657805499],[138.42175539318777,36.734415657805499],[138.42175539315278,36.734373987847349],[138.42181789319099,36.734373987847349]]]},"properties":{"FID":738,"A31_201":"8404030649","A31_202":"角間川","A31_203":20,"A31_204":"長野県","A31_205":2,"A31_206":" ","A31_207":" ","A31_208":" "}},{"type":"Feature","id":739,"geometry":{"type":"Polygon","coordinates":[[[138.42175539318777,36.734415657805499],[138.42175539322275,36.734457317763919],[138.42169289318491,36.734457317763919],[138.42169289314981,36.734415657805499],[138.42175539318777,36.734415657805499]]]},"properties":{"FID":739,"A31_201":"8404030649","A31_202":"角間川","A31_203":20,"A31_204":"長野県","A31_205":2,"A31_206":" ","A31_207":" ","A31_208":" "}},{"type":"Feature","id":740,"geometry":{"type":"Polygon","coordinates":[[[138.41981789208668,36.734498987722333],[138.41988039212447,36.734498987722333],[138.41988039216363,36.734540657680576],[138.41981789212605,36.734540657680576],[138.41975539208835,36.734540657680576],[138.41975539204893,36.734498987722333],[138.41981789208668,36.734498987722333]]]},"properties":{"FID":740,"A31_201":"8404030649","A31_202":"角間川","A31_203":20,"A31_204":"長野県","A31_205":2,"A31_206":" ","A31_207":" ","A31_208":" "}},{"type":"Feature","id":741,"geometry":{"type":"Polygon","coordinates":[[[138.42213039396282,36.735082317138932],[138.42213039399701,36.735123987097168],[138.4220678939613,36.735123987097168],[138.42206789392699,36.735082317138932],[138.42213039396282,36.735082317138932]]]},"properties":{"FID":741,"A31_201":"8404030649","A31_202":"角間川","A31_203":20,"A31_204":"長野県","A31_205":2,"A31_206":" ","A31_207":" ","A31_208":" "}},{"type":"Feature","id":742,"geometry":{"type":"Polygon","coordinates":[[[138.42256789434646,36.735248986972238],[138.42250539431109,36.735248986972238],[138.42250539427781,36.735207317013824],[138.4225053942445,36.735165657055589],[138.4225053942111,36.735123987097168],[138.42250539417779,36.735082317138932],[138.42256789421361,36.735082317138932],[138.42256789424681,36.735123987097168],[138.42263039428255,36.735123987097168],[138.42263039431558,36.735165657055589],[138.42263039434863,36.735207317013824],[138.42256789431326,36.735207317013824],[138.42256789434646,36.735248986972238]]]},"properties":{"FID":742,"A31_201":"8404030649","A31_202":"角間川","A31_203":20,"A31_204":"長野県","A31_205":2,"A31_206":" ","A31_207":" ","A31_208":" "}},{"type":"Feature","id":743,"geometry":{"type":"Polygon","coordinates":[[[138.41988039306452,36.735498986722298],[138.41988039310368,36.735540656680541],[138.41981789306936,36.735540656680541],[138.41981789303003,36.735498986722298],[138.41988039306452,36.735498986722298]]]},"properties":{"FID":743,"A31_201":"8404030649","A31_202":"角間川","A31_203":20,"A31_204":"長野県","A31_205":2,"A31_206":" ","A31_207":" ","A31_208":" "}},{"type":"Feature","id":744,"geometry":{"type":"Polygon","coordinates":[[[138.42194289399367,36.735248986972238],[138.42194289395903,36.735207317013824],[138.42200539399448,36.735207317013824],[138.42200539396003,36.735165657055589],[138.42206789399557,36.735165657055589],[138.42206789402994,36.735207317013824],[138.42206789406424,36.735248986972238],[138.42206789409852,36.735290656930658],[138.42213039413372,36.735290656930658],[138.42213039416782,36.735332316888901],[138.42219289420282,36.735332316888901],[138.42225539423782,36.735332316888901],[138.42231789427277,36.735332316888901],[138.42238039430777,36.735332316888901],[138.42244289434279,36.735332316888901],[138.42250539437779,36.735332316888901],[138.42256789441282,36.735332316888901],[138.42263039444782,36.735332316888901],[138.42269289448285,36.735332316888901],[138.42269289451579,36.735373986847222],[138.42263039448088,36.735373986847222],[138.42256789444605,36.735373986847222],[138.4225053944111,36.735373986847222],[138.42244289437627,36.735373986847222],[138.42244289440976,36.735415656805642],[138.42238039437501,36.735415656805642],[138.42231789434027,36.735415656805642],[138.42225539430569,36.735415656805642],[138.42219289427095,36.735415656805642],[138.42213039423621,36.735415656805642],[138.42206789420146,36.735415656805642],[138.42206789423574,36.735457316763885],[138.42200539420116,36.735457316763885],[138.42194289416659,36.735457316763885],[138.42188039413193,36.735457316763885],[138.42181789409736,36.735457316763885],[138.42175539406279,36.735457316763885],[138.4217553940978,36.735498986722298],[138.4216928940634,36.735498986722298],[138.42169289409856,36.735540656680541],[138.42163039406427,36.735540656680541],[138.42156789402998,36.735540656680541],[138.42150539399566,36.735540656680541],[138.42150539396005,36.735498986722298],[138.42156789399453,36.735498986722298],[138.42156789395909,36.735457316763885],[138.42163039399367,36.735457316763885],[138.4216303939584,36.735415656805642],[138.42169289399314,36.735415656805642],[138.42169289395798,36.735373986847222],[138.42175539399281,36.735373986847222],[138.42175539395771,36.735332316888901],[138.42181789399274,36.735332316888901],[138.42181789395792,36.735290656930658],[138.42188039399304,36.735290656930658],[138.42188039395839,36.735248986972238],[138.42194289399367,36.735248986972238],[138.42194289402821,36.735290656930658],[138.4220053940634,36.735290656930658],[138.42200539402896,36.735248986972238],[138.42194289399367,36.735248986972238]]]},"properties":{"FID":744,"A31_201":"8404030649","A31_202":"角間川","A31_203":20,"A31_204":"長野県","A31_205":2,"A31_206":" ","A31_207":" ","A31_208":" "}},{"type":"Feature","id":745,"geometry":{"type":"Polygon","coordinates":[[[138.41906789323122,36.736123986097311],[138.41906789327226,36.736165656055547],[138.41900539324001,36.736165656055547],[138.41900539319889,36.736123986097311],[138.41906789323122,36.736123986097311]]]},"properties":{"FID":745,"A31_201":"8404030649","A31_202":"角間川","A31_203":20,"A31_204":"長野県","A31_205":2,"A31_206":" ","A31_207":" ","A31_208":" "}},{"type":"Feature","id":746,"geometry":{"type":"Polygon","coordinates":[[[138.41900539324001,36.736165656055547],[138.41900539328111,36.73620731601396],[138.41894289324904,36.73620731601396],[138.41894289320783,36.736165656055547],[138.41900539324001,36.736165656055547]]]},"properties":{"FID":746,"A31_201":"8404030649","A31_202":"角間川","A31_203":20,"A31_204":"長野県","A31_205":2,"A31_206":" ","A31_207":" ","A31_208":" "}},{"type":"Feature","id":747,"geometry":{"type":"Polygon","coordinates":[[[138.41894289324904,36.73620731601396],[138.41894289329025,36.736248985972203],[138.41888039325843,36.736248985972203],[138.41888039321705,36.73620731601396],[138.41894289324904,36.73620731601396]]]},"properties":{"FID":747,"A31_201":"8404030649","A31_202":"角間川","A31_203":20,"A31_204":"長野県","A31_205":2,"A31_206":" ","A31_207":" ","A31_208":" "}},{"type":"Feature","id":748,"geometry":{"type":"Polygon","coordinates":[[[138.41888039325843,36.736248985972203],[138.41888039329982,36.736290655930617],[138.418817893268,36.736290655930617],[138.41881789322653,36.736248985972203],[138.41888039325843,36.736248985972203]]]},"properties":{"FID":748,"A31_201":"8404030649","A31_202":"角間川","A31_203":20,"A31_204":"長野県","A31_205":2,"A31_206":" ","A31_207":" ","A31_208":" "}},{"type":"Feature","id":749,"geometry":{"type":"Polygon","coordinates":[[[138.418817893268,36.736290655930617],[138.41881789330958,36.736332315888774],[138.41875539327785,36.736332315888774],[138.41875539323618,36.736290655930617],[138.418817893268,36.736290655930617]]]},"properties":{"FID":749,"A31_201":"8404030649","A31_202":"角間川","A31_203":20,"A31_204":"長野県","A31_205":2,"A31_206":" ","A31_207":" ","A31_208":" "}},{"type":"Feature","id":750,"geometry":{"type":"Polygon","coordinates":[[[138.41875539327785,36.736332315888774],[138.41875539331951,36.736373985847187],[138.41869289328795,36.736373985847187],[138.4186928932462,36.736332315888774],[138.41875539327785,36.736332315888774]]]},"properties":{"FID":750,"A31_201":"8404030649","A31_202":"角間川","A31_203":20,"A31_204":"長野県","A31_205":2,"A31_206":" ","A31_207":" ","A31_208":" "}},{"type":"Feature","id":751,"geometry":{"type":"Polygon","coordinates":[[[138.41869289328795,36.736373985847187],[138.41869289332979,36.736415655805601],[138.41863039329843,36.736415655805601],[138.41863039325648,36.736373985847187],[138.41869289328795,36.736373985847187]]]},"properties":{"FID":751,"A31_201":"8404030649","A31_202":"角間川","A31_203":20,"A31_204":"長野県","A31_205":2,"A31_206":" ","A31_207":" ","A31_208":" "}},{"type":"Feature","id":752,"geometry":{"type":"Polygon","coordinates":[[[138.41844289328895,36.736498985722264],[138.4184428933313,36.736540655680678],[138.41838039330028,36.736540655680678],[138.41838039325785,36.736498985722264],[138.41844289328895,36.736498985722264]]]},"properties":{"FID":752,"A31_201":"8404030649","A31_202":"角間川","A31_203":20,"A31_204":"長野県","A31_205":2,"A31_206":" ","A31_207":" ","A31_208":" "}},{"type":"Feature","id":753,"geometry":{"type":"Polygon","coordinates":[[[138.41813039330563,36.736665655555484],[138.41813039334869,36.736707315513989],[138.41806789331832,36.736707315513989],[138.41806789327507,36.736665655555484],[138.41813039330563,36.736665655555484]]]},"properties":{"FID":753,"A31_201":"8404030649","A31_202":"角間川","A31_203":20,"A31_204":"長野県","A31_205":2,"A31_206":" ","A31_207":" ","A31_208":" "}},{"type":"Feature","id":754,"geometry":{"type":"Polygon","coordinates":[[[138.417755393254,36.736790655430553],[138.41781789328402,36.736790655430553],[138.41781789332782,36.736832315388973],[138.41775539329788,36.736832315388973],[138.417755393254,36.736790655430553]]]},"properties":{"FID":754,"A31_201":"8404030649","A31_202":"角間川","A31_203":20,"A31_204":"長野県","A31_205":2,"A31_206":" ","A31_207":" ","A31_208":" "}},{"type":"Feature","id":755,"geometry":{"type":"Polygon","coordinates":[[[138.41775539329788,36.736832315388973],[138.41775539334185,36.736873985347216],[138.41769289331188,36.736873985347216],[138.41769289326791,36.736832315388973],[138.41775539329788,36.736832315388973]]]},"properties":{"FID":755,"A31_201":"8404030649","A31_202":"角間川","A31_203":20,"A31_204":"長野県","A31_205":2,"A31_206":" ","A31_207":" ","A31_208":" "}},{"type":"Feature","id":756,"geometry":{"type":"Polygon","coordinates":[[[138.41769289331188,36.736873985347216],[138.41769289335593,36.73691565530563],[138.41763039332625,36.73691565530563],[138.41763039328202,36.736873985347216],[138.41769289331188,36.736873985347216]]]},"properties":{"FID":756,"A31_201":"8404030649","A31_202":"角間川","A31_203":20,"A31_204":"長野県","A31_205":2,"A31_206":" ","A31_207":" ","A31_208":" "}},{"type":"Feature","id":757,"geometry":{"type":"Polygon","coordinates":[[[138.41763039332625,36.73691565530563],[138.41763039337039,36.736957315263865],[138.41756789334079,36.736957315263865],[138.41756789329648,36.73691565530563],[138.41763039332625,36.73691565530563]]]},"properties":{"FID":757,"A31_201":"8404030649","A31_202":"角間川","A31_203":20,"A31_204":"長野県","A31_205":2,"A31_206":" ","A31_207":" ","A31_208":" "}},{"type":"Feature","id":758,"geometry":{"type":"Polygon","coordinates":[[[138.41744289332618,36.736998985222286],[138.41744289328162,36.736957315263865],[138.41750539331122,36.736957315263865],[138.41750539335561,36.736998985222286],[138.41744289332618,36.736998985222286]]]},"properties":{"FID":758,"A31_201":"8404030649","A31_202":"角間川","A31_203":20,"A31_204":"長野県","A31_205":2,"A31_206":" ","A31_207":" ","A31_208":" "}},{"type":"Feature","id":759,"geometry":{"type":"Polygon","coordinates":[[[138.41694289336476,36.737248984972339],[138.41694289341049,36.737290654930582],[138.41688039338197,36.737290654930582],[138.41688039333621,36.737248984972339],[138.41694289336476,36.737248984972339]]]},"properties":{"FID":759,"A31_201":"8404030649","A31_202":"角間川","A31_203":20,"A31_204":"長野県","A31_205":2,"A31_206":" ","A31_207":" ","A31_208":" "}},{"type":"Feature","id":760,"geometry":{"type":"Polygon","coordinates":[[[138.41194289242171,36.738290654106315],[138.41194289247784,36.738332314063932],[138.41188039244452,36.73833231408338],[138.4118803923883,36.738290654125855],[138.41194289242171,36.738290654106315]]]},"properties":{"FID":760,"A31_201":"8404030649","A31_202":"角間川","A31_203":20,"A31_204":"長野県","A31_205":2,"A31_206":" ","A31_207":" ","A31_208":" "}},{"type":"Feature","id":761,"geometry":{"type":"Polygon","coordinates":[[[138.41188039244452,36.73833231408338],[138.41188039250073,36.73837398404109],[138.41188039255704,36.738415653998615],[138.4118178925238,36.738415654017892],[138.4118178925801,36.738457313975601],[138.41175539254698,36.738457313994786],[138.41175539249056,36.738415654037254],[138.41175539243417,36.738373984079814],[138.4118178924675,36.738373984060452],[138.41181789241119,36.738332314102834],[138.41188039244452,36.73833231408338]]]},"properties":{"FID":761,"A31_201":"8404030649","A31_202":"角間川","A31_203":20,"A31_204":"長野県","A31_205":2,"A31_206":" ","A31_207":" ","A31_208":" "}},{"type":"Feature","id":762,"geometry":{"type":"Polygon","coordinates":[[[138.40938039394456,36.740332312694377],[138.40931789391453,36.740332312710535],[138.40931789385544,36.740290652755853],[138.4093803938855,36.740290652739688],[138.40938039394456,36.740332312694377]]]},"properties":{"FID":762,"A31_201":"8404030649","A31_202":"角間川","A31_203":20,"A31_204":"長野県","A31_205":2,"A31_206":" ","A31_207":" ","A31_208":" "}},{"type":"Feature","id":763,"geometry":{"type":"Polygon","coordinates":[[[138.409005393705,36.740290652836762],[138.4090053937644,36.740332312791097],[138.40894289373446,36.740332312807169],[138.40894289379395,36.740373982761596],[138.40888039376401,36.740373982777669],[138.40888039382361,36.740415652732089],[138.40881789379375,36.740415652748077],[138.40881789373407,36.740373982793741],[138.40881789367438,36.740332312839413],[138.40888039370441,36.740332312823249],[138.40888039364481,36.740290652869092],[138.40894289367495,36.740290652852934],[138.409005393705,36.740290652836762]]]},"properties":{"FID":763,"A31_201":"8404030649","A31_202":"角間川","A31_203":20,"A31_204":"長野県","A31_205":2,"A31_206":" ","A31_207":" ","A31_208":" "}},{"type":"Feature","id":764,"geometry":{"type":"Polygon","coordinates":[[[138.40881789379375,36.740415652748077],[138.40881789385335,36.740457312702141],[138.40875539382367,36.740457312718128],[138.40875539376398,36.740415652763971],[138.40881789379375,36.740415652748077]]]},"properties":{"FID":764,"A31_201":"8404030649","A31_202":"角間川","A31_203":20,"A31_204":"長野県","A31_205":2,"A31_206":" ","A31_207":" ","A31_208":" "}},{"type":"Feature","id":765,"geometry":{"type":"Polygon","coordinates":[[[138.40875539382367,36.740457312718128],[138.40875539388335,36.740498982672278],[138.40869289385367,36.740498982688095],[138.4086928937939,36.740457312734023],[138.40875539382367,36.740457312718128]]]},"properties":{"FID":765,"A31_201":"8404030649","A31_202":"角間川","A31_203":20,"A31_204":"長野県","A31_205":2,"A31_206":" ","A31_207":" ","A31_208":" "}},{"type":"Feature","id":766,"geometry":{"type":"Polygon","coordinates":[[[138.41338039350308,36.738623983597257],[138.41331789347907,36.738623983597257],[138.41331789353279,36.738665653555671],[138.41331789358654,36.738707313513913],[138.41338039361028,36.738707313513913],[138.41338039366391,36.738748983472242],[138.41338039371757,36.738790653430655],[138.41331789369411,36.738790653430655],[138.41325539367071,36.738790653430655],[138.41325539372454,36.738832313388897],[138.41325539377846,36.738873983347318],[138.41319289375525,36.738873983347318],[138.41319289380925,36.738915653305554],[138.41319289386334,36.738957313263967],[138.41313039384042,36.738957313263967],[138.41313039389459,36.73899898322221],[138.41306789387176,36.73899898322221],[138.4130678939261,36.739040653180538],[138.41300539390343,36.739040653180538],[138.41294289388077,36.739040653180538],[138.41294289393531,36.739082313138951],[138.41294289398991,36.739123983097194],[138.41288039396753,36.739123983097194],[138.4128178939452,36.739123983097194],[138.41281789400009,36.739165653055608],[138.41275539397779,36.739165653055608],[138.41275539403284,36.73920731301385],[138.4126928940108,36.73920731301385],[138.41263039398876,36.73920731301385],[138.41256789396661,36.73920731301385],[138.41256789402203,36.739248982972271],[138.41250539400008,36.739248982972271],[138.4125053940557,36.739290652930684],[138.41244289402385,36.73929065294854],[138.41238039399215,36.739290652966389],[138.41238039404783,36.739332312924446],[138.41238039410351,36.73937398288269],[138.41231789407189,36.739373982900361],[138.41225539404033,36.739373982918124],[138.41225539409612,36.739415652876104],[138.41219289406465,36.739415652893683],[138.41219289412052,36.739457312851748],[138.41213039408913,36.739457312869334],[138.41213039414509,36.739498982827399],[138.41206789411373,36.739498982844893],[138.41206789416975,36.739540652802603],[138.41200539413848,36.739540652820011],[138.41194289410711,36.73954065283742],[138.41194289416325,36.739582312795207],[138.41188039413197,36.73958231281253],[138.41188039418827,36.739623982770148],[138.41181789415708,36.739623982787379],[138.41181789421339,36.739665652745089],[138.41175539418228,36.739665652762312],[138.41175539423867,36.739707312719666],[138.41169289420756,36.739707312736812],[138.41163039417654,36.73970731275395],[138.41163039423304,36.73974898271139],[138.41156789420219,36.739748982728443],[138.41150539417117,36.739748982745581],[138.41150539422785,36.739790652702851],[138.41144289419691,36.739790652719904],[138.41144289425367,36.739832312676981],[138.41138039422285,36.739832312693864],[138.41138039427969,36.739873982651034],[138.41131789424884,36.739873982667909],[138.4112553942181,36.739873982684784],[138.41125539427503,36.739915652641784],[138.41119289424435,36.739915652658567],[138.41119289430128,36.739957312615388],[138.41113039427071,36.739957312632086],[138.41113039432784,36.739998982588986],[138.41106789429725,36.739998982605684],[138.41100539426677,36.739998982622382],[138.41100539432398,36.740040652578848],[138.4109428942935,36.740040652595454],[138.41088039426302,36.740040652612066],[138.41088039432037,36.740082312568703],[138.41081789428989,36.74008231258523],[138.4107553942595,36.740082312601743],[138.4106928942291,36.74008231261827],[138.41063039419862,36.740082312634783],[138.41063039425626,36.740123982590987],[138.4106303943139,36.740165652547176],[138.41063039437154,36.740207312503557],[138.41056789434134,36.7402073125199],[138.41056789439907,36.740248982476004],[138.41050539436901,36.740248982492261],[138.41050539442676,36.740290652448451],[138.41044289439671,36.740290652464623],[138.41044289445455,36.740332312420463],[138.41038039442449,36.740332312436621],[138.41031789439444,36.740332312452701],[138.41031789445253,36.74037398240872],[138.41025539442259,36.740373982424707],[138.41019289439265,36.740373982440786],[138.41019289445072,36.740415652396621],[138.4101928945089,36.740457312352291],[138.41013039447904,36.740457312368186],[138.41013039453722,36.740498982323942],[138.41006789450753,36.740498982339744],[138.4100678945658,36.740540652295323],[138.41000539453611,36.74054065231104],[138.41000539459446,36.74058231226671],[138.40994289456486,36.740582312282427],[138.40994289462321,36.740623982238006],[138.40988039459381,36.740623982253638],[138.4098178945643,36.74062398226927],[138.40981789450575,36.740582312313776],[138.40975539447618,36.740582312329501],[138.40975539441754,36.740540652374108],[138.40969289438786,36.74054065238991],[138.40969289432923,36.740498982434787],[138.40963039429946,36.740498982450589],[138.40963039424068,36.740457312495465],[138.40956789421091,36.74045731251136],[138.4095678941521,36.740415652556408],[138.40950539412222,36.74041565257231],[138.40944289409236,36.740415652588297],[138.40944289415134,36.740457312543157],[138.40938039412157,36.740457312559059],[138.40938039418063,36.74049898251392],[138.40931789415094,36.740498982529814],[138.40925539412117,36.740498982545631],[138.40925539406203,36.740457312590848],[138.40925539400288,36.740415652636258],[138.40931789403274,36.740415652620271],[138.40931789397359,36.740373982665403],[138.40938039400353,36.740373982649331],[138.40938039394456,36.740332312694377],[138.40944289397441,36.740332312678298],[138.40944289391544,36.740290652723523],[138.40950539394558,36.740290652707273],[138.40956789397561,36.740290652691101],[138.40956789391683,36.740248982735977],[138.40950539388669,36.740248982752227],[138.4095053938278,36.740207312797274],[138.40944289379757,36.740207312813617],[138.40944289385655,36.740248982768478],[138.40938039382644,36.740248982784735],[138.4093178937963,36.740248982800992],[138.40931789373724,36.740207312846302],[138.40925539370701,36.740207312862552],[138.40925539376616,36.740248982817242],[138.40925539382533,36.740290652772018],[138.40919289379528,36.740290652788183],[138.40913039376517,36.740290652804433],[138.40906789373511,36.740290652820605],[138.409005393705,36.740290652836762],[138.40900539364557,36.740248982882257],[138.40906789367568,36.740248982866007],[138.40906789361637,36.740207312911579],[138.40913039364659,36.740207312895237],[138.40913039358725,36.740165652940554],[138.40913039352793,36.740123982985956],[138.40919289355833,36.740123982969521],[138.40919289349907,36.740082313014923],[138.40925539352946,36.74008231299841],[138.40925539347032,36.740040653043636],[138.40925539341117,36.739998983089038],[138.40931789344174,36.73999898307234],[138.40931789338268,36.739957313117472],[138.40938039341324,36.739957313100774],[138.40938039335427,36.739915653145914],[138.40944289338483,36.739915653129124],[138.40944289332589,36.739873983174171],[138.40944289326688,36.739832313219217],[138.40950539329774,36.739832313202257],[138.40950539323893,36.739790653247297],[138.40950539318004,36.739748983292259],[138.40956789321098,36.739748983275121],[138.4095678931522,36.739707313319983],[138.40963039318319,36.739707313302844],[138.4096928932143,36.739707313285706],[138.40975539324532,36.739707313268561],[138.40975539318671,36.73966565331343],[138.40981789321782,36.7396656532962],[138.40988039324901,36.739665653278969],[138.40988039319046,36.739623983323483],[138.40994289322157,36.73962398330616],[138.40994289316313,36.739582313350766],[138.41000539319441,36.739582313333443],[138.41000539313615,36.739540653377787],[138.4100053930778,36.739498983422386],[138.41006789310919,36.739498983404886],[138.41006789305092,36.739457313449137],[138.41013039308237,36.739457313431551],[138.41013039302419,36.739415653475803],[138.41019289305575,36.739415653458124],[138.41019289299757,36.73937398350246],[138.41019289293948,36.739332313546711],[138.41025539297112,36.739332313528948],[138.41031789300285,36.739332313511092],[138.41031789294485,36.739290653555344],[138.41038039297658,36.739290653537488],[138.41038039291868,36.739248983581376],[138.4104428929505,36.739248983563527],[138.41044289289266,36.739207313607331],[138.41050539292456,36.73920731358939],[138.41050539286675,36.739165653633464],[138.41050539280903,36.73912398367726],[138.41056789284093,36.739123983659056],[138.41056789278321,36.739082313703037],[138.41063039281528,36.739082313684833],[138.41063039275764,36.739040653728452],[138.41069289278983,36.739040653710248],[138.41069289273224,36.738998983753874],[138.41075539276451,36.738998983735485],[138.41075539270696,36.738957313779203],[138.41081789273932,36.738957313760821],[138.41088039277156,36.738957313742432],[138.4108803927142,36.738915653785796],[138.41094289274665,36.738915653767322],[138.41094289268935,36.738873983810855],[138.41100539272179,36.738873983792381],[138.41100539266458,36.738832313835559],[138.41106789269693,36.738832313816999],[138.41106789263984,36.738790653860363],[138.41113039267236,36.738790653841619],[138.41119289270497,36.738790653822967],[138.41119289264796,36.738748983865975],[138.41125539268057,36.738748983847231],[138.41131789271327,36.738748983828486],[138.41131789265634,36.738707313871494],[138.4113178925995,36.738665653914495],[138.41138039263228,36.738665653895666],[138.41138039257552,36.738623983938496],[138.41144289260833,36.738623983919489],[138.4115053926412,36.738623983900567],[138.41150539258456,36.738582313943219],[138.41150539252789,36.738540653986135],[138.41156789256084,36.738540653967128],[138.41156789250428,36.738498984009688],[138.41163039253723,36.738498983990503],[138.41163039248067,36.738457314033241],[138.41169289251383,36.738457314014056],[138.4116928925703,36.738498983971411],[138.4116928926268,36.738540653928851],[138.41175539265976,36.738540653909752],[138.41181789269274,36.738540653890652],[138.41188039272572,36.73854065387156],[138.41188039278202,36.738582313829085],[138.41188039283824,36.738623983786795],[138.41188039289455,36.738665653744505],[138.41188039295076,36.738707313702122],[138.41188039300698,36.738748983659733],[138.4118803930632,36.738790653617443],[138.41188039311953,36.73883231357506],[138.41188039317575,36.73887398353277],[138.41188039323205,36.738915653490295],[138.41194289326441,36.738915653471821],[138.41194289320819,36.738873983514203],[138.41200539324063,36.738873983495637],[138.4120053931845,36.738832313537841],[138.41206789321703,36.738832313519197],[138.41206789316098,36.738790653561395],[138.41200539312845,36.738790653580139],[138.41200539307232,36.738748983622258],[138.41194289303962,36.738748983640996],[138.41194289298346,36.738707313683292],[138.41194289292736,36.738665653725675],[138.41194289287111,36.73862398376788],[138.41194289281489,36.738582313810085],[138.41200539284787,36.738582313791071],[138.41200539279174,36.738540653833368],[138.41206789282472,36.738540653814269],[138.41206789288083,36.738582313771978],[138.41213039291372,36.738582313752971],[138.41219289294651,36.738582313733964],[138.41225539297949,36.738582313714957],[138.41225539292361,36.738540653756985],[138.41231789295668,36.738540653737886],[138.41238039298966,36.738540653718793],[138.41238039293395,36.73849898376055],[138.41244289296702,36.738498983741366],[138.41244289302261,36.738540653699701],[138.41250539305568,36.738540653680602],[138.41250539300009,36.738498983722181],[138.41244289296702,36.738498983741366],[138.41244289291134,36.738457313783215],[138.4125053929445,36.738457313763945],[138.41250539288899,36.738415653805532],[138.41244289285572,36.738415653824802],[138.4123803928226,36.738415653844164],[138.41238039276689,36.738373983886106],[138.41238039271113,36.738332313927863],[138.41238039265551,36.738290653969713],[138.4123178926221,36.738290653989253],[138.41225539258861,36.738290654008708],[138.4121928925552,36.738290654028248],[138.41219289249932,36.738248984070182],[138.41213039246591,36.738248984089807],[138.41213039252196,36.738290654047788],[138.41206789248852,36.738290654067328],[138.41200539245511,36.738290654086775],[138.41194289242171,36.738290654106315],[138.41194289236549,36.73824898414852],[138.41200539239898,36.73824898412898],[138.41200539234285,36.738207314171092],[138.41206789237646,36.738207314151467],[138.41213039240995,36.738207314131841],[138.41213039235399,36.738165654173955],[138.41219289238751,36.738165654154237],[138.41219289233163,36.738123984196179],[138.41225539236532,36.738123984176369],[138.41225539230945,36.738082314218303],[138.41231789234322,36.738082314198408],[138.41238039237697,36.738082314178513],[138.4123803923213,36.738040654220455],[138.41244289235516,36.73804065420056],[138.41244289229948,36.737998984242232],[138.41250539233343,36.737998984222244],[138.41250539227792,36.737957314264008],[138.4125053922223,36.737915654305596],[138.41256789224872,36.737915654305596],[138.41256789219329,36.737873984347353],[138.41263039221985,36.737873984347353],[138.41263039216452,36.737832314388939],[138.41269289219119,36.737832314388939],[138.41275539221778,36.737832314388939],[138.41275539216278,36.737790654430519],[138.41281789218962,36.737790654430519],[138.41281789213474,36.737748984472368],[138.41288039216167,36.737748984472368],[138.41294289218871,36.737748984472368],[138.41294289213408,36.737707314513955],[138.41300539216118,36.737707314513955],[138.41300539210673,36.737665654555713],[138.41306789213394,36.737665654555713],[138.41306789207965,36.737623984597292],[138.41313039210704,36.737623984597292],[138.41319289213442,36.737623984597292],[138.41319289208042,36.737582314638878],[138.41325539210789,36.737582314638878],[138.41331789213527,36.737582314638878],[138.41331789208152,36.737540654680643],[138.41338039210916,36.737540654680643],[138.41338039205561,36.737498984722222],[138.41344289208334,36.737498984722222],[138.41344289202988,36.737457314763802],[138.41350539205786,36.737457314763802],[138.41350539200448,36.737415654805659],[138.41356789203257,36.737415654805659],[138.41356789197937,36.737373984847238],[138.41363039200755,36.737373984847238],[138.41363039195451,36.737332314889002],[138.41369289198286,36.737332314889002],[138.41369289192994,36.737290654930582],[138.41375539195846,36.737290654930582],[138.41375539190562,36.737248984972339],[138.41381789193423,36.737248984972339],[138.41381789188165,36.737207315013926],[138.41381789182898,36.737165655055691],[138.41388039185779,36.737165655055691],[138.41394289188668,36.737165655055691],[138.41400539191557,36.737165655055691],[138.41400539186344,36.73712398509727],[138.41406789189239,36.73712398509727],[138.41406789184035,36.737082315138942],[138.41413039186949,36.737082315138942],[138.41413039181754,36.737040655180614],[138.41419289184688,36.737040655180614],[138.4141928917951,36.736998985222286],[138.41425539182453,36.736998985222286],[138.41431789185401,36.736998985222286],[138.41431789180243,36.736957315263865],[138.41438039183203,36.736957315263865],[138.41444289186151,36.736957315263865],[138.41450539189111,36.736957315263865],[138.41450539184004,36.73691565530563],[138.41450539178888,36.736873985347216],[138.41456789181876,36.736873985347216],[138.41456789176777,36.736832315388973],[138.4146303917978,36.736832315388973],[138.41463039174701,36.736790655430553],[138.41463039169619,36.736748985472317],[138.41469289172642,36.736748985472317],[138.41469289167571,36.736707315513989],[138.41475539170619,36.736707315513989],[138.41475539165566,36.736665655555484],[138.41481789168623,36.736665655555484],[138.41481789163578,36.736623985597333],[138.41488039166654,36.736623985597333],[138.41494289169719,36.736623985597333],[138.41494289164709,36.736582315638913],[138.41500539167777,36.736582315638913],[138.41500539162786,36.736540655680678],[138.41506789165877,36.736540655680678],[138.41513039168979,36.736540655680678],[138.41513039164005,36.736498985722264],[138.41519289167115,36.736498985722264],[138.41525539170226,36.736498985722264],[138.41525539165281,36.736457315763928],[138.41531789168408,36.736457315763928],[138.41531789163477,36.736415655805601],[138.41538039166616,36.736415655805601],[138.41538039161705,36.736373985847187],[138.41544289164858,36.736373985847187],[138.41550539168014,36.736373985847187],[138.4155053916312,36.736332315888774],[138.41556789166276,36.736332315888774],[138.41563039169449,36.736332315888774],[138.41569289172611,36.736332315888774],[138.41569289167771,36.736290655930617],[138.41575539170952,36.736290655930617],[138.41575539166112,36.736248985972203],[138.41575539161281,36.73620731601396],[138.41581789164488,36.73620731601396],[138.41581789159676,36.736165656055547],[138.415880391629,36.736165656055547],[138.41594289166119,36.736165656055547],[138.4159428916133,36.736123986097311],[138.41600539164565,36.736123986097311],[138.41600539159788,36.736082316138891],[138.41606789163041,36.736082316138891],[138.41613039166276,36.736082316138891],[138.41613039161533,36.736040656180649],[138.41619289164794,36.736040656180649],[138.41619289160059,36.735998986222235],[138.4162553916334,36.735998986222235],[138.41631789166618,36.735998986222235],[138.41631789161903,36.735957316263907],[138.41638039165198,36.735957316263907],[138.41638039160509,36.735915656305664],[138.41644289163816,36.735915656305664],[138.41650539167122,36.735915656305664],[138.4165053916245,36.735873986347251],[138.41656789165773,36.735873986347251],[138.41663039169097,36.735873986347251],[138.41663039164453,36.735832316388837],[138.41669289167777,36.735832316388837],[138.4166928916315,36.735790656430595],[138.41675539166499,36.735790656430595],[138.41681789169849,36.735790656430595],[138.41688039173201,36.735790656430595],[138.41688039168616,36.735748986472174],[138.41694289171977,36.735748986472174],[138.41694289167413,36.735707316513938],[138.41700539170787,36.735707316513938],[138.41706789174157,36.735707316513938],[138.41713039177534,36.735707316513938],[138.41719289180909,36.735707316513938],[138.41725539184279,36.735707316513938],[138.41731789187656,36.735707316513938],[138.41738039191034,36.735707316513938],[138.41738039195499,36.735748986472174],[138.41744289198869,36.735748986472174],[138.41744289203328,36.735790656430595],[138.41750539206669,36.735790656430595],[138.41750539202229,36.735748986472174],[138.41750539197778,36.735707316513938],[138.41750539193336,36.735665656555526],[138.41750539188897,36.735623986597375],[138.41750539184446,36.735582316638954],[138.41756789187869,36.735582316638954],[138.41756789183435,36.735540656680541],[138.41763039186867,36.735540656680541],[138.41769289190304,36.735540656680541],[138.41769289185899,36.735498986722298],[138.41775539189339,36.735498986722298],[138.4178178919278,36.735498986722298],[138.41788039196226,36.735498986722298],[138.41794289199666,36.735498986722298],[138.41800539203115,36.735498986722298],[138.4180053919878,36.735457316763885],[138.41806789202238,36.735457316763885],[138.41813039205704,36.735457316763885],[138.41819289209161,36.735457316763885],[138.41819289204869,36.735415656805642],[138.41825539208344,36.735415656805642],[138.41831789211818,36.735415656805642],[138.41831789207555,36.735373986847222],[138.41838039211029,36.735373986847222],[138.41838039206777,36.735332316888901],[138.41844289210277,36.735332316888901],[138.4185053921378,36.735332316888901],[138.4185053920956,36.735290656930658],[138.41856789213071,36.735290656930658],[138.41856789208862,36.735248986972238],[138.41863039212387,36.735248986972238],[138.41869289215924,36.735248986972238],[138.41869289211743,36.735207317013824],[138.4187553921528,36.735207317013824],[138.41881789218826,36.735207317013824],[138.41881789214676,36.735165657055589],[138.41888039218233,36.735165657055589],[138.41894289221779,36.735165657055589],[138.418942892259,36.735207317013824],[138.41888039222371,36.735207317013824],[138.41888039226509,36.735248986972238],[138.41894289230029,36.735248986972238],[138.41900539233558,36.735248986972238],[138.41906789237086,36.735248986972238],[138.41913039240615,36.735248986972238],[138.4191928924414,36.735248986972238],[138.41925539247669,36.735248986972238],[138.41925539243618,36.735207317013824],[138.41919289240073,36.735207317013824],[138.41913039236528,36.735207317013824],[138.41906789232991,36.735207317013824],[138.41906789228887,36.735165657055589],[138.41906789224794,36.735123987097168],[138.41913039228365,36.735123987097168],[138.41913039224281,36.735082317138932],[138.41906789220698,36.735082317138932],[138.41906789216603,36.735040657180512],[138.41913039220194,36.735040657180512],[138.41919289223793,36.735040657180512],[138.4191928922786,36.735082317138932],[138.4191928923193,36.735123987097168],[138.41925539235501,36.735123987097168],[138.41931789239072,36.735123987097168],[138.41931789235034,36.735082317138932],[138.41931789230992,36.735040657180512],[138.4193178922695,36.734998987222362],[138.41925539223334,36.734998987222362],[138.41925539219284,36.734957317263948],[138.41931789222909,36.734957317263948],[138.41938039226534,36.734957317263948],[138.41944289230162,36.734957317263948],[138.41950539233778,36.734957317263948],[138.41950539229779,36.734915657305706],[138.41950539225775,36.734873987347285],[138.41956789229428,36.734873987347285],[138.41956789233416,36.734915657305706],[138.41956789237403,36.734957317263948],[138.41956789241391,36.734998987222362],[138.41963039244999,36.734998987222362],[138.41963039248969,36.735040657180512],[138.41963039252948,36.735082317138932],[138.41969289256531,36.735082317138932],[138.4196928926049,36.735123987097168],[138.41975539264055,36.735123987097168],[138.4197553926011,36.735082317138932],[138.41981789263701,36.735082317138932],[138.41981789259768,36.735040657180512],[138.4198178925584,36.734998987222362],[138.41988039259448,36.734998987222362],[138.41988039255531,36.734957317263948],[138.41988039251615,36.734915657305706],[138.41988039247698,36.734873987347285],[138.41981789244045,36.734873987347285],[138.41981789240111,36.734832317388872],[138.41975539236449,36.734832317388872],[138.41969289232779,36.734832317388872],[138.41963039229108,36.734832317388872],[138.41963039233087,36.734873987347285],[138.41956789229428,36.734873987347285],[138.41956789225441,36.734832317388872],[138.41956789221462,36.734790657430636],[138.41956789217471,36.734748987472216],[138.41956789213484,36.734707317513795],[138.41956789209496,36.734665657555652],[138.41963039213221,36.734665657555652],[138.4196303920925,36.734623987597232],[138.41969289212983,36.734623987597232],[138.4196928920903,36.734582317638996],[138.4197553921278,36.734582317638996],[138.4198178921653,36.734582317638996],[138.41981789220463,36.734623987597232],[138.41988039224196,36.734623987597232],[138.41988039228113,36.734665657555652],[138.41994289231837,36.734665657555652],[138.41994289227938,36.734623987597232],[138.4199428922403,36.734582317638996],[138.41994289220131,36.734540657680576],[138.42000539223898,36.734540657680576],[138.42006789227648,36.734540657680576],[138.42006789223777,36.734498987722333],[138.42006789219903,36.734457317763919],[138.42000539216119,36.734457317763919],[138.41994289212323,36.734457317763919],[138.4198803920853,36.734457317763919],[138.41988039204614,36.734415657805499],[138.4198178920081,36.734415657805499],[138.41981789196882,36.734373987847349],[138.41981789192948,36.734332317888935],[138.41981789189015,36.7342906579307],[138.41988039192861,36.7342906579307],[138.41988039188945,36.734248987972279],[138.41988039185028,36.734207318013858],[138.41994289188904,36.734207318013858],[138.41994289185004,36.734165658055623],[138.41994289181105,36.73412398809721],[138.42000539185005,36.73412398809721],[138.42000539181115,36.734082318138789],[138.42000539177224,36.734040658180639],[138.42000539173335,36.733998988222226],[138.4200678917727,36.733998988222226],[138.42006789173399,36.733957318263982],[138.42006789169525,36.733915658305563],[138.42013039173497,36.733915658305563],[138.42013039169635,36.733873988347327],[138.42019289173624,36.733873988347327],[138.42019289169778,36.733832318388906],[138.42025539173778,36.733832318388906],[138.42025539169941,36.733790658430671],[138.42031789173959,36.733790658430671],[138.42031789177776,36.733832318388906],[138.42031789181596,36.733873988347327],[138.42038039185587,36.733873988347327],[138.42038039189387,36.733915658305563],[138.42038039193199,36.733957318263982],[138.4204428919715,36.733957318263982],[138.42044289200945,36.733998988222226],[138.42044289204736,36.734040658180639],[138.42050539208674,36.734040658180639],[138.42050539204891,36.733998988222226],[138.42050539201114,36.733957318263982],[138.42050539197339,36.733915658305563],[138.42044289193367,36.733915658305563],[138.42044289189576,36.733873988347327],[138.42044289185782,36.733832318388906],[138.4204428918199,36.733790658430671],[138.42044289178199,36.733748988472257],[138.42038039174165,36.733748988472257],[138.42038039170362,36.733707318513922],[138.42038039166553,36.733665658555687],[138.42031789162499,36.733665658555687],[138.42031789158682,36.733623988597273],[138.4203803916275,36.733623988597273],[138.42038039158939,36.733582318638852],[138.42044289163027,36.733582318638852],[138.42044289159236,36.73354065868061],[138.42038039155139,36.73354065868061],[138.42038039151339,36.733498988722197],[138.42044289155444,36.733498988722197],[138.4204428915165,36.733457318763953],[138.42050539155781,36.733457318763953],[138.42050539152007,36.733415658805541],[138.42050539148224,36.73337398884739],[138.42050539144449,36.733332318888969],[138.42056789148617,36.733332318888969],[138.42056789143953,36.733290658930557],[138.42063039148121,36.733290658930557],[138.42063039143468,36.733248988972321],[138.42069289147645,36.733248988972321],[138.42069289142998,36.7332073190139],[138.42069289138354,36.733165659055658],[138.42075539142556,36.733165659055658],[138.42075539137912,36.733123989097244],[138.42075539133276,36.733082319138916],[138.42081789137487,36.733082319138916],[138.42081789132851,36.733040659180674],[138.4208803913707,36.733040659180674],[138.42088039132443,36.73299898922226],[138.42088039127816,36.732957319263846],[138.42088039123198,36.732915659305604],[138.4208803911857,36.732873989347183],[138.42094289122809,36.732873989347183],[138.42094289118191,36.732832319388947],[138.42094289113581,36.732790659430535],[138.42100539117837,36.732790659430535],[138.42100539122447,36.732832319388947],[138.42106789126694,36.732832319388947],[138.4211303913095,36.732832319388947],[138.42113039126349,36.732790659430535],[138.42119289130596,36.732790659430535],[138.42119289126006,36.732748989472384],[138.42125539130271,36.732748989472384],[138.42125539125689,36.732707319513963],[138.42131789129962,36.732707319513963],[138.42131789125389,36.732665659555636],[138.42131789120805,36.732623989597215],[138.42125539116523,36.732623989597215],[138.42119289112239,36.732623989597215],[138.42119289107649,36.732582319638894],[138.42119289103056,36.732540659680652],[138.42119289098463,36.732498989722231],[138.42125539102773,36.732498989722231],[138.42131789107083,36.732498989722231],[138.42131789111656,36.732540659680652],[138.42131789116232,36.732582319638894],[138.42138039120522,36.732582319638894],[138.42138039125098,36.732623989597215],[138.42144289129379,36.732623989597215],[138.42144289133944,36.732665659555636],[138.4215053913822,36.732665659555636],[138.42156789142501,36.732665659555636],[138.42156789137954,36.732623989597215],[138.42150539133664,36.732623989597215],[138.42150539129108,36.732582319638894],[138.42150539124549,36.732540659680652],[138.42156789128859,36.732540659680652],[138.42163039133152,36.732540659680652],[138.42169289137453,36.732540659680652],[138.42169289141992,36.732582319638894],[138.42175539146274,36.732582319638894],[138.42175539141743,36.732540659680652],[138.42175539137216,36.732498989722231],[138.42181789141523,36.732498989722231],[138.42181789146045,36.732540659680652],[138.42188039150346,36.732540659680652],[138.42188039154857,36.732582319638894],[138.4219428915915,36.732582319638894],[138.42200539163443,36.732582319638894],[138.42206789167733,36.732582319638894],[138.42213039172026,36.732582319638894],[138.42213039167541,36.732540659680652],[138.42213039163056,36.732498989722231],[138.42206789158746,36.732498989722231],[138.42206789163239,36.732540659680652],[138.42200539158947,36.732540659680652],[138.42200539154445,36.732498989722231],[138.42194289150135,36.732498989722231],[138.42188039145833,36.732498989722231],[138.42188039141314,36.732457319763817],[138.42188039136801,36.732415659805667],[138.4218803913229,36.732373989847247],[138.42188039127777,36.732332319888926],[138.42194289132112,36.732332319888926],[138.42200539136442,36.732332319888926],[138.42200539140944,36.732373989847247],[138.42200539145446,36.732415659805667],[138.42206789149765,36.732415659805667],[138.4220678915425,36.732457319763817],[138.42213039158571,36.732457319763817],[138.42213039154083,36.732415659805667],[138.42219289158402,36.732415659805667],[138.42219289153925,36.732373989847247],[138.42225539158255,36.732373989847247],[138.42231789162571,36.732373989847247],[138.42238039166901,36.732373989847247],[138.42244289171228,36.732373989847247],[138.42244289166777,36.732332319888926],[138.42238039162442,36.732332319888926],[138.42238039157982,36.732290659930506],[138.42238039153523,36.732248989972355],[138.42238039149066,36.732207320013941],[138.42244289153419,36.732207320013941],[138.42244289148971,36.732165660055522],[138.42238039144607,36.732165660055522],[138.42238039140148,36.732123990097371],[138.42231789135775,36.732123990097371],[138.42231789140243,36.732165660055522],[138.42231789144711,36.732207320013941],[138.4223178914917,36.732248989972355],[138.42231789153638,36.732290659930506],[138.42225539149311,36.732290659930506],[138.42219289144964,36.732290659930506],[138.42219289140488,36.732248989972355],[138.42219289136011,36.732207320013941],[138.42219289131535,36.732165660055522],[138.42213039127165,36.732165660055522],[138.42213039122686,36.732123990097371],[138.4221928912705,36.732123990097371],[138.42225539131422,36.732123990097371],[138.42225539126946,36.732082320138957],[138.42225539122478,36.73204066018063],[138.42231789126851,36.73204066018063],[138.42231789122383,36.731998990222209],[138.42238039126772,36.731998990222209],[138.42238039131232,36.73204066018063],[138.42244289135613,36.73204066018063],[138.42250539140002,36.73204066018063],[138.42250539135551,36.731998990222209],[138.42250539131109,36.731957320263881],[138.42256789135507,36.731957320263881],[138.42263039139897,36.731957320263881],[138.42263039144331,36.731998990222209],[138.4226928914872,36.731998990222209],[138.42269289153151,36.73204066018063],[138.42263039148762,36.73204066018063],[138.42263039153195,36.732082320138957],[138.42263039157626,36.732123990097371],[138.4226928916199,36.732123990097371],[138.42269289166421,36.732165660055522],[138.42269289170844,36.732207320013941],[138.42275539175199,36.732207320013941],[138.42281789179552,36.732207320013941],[138.42281789175146,36.732165660055522],[138.42281789170733,36.732123990097371],[138.42281789166319,36.732082320138957],[138.42281789161913,36.73204066018063],[138.42288039166286,36.73204066018063],[138.4228803916188,36.731998990222209],[138.42281789157508,36.731998990222209],[138.42281789153094,36.731957320263881],[138.42281789148689,36.731915660305646],[138.42281789144275,36.731873990347225],[138.42281789139861,36.731832320388804],[138.42281789135455,36.731790660430569],[138.42288039139871,36.731790660430569],[138.42288039135465,36.731748990472241],[138.422942891399,36.731748990472241],[138.42294289144297,36.731790660430569],[138.42294289148691,36.731832320388804],[138.42294289153088,36.731873990347225],[138.42288039148673,36.731873990347225],[138.42288039153078,36.731915660305646],[138.42294289157485,36.731915660305646],[138.42294289161873,36.731957320263881],[138.42300539166271,36.731957320263881],[138.42306789170669,36.731957320263881],[138.42313039175068,36.731957320263881],[138.42313039170691,36.731915660305646],[138.42313039166319,36.731873990347225],[138.42319289170726,36.731873990347225],[138.42319289166358,36.731832320388804],[138.42325539170781,36.731832320388804],[138.42325539166421,36.731790660430569],[138.42331789170845,36.731790660430569],[138.42338039175272,36.731790660430569],[138.42344289179678,36.731790660430569],[138.42344289175344,36.731748990472241],[138.42344289171001,36.731707320513912],[138.42350539175436,36.731707320513912],[138.4235053917977,36.731748990472241],[138.42350539184105,36.731790660430569],[138.42356789188528,36.731790660430569],[138.42363039192955,36.731790660430569],[138.42369289197379,36.731790660430569],[138.42369289193061,36.731748990472241],[138.42369289188755,36.731707320513912],[138.42375539193188,36.731707320513912],[138.4237553918889,36.731665660555493],[138.42375539184582,36.731623990597342],[138.42375539180276,36.731582320638928],[138.42381789184736,36.731582320638928],[138.42388039189197,36.731582320638928],[138.42394289193658,36.731582320638928],[138.42400539198098,36.731582320638928],[138.42406789202562,36.731582320638928],[138.42406789206834,36.731623990597342],[138.42413039211283,36.731623990597342],[138.42413039215546,36.731665660555493],[138.42419289219998,36.731665660555493],[138.42419289215746,36.731623990597342],[138.42425539220196,36.731623990597342],[138.42431789224648,36.731623990597342],[138.424380392291,36.731623990597342],[138.42438039233338,36.731665660555493],[138.42444289237778,36.731665660555493],[138.4245053924223,36.731665660555493],[138.42456789246657,36.731665660555493],[138.42456789250875,36.731707320513912],[138.42456789255084,36.731748990472241],[138.42463039259519,36.731748990472241],[138.42469289263954,36.731748990472241],[138.42469289259753,36.731707320513912],[138.42469289255553,36.731665660555493],[138.42469289251349,36.731623990597342],[138.42469289247148,36.731582320638928],[138.42469289242948,36.731540660680693],[138.42463039238478,36.731540660680693],[138.42463039234269,36.731498990722272],[138.424567892298,36.731498990722272],[138.42456789225588,36.731457320763944],[138.4245678922137,36.731415660805617],[138.42463039225856,36.731415660805617],[138.42469289230345,36.731415660805617],[138.42469289226145,36.731373990847203],[138.42475539230639,36.731373990847203],[138.42481789235126,36.731373990847203],[138.42488039239623,36.731373990847203],[138.42494289244121,36.731373990847203],[138.42494289248293,36.731415660805617],[138.42494289252468,36.731457320763944],[138.42494289256643,36.731498990722272],[138.42500539261113,36.731498990722272],[138.42500539265279,36.731540660680693],[138.42506789271133,36.731540660719325],[138.42506789275299,36.731582320677653],[138.42513039281135,36.73158232071647],[138.42513039285285,36.731623990674976],[138.42506789279454,36.731623990636159],[138.4250053927361,36.731623990597342],[138.42500539269443,36.731582320638928],[138.42494289264991,36.731582320638928],[138.42494289269158,36.731623990597342],[138.42494289273333,36.731665660555493],[138.42488039268889,36.731665660555493],[138.42488039273073,36.731707320513912],[138.42481789268629,36.731707320513912],[138.42481789272821,36.731748990472241],[138.42481789277005,36.731790660430569],[138.42481789281189,36.731832320388804],[138.42481789285381,36.731873990347225],[138.42475539280974,36.731873990347225],[138.42475539285164,36.731915660305646],[138.42475539289359,36.731957320263881],[138.42469289284958,36.731957320263881],[138.4246303928056,36.731957320263881],[138.42463039284769,36.731998990222209],[138.42456789280379,36.731998990222209],[138.424567892846,36.73204066018063],[138.42456789288809,36.732082320138957],[138.42456789293027,36.732123990097371],[138.42456789297248,36.732165660055522],[138.42450539292892,36.732165660055522],[138.42450539297113,36.732207320013941],[138.42450539301339,36.732248989972355],[138.42444289296986,36.732248989972355],[138.42444289301221,36.732290659930506],[138.42438039296877,36.732290659930506],[138.42438039301115,36.732332319888926],[138.4243803930535,36.732373989847247],[138.42431789301023,36.732373989847247],[138.4243178930526,36.732415659805667],[138.42438039309587,36.732415659805667],[138.4243803930535,36.732373989847247],[138.42444289309677,36.732373989847247],[138.42444289305442,36.732332319888926],[138.42450539309777,36.732332319888926],[138.4245053930556,36.732290659930506],[138.42456789309887,36.732290659930506],[138.42463039314231,36.732290659930506],[138.4246303931844,36.732332319888926],[138.42456789314105,36.732332319888926],[138.42456789318322,36.732373989847247],[138.42450539314007,36.732373989847247],[138.42450539318224,36.732415659805667],[138.42444289313906,36.732415659805667],[138.42444289318132,36.732457319763817],[138.42438039313822,36.732457319763817],[138.4243803931806,36.732498989722231],[138.4243178931375,36.732498989722231],[138.42431789317996,36.732540659680652],[138.42425539313695,36.732540659680652],[138.42425539317941,36.732582319638894],[138.42419289313648,36.732582319638894],[138.42419289309396,36.732540659680652],[138.42419289305133,36.732498989722231],[138.42413039300831,36.732498989722231],[138.42406789296521,36.732498989722231],[138.42400539292211,36.732498989722231],[138.42400539296492,36.732540659680652],[138.42394289292201,36.732540659680652],[138.4239428929649,36.732582319638894],[138.42394289300771,36.732623989597215],[138.42394289305062,36.732665659555636],[138.42388039300778,36.732665659555636],[138.42388039305069,36.732707319513963],[138.42388039309367,36.732748989472384],[138.42381789305094,36.732748989472384],[138.423817893094,36.732790659430535],[138.42375539305135,36.732790659430535],[138.42369289300879,36.732790659430535],[138.42363039296623,36.732790659430535],[138.42363039300938,36.732832319388947],[138.42363039305263,36.732873989347183],[138.42363039309581,36.732915659305604],[138.42356789305342,36.732915659305604],[138.42356789309667,36.732957319263846],[138.42350539305437,36.732957319263846],[138.42344289301209,36.732957319263846],[138.42338039296988,36.732957319263846],[138.42338039301339,36.73299898922226],[138.42331789297111,36.73299898922226],[138.42331789301471,36.733040659180674],[138.42331789305823,36.733082319138916],[138.42331789310174,36.733123989097244],[138.42325539305972,36.733123989097244],[138.4231928930177,36.733123989097244],[138.42319289306138,36.733165659055658],[138.42313039301945,36.733165659055658],[138.42313039306313,36.7332073190139],[138.42313039310693,36.733248988972321],[138.42306789306508,36.733248988972321],[138.42306789310896,36.733290658930557],[138.42306789315273,36.733332318888969],[138.42300539311105,36.733332318888969],[138.42300539314331,36.73337398884739],[138.42294289310172,36.73337398884739],[138.42294289313415,36.733415658805541],[138.42294289316646,36.733457318763953],[138.42294289319881,36.733498988722197],[138.42300539323995,36.733498988722197],[138.42300539327218,36.73354065868061],[138.42300539330444,36.733582318638852],[138.42294289326355,36.733582318638852],[138.42294289329595,36.733623988597273],[138.42288039325518,36.733623988597273],[138.4228803932877,36.733665658555687],[138.42281789324724,36.733665658555687],[138.42281789327993,36.733707318513922],[138.4227553932395,36.733707318513922],[138.42275539327227,36.733748988472257],[138.42269289323193,36.733748988472257],[138.42269289326489,36.733790658430671],[138.42263039322472,36.733790658430671],[138.42263039325775,36.733832318388906],[138.42256789321777,36.733832318388906],[138.422567893251,36.733873988347327],[138.42250539321108,36.733873988347327],[138.42250539324439,36.733915658305563],[138.42244289320467,36.733915658305563],[138.42244289323816,36.733957318263982],[138.42238039319861,36.733957318263982],[138.4223803932322,36.733998988222226],[138.42238039326577,36.734040658180639],[138.42231789322648,36.734040658180639],[138.42231789326024,36.734082318138789],[138.42225539322115,36.734082318138789],[138.42225539325506,36.73412398809721],[138.42219289321605,36.73412398809721],[138.42219289325007,36.734165658055623],[138.42213039321115,36.734165658055623],[138.42213039324534,36.734207318013858],[138.42206789320659,36.734207318013858],[138.42206789324089,36.734248987972279],[138.42200539320223,36.734248987972279],[138.42200539316778,36.734207318013858],[138.4220053931333,36.734165658055623],[138.42194289309447,36.734165658055623],[138.42194289305985,36.73412398809721],[138.42194289302529,36.734082318138789],[138.42188039298611,36.734082318138789],[138.4218178929469,36.734082318138789],[138.42181789291209,36.734040658180639],[138.42175539287274,36.734040658180639],[138.42175539290773,36.734082318138789],[138.42175539294271,36.73412398809721],[138.42181789298181,36.73412398809721],[138.42181789301662,36.734165658055623],[138.42181789305153,36.734207318013858],[138.42175539301269,36.734207318013858],[138.4217553930477,36.734248987972279],[138.42175539308278,36.7342906579307],[138.42175539311776,36.734332317888935],[138.42169289307947,36.734332317888935],[138.42169289311465,36.734373987847349],[138.42163039307644,36.734373987847349],[138.42163039311168,36.734415657805499],[138.42163039314696,36.734457317763919],[138.42156789310911,36.734457317763919],[138.42150539307116,36.734457317763919],[138.42150539310668,36.734498987722333],[138.4215053931423,36.734540657680576],[138.42150539317782,36.734582317638996],[138.42144289314032,36.734582317638996],[138.42144289317602,36.734623987597232],[138.42138039313861,36.734623987597232],[138.42138039317442,36.734665657555652],[138.42131789313726,36.734665657555652],[138.42131789317315,36.734707317513795],[138.42125539313608,36.734707317513795],[138.42125539317223,36.734748987472216],[138.42119289313527,36.734748987472216],[138.42119289317151,36.734790657430636],[138.4211303931348,36.734790657430636],[138.42106789309801,36.734790657430636],[138.42106789313453,36.734832317388872],[138.42100539309783,36.734832317388872],[138.42100539313449,36.734873987347285],[138.42094289309799,36.734873987347285],[138.42094289313474,36.734915657305706],[138.4208803930984,36.734915657305706],[138.42081789306195,36.734915657305706],[138.42075539302553,36.734915657305706],[138.42075539306285,36.734957317263948],[138.42075539309997,36.734998987222362],[138.42075539313726,36.735040657180512],[138.42069289310126,36.735040657180512],[138.42069289313858,36.735082317138932],[138.42063039310275,36.735082317138932],[138.42056789306704,36.735082317138932],[138.4205678931047,36.735123987097168],[138.42050539306896,36.735123987097168],[138.42050539310671,36.735165657055589],[138.42044289307117,36.735165657055589],[138.42044289310911,36.735207317013824],[138.42038039307363,36.735207317013824],[138.42038039311174,36.735248986972238],[138.42031789307646,36.735248986972238],[138.42031789311466,36.735290656930658],[138.42025539307946,36.735290656930658],[138.42019289304437,36.735290656930658],[138.42019289308283,36.735332316888901],[138.4201303930478,36.735332316888901],[138.42013039308642,36.735373986847222],[138.42006789305151,36.735373986847222],[138.42006789309025,36.735415656805642],[138.42000539305567,36.735415656805642],[138.42000539309458,36.735457316763885],[138.4199428930599,36.735457316763885],[138.41994289309901,36.735498986722298],[138.41988039306452,36.735498986722298],[138.41988039302535,36.735457316763885],[138.41981789299078,36.735457316763885],[138.41975539295612,36.735457316763885],[138.41969289292155,36.735457316763885],[138.41969289288201,36.735415656805642],[138.41969289284242,36.735373986847222],[138.4196928928028,36.735332316888901],[138.41969289276327,36.735290656930658],[138.41969289272365,36.735248986972238],[138.41963039268836,36.735248986972238],[138.41963039272807,36.735290656930658],[138.4195678926929,36.735290656930658],[138.41956789273277,36.735332316888901],[138.41956789277265,36.735373986847222],[138.41963039280748,36.735373986847222],[138.41963039284727,36.735415656805642],[138.41956789281252,36.735415656805642],[138.4195678928524,36.735457316763885],[138.41956789289219,36.735498986722298],[138.41956789293206,36.735540656680541],[138.41950539289778,36.735540656680541],[138.41944289286354,36.735540656680541],[138.41944289282341,36.735498986722298],[138.41938039278901,36.735498986722298],[138.41938039274868,36.735457316763885],[138.41938039270838,36.735415656805642],[138.41938039266813,36.735373986847222],[138.4193178926333,36.735373986847222],[138.41931789267372,36.735415656805642],[138.41925539263897,36.735415656805642],[138.4191928926042,36.735415656805642],[138.4191928926449,36.735457316763885],[138.41919289268557,36.735498986722298],[138.41925539272006,36.735498986722298],[138.41931789275452,36.735498986722298],[138.41931789279494,36.735540656680541],[138.41938039282925,36.735540656680541],[138.41944289286354,36.735540656680541],[138.4194428929037,36.735582316638954],[138.41944289294383,36.735623986597375],[138.41944289298399,36.735665656555526],[138.41950539301777,36.735665656555526],[138.41950539305773,36.735707316513938],[138.41956789309151,36.735707316513938],[138.41956789313139,36.735748986472174],[138.41950539309778,36.735748986472174],[138.41944289306429,36.735748986472174],[138.41944289310442,36.735790656430595],[138.41944289314458,36.735832316388837],[138.41944289318471,36.735873986347251],[138.41938039315147,36.735873986347251],[138.4193803931918,36.735915656305664],[138.41931789315873,36.735915656305664],[138.41931789311823,36.735873986347251],[138.41931789307785,36.735832316388837],[138.41925539304449,36.735832316388837],[138.41925539308511,36.735873986347251],[138.41925539312558,36.735915656305664],[138.41919289309254,36.735915656305664],[138.41919289313321,36.735957316263907],[138.4192553931662,36.735957316263907],[138.41925539312558,36.735915656305664],[138.41931789315873,36.735915656305664],[138.41931789319915,36.735957316263907],[138.41931789323957,36.735998986222235],[138.4192553932067,36.735998986222235],[138.41925539324728,36.736040656180649],[138.41919289321467,36.736040656180649],[138.41919289325534,36.736082316138891],[138.41913039322282,36.736082316138891],[138.41913039326366,36.736123986097311],[138.41906789323122,36.736123986097311],[138.41906789319029,36.736082316138891],[138.41900539315776,36.736082316138891],[138.41900539319889,36.736123986097311],[138.41894289316653,36.736123986097311],[138.41888039313426,36.736123986097311],[138.41888039317567,36.736165656055547],[138.4188178931434,36.736165656055547],[138.41875539311121,36.736165656055547],[138.41875539315288,36.73620731601396],[138.41875539319454,36.736248985972203],[138.41869289316253,36.736248985972203],[138.41869289320437,36.736290655930617],[138.41863039317255,36.736290655930617],[138.41863039321447,36.736332315888774],[138.41856789318285,36.736332315888774],[138.41856789322495,36.736373985847187],[138.41850539319339,36.736373985847187],[138.41844289316185,36.736373985847187],[138.4184428932042,36.736415655805601],[138.41838039317284,36.736415655805601],[138.4183803932153,36.736457315763928],[138.41831789318411,36.736457315763928],[138.41831789322674,36.736498985722264],[138.41825539319564,36.736498985722264],[138.41825539323844,36.736540655680678],[138.41831789326946,36.736540655680678],[138.41831789331209,36.736582315638913],[138.41825539328124,36.736582315638913],[138.41825539332396,36.736623985597333],[138.41819289329331,36.736623985597333],[138.4181928933362,36.736665655555484],[138.41813039330563,36.736665655555484],[138.41813039326254,36.736623985597333],[138.41806789323189,36.736623985597333],[138.41806789327507,36.736665655555484],[138.41800539324447,36.736665655555484],[138.4179428932139,36.736665655555484],[138.41788039318334,36.736665655555484],[138.41788039322694,36.736707315513989],[138.41781789319654,36.736707315513989],[138.41781789324034,36.736748985472317],[138.41775539321011,36.736748985472317],[138.417755393254,36.736790655430553],[138.41769289322386,36.736790655430553],[138.41769289326791,36.736832315388973],[138.41763039323789,36.736832315388973],[138.41756789320783,36.736832315388973],[138.41750539317781,36.736832315388973],[138.41750539322229,36.736873985347216],[138.41744289319243,36.736873985347216],[138.41744289323702,36.73691565530563],[138.41738039320725,36.73691565530563],[138.41738039325202,36.736957315263865],[138.4173803932967,36.736998985222286],[138.41744289332618,36.736998985222286],[138.41744289337078,36.737040655180614],[138.41738039334146,36.737040655180614],[138.41738039338611,36.737082315138942],[138.41731789335697,36.737082315138942],[138.41725539332782,36.737082315138942],[138.4172553932828,36.737040655180614],[138.41719289325363,36.737040655180614],[138.41719289320844,36.736998985222286],[138.41713039317901,36.736998985222286],[138.41713039322431,36.737040655180614],[138.41706789319497,36.737040655180614],[138.41700539316565,36.737040655180614],[138.41700539321121,36.737082315138942],[138.41694289318198,36.737082315138942],[138.41694289322771,36.73712398509727],[138.41688039319865,36.73712398509727],[138.41688039324458,36.737165655055691],[138.41681789321558,36.737165655055691],[138.41675539318672,36.737165655055691],[138.41675539323279,36.737207315013926],[138.41669289320402,36.737207315013926],[138.41669289325029,36.737248984972339],[138.41663039322174,36.737248984972339],[138.41663039317538,36.737207315013926],[138.41663039312903,36.737165655055691],[138.41663039308258,36.73712398509727],[138.41656789305361,36.73712398509727],[138.41656789300706,36.737082315138942],[138.41656789296053,36.737040655180614],[138.41656789291397,36.736998985222286],[138.41656789286745,36.736957315263865],[138.41650539283785,36.736957315263865],[138.41644289280825,36.736957315263865],[138.41644289285506,36.736998985222286],[138.41644289290187,36.737040655180614],[138.41644289294868,36.737082315138942],[138.41644289299546,36.73712398509727],[138.41644289304227,36.737165655055691],[138.41644289308908,36.737207315013926],[138.41638039306036,36.737207315013926],[138.41638039310726,36.737248984972339],[138.41631789307866,36.737248984972339],[138.41625539305005,36.737248984972339],[138.41619289302142,36.737248984972339],[138.41619289297407,36.737207315013926],[138.41613039294529,36.737207315013926],[138.41606789291666,36.737207315013926],[138.41606789296426,36.737248984972339],[138.41613039299278,36.737248984972339],[138.41613039304031,36.737290654930582],[138.41613039308783,36.737332314889002],[138.41619289311618,36.737332314889002],[138.41619289316353,36.737373984847238],[138.41613039313526,36.737373984847238],[138.41606789310717,36.737373984847238],[138.41606789315486,36.737415654805659],[138.4160053931268,36.737415654805659],[138.41600539307899,36.737373984847238],[138.41594289305084,36.737373984847238],[138.41594289300286,36.737332314889002],[138.415942892955,36.737290654930582],[138.41588039292645,36.737290654930582],[138.41588039297451,36.737332314889002],[138.41588039302258,36.737373984847238],[138.41588039307061,36.737415654805659],[138.41588039311867,36.737457314763802],[138.41588039316679,36.737498984722222],[138.41588039321485,36.737540654680643],[138.41588039326282,36.737582314638878],[138.41581789323536,36.737582314638878],[138.4157553932078,36.737582314638878],[138.41575539325621,36.737623984597292],[138.41569289322882,36.737623984597292],[138.41563039320144,36.737623984597292],[138.41563039325004,36.737665654555713],[138.41563039329861,36.737707314513955],[138.4156303933473,36.737748984472368],[138.41556789332037,36.737748984472368],[138.41556789336903,36.737790654430519],[138.41550539334236,36.737790654430519],[138.41550539339121,36.737832314388939],[138.41544289336454,36.737832314388939],[138.41544289341357,36.737873984347353],[138.41538039338701,36.737873984347353],[138.41538039343621,36.737915654305596],[138.41531789340979,36.737915654305596],[138.4153178934591,36.737957314264008],[138.41525539343289,36.737957314264008],[138.41519289340658,36.737957314264008],[138.41519289345621,36.737998984222244],[138.41513039343008,36.737998984222244],[138.41506789340394,36.737998984222244],[138.4150678934538,36.738040654180665],[138.41500539342783,36.738040654180665],[138.41494289340196,36.738040654180665],[138.41494289345206,36.738082314138815],[138.41494289350223,36.738123984097228],[138.41488039347655,36.738123984097228],[138.41481789345076,36.738123984097228],[138.41481789350121,36.738165654055649],[138.41475539347562,36.738165654055649],[138.41475539352624,36.738207314013891],[138.41469289350081,36.738207314013891],[138.41463039347531,36.738207314013891],[138.41463039342452,36.738165654055649],[138.4145678933989,36.738165654055649],[138.41456789334794,36.738123984097228],[138.41450539332223,36.738123984097228],[138.41450539327116,36.738082314138815],[138.41444289324531,36.738082314138815],[138.41438039321963,36.738082314138815],[138.41438039327096,36.738123984097228],[138.41438039332238,36.738165654055649],[138.41431789329678,36.738165654055649],[138.41431789334828,36.738207314013891],[138.41431789339981,36.738248983972305],[138.41431789345143,36.738290653930719],[138.41431789350293,36.738332313888961],[138.41431789355443,36.738373983847382],[138.41425539352954,36.738373983847382],[138.41419289350466,36.738373983847382],[138.41419289355645,36.738415653805532],[138.41419289360832,36.738457313763945],[138.4141928936601,36.738498983722181],[138.41413039363565,36.738498983722181],[138.41406789361122,36.738498983722181],[138.41400539358676,36.738498983722181],[138.41400539353452,36.738457313763945],[138.4139428935099,36.738457313763945],[138.4138803934853,36.738457313763945],[138.4138803935378,36.738498983722181],[138.41381789351342,36.738498983722181],[138.41381789346084,36.738457313763945],[138.41375539343622,36.738457313763945],[138.41375539348897,36.738498983722181],[138.41375539354175,36.738540653680602],[138.41375539359458,36.738582313638844],[138.41369289357041,36.738582313638844],[138.41369289362333,36.738623983597257],[138.41363039359925,36.738623983597257],[138.41363039365228,36.738665653555671],[138.41363039370538,36.738707313513913],[138.41356789368157,36.738707313513913],[138.41350539365783,36.738707313513913],[138.41344289363411,36.738707313513913],[138.41344289358062,36.738665653555671],[138.41338039355671,36.738665653555671],[138.41338039350308,36.738623983597257],[138.41344289352716,36.738623983597257],[138.4134428934737,36.738582313638844],[138.41344289342021,36.738540653680602],[138.41338039339587,36.738540653680602],[138.41338039344953,36.738582313638844],[138.41338039350308,36.738623983597257]],[[138.41225539320277,36.738748983547296],[138.41225539314701,36.738707313589146],[138.41225539309113,36.738665653631173],[138.41231789312394,36.738665653612344],[138.41231789306815,36.738623983654101],[138.41225539303525,36.738623983673108],[138.41219289300247,36.738623983692023],[138.41219289305835,36.738665653650088],[138.41219289311431,36.738707313607975],[138.41219289317016,36.738748983566033],[138.41225539320277,36.738748983547296]],[[138.41169289319132,36.738957313503157],[138.41163039315904,36.738957313521631],[138.41163039321555,36.738998983478893],[138.41169289324782,36.738998983460505],[138.41169289319132,36.738957313503157]],[[138.4105678941105,36.740040652695022],[138.41063039414098,36.740040652678417],[138.41063039408334,36.739998982722305],[138.41056789405275,36.739998982739003],[138.41050539402238,36.739998982755701],[138.4105053940801,36.740040652711627],[138.4105678941105,36.740040652695022]],[[138.41400539316896,36.738165654055649],[138.41406789319456,36.738165654055649],[138.41406789314243,36.738123984097228],[138.41400539311672,36.738123984097228],[138.41400539316896,36.738165654055649]],[[138.41431789314223,36.738040654180665],[138.41438039316819,36.738040654180665],[138.41438039311677,36.737998984222244],[138.41431789309064,36.737998984222244],[138.41431789314223,36.738040654180665]],[[138.41413039233703,36.737457314763802],[138.41419289236495,36.737457314763802],[138.41419289231317,36.737415654805659],[138.4141928922613,36.737373984847238],[138.41419289220951,36.737332314889002],[138.41413039218116,36.737332314889002],[138.41406789215281,36.737332314889002],[138.41406789220494,36.737373984847238],[138.41413039223312,36.737373984847238],[138.41413039228507,36.737415654805659],[138.41413039233703,36.737457314763802]],[[138.41531789242367,36.737082315138942],[138.4153803924529,36.737082315138942],[138.4153803924037,36.737040655180614],[138.41531789237436,36.737040655180614],[138.41531789242367,36.737082315138942]],[[138.41588039230172,36.736748985472317],[138.41588039234978,36.736790655430553],[138.41594289237997,36.736790655430553],[138.41594289233203,36.736748985472317],[138.41594289228414,36.736707315513989],[138.41594289223619,36.736665655555484],[138.41588039220562,36.736665655555484],[138.41588039225365,36.736707315513989],[138.41588039230172,36.736748985472317]],[[138.41788039309611,36.736582315638913],[138.41794289312696,36.736582315638913],[138.4180053931579,36.736582315638913],[138.41800539311453,36.736540655680678],[138.41800539307121,36.736498985722264],[138.41794289304011,36.736498985722264],[138.41788039300889,36.736498985722264],[138.41788039305251,36.736540655680678],[138.41788039309611,36.736582315638913]],[[138.4156303918889,36.736498985722264],[138.41569289192,36.736498985722264],[138.4156928918716,36.736457315763928],[138.41563039184032,36.736457315763928],[138.4156303918889,36.736498985722264]],[[138.41638039212148,36.736373985847187],[138.41644289215296,36.736373985847187],[138.41644289210615,36.736332315888774],[138.41644289205942,36.736290655930617],[138.41638039202752,36.736290655930617],[138.4163178919957,36.736290655930617],[138.41631789204285,36.736332315888774],[138.4163803920745,36.736332315888774],[138.41638039212148,36.736373985847187]],[[138.41688039219031,36.73620731601396],[138.41688039223612,36.736248985972203],[138.41694289226814,36.736248985972203],[138.41694289222238,36.73620731601396],[138.41694289217673,36.736165656055547],[138.41688039214446,36.736165656055547],[138.41688039219031,36.73620731601396]],[[138.41700539216342,36.736123986097311],[138.41706789219577,36.736123986097311],[138.41706789215038,36.736082316138891],[138.41706789210491,36.736040656180649],[138.4170053920723,36.736040656180649],[138.41700539211786,36.736082316138891],[138.41700539216342,36.736123986097311]],[[138.41906789314933,36.736040656180649],[138.41913039318206,36.736040656180649],[138.41913039314119,36.735998986222235],[138.41906789310841,36.735998986222235],[138.41906789314933,36.736040656180649]],[[138.41913039252861,36.735373986847222],[138.41919289256353,36.735373986847222],[138.41919289252286,36.735332316888901],[138.41913039248783,36.735332316888901],[138.41913039252861,36.735373986847222]],[[138.42013039297052,36.735248986972238],[138.42019289300589,36.735248986972238],[138.42025539304117,36.735248986972238],[138.4202553930028,36.735207317013824],[138.42019289296735,36.735207317013824],[138.42013039293198,36.735207317013824],[138.42013039297052,36.735248986972238]],[[138.42056789302939,36.735040657180512],[138.42063039306527,36.735040657180512],[138.42063039302772,36.734998987222362],[138.42056789299173,36.734998987222362],[138.42056789302939,36.735040657180512]],[[138.42038039265503,36.734748987472216],[138.42044289269199,36.734748987472216],[138.42050539272898,36.734748987472216],[138.42056789276594,36.734748987472216],[138.42056789280352,36.734790657430636],[138.42056789284118,36.734832317388872],[138.42063039287768,36.734832317388872],[138.42063039291526,36.734873987347285],[138.42063039295275,36.734915657305706],[138.42069289298919,36.734915657305706],[138.42069289295179,36.734873987347285],[138.42075539298833,36.734873987347285],[138.42075539295109,36.734832317388872],[138.42075539291389,36.734790657430636],[138.42075539287669,36.734748987472216],[138.42075539283945,36.734707317513795],[138.42069289280232,36.734707317513795],[138.420692892765,36.734665657555652],[138.42069289272763,36.734623987597232],[138.42069289269023,36.734582317638996],[138.42063039265273,36.734582317638996],[138.42063039269021,36.734623987597232],[138.42056789265297,36.734623987597232],[138.42056789269063,36.734665657555652],[138.42063039272779,36.734665657555652],[138.42063039276525,36.734707317513795],[138.42056789272829,36.734707317513795],[138.42050539269115,36.734707317513795],[138.42050539265338,36.734665657555652],[138.42044289261617,36.734665657555652],[138.42044289265408,36.734707317513795],[138.42038039261695,36.734707317513795],[138.42038039265503,36.734748987472216],[138.42031789261807,36.734748987472216],[138.42031789265627,36.734790657430636],[138.42038039269306,36.734790657430636],[138.42038039265503,36.734748987472216]],[[138.42069289261553,36.734498987722333],[138.42069289265291,36.734540657680576],[138.42075539269052,36.734540657680576],[138.42075539265329,36.734498987722333],[138.42069289261553,36.734498987722333],[138.42069289257813,36.734457317763919],[138.42069289254084,36.734415657805499],[138.42069289250344,36.734373987847349],[138.42069289246615,36.734332317888935],[138.42063039242774,36.734332317888935],[138.42063039239025,36.7342906579307],[138.42063039235271,36.734248987972279],[138.42063039231522,36.734207318013858],[138.42063039227773,36.734165658055623],[138.42056789223898,36.734165658055623],[138.42056789220132,36.73412398809721],[138.42056789216366,36.734082318138789],[138.42050539212448,36.734082318138789],[138.42050539216231,36.73412398809721],[138.42050539220006,36.734165658055623],[138.42044289216113,36.734165658055623],[138.42044289219908,36.734207318013858],[138.42044289223699,36.734248987972279],[138.42050539227557,36.734248987972279],[138.4205053923134,36.7342906579307],[138.42050539235115,36.734332317888935],[138.42056789238953,36.734332317888935],[138.42056789242719,36.734373987847349],[138.42056789246476,36.734415657805499],[138.42063039250272,36.734415657805499],[138.4206303925402,36.734457317763919],[138.42063039257775,36.734498987722333],[138.42069289261553,36.734498987722333]],[[138.42181789270285,36.733790658430671],[138.42188039274299,36.733790658430671],[138.42188039270826,36.733748988472257],[138.42188039267356,36.733707318513922],[138.42188039263883,36.733665658555687],[138.42181789259831,36.733665658555687],[138.4218178926331,36.733707318513922],[138.42181789266803,36.733748988472257],[138.42181789270285,36.733790658430671]],[[138.4208803920269,36.733707318513922],[138.42081789198647,36.733707318513922],[138.42081789194944,36.733665658555687],[138.42088039199004,36.733665658555687],[138.42088039195309,36.733623988597273],[138.42081789191229,36.733623988597273],[138.42075539187161,36.733623988597273],[138.42075539190893,36.733665658555687],[138.42075539194605,36.733707318513922],[138.42075539198333,36.733748988472257],[138.42081789202359,36.733748988472257],[138.42088039206385,36.733748988472257],[138.4208803920269,36.733707318513922]],[[138.42150539246666,36.733748988472257],[138.4214428924264,36.733748988472257],[138.4214428924621,36.733790658430671],[138.42150539250227,36.733790658430671],[138.42150539246666,36.733748988472257]],[[138.42150539228894,36.73354065868061],[138.4215678923299,36.73354065868061],[138.42156789229446,36.733498988722197],[138.42150539225332,36.733498988722197],[138.42150539228894,36.73354065868061]],[[138.42231789268646,36.73337398884739],[138.42238039272797,36.73337398884739],[138.42238039269441,36.733332318888969],[138.42231789265273,36.733332318888969],[138.42231789268646,36.73337398884739]],[[138.42269289285855,36.733290658930557],[138.42275539290031,36.733290658930557],[138.42275539285609,36.733248988972321],[138.42281789289794,36.733248988972321],[138.42281789285389,36.7332073190139],[138.42275539281195,36.7332073190139],[138.42275539276778,36.733165659055658],[138.42275539272364,36.733123989097244],[138.42275539267942,36.733082319138916],[138.42281789272153,36.733082319138916],[138.42281789267747,36.733040659180674],[138.42288039271952,36.733040659180674],[138.42288039267547,36.73299898922226],[138.42294289271769,36.73299898922226],[138.42300539275996,36.73299898922226],[138.42300539271611,36.732957319263846],[138.42306789275838,36.732957319263846],[138.42306789271453,36.732915659305604],[138.42306789267073,36.732873989347183],[138.4231303927132,36.732873989347183],[138.42313039266941,36.732832319388947],[138.42313039262572,36.732790659430535],[138.42313039258192,36.732748989472384],[138.42319289262457,36.732748989472384],[138.42319289266828,36.732790659430535],[138.42325539271084,36.732790659430535],[138.4233178927534,36.732790659430535],[138.42338039279605,36.732790659430535],[138.42338039275253,36.732748989472384],[138.42338039270902,36.732707319513963],[138.42331789266638,36.732707319513963],[138.42325539262362,36.732707319513963],[138.42319289258089,36.732707319513963],[138.42313039253816,36.732707319513963],[138.42313039249444,36.732665659555636],[138.42319289253726,36.732665659555636],[138.42319289249357,36.732623989597215],[138.42313039245064,36.732623989597215],[138.42313039240696,36.732582319638894],[138.42313039236316,36.732540659680652],[138.42313039231939,36.732498989722231],[138.42306789227638,36.732498989722231],[138.42306789232015,36.732540659680652],[138.42300539227716,36.732540659680652],[138.42300539232104,36.732582319638894],[138.42300539236498,36.732623989597215],[138.42306789240783,36.732623989597215],[138.42306789245163,36.732665659555636],[138.42306789249548,36.732707319513963],[138.42300539245275,36.732707319513963],[138.42294289240999,36.732707319513963],[138.42294289245396,36.732748989472384],[138.42294289249793,36.732790659430535],[138.42300539254049,36.732790659430535],[138.42306789258305,36.732790659430535],[138.42306789262693,36.732832319388947],[138.42300539258437,36.732832319388947],[138.42300539262826,36.732873989347183],[138.42294289258587,36.732873989347183],[138.42288039254339,36.732873989347183],[138.42288039258744,36.732915659305604],[138.42281789254514,36.732915659305604],[138.42275539250284,36.732915659305604],[138.42269289246036,36.732915659305604],[138.42263039241809,36.732915659305604],[138.42263039246239,36.732957319263846],[138.4226928925047,36.732957319263846],[138.42269289254892,36.73299898922226],[138.42269289259315,36.733040659180674],[138.4226928926374,36.733082319138916],[138.42263039259527,36.733082319138916],[138.42263039263958,36.733123989097244],[138.42263039268391,36.733165659055658],[138.42269289272585,36.733165659055658],[138.42269289277007,36.7332073190139],[138.42269289281433,36.733248988972321],[138.42269289285855,36.733290658930557]],[[138.42281789214832,36.732540659680652],[138.42281789210418,36.732498989722231],[138.42281789206012,36.732457319763817],[138.42281789201598,36.732415659805667],[138.42281789197193,36.732373989847247],[138.42281789192788,36.732332319888926],[138.42275539188449,36.732332319888926],[138.42269289184114,36.732332319888926],[138.42269289188536,36.732373989847247],[138.42269289192961,36.732415659805667],[138.42269289197384,36.732457319763817],[138.42275539201694,36.732457319763817],[138.42275539206116,36.732498989722231],[138.4227553921053,36.732540659680652],[138.42275539214944,36.732582319638894],[138.42281789219237,36.732582319638894],[138.42281789214832,36.732540659680652]],[[138.42363039249105,36.732332319888926],[138.4236928925344,36.732332319888926],[138.42369289249135,36.732290659930506],[138.42363039244788,36.732290659930506],[138.42363039249105,36.732332319888926]],[[138.42250539197778,36.732582319638894],[138.42250539193327,36.732540659680652],[138.42244289189034,36.732540659680652],[138.42238039184735,36.732540659680652],[138.42238039189192,36.732582319638894],[138.42238039193651,36.732623989597215],[138.42238039198102,36.732665659555636],[138.42238039202562,36.732707319513963],[138.42231789198294,36.732707319513963],[138.42231789202754,36.732748989472384],[138.42238039207027,36.732748989472384],[138.42244289211283,36.732748989472384],[138.42244289215742,36.732790659430535],[138.42250539219998,36.732790659430535],[138.4225053921555,36.732748989472384],[138.42256789219815,36.732748989472384],[138.42256789215384,36.732707319513963],[138.42250539211108,36.732707319513963],[138.42250539206668,36.732665659555636],[138.42250539202217,36.732623989597215],[138.42250539197778,36.732582319638894]],[[138.42156789147049,36.732707319513963],[138.42150539142776,36.732707319513963],[138.42144289138503,36.732707319513963],[138.42144289143067,36.732748989472384],[138.42138039138803,36.732748989472384],[138.42131789134535,36.732748989472384],[138.42131789139111,36.732790659430535],[138.42138039143376,36.732790659430535],[138.4213803914794,36.732832319388947],[138.42144289152196,36.732832319388947],[138.42150539156444,36.732832319388947],[138.42150539151888,36.732790659430535],[138.42156789156144,36.732790659430535],[138.42156789151596,36.732748989472384],[138.42156789147049,36.732707319513963]],[[138.42200539185947,36.732790659430535],[138.42206789190203,36.732790659430535],[138.4220678918571,36.732748989472384],[138.42200539181445,36.732748989472384],[138.42200539185947,36.732790659430535]],[[138.42263039215226,36.732665659555636],[138.42263039219648,36.732707319513963],[138.42269289223921,36.732707319513963],[138.42269289219499,36.732665659555636],[138.42269289215076,36.732623989597215],[138.42263039210792,36.732623989597215],[138.42263039215226,36.732665659555636]],[[138.42238039215937,36.732832319388947],[138.42231789211689,36.732832319388947],[138.4222553920745,36.732832319388947],[138.42225539211918,36.732873989347183],[138.42219289207679,36.732873989347183],[138.42213039203432,36.732873989347183],[138.42213039207917,36.732915659305604],[138.42206789203678,36.732915659305604],[138.42206789208171,36.732957319263846],[138.42213039212402,36.732957319263846],[138.42213039216887,36.73299898922226],[138.42213039221383,36.733040659180674],[138.42206789217161,36.733040659180674],[138.42206789221655,36.733082319138916],[138.42206789226148,36.733123989097244],[138.42200539221946,36.733123989097244],[138.4220053922644,36.733165659055658],[138.42200539230944,36.7332073190139],[138.42200539235446,36.733248988972321],[138.42206789239623,36.733248988972321],[138.42213039243808,36.733248988972321],[138.42219289247984,36.733248988972321],[138.42219289243508,36.7332073190139],[138.42219289239031,36.733165659055658],[138.42219289234555,36.733123989097244],[138.42225539238757,36.733123989097244],[138.42231789242945,36.733123989097244],[138.4223178924741,36.733165659055658],[138.42238039251606,36.733165659055658],[138.42238039256063,36.7332073190139],[138.4224428926025,36.7332073190139],[138.42244289264707,36.733248988972321],[138.42250539268883,36.733248988972321],[138.42250539264444,36.7332073190139],[138.42250539260002,36.733165659055658],[138.42250539255554,36.733123989097244],[138.42244289251349,36.733123989097244],[138.42238039247147,36.733123989097244],[138.42238039242687,36.733082319138916],[138.42231789238477,36.733082319138916],[138.42231789234017,36.733040659180674],[138.4223178922955,36.73299898922226],[138.42238039233771,36.73299898922226],[138.42238039238231,36.733040659180674],[138.4224428924245,36.733040659180674],[138.42244289237999,36.73299898922226],[138.42250539242221,36.73299898922226],[138.42250539237773,36.732957319263846],[138.42250539233331,36.732915659305604],[138.42244289229092,36.732915659305604],[138.42238039224853,36.732915659305604],[138.42238039220393,36.732873989347183],[138.42238039215937,36.732832319388947]],[[138.42338039192654,36.731957320263881],[138.42338039197006,36.731998990222209],[138.42344289201387,36.731998990222209],[138.42344289197044,36.731957320263881],[138.42344289192698,36.731915660305646],[138.42344289188367,36.731873990347225],[138.42338039183966,36.731873990347225],[138.42338039188309,36.731915660305646],[138.42338039192654,36.731957320263881]],[[138.4236303921023,36.731957320263881],[138.42369289214628,36.731957320263881],[138.42369289210319,36.731915660305646],[138.42363039205912,36.731915660305646],[138.4236303921023,36.731957320263881]],[[138.4235678919718,36.731873990347225],[138.42363039201595,36.731873990347225],[138.42369289206005,36.731873990347225],[138.42369289201696,36.731832320388804],[138.42363039197272,36.731832320388804],[138.42356789192854,36.731832320388804],[138.4235678919718,36.731873990347225]],[[138.42444289254701,36.731832320388804],[138.42450539259116,36.731832320388804],[138.42450539254889,36.731790660430569],[138.42444289250471,36.731790660430569],[138.42444289254701,36.731832320388804]]]},"properties":{"FID":766,"A31_201":"8404030649","A31_202":"角間川","A31_203":20,"A31_204":"長野県","A31_205":2,"A31_206":" ","A31_207":" ","A31_208":" "}},{"type":"Feature","id":767,"geometry":{"type":"Polygon","coordinates":[[[138.40988039476929,36.74074898211974],[138.40981789473997,36.740748982135102],[138.40981789468134,36.740707312179879],[138.40988039471077,36.740707312164432],[138.40988039476929,36.74074898211974]]]},"properties":{"FID":767,"A31_201":"8404030649","A31_202":"角間川","A31_203":20,"A31_204":"長野県","A31_205":2,"A31_206":" ","A31_207":" ","A31_208":" "}},{"type":"Feature","id":768,"geometry":{"type":"Polygon","coordinates":[[[138.40969289473992,36.740790652121234],[138.40969289468131,36.740748982166011],[138.40975539471066,36.740748982150556],[138.40975539476926,36.740790652105865],[138.40969289473992,36.740790652121234]]]},"properties":{"FID":768,"A31_201":"8404030649","A31_202":"角間川","A31_203":20,"A31_204":"長野県","A31_205":2,"A31_206":" ","A31_207":" ","A31_208":" "}},{"type":"Feature","id":769,"geometry":{"type":"Polygon","coordinates":[[[138.40969289473992,36.740790652121234],[138.40969289479864,36.740832312076364],[138.40963039476949,36.740832312091641],[138.40963039471069,36.740790652136596],[138.40969289473992,36.740790652121234]]]},"properties":{"FID":769,"A31_201":"8404030649","A31_202":"角間川","A31_203":20,"A31_204":"長野県","A31_205":2,"A31_206":" ","A31_207":" ","A31_208":" "}},{"type":"Feature","id":770,"geometry":{"type":"Polygon","coordinates":[[[138.40738039445444,36.741332312073411],[138.40731789442609,36.741332312087891],[138.40725539439774,36.741332312102273],[138.40725539433637,36.741290652149722],[138.40731789436472,36.741290652135248],[138.40738039439316,36.741290652120682],[138.40738039445444,36.741332312073411]]]},"properties":{"FID":770,"A31_201":"8404030649","A31_202":"角間川","A31_203":20,"A31_204":"長野県","A31_205":2,"A31_206":" ","A31_207":" ","A31_208":" "}},{"type":"Feature","id":771,"geometry":{"type":"Polygon","coordinates":[[[138.40713039440269,36.741373982083516],[138.40713039434112,36.741332312131235],[138.40719289436939,36.741332312116754],[138.40719289443086,36.741373982069135],[138.40713039440269,36.741373982083516]]]},"properties":{"FID":771,"A31_201":"8404030649","A31_202":"角間川","A31_203":20,"A31_204":"長野県","A31_205":2,"A31_206":" ","A31_207":" ","A31_208":" "}},{"type":"Feature","id":772,"geometry":{"type":"Polygon","coordinates":[[[138.40713039440269,36.741373982083516],[138.40713039446422,36.741415652035897],[138.40713039452569,36.741457311988185],[138.4070678944976,36.741457312002396],[138.40706789455916,36.741498981954777],[138.40700539453115,36.741498981968896],[138.40700539446942,36.741457312016607],[138.4070053944078,36.741415652064497],[138.40706789443595,36.741415652050193],[138.40706789437442,36.741373982097819],[138.40713039440269,36.741373982083516]]]},"properties":{"FID":772,"A31_201":"8404030649","A31_202":"角間川","A31_203":20,"A31_204":"長野県","A31_205":2,"A31_206":" ","A31_207":" ","A31_208":" "}},{"type":"Feature","id":773,"geometry":{"type":"Polygon","coordinates":[[[138.40700539453115,36.741498981968896],[138.4070053945928,36.741540651921184],[138.40694289456479,36.74154065193531],[138.40694289450306,36.741498981983106],[138.40700539453115,36.741498981968896]]]},"properties":{"FID":773,"A31_201":"8404030649","A31_202":"角間川","A31_203":20,"A31_204":"長野県","A31_205":2,"A31_206":" ","A31_207":" ","A31_208":" "}},{"type":"Feature","id":774,"geometry":{"type":"Polygon","coordinates":[[[138.40694289456479,36.74154065193531],[138.40694289462652,36.741582311887413],[138.40694289468826,36.741623981839616],[138.40688039466033,36.741623981853564],[138.40688039472218,36.741665651805491],[138.40681789469443,36.741665651819439],[138.40681789463252,36.741623981867505],[138.40681789457062,36.741582311915479],[138.40688039459855,36.741582311901453],[138.40688039453681,36.741540651949428],[138.40694289456479,36.74154065193531]]]},"properties":{"FID":774,"A31_201":"8404030649","A31_202":"角間川","A31_203":20,"A31_204":"長野県","A31_205":2,"A31_206":" ","A31_207":" ","A31_208":" "}},{"type":"Feature","id":775,"geometry":{"type":"Polygon","coordinates":[[[138.40681789469443,36.741665651819439],[138.40681789474871,36.741707311770305],[138.40681789480305,36.741748981721088],[138.4067553947755,36.741748981735114],[138.40675539472107,36.741707311784253],[138.40675539466662,36.741665651833294],[138.40681789469443,36.741665651819439]]]},"properties":{"FID":775,"A31_201":"8404030649","A31_202":"角間川","A31_203":20,"A31_204":"長野県","A31_205":2,"A31_206":" ","A31_207":" ","A31_208":" "}},{"type":"Feature","id":776,"geometry":{"type":"Polygon","coordinates":[[[138.4067553947755,36.741748981735114],[138.40675539482996,36.741790651685804],[138.40669289480257,36.74179065169993],[138.40669289474795,36.741748981749154],[138.4067553947755,36.741748981735114]]]},"properties":{"FID":776,"A31_201":"8404030649","A31_202":"角間川","A31_203":20,"A31_204":"長野県","A31_205":2,"A31_206":" ","A31_207":" ","A31_208":" "}},{"type":"Feature","id":777,"geometry":{"type":"Polygon","coordinates":[[[138.40669289480257,36.74179065169993],[138.40669289485712,36.741832311650882],[138.40669289491174,36.741873981601756],[138.40663039488462,36.741873981615967],[138.4066303948299,36.741832311665092],[138.40663039477519,36.741790651714055],[138.40669289480257,36.74179065169993]]]},"properties":{"FID":777,"A31_201":"8404030649","A31_202":"角間川","A31_203":20,"A31_204":"長野県","A31_205":2,"A31_206":" ","A31_207":" ","A31_208":" "}},{"type":"Feature","id":778,"geometry":{"type":"Polygon","coordinates":[[[138.40663039488462,36.741873981615967],[138.40663039493933,36.741915651567012],[138.40663039499404,36.741957311517879],[138.40656789496728,36.741957311532261],[138.4065678949124,36.741915651581309],[138.40656789485752,36.741873981630178],[138.40663039488462,36.741873981615967]]]},"properties":{"FID":778,"A31_201":"8404030649","A31_202":"角間川","A31_203":20,"A31_204":"長野県","A31_205":2,"A31_206":" ","A31_207":" ","A31_208":" "}},{"type":"Feature","id":779,"geometry":{"type":"Polygon","coordinates":[[[138.40656789507699,36.742040651434444],[138.40650539505057,36.74204065144901],[138.40650539499552,36.741998981497787],[138.40656789502208,36.741998981483398],[138.40656789507699,36.742040651434444]]]},"properties":{"FID":779,"A31_201":"8404030649","A31_202":"角間川","A31_203":20,"A31_204":"長野県","A31_205":2,"A31_206":" ","A31_207":" ","A31_208":" "}},{"type":"Feature","id":780,"geometry":{"type":"Polygon","coordinates":[[[138.40650539505057,36.74204065144901],[138.40650539510557,36.742082311400054],[138.40644289507915,36.74208231141462],[138.40644289502401,36.742040651463483],[138.40650539505057,36.74204065144901]]]},"properties":{"FID":780,"A31_201":"8404030649","A31_202":"角間川","A31_203":20,"A31_204":"長野県","A31_205":2,"A31_206":" ","A31_207":" ","A31_208":" "}},{"type":"Feature","id":781,"geometry":{"type":"Polygon","coordinates":[[[138.40631789519256,36.742207311297776],[138.40631789513722,36.742165651346554],[138.40638039516335,36.74216565133181],[138.40638039521858,36.742207311282939],[138.40631789519256,36.742207311297776]]]},"properties":{"FID":781,"A31_201":"8404030649","A31_202":"角間川","A31_203":20,"A31_204":"長野県","A31_205":2,"A31_206":" ","A31_207":" ","A31_208":" "}},{"type":"Feature","id":782,"geometry":{"type":"Polygon","coordinates":[[[138.40631789519256,36.742207311297776],[138.40631789524798,36.742248981249176],[138.4063178953034,36.742290651200307],[138.4062553952777,36.742290651215228],[138.40625539522219,36.742248981264012],[138.4062553951666,36.742207311312519],[138.40631789519256,36.742207311297776]]]},"properties":{"FID":782,"A31_201":"8404030649","A31_202":"角間川","A31_203":20,"A31_204":"長野県","A31_205":2,"A31_206":" ","A31_207":" ","A31_208":" "}},{"type":"Feature","id":783,"geometry":{"type":"Polygon","coordinates":[[[138.4062553952777,36.742290651215228],[138.40625539533329,36.74233231116672],[138.4061928953077,36.742332311181727],[138.40619289525202,36.742290651230242],[138.4062553952777,36.742290651215228]]]},"properties":{"FID":783,"A31_201":"8404030649","A31_202":"角間川","A31_203":20,"A31_204":"長野県","A31_205":2,"A31_206":" ","A31_207":" ","A31_208":" "}},{"type":"Feature","id":784,"geometry":{"type":"Polygon","coordinates":[[[138.40963039476949,36.740832312091641],[138.40963039482818,36.740873982046857],[138.40956789479912,36.740873982062041],[138.40950539476998,36.740873982077233],[138.40950539482887,36.740915652032363],[138.40944289479989,36.740915652047462],[138.40944289485878,36.740957312002323],[138.40938039482998,36.740957312017336],[138.40931789480101,36.740957312032435],[138.40931789486007,36.740998981987303],[138.40925539483118,36.74099898200231],[138.40925539489035,36.741040651957086],[138.40919289486155,36.741040651972007],[138.40919289492069,36.741082311926604],[138.40913039489197,36.74108231194144],[138.4090678948632,36.741082311956269],[138.4090678949226,36.741123981910867],[138.40900539489391,36.741123981925696],[138.40900539495331,36.741165651879939],[138.40894289492471,36.74116565189469],[138.40894289498422,36.741207311849195],[138.40888039495567,36.741207311863846],[138.40881789492707,36.741207311878505],[138.40881789498675,36.741248981832655],[138.4087553949584,36.741248981847221],[138.40875539501809,36.741290651801378],[138.40869289498971,36.741290651815945],[138.40869289504951,36.741332311770094],[138.40863039502113,36.741332311784575],[138.40856789499279,36.741332311798963],[138.40856789505276,36.741373981752851],[138.40850539502441,36.741373981767239],[138.40850539508443,36.741415651721212],[138.40844289505625,36.741415651735515],[138.40844289511631,36.741457311689224],[138.40838039508813,36.741457311703435],[138.40831789506004,36.741457311717646],[138.40831789512026,36.741498981671441],[138.40825539509225,36.741498981685567],[138.40825539515257,36.741540651639276],[138.40819289512456,36.741540651653395],[138.40819289518487,36.741582311606841],[138.40813039515697,36.741582311620874],[138.40806789512905,36.741582311634907],[138.40806789518956,36.741623981588347],[138.40800539516164,36.741623981602295],[138.4080053952222,36.741665651555564],[138.4079428951944,36.74166565156942],[138.40788039516667,36.741665651583276],[138.40788039521854,36.741707311532984],[138.40781789519087,36.741707311546932],[138.40781789524303,36.741748981496642],[138.40775539521547,36.741748981510675],[138.40775539526769,36.741790651460299],[138.40769289524033,36.741790651474332],[138.40763039521312,36.741790651488458],[138.40763039526561,36.741832311438429],[138.40756789523832,36.741832311452555],[138.40750539521113,36.741832311466766],[138.40750539526388,36.74187398141666],[138.40744289523678,36.741873981430871],[138.40744289528971,36.741915651381021],[138.40738039526278,36.741915651395324],[138.40738039531581,36.741957311345388],[138.40731789528897,36.741957311359691],[138.40731789534217,36.741998981310026],[138.4072553953155,36.7419989813245],[138.40725539536888,36.742040651274834],[138.40719289534229,36.742040651289315],[138.4071303953159,36.742040651303881],[138.40713039536945,36.742082311254215],[138.40706789534306,36.742082311268781],[138.40706789539681,36.742123981219294],[138.40700539537056,36.742123981233945],[138.40700539542448,36.74216565118455],[138.40694289539834,36.742165651199294],[138.40688039537221,36.742165651214037],[138.4068803954263,36.742207311164634],[138.40681789540037,36.74220731117947],[138.40681789545471,36.742248981130246],[138.40675539542886,36.742248981145082],[138.40669289540298,36.742248981160003],[138.40669289545761,36.742290651110778],[138.40663039543193,36.7422906511257],[138.40663039548662,36.742332311076751],[138.40656789546102,36.742332311091758],[138.40650539543552,36.742332311106765],[138.4065053954906,36.742373981057725],[138.40644289546509,36.742373981072824],[138.40638039543967,36.742373981087923],[138.40638039538442,36.7423323111367],[138.40644289541001,36.742332311121778],[138.40644289535484,36.742290651170464],[138.4064428952997,36.742248981219419],[138.40644289524454,36.742207311268203],[138.40650539527059,36.742207311253367],[138.4065053952155,36.742165651302322],[138.40650539516054,36.742123981351185],[138.40656789518667,36.742123981336533],[138.40656789513187,36.742082311385488],[138.40656789507699,36.742040651434444],[138.40663039510355,36.74204065141997],[138.40663039504884,36.741998981468925],[138.40669289507551,36.741998981454444],[138.40669289502088,36.741957311503484],[138.40669289496634,36.741915651552709],[138.4067553949933,36.741915651538406],[138.40681789502023,36.74191565152411],[138.40681789496594,36.741873981573242],[138.40688039499307,36.741873981559031],[138.40694289502017,36.741873981544821],[138.40694289496608,36.741832311594223],[138.40700539499329,36.741832311580097],[138.40700539504729,36.741873981530517],[138.40700539510109,36.741915651481207],[138.40706789512814,36.741915651466911],[138.40706789518185,36.741957311417245],[138.40713039520861,36.741957311402857],[138.40719289523537,36.741957311388468],[138.40719289518191,36.741915651438312],[138.40725539520884,36.741915651424009],[138.40725539515546,36.741873981473589],[138.40731789518256,36.741873981459378],[138.40738039520966,36.741873981445167],[138.40738039515665,36.741832311495102],[138.40744289518383,36.741832311480891],[138.407442895131,36.741790651530735],[138.4075053951583,36.741790651516695],[138.40756789518574,36.741790651502576],[138.40756789513307,36.741748981552774],[138.4075678950804,36.741707311602795],[138.40763039510804,36.741707311588854],[138.4076928951356,36.741707311574814],[138.4076928950833,36.741665651625013],[138.40775539511102,36.741665651611072],[138.40775539505026,36.741623981658073],[138.40769289502236,36.741623981672106],[138.40763039499464,36.741623981686047],[138.40763039493362,36.741582311733055],[138.40763039487268,36.741540651780227],[138.40756789484468,36.741540651794352],[138.40756789478365,36.741498981841445],[138.40750539475559,36.741498981855564],[138.4074428947275,36.741498981869775],[138.4074428946663,36.741457311916953],[138.40744289460511,36.741415651964402],[138.40738039457693,36.741415651978699],[138.40738039451566,36.741373982025962],[138.40738039445444,36.741332312073411],[138.4074428944827,36.741332312059022],[138.40744289454392,36.741373982011581],[138.40750539457218,36.741373981997278],[138.40750539451108,36.741332312044548],[138.40756789453943,36.741332312030067],[138.4075678944784,36.741290652077154],[138.40756789441738,36.741248982124247],[138.40756789435636,36.741207312171511],[138.40756789429534,36.741165652218605],[138.40750539426665,36.741165652233349],[138.40750539420554,36.741123982280705],[138.40756789423423,36.741123982265876],[138.40763039426295,36.741123982251125],[138.40763039420193,36.741082312298133],[138.40763039414099,36.741040652345305],[138.40769289416971,36.741040652330298],[138.40769289410886,36.740998982377299],[138.40775539413775,36.740998982362285],[138.4077553940769,36.740957312409201],[138.40775539401608,36.740915652456202],[138.40781789404514,36.740915652441103],[138.40781789398437,36.740873982487841],[138.40788039401346,36.74087398247265],[138.40788039395278,36.740832312519387],[138.40794289398195,36.740832312504111],[138.4080053940111,36.740832312488834],[138.40800539407167,36.740873982442274],[138.40794289404252,36.740873982457458],[138.40794289410317,36.74091565241082],[138.40788039407411,36.740915652425912],[138.40788039413485,36.740957312379003],[138.40788039419553,36.740998982332272],[138.40794289422442,36.740998982317258],[138.40800539425331,36.740998982302244],[138.40806789428228,36.740998982287238],[138.40813039431117,36.740998982272316],[138.40813039437154,36.741040652225848],[138.40813039443196,36.741082312179202],[138.40806789440325,36.741082312194038],[138.40806789446373,36.74112398214757],[138.40800539443501,36.741123982162307],[138.40794289440632,36.741123982177143],[138.40794289446697,36.741165652130235],[138.40788039443828,36.741165652144971],[138.40788039449902,36.74120731209824],[138.40788039455967,36.741248982051417],[138.40794289458822,36.741248982036765],[138.40794289452754,36.741207312083588],[138.40800539455608,36.74120731206893],[138.40806789458469,36.741207312054271],[138.40806789452421,36.741165652100833],[138.40813039455284,36.741165652086089],[138.40813039449233,36.741123982132734],[138.40819289452105,36.74112398211799],[138.40819289446074,36.741082312164366],[138.40819289440043,36.741040652210927],[138.40825539442923,36.741040652196006],[138.40825539436892,36.740998982242296],[138.40831789439773,36.740998982227282],[138.4083178943375,36.740957312273579],[138.4082553943087,36.740957312288586],[138.40825539436892,36.740998982242296],[138.40819289434003,36.74099898225731],[138.40819289427975,36.740957312303685],[138.40813039425075,36.740957312318784],[138.40813039419038,36.740915652365345],[138.40813039412987,36.740873982411813],[138.40806789410081,36.740873982426997],[138.40806789404033,36.740832312473557],[138.4080053940111,36.740832312488834],[138.40800539395053,36.740790652535651],[138.40806789397985,36.740790652520289],[138.40813039400908,36.740790652504927],[138.40819289403834,36.740790652489558],[138.40819289397794,36.740748982535933],[138.40825539400726,36.740748982520572],[138.40825539394706,36.740707312567039],[138.40831789397629,36.740707312551585],[138.40838039400569,36.740707312536045],[138.40838039394558,36.740665652582244],[138.40844289397501,36.740665652566705],[138.40844289391495,36.740623982612988],[138.40850539394447,36.740623982597356],[138.40850539388441,36.740582312643383],[138.40856789391401,36.740582312627666],[138.40856789385415,36.740540652673687],[138.40856789379421,36.740498982719799],[138.4086303938239,36.74049898270399],[138.40869289385367,36.740498982688095],[138.40869289391344,36.740540652642153],[138.40863039388375,36.740540652657877],[138.40863039394361,36.740582312612034],[138.40863039400347,36.740623982566092],[138.40863039406332,36.740665652519979],[138.40869289409284,36.74066565250444],[138.40875539412227,36.7406656524889],[138.40875539418204,36.740707312443135],[138.40875539424172,36.740748982397207],[138.40881789427095,36.740748982381838],[138.40881789421127,36.740707312427688],[138.4088803942407,36.740707312412141],[138.40894289427001,36.740707312396687],[138.40894289421053,36.740665652442175],[138.40900539424001,36.740665652426635],[138.40900539418053,36.740623982472393],[138.40906789421012,36.740623982456761],[138.4090678941507,36.740582312502163],[138.40913039418029,36.740582312486438],[138.40913039412106,36.740540652531756],[138.40919289415064,36.740540652516032],[138.4091928940914,36.740498982561434],[138.40925539412117,36.740498982545631],[138.40925539418032,36.740540652500229],[138.40931789421001,36.740540652484505],[138.40931789426907,36.740582312439372],[138.40931789432824,36.740623982394233],[138.40938039435775,36.740623982378601],[138.4093803944167,36.740665652333291],[138.40944289444613,36.740665652317745],[138.40950539447556,36.740665652302198],[138.40950539453445,36.740707312257328],[138.40950539459334,36.740748982212196],[138.4095053946522,36.740790652167327],[138.40950539471109,36.740832312122194],[138.40956789474023,36.740832312106917],[138.40963039476949,36.740832312091641]],[[138.40938039471186,36.740873982107701],[138.40938039465289,36.740832312152747],[138.40938039459382,36.740790652197973],[138.40931789456457,36.740790652213335],[138.40931789462365,36.740832312168024],[138.4093178946828,36.740873982122885],[138.40938039471186,36.740873982107701]],[[138.4084428944555,36.740998982197269],[138.40850539448448,36.740998982182255],[138.40856789451337,36.740998982167241],[138.40856789457331,36.741040652121313],[138.40863039460211,36.741040652106392],[138.40869289463092,36.741040652091471],[138.40869289457112,36.740998982137313],[138.40869289451135,36.740957312183156],[138.40875539454032,36.740957312168064],[138.40875539448064,36.740915652213999],[138.40875539442087,36.740873982259757],[138.40875539436118,36.740832312305514],[138.40869289433195,36.740832312320791],[138.4086303943028,36.740832312336067],[138.40863039436266,36.740873982290125],[138.40863039442252,36.740915652244283],[138.40856789439346,36.740915652259382],[138.4085678944534,36.740957312213268],[138.40850539442442,36.740957312228367],[138.40844289439545,36.740957312243381],[138.4084428944555,36.740998982197269],[138.40838039442662,36.740998982212275],[138.40838039448676,36.741040652166078],[138.40838039454695,36.741082312119786],[138.40831789451818,36.741082312134616],[138.40831789457837,36.741123982088411],[138.4083178946386,36.741165652041943],[138.40838039466723,36.741165652027206],[138.40844289469584,36.741165652012455],[138.40844289463581,36.741123982058838],[138.40844289457567,36.74108231210495],[138.40844289451562,36.741040652151156],[138.4084428944555,36.740998982197269]],[[138.40888039465779,36.740998982092279],[138.4088803947173,36.741040652046614],[138.4088803947769,36.741082312000856],[138.40894289480568,36.74108231198602],[138.40894289474619,36.741040652031693],[138.40894289468667,36.740998982077272],[138.40888039465779,36.740998982092279],[138.40888039459819,36.740957312137951],[138.40881789456921,36.740957312152958],[138.40881789462881,36.740998982107293],[138.40888039465779,36.740998982092279]],[[138.40844289493609,36.741332311827918],[138.40844289487606,36.741290651873939],[138.4083803948476,36.741290651888505],[138.40838039490774,36.741332311842307],[138.40844289493609,36.741332311827918]]]},"properties":{"FID":784,"A31_201":"8404030649","A31_202":"角間川","A31_203":20,"A31_204":"長野県","A31_205":2,"A31_206":" ","A31_207":" ","A31_208":" "}},{"type":"Feature","id":785,"geometry":{"type":"Polygon","coordinates":[[[138.4061928953077,36.742332311181727],[138.4061928953634,36.742373981133127],[138.40613039533798,36.742373981148141],[138.4061303952821,36.742332311196741],[138.4061928953077,36.742332311181727]]]},"properties":{"FID":785,"A31_201":"8404030649","A31_202":"角間川","A31_203":20,"A31_204":"長野県","A31_205":2,"A31_206":" ","A31_207":" ","A31_208":" "}},{"type":"Feature","id":786,"geometry":{"type":"Polygon","coordinates":[[[138.40613039533798,36.742373981148141],[138.40613039539383,36.742415651099719],[138.40613039544962,36.742457311051382],[138.40619289547476,36.742457311036105],[138.40619289541908,36.74241565108462],[138.40625539544442,36.742415651069436],[138.40631789546967,36.74241565105433],[138.40631789552509,36.742457311005737],[138.40625539549993,36.742457311020921],[138.40625539555552,36.742498980972229],[138.40625539561103,36.742540650923722],[138.40619289558623,36.742540650939091],[138.40619289564194,36.742582310890398],[138.40613039561711,36.74258231090576],[138.40613039567299,36.742623980857431],[138.40606789564836,36.742623980872885],[138.40606789570433,36.742665650824549],[138.40600539568004,36.742665650840095],[138.40600539562394,36.742623980888339],[138.40594289559931,36.742623980903886],[138.40594289554309,36.742582310952038],[138.40588039551835,36.742582310967492],[138.40588039546196,36.74254065101583],[138.40588039540557,36.742498981063889],[138.40594289543054,36.742498981048612],[138.40594289537432,36.742457311096949],[138.40600539539949,36.742457311081765],[138.40600539534336,36.742415651130003],[138.40606789536849,36.742415651114911],[138.40606789531256,36.74237398116324],[138.40613039533798,36.742373981148141]]]},"properties":{"FID":786,"A31_201":"8404030649","A31_202":"角間川","A31_203":20,"A31_204":"長野県","A31_205":2,"A31_206":" ","A31_207":" ","A31_208":" "}},{"type":"Feature","id":787,"geometry":{"type":"Polygon","coordinates":[[[138.40600539568004,36.742665650840095],[138.40600539573609,36.742707310791673],[138.40594289571183,36.742707310807305],[138.40594289565553,36.742665650855642],[138.40600539568004,36.742665650840095]]]},"properties":{"FID":787,"A31_201":"8404030649","A31_202":"角間川","A31_203":20,"A31_204":"長野県","A31_205":2,"A31_206":" ","A31_207":" ","A31_208":" "}},{"type":"Feature","id":788,"geometry":{"type":"Polygon","coordinates":[[[138.40594289571183,36.742707310807305],[138.40594289576805,36.74274898075906],[138.40588039574388,36.742748980774778],[138.40588039568746,36.742707310822937],[138.40594289571183,36.742707310807305]]]},"properties":{"FID":788,"A31_201":"8404030649","A31_202":"角間川","A31_203":20,"A31_204":"長野県","A31_205":2,"A31_206":" ","A31_207":" ","A31_208":" "}},{"type":"Feature","id":789,"geometry":{"type":"Polygon","coordinates":[[[138.40588039551835,36.742582310967492],[138.40588039557468,36.742623980919333],[138.40581789555014,36.742623980934795],[138.40581789560662,36.742665650886813],[138.40575539558219,36.742665650902353],[138.40569289555773,36.7426656509179],[138.40569289561449,36.742707310869832],[138.40563039559024,36.742707310885464],[138.40563039564717,36.742748980837575],[138.40556789562299,36.742748980853293],[138.40550539559879,36.742748980868924],[138.40550539554152,36.742707310916728],[138.40556789556587,36.742707310901096],[138.40556789550877,36.742665650948986],[138.40563039553319,36.742665650933446],[138.40563039547635,36.742623980981335],[138.40569289550089,36.742623980965789],[138.40569289544413,36.742582311013678],[138.40575539546884,36.742582310998316],[138.40581789549356,36.742582310982854],[138.40588039551835,36.742582310967492]]]},"properties":{"FID":789,"A31_201":"8404030649","A31_202":"角間川","A31_203":20,"A31_204":"長野県","A31_205":2,"A31_206":" ","A31_207":" ","A31_208":" "}},{"type":"Feature","id":790,"geometry":{"type":"Polygon","coordinates":[[[138.40588039574388,36.742748980774778],[138.40588039580027,36.742790650726533],[138.40581789577627,36.742790650742258],[138.40581789571971,36.742748980790502],[138.40588039574388,36.742748980774778]]]},"properties":{"FID":790,"A31_201":"8404030649","A31_202":"角間川","A31_203":20,"A31_204":"長野県","A31_205":2,"A31_206":" ","A31_207":" ","A31_208":" "}},{"type":"Feature","id":791,"geometry":{"type":"Polygon","coordinates":[[[138.40538039566556,36.742832310805035],[138.40531789564164,36.74283231082093],[138.40531789558401,36.742790650868379],[138.40538039560801,36.742790650852655],[138.40538039566556,36.742832310805035]]]},"properties":{"FID":791,"A31_201":"8404030649","A31_202":"角間川","A31_203":20,"A31_204":"長野県","A31_205":2,"A31_206":" ","A31_207":" ","A31_208":" "}},{"type":"Feature","id":792,"geometry":{"type":"Polygon","coordinates":[[[138.40581789577627,36.742790650742258],[138.40581789583277,36.74283231069419],[138.40581789588924,36.742873980646209],[138.40575539586553,36.742873980662111],[138.40575539592217,36.742915650613867],[138.40569289589854,36.742915650629854],[138.40569289584178,36.742873980678013],[138.40569289578494,36.742832310725902],[138.40575539580885,36.742832310710085],[138.40575539575218,36.742790650758067],[138.40581789577627,36.742790650742258]]]},"properties":{"FID":792,"A31_201":"8404030649","A31_202":"角間川","A31_203":20,"A31_204":"長野県","A31_205":2,"A31_206":" ","A31_207":" ","A31_208":" "}},{"type":"Feature","id":793,"geometry":{"type":"Polygon","coordinates":[[[138.40569289589854,36.742915650629854],[138.40569289595538,36.742957310581964],[138.40563039593184,36.742957310598044],[138.40563039587499,36.742915650645841],[138.40569289589854,36.742915650629854]]]},"properties":{"FID":793,"A31_201":"8404030649","A31_202":"角間川","A31_203":20,"A31_204":"長野県","A31_205":2,"A31_206":" ","A31_207":" ","A31_208":" "}},{"type":"Feature","id":794,"geometry":{"type":"Polygon","coordinates":[[[138.40556789602257,36.743040650518338],[138.40556789596548,36.742998980566142],[138.40563039598885,36.74299898054997],[138.40563039604578,36.743040650502174],[138.40556789602257,36.743040650518338]]]},"properties":{"FID":794,"A31_201":"8404030649","A31_202":"角間川","A31_203":20,"A31_204":"長野県","A31_205":2,"A31_206":" ","A31_207":" ","A31_208":" "}},{"type":"Feature","id":795,"geometry":{"type":"Polygon","coordinates":[[[138.40556789602257,36.743040650518338],[138.40556789607967,36.743082310470356],[138.40550539605658,36.743082310486614],[138.40550539599937,36.743040650534503],[138.40556789602257,36.743040650518338]]]},"properties":{"FID":795,"A31_201":"8404030649","A31_202":"角間川","A31_203":20,"A31_204":"長野県","A31_205":2,"A31_206":" ","A31_207":" ","A31_208":" "}},{"type":"Feature","id":796,"geometry":{"type":"Polygon","coordinates":[[[138.4054428961482,36.743165650407619],[138.40544289609085,36.743123980455245],[138.40550539611377,36.743123980438902],[138.40550539617098,36.743165650391191],[138.4054428961482,36.743165650407619]]]},"properties":{"FID":796,"A31_201":"8404030649","A31_202":"角間川","A31_203":20,"A31_204":"長野県","A31_205":2,"A31_206":" ","A31_207":" ","A31_208":" "}},{"type":"Feature","id":797,"geometry":{"type":"Polygon","coordinates":[[[138.4054428961482,36.743165650407619],[138.40544289620559,36.743207310359821],[138.40544289626297,36.74324898031211],[138.40538039624056,36.74324898032863],[138.40538039618301,36.743207310376249],[138.40538039612554,36.743165650423961],[138.4054428961482,36.743165650407619]]]},"properties":{"FID":797,"A31_201":"8404030649","A31_202":"角間川","A31_203":20,"A31_204":"長野県","A31_205":2,"A31_206":" ","A31_207":" ","A31_208":" "}},{"type":"Feature","id":798,"geometry":{"type":"Polygon","coordinates":[[[138.40538039624056,36.74324898032863],[138.40538039629803,36.743290650281097],[138.40538039635558,36.743332310233384],[138.40531789633337,36.743332310250082],[138.4053178962757,36.743290650297709],[138.40531789621807,36.74324898034515],[138.40538039624056,36.74324898032863]]]},"properties":{"FID":798,"A31_201":"8404030649","A31_202":"角間川","A31_203":20,"A31_204":"長野県","A31_205":2,"A31_206":" ","A31_207":" ","A31_208":" "}},{"type":"Feature","id":799,"geometry":{"type":"Polygon","coordinates":[[[138.40531789633337,36.743332310250082],[138.4053178963909,36.743373980202549],[138.40525539636886,36.743373980219332],[138.40525539631105,36.743332310266695],[138.40531789633337,36.743332310250082]]]},"properties":{"FID":799,"A31_201":"8404030649","A31_202":"角間川","A31_203":20,"A31_204":"長野県","A31_205":2,"A31_206":" ","A31_207":" ","A31_208":" "}},{"type":"Feature","id":800,"geometry":{"type":"Polygon","coordinates":[[[138.40488039641218,36.743498980178344],[138.40481789639057,36.743498980195305],[138.40481789633179,36.743457310242391],[138.40488039635363,36.743457310225523],[138.40488039641218,36.743498980178344]]]},"properties":{"FID":800,"A31_201":"8404030649","A31_202":"角間川","A31_203":20,"A31_204":"長野県","A31_205":2,"A31_206":" ","A31_207":" ","A31_208":" "}},{"type":"Feature","id":801,"geometry":{"type":"Polygon","coordinates":[[[138.40513039655696,36.743540650063217],[138.40513039649886,36.743498980110573],[138.40519289652053,36.743498980093605],[138.40519289657846,36.743540650046164],[138.40513039655696,36.743540650063217]]]},"properties":{"FID":801,"A31_201":"8404030649","A31_202":"角間川","A31_203":20,"A31_204":"長野県","A31_205":2,"A31_206":" ","A31_207":" ","A31_208":" "}},{"type":"Feature","id":802,"geometry":{"type":"Polygon","coordinates":[[[138.40513039655696,36.743540650063217],[138.40513039661494,36.743582310015952],[138.40506789659352,36.743582310033005],[138.40506789653534,36.74354065008027],[138.40513039655696,36.743540650063217]]]},"properties":{"FID":802,"A31_201":"8404030649","A31_202":"角間川","A31_203":20,"A31_204":"長野県","A31_205":2,"A31_206":" ","A31_207":" ","A31_208":" "}},{"type":"Feature","id":803,"geometry":{"type":"Polygon","coordinates":[[[138.40506789659352,36.743582310033005],[138.4050678966517,36.743623979985642],[138.40506789670997,36.743665649938464],[138.40500539668881,36.743665649955702],[138.40500539663043,36.743623980002788],[138.40500539657216,36.743582310050144],[138.40506789659352,36.743582310033005]]]},"properties":{"FID":803,"A31_201":"8404030649","A31_202":"角間川","A31_203":20,"A31_204":"長野県","A31_205":2,"A31_206":" ","A31_207":" ","A31_208":" "}},{"type":"Feature","id":804,"geometry":{"type":"Polygon","coordinates":[[[138.40500539680551,36.743748979861167],[138.4049428967846,36.743748979878482],[138.4048803967639,36.743748979895891],[138.40488039670527,36.743707309942891],[138.40494289672617,36.743707309925568],[138.40500539674716,36.743707309908253],[138.40500539680551,36.743748979861167]]]},"properties":{"FID":804,"A31_201":"8404030649","A31_202":"角間川","A31_203":20,"A31_204":"長野県","A31_205":2,"A31_206":" ","A31_207":" ","A31_208":" "}},{"type":"Feature","id":805,"geometry":{"type":"Polygon","coordinates":[[[138.40494289690159,36.74383230978421],[138.40488039688114,36.743832309801711],[138.40488039682251,36.74379064984889],[138.40494289684307,36.743790649831482],[138.40494289690159,36.74383230978421]]]},"properties":{"FID":805,"A31_201":"8404030649","A31_202":"角間川","A31_203":20,"A31_204":"長野県","A31_205":2,"A31_206":" ","A31_207":" ","A31_208":" "}},{"type":"Feature","id":806,"geometry":{"type":"Polygon","coordinates":[[[138.40413039669465,36.743873979965471],[138.40406789667421,36.743873979983064],[138.40400539665384,36.743873980000643],[138.40400539659328,36.74383231004667],[138.40406789661381,36.743832310029177],[138.40413039663443,36.743832310011676],[138.40413039669465,36.743873979965471]]]},"properties":{"FID":806,"A31_201":"8404030649","A31_202":"角間川","A31_203":20,"A31_204":"長野県","A31_205":2,"A31_206":" ","A31_207":" ","A31_208":" "}},{"type":"Feature","id":807,"geometry":{"type":"Polygon","coordinates":[[[138.40488039699838,36.743915649707446],[138.40481789697802,36.743915649725118],[138.4048178969193,36.743873979772204],[138.40488039693975,36.743873979754625],[138.40488039699838,36.743915649707446]]]},"properties":{"FID":807,"A31_201":"8404030649","A31_202":"角間川","A31_203":20,"A31_204":"長野県","A31_205":2,"A31_206":" ","A31_207":" ","A31_208":" "}},{"type":"Feature","id":808,"geometry":{"type":"Polygon","coordinates":[[[138.40475539713441,36.74404064960197],[138.40469289711459,36.744040649619819],[138.40469289705553,36.74399897966682],[138.40475539707552,36.743998979649056],[138.40475539713441,36.74404064960197]]]},"properties":{"FID":808,"A31_201":"8404030649","A31_202":"角間川","A31_203":20,"A31_204":"長野県","A31_205":2,"A31_206":" ","A31_207":" ","A31_208":" "}},{"type":"Feature","id":809,"geometry":{"type":"Polygon","coordinates":[[[138.40469289723262,36.74412397952608],[138.40463039721297,36.744123979544028],[138.40463039715382,36.744082309590937],[138.40469289717356,36.744082309572995],[138.40469289723262,36.74412397952608]]]},"properties":{"FID":809,"A31_201":"8404030649","A31_202":"角間川","A31_203":20,"A31_204":"長野県","A31_205":2,"A31_206":" ","A31_207":" ","A31_208":" "}},{"type":"Feature","id":810,"geometry":{"type":"Polygon","coordinates":[[[138.40363039702248,36.744207309740368],[138.40356789700311,36.744207309758487],[138.40356789694164,36.744165649804245],[138.40363039696103,36.744165649786211],[138.40363039702248,36.744207309740368]]]},"properties":{"FID":810,"A31_201":"8404030649","A31_202":"角間川","A31_203":20,"A31_204":"長野県","A31_205":2,"A31_206":" ","A31_207":" ","A31_208":" "}},{"type":"Feature","id":811,"geometry":{"type":"Polygon","coordinates":[[[138.40356789712621,36.74429064966742],[138.40356789718768,36.744332309621655],[138.40350539716883,36.744332309640043],[138.40344289714989,36.74433230965834],[138.40344289708815,36.74429064970392],[138.40350539710718,36.744290649685709],[138.40350539704545,36.744248979731111],[138.40356789706465,36.744248979712907],[138.40356789712621,36.74429064966742]]]},"properties":{"FID":811,"A31_201":"8404030649","A31_202":"角間川","A31_203":20,"A31_204":"長野県","A31_205":2,"A31_206":" ","A31_207":" ","A31_208":" "}},{"type":"Feature","id":812,"geometry":{"type":"Polygon","coordinates":[[[138.4044428975713,36.74441564927195],[138.4043803975527,36.744415649290424],[138.40438039749293,36.744373979336892],[138.4044428975117,36.74437397931851],[138.4044428975713,36.74441564927195]]]},"properties":{"FID":812,"A31_201":"8404030649","A31_202":"角間川","A31_203":20,"A31_204":"長野県","A31_205":2,"A31_206":" ","A31_207":" ","A31_208":" "}},{"type":"Feature","id":813,"geometry":{"type":"Polygon","coordinates":[[[138.40413039790025,36.74470730904055],[138.40413039783996,36.74466564908667],[138.40406789782216,36.744665649105585],[138.40406789776176,36.744623979151697],[138.40413039777965,36.744623979132868],[138.40413039771943,36.744582309179251],[138.40419289773749,36.744582309160506],[138.40419289767735,36.744540649206712],[138.40425539769558,36.744540649188053],[138.40431789771361,36.744540649169409],[138.4043178977735,36.744582309123025],[138.40425539775552,36.744582309141762],[138.40425539781558,36.744623979095294],[138.40425539787552,36.744665649048919],[138.40419289785774,36.744665649067841],[138.40419289791788,36.74470730902155],[138.40413039790025,36.74470730904055]]]},"properties":{"FID":813,"A31_201":"8404030649","A31_202":"角間川","A31_203":20,"A31_204":"長野県","A31_205":2,"A31_206":" ","A31_207":" ","A31_208":" "}},{"type":"Feature","id":814,"geometry":{"type":"Polygon","coordinates":[[[138.40413039790025,36.74470730904055],[138.40413039796056,36.744748978994174],[138.40413039802078,36.744790648948062],[138.40406789800346,36.744790648967154],[138.40406789806383,36.744832308920778],[138.40406789812425,36.744873978874665],[138.40400539810716,36.744873978893935],[138.40400539804659,36.744832308939962],[138.40400539798603,36.744790648986253],[138.40400539792546,36.744748979032281],[138.40406789794304,36.744748979013181],[138.40406789788256,36.744707309059471],[138.40413039790025,36.74470730904055]]]},"properties":{"FID":814,"A31_201":"8404030649","A31_202":"角間川","A31_203":20,"A31_204":"長野県","A31_205":2,"A31_206":" ","A31_207":" ","A31_208":" "}},{"type":"Feature","id":815,"geometry":{"type":"Polygon","coordinates":[[[138.40400539810716,36.744873978893935],[138.40400539816773,36.744915648847915],[138.40394289815075,36.744915648867192],[138.40394289809009,36.744873978913212],[138.40400539810716,36.744873978893935]]]},"properties":{"FID":815,"A31_201":"8404030649","A31_202":"角間川","A31_203":20,"A31_204":"長野県","A31_205":2,"A31_206":" ","A31_207":" ","A31_208":" "}},{"type":"Feature","id":816,"geometry":{"type":"Polygon","coordinates":[[[138.40388039825547,36.744998978794499],[138.40388039819462,36.744957308840441],[138.40394289821143,36.744957308821071],[138.40394289827216,36.744998978775051],[138.40388039825547,36.744998978794499]]]},"properties":{"FID":816,"A31_201":"8404030649","A31_202":"角間川","A31_203":20,"A31_204":"長野県","A31_205":2,"A31_206":" ","A31_207":" ","A31_208":" "}},{"type":"Feature","id":817,"geometry":{"type":"Polygon","coordinates":[[[138.40388039825547,36.744998978794499],[138.40388039831629,36.745040648748478],[138.40388039837714,36.745082308702543],[138.40381789836078,36.745082308722175],[138.40381789842169,36.745123978676325],[138.40381789848271,36.745165648630305],[138.4037553984667,36.745165648650016],[138.40375539852781,36.745207308604265],[138.40375539858891,36.745248978558323],[138.40369289857301,36.745248978578218],[138.40369289863429,36.745290648532553],[138.40363039861856,36.745290648552448],[138.40363039868001,36.745332308506605],[138.40356789866436,36.745332308526585],[138.4035678987259,36.745373978481098],[138.40350539871054,36.745373978501163],[138.40350539877215,36.745415648455676],[138.4035053988338,36.74545730841001],[138.4034428988187,36.745457308430261],[138.40344289888051,36.745498978384767],[138.40344289894233,36.745540648339365],[138.40338039892748,36.745540648359707],[138.40338039898938,36.745582308314212],[138.40338039905129,36.745623978268895],[138.40331789903669,36.745623978289416],[138.40331789909885,36.745665648243929],[138.40325539908437,36.745665648264442],[138.40325539914653,36.745707308219217],[138.40319289913231,36.745707308239915],[138.40319289919466,36.745748978194598],[138.40313039918053,36.745748978215289],[138.40313039924305,36.745790648170157],[138.40313039930558,36.745832308125109],[138.40306789929161,36.745832308145893],[138.40306789935431,36.745873978100761],[138.40300539934054,36.745873978121722],[138.40300539940333,36.74591564807676],[138.4029428993897,36.745915648097721],[138.4029428994526,36.745957308052674],[138.40294289951549,36.745998978007805],[138.40288039950212,36.745998978028943],[138.40288039956519,36.746040647984159],[138.40281789955202,36.746040648005305],[138.40281789948881,36.745998978050082],[138.40281789942566,36.745957308094773],[138.40281789936242,36.745915648139729],[138.40288039937602,36.745915648118682],[138.40288039931303,36.745873978163459],[138.40288039924991,36.745832308208421],[138.40294289926385,36.745832308187637],[138.40294289920089,36.745790648232415],[138.402942899138,36.745748978277376],[138.40294289907504,36.745707308322423],[138.40300539908944,36.745707308301732],[138.40300539902665,36.745665648346687],[138.40300539896384,36.745623978391819],[138.40294289894928,36.74562397841234],[138.40294289888629,36.745582308457116],[138.40300539890106,36.745582308436695],[138.40300539883827,36.745540648481828],[138.40300539877555,36.745498978526697],[138.40300539871276,36.745457308571744],[138.40300539864998,36.745415648616792],[138.40306789866526,36.745415648596634],[138.40306789860264,36.745373978641588],[138.40306789853994,36.745332308686635],[138.40306789847733,36.74529064873186],[138.40306789841472,36.745248978776814],[138.40306789835199,36.745207308821954],[138.40306789828938,36.745165648867001],[138.40313039830556,36.745165648847191],[138.40313039824304,36.745123978892508],[138.40313039818051,36.745082308937555],[138.40313039811809,36.745040648982602],[138.40313039805557,36.744998979027827],[138.40313039799304,36.744957309072959],[138.40319289800973,36.744957309053603],[138.40325539802654,36.744957309034234],[138.40325539808882,36.744998978988924],[138.40325539815097,36.745040648943615],[138.40331789816753,36.745040648924075],[138.4033178982296,36.74508230887885],[138.40338039824604,36.745082308859217],[138.40338039830797,36.745123978813908],[138.40344289832424,36.745123978794275],[138.40344289826243,36.745082308839677],[138.40344289820061,36.74504064888508],[138.40344289813879,36.74499897893066],[138.40350539815552,36.744998978911212],[138.40350539809387,36.7449573089567],[138.40350539803214,36.744915649002365],[138.40350539797049,36.74487397904786],[138.40344289795343,36.744873979067044],[138.40344289789161,36.744832309112446],[138.40344289782979,36.744790649158119],[138.40344289776797,36.744748979203521],[138.40350539778549,36.744748979184422],[138.40356789780301,36.744748979165415],[138.40363039782051,36.744748979146408],[138.40369289783803,36.744748979127401],[138.40369289777675,36.744707309173251],[138.40375539779444,36.744707309154236],[138.40381789781196,36.744707309135322],[138.40388039782965,36.744707309116315],[138.40394289784726,36.744707309097393],[138.40394289790794,36.74474897905128],[138.4038803978905,36.744748979070295],[138.40388039795135,36.744790649024445],[138.40388039801209,36.744832308978332],[138.40388039807294,36.744873978932397],[138.40381789805585,36.744873978951674],[138.40381789811687,36.744915648905824],[138.40381789817781,36.744957308859796],[138.40381789823883,36.744998978813953],[138.40375539822219,36.744998978833408],[138.40375539828338,36.745040648787466],[138.40381789829976,36.745040648767926],[138.40381789823883,36.744998978813953],[138.40388039825547,36.744998978794499]],[[138.40369289838932,36.745123978715668],[138.40369289832805,36.74508230876134],[138.40363039831161,36.74508230878088],[138.40363039837305,36.7451239787353],[138.40369289838932,36.745123978715668]]]},"properties":{"FID":817,"A31_201":"8404030649","A31_202":"角間川","A31_203":20,"A31_204":"長野県","A31_205":2,"A31_206":" ","A31_207":" ","A31_208":" "}},{"type":"Feature","id":818,"geometry":{"type":"Polygon","coordinates":[[[138.43300539634402,36.7267073294339],[138.43300539637679,36.72674899940111],[138.43300539640956,36.726790669368413],[138.43294289634321,36.726790669337589],[138.43294289631032,36.726748999370379],[138.43294289627747,36.726707329403347],[138.43300539634402,36.7267073294339]]]},"properties":{"FID":818,"A31_201":"8404030649","A31_202":"角間川","A31_203":20,"A31_204":"長野県","A31_205":3,"A31_206":" ","A31_207":" ","A31_208":" "}},{"type":"Feature","id":819,"geometry":{"type":"Polygon","coordinates":[[[138.43063039505302,36.728165667030623],[138.43056789498877,36.728165666997583],[138.43056789495324,36.728123997033038],[138.4305678949178,36.728082327068492],[138.43050539485347,36.728082327035544],[138.430505394889,36.728123996999997],[138.43044289482478,36.728123996967049],[138.43038039476053,36.728123996934009],[138.43038039472484,36.728082326969727],[138.4303178946605,36.728082326936779],[138.43031789462472,36.728040666972674],[138.43038039468911,36.728040667005452],[138.43038039465341,36.727998997041084],[138.43038039461771,36.727957327076716],[138.43038039458202,36.727915667112526],[138.4304428946466,36.727915667145211],[138.43050539471119,36.727915667177811],[138.43056789477586,36.727915667210496],[138.43063039484045,36.727915667243089],[138.43063039480501,36.727873997278451],[138.43069289486971,36.72787399731105],[138.43069289483435,36.72783232734642],[138.43075539489894,36.72783232737892],[138.43075539493421,36.727873997343558],[138.43075539496954,36.727915667308366],[138.43069289490506,36.727915667275774],[138.43069289494039,36.727957327240233],[138.43075539500481,36.727957327273003],[138.43081789506931,36.727957327305688],[138.4308178951045,36.727998997270589],[138.43075539504008,36.727998997237819],[138.43075539507532,36.728040667202627],[138.43069289501102,36.728040667169765],[138.43069289504643,36.72808232713431],[138.43069289508179,36.728123997098947],[138.43063039501757,36.728123997065993],[138.43063039505302,36.728165667030623]],[[138.43056789488227,36.72804066710404],[138.43063039494669,36.728040667136902],[138.43063039491125,36.727998997172179],[138.43056789484683,36.727998997139409],[138.43056789488227,36.72804066710404]]]},"properties":{"FID":819,"A31_201":"8404030649","A31_202":"角間川","A31_203":20,"A31_204":"長野県","A31_205":3,"A31_206":" ","A31_207":" ","A31_208":" "}},{"type":"Feature","id":820,"geometry":{"type":"Polygon","coordinates":[[[138.42850539547777,36.731040663300121],[138.42850539543991,36.730998993337892],[138.42850539540217,36.730957323375563],[138.42844289534276,36.730957323337904],[138.42838039528323,36.73095732330016],[138.4283178952237,36.730957323262409],[138.42825539516417,36.73095732322475],[138.42825539512614,36.73091566326287],[138.42825539508812,36.730873993300811],[138.42831789514776,36.730873993338378],[138.42831789510981,36.730832323376411],[138.42838039516954,36.730832323413892],[138.4283803951316,36.730790663451927],[138.42844289519138,36.730790663489316],[138.42844289515355,36.730748993527079],[138.42850539521328,36.730748993564475],[138.42850539517551,36.730707323602147],[138.42856789523549,36.73070732363945],[138.42863039529539,36.730707323676754],[138.42863039533302,36.730748993639168],[138.42869289539291,36.730748993676556],[138.42875539545281,36.73074899371386],[138.42875539549036,36.730790663676459],[138.42881789555008,36.730790663713847],[138.42881789558754,36.730832323676353],[138.42881789562495,36.730873993638937],[138.42875539556533,36.730873993601371],[138.42875539560282,36.730915663563962],[138.42869289554318,36.730915663526389],[138.42869289558075,36.730957323488717],[138.42869289561833,36.730998993451223],[138.42863039555888,36.730998993413472],[138.42863039559654,36.731040663375794],[138.42856789553713,36.731040663337964],[138.42850539547777,36.731040663300121]]]},"properties":{"FID":820,"A31_201":"8404030649","A31_202":"角間川","A31_203":20,"A31_204":"長野県","A31_205":3,"A31_206":" ","A31_207":" ","A31_208":" "}},{"type":"Feature","id":821,"geometry":{"type":"Polygon","coordinates":[[[138.42850539547777,36.731040663300121],[138.42850539551551,36.731082323262271],[138.42844289545633,36.731082323224342],[138.4284428954185,36.731040663262291],[138.42850539547777,36.731040663300121]]]},"properties":{"FID":821,"A31_201":"8404030649","A31_202":"角間川","A31_203":20,"A31_204":"長野県","A31_205":3,"A31_206":" ","A31_207":" ","A31_208":" "}},{"type":"Feature","id":822,"geometry":{"type":"Polygon","coordinates":[[[138.42844289545633,36.731082323224342],[138.42844289549419,36.731123993186586],[138.42838039543491,36.731123993148572],[138.428380395397,36.731082323186421],[138.42844289545633,36.731082323224342]]]},"properties":{"FID":822,"A31_201":"8404030649","A31_202":"角間川","A31_203":20,"A31_204":"長野県","A31_205":3,"A31_206":" ","A31_207":" ","A31_208":" "}},{"type":"Feature","id":823,"geometry":{"type":"Polygon","coordinates":[[[138.42838039543491,36.731123993148572],[138.42838039547283,36.731165663110538],[138.42831789541367,36.731165663072524],[138.42831789537564,36.731123993110643],[138.42838039543491,36.731123993148572]]]},"properties":{"FID":823,"A31_201":"8404030649","A31_202":"角間川","A31_203":20,"A31_204":"長野県","A31_205":3,"A31_206":" ","A31_207":" ","A31_208":" "}},{"type":"Feature","id":824,"geometry":{"type":"Polygon","coordinates":[[[138.42813039527434,36.731207322920184],[138.42813039523614,36.731165662958304],[138.42819289529533,36.731165662996403],[138.42825539535448,36.731165663034417],[138.42825539539251,36.731207322996482],[138.42819289533344,36.731207322958376],[138.42813039527434,36.731207322920184]]]},"properties":{"FID":824,"A31_201":"8404030649","A31_202":"角間川","A31_203":20,"A31_204":"長野県","A31_205":3,"A31_206":" ","A31_207":" ","A31_208":" "}},{"type":"Feature","id":825,"geometry":{"type":"Polygon","coordinates":[[[138.42813039527434,36.731207322920184],[138.42813039531254,36.731248992881888],[138.42806789525343,36.731248992843696],[138.42806789521518,36.731207322882085],[138.42813039527434,36.731207322920184]]]},"properties":{"FID":825,"A31_201":"8404030649","A31_202":"角間川","A31_203":20,"A31_204":"長野県","A31_205":3,"A31_206":" ","A31_207":" ","A31_208":" "}},{"type":"Feature","id":826,"geometry":{"type":"Polygon","coordinates":[[[138.42806789525343,36.731248992843696],[138.42806789529172,36.731290662805577],[138.42800539523273,36.731290662767293],[138.42794289517383,36.731290662729016],[138.42794289513537,36.731248992767313],[138.42800539519445,36.731248992805504],[138.42806789525343,36.731248992843696]]]},"properties":{"FID":826,"A31_201":"8404030649","A31_202":"角間川","A31_203":20,"A31_204":"長野県","A31_205":3,"A31_206":" ","A31_207":" ","A31_208":" "}},{"type":"Feature","id":827,"geometry":{"type":"Polygon","coordinates":[[[138.42763039491774,36.731332322498787],[138.42763039487903,36.731290662537702],[138.42769289493802,36.731290662575987],[138.42775539499701,36.731290662614263],[138.42781789505594,36.731290662652455],[138.42788039511493,36.731290662690739],[138.42788039515338,36.731332322652172],[138.42781789509448,36.731332322613802],[138.42775539503558,36.731332322575525],[138.42769289497667,36.731332322537156],[138.42763039491774,36.731332322498787]]]},"properties":{"FID":827,"A31_201":"8404030649","A31_202":"角間川","A31_203":20,"A31_204":"長野県","A31_205":3,"A31_206":" ","A31_207":" ","A31_208":" "}},{"type":"Feature","id":828,"geometry":{"type":"Polygon","coordinates":[[[138.42763039491774,36.731332322498787],[138.42763039495657,36.731373992460135],[138.42756789489775,36.731373992421766],[138.42756789485895,36.731332322460503],[138.42763039491774,36.731332322498787]]]},"properties":{"FID":828,"A31_201":"8404030649","A31_202":"角間川","A31_203":20,"A31_204":"長野県","A31_205":3,"A31_206":" ","A31_207":" ","A31_208":" "}},{"type":"Feature","id":829,"geometry":{"type":"Polygon","coordinates":[[[138.42756789489775,36.731373992421766],[138.42756789493657,36.731415662383021],[138.42750539487776,36.73141566234456],[138.42750539483885,36.731373992383304],[138.42756789489775,36.731373992421766]]]},"properties":{"FID":829,"A31_201":"8404030649","A31_202":"角間川","A31_203":20,"A31_204":"長野県","A31_205":3,"A31_206":" ","A31_207":" ","A31_208":" "}},{"type":"Feature","id":830,"geometry":{"type":"Polygon","coordinates":[[[138.42750539487776,36.73141566234456],[138.42750539491664,36.731457322305559],[138.42744289485793,36.731457322267005],[138.42738039479929,36.731457322228465],[138.42738039476021,36.731415662267558],[138.42744289481902,36.731415662306105],[138.42750539487776,36.73141566234456]]]},"properties":{"FID":830,"A31_201":"8404030649","A31_202":"角間川","A31_203":20,"A31_204":"長野県","A31_205":3,"A31_206":" ","A31_207":" ","A31_208":" "}},{"type":"Feature","id":831,"geometry":{"type":"Polygon","coordinates":[[[138.42738039479929,36.731457322228465],[138.42738039483828,36.731498992189458],[138.4273178947798,36.731498992150904],[138.42731789481888,36.731540662111811],[138.42725539476035,36.731540662073172],[138.42719289470179,36.73154066203454],[138.42719289474104,36.731582321995177],[138.42713039468251,36.731582321956452],[138.42713039472184,36.731623991917175],[138.42706789466337,36.731623991878365],[138.427005394605,36.731623991839555],[138.42700539464445,36.731665661800008],[138.42694289458606,36.731665661761113],[138.42688039452779,36.731665661722204],[138.42688039448817,36.731623991761921],[138.42694289454656,36.731623991800738],[138.42694289450702,36.731582321840193],[138.42700539456558,36.731582321878918],[138.42700539452613,36.731540661918459],[138.4270678945847,36.731540661957091],[138.42713039464323,36.731540661995815],[138.42713039460389,36.731498992035],[138.42719289466254,36.731498992073639],[138.42725539472116,36.731498992112272],[138.42725539468199,36.731457322151371],[138.42731789474072,36.731457322189911],[138.42738039479929,36.731457322228465]]]},"properties":{"FID":831,"A31_201":"8404030649","A31_202":"角間川","A31_203":20,"A31_204":"長野県","A31_205":3,"A31_206":" ","A31_207":" ","A31_208":" "}},{"type":"Feature","id":832,"geometry":{"type":"Polygon","coordinates":[[[138.42681789446942,36.731665661683309],[138.42681789450901,36.731707321643768],[138.42675539445091,36.731707321604773],[138.4267553944112,36.731665661644399],[138.42681789446942,36.731665661683309]]]},"properties":{"FID":832,"A31_201":"8404030649","A31_202":"角間川","A31_203":20,"A31_204":"長野県","A31_205":3,"A31_206":" ","A31_207":" ","A31_208":" "}},{"type":"Feature","id":833,"geometry":{"type":"Polygon","coordinates":[[[138.42450539254889,36.731790660430569],[138.42450539259116,36.731832320388804],[138.42444289254701,36.731832320388804],[138.42444289250471,36.731790660430569],[138.42450539254889,36.731790660430569]]]},"properties":{"FID":833,"A31_201":"8404030649","A31_202":"角間川","A31_203":20,"A31_204":"長野県","A31_205":3,"A31_206":" ","A31_207":" ","A31_208":" "}},{"type":"Feature","id":834,"geometry":{"type":"Polygon","coordinates":[[[138.42081789198647,36.733707318513922],[138.4208803920269,36.733707318513922],[138.42088039206385,36.733748988472257],[138.42081789202359,36.733748988472257],[138.42075539198333,36.733748988472257],[138.42075539194605,36.733707318513922],[138.42075539190893,36.733665658555687],[138.42075539187161,36.733623988597273],[138.42081789191229,36.733623988597273],[138.42088039195309,36.733623988597273],[138.42088039199004,36.733665658555687],[138.42081789194944,36.733665658555687],[138.42081789198647,36.733707318513922]]]},"properties":{"FID":834,"A31_201":"8404030649","A31_202":"角間川","A31_203":20,"A31_204":"長野県","A31_205":3,"A31_206":" ","A31_207":" ","A31_208":" "}},{"type":"Feature","id":835,"geometry":{"type":"Polygon","coordinates":[[[138.42244289323816,36.733957318263982],[138.42244289320467,36.733915658305563],[138.42250539324439,36.733915658305563],[138.42250539327779,36.733957318263982],[138.42244289323816,36.733957318263982]]]},"properties":{"FID":835,"A31_201":"8404030649","A31_202":"角間川","A31_203":20,"A31_204":"長野県","A31_205":3,"A31_206":" ","A31_207":" ","A31_208":" "}},{"type":"Feature","id":836,"geometry":{"type":"Polygon","coordinates":[[[138.42244289323816,36.733957318263982],[138.42244289327164,36.733998988222226],[138.4223803932322,36.733998988222226],[138.42238039319861,36.733957318263982],[138.42244289323816,36.733957318263982]]]},"properties":{"FID":836,"A31_201":"8404030649","A31_202":"角間川","A31_203":20,"A31_204":"長野県","A31_205":3,"A31_206":" ","A31_207":" ","A31_208":" "}},{"type":"Feature","id":837,"geometry":{"type":"Polygon","coordinates":[[[138.42038039265503,36.734748987472216],[138.42038039269306,36.734790657430636],[138.42031789265627,36.734790657430636],[138.42031789261807,36.734748987472216],[138.42038039265503,36.734748987472216]]]},"properties":{"FID":837,"A31_201":"8404030649","A31_202":"角間川","A31_203":20,"A31_204":"長野県","A31_205":3,"A31_206":" ","A31_207":" ","A31_208":" "}},{"type":"Feature","id":838,"geometry":{"type":"Polygon","coordinates":[[[138.4211303931348,36.734790657430636],[138.42113039317121,36.734832317388872],[138.42106789313453,36.734832317388872],[138.42106789309801,36.734790657430636],[138.4211303931348,36.734790657430636]]]},"properties":{"FID":838,"A31_201":"8404030649","A31_202":"角間川","A31_203":20,"A31_204":"長野県","A31_205":3,"A31_206":" ","A31_207":" ","A31_208":" "}},{"type":"Feature","id":839,"geometry":{"type":"Polygon","coordinates":[[[138.42038039265503,36.734748987472216],[138.42038039261695,36.734707317513795],[138.42044289265408,36.734707317513795],[138.42044289261617,36.734665657555652],[138.42050539265338,36.734665657555652],[138.42050539269115,36.734707317513795],[138.42056789272829,36.734707317513795],[138.42063039276525,36.734707317513795],[138.42063039272779,36.734665657555652],[138.42056789269063,36.734665657555652],[138.42056789265297,36.734623987597232],[138.42063039269021,36.734623987597232],[138.42063039265273,36.734582317638996],[138.42069289269023,36.734582317638996],[138.42069289272763,36.734623987597232],[138.420692892765,36.734665657555652],[138.42069289280232,36.734707317513795],[138.42075539283945,36.734707317513795],[138.42075539287669,36.734748987472216],[138.42075539291389,36.734790657430636],[138.42075539295109,36.734832317388872],[138.42075539298833,36.734873987347285],[138.42069289295179,36.734873987347285],[138.42069289298919,36.734915657305706],[138.42063039295275,36.734915657305706],[138.42063039291526,36.734873987347285],[138.42063039287768,36.734832317388872],[138.42056789284118,36.734832317388872],[138.42056789280352,36.734790657430636],[138.42056789276594,36.734748987472216],[138.42050539272898,36.734748987472216],[138.42044289269199,36.734748987472216],[138.42038039265503,36.734748987472216]]]},"properties":{"FID":839,"A31_201":"8404030649","A31_202":"角間川","A31_203":20,"A31_204":"長野県","A31_205":3,"A31_206":" ","A31_207":" ","A31_208":" "}},{"type":"Feature","id":840,"geometry":{"type":"Polygon","coordinates":[[[138.41975539264055,36.735123987097168],[138.4196928926049,36.735123987097168],[138.41969289256531,36.735082317138932],[138.41963039252948,36.735082317138932],[138.41963039248969,36.735040657180512],[138.41963039244999,36.734998987222362],[138.41956789241391,36.734998987222362],[138.41956789237403,36.734957317263948],[138.41956789233416,36.734915657305706],[138.41956789229428,36.734873987347285],[138.41963039233087,36.734873987347285],[138.41963039229108,36.734832317388872],[138.41969289232779,36.734832317388872],[138.41975539236449,36.734832317388872],[138.41981789240111,36.734832317388872],[138.41981789244045,36.734873987347285],[138.41988039247698,36.734873987347285],[138.41988039251615,36.734915657305706],[138.41988039255531,36.734957317263948],[138.41988039259448,36.734998987222362],[138.4198178925584,36.734998987222362],[138.41981789259768,36.735040657180512],[138.41981789263701,36.735082317138932],[138.4197553926011,36.735082317138932],[138.41975539264055,36.735123987097168]]]},"properties":{"FID":840,"A31_201":"8404030649","A31_202":"角間川","A31_203":20,"A31_204":"長野県","A31_205":3,"A31_206":" ","A31_207":" ","A31_208":" "}},{"type":"Feature","id":841,"geometry":{"type":"Polygon","coordinates":[[[138.41919289252286,36.735332316888901],[138.41919289256353,36.735373986847222],[138.41913039252861,36.735373986847222],[138.41913039248783,36.735332316888901],[138.41919289252286,36.735332316888901]]]},"properties":{"FID":841,"A31_201":"8404030649","A31_202":"角間川","A31_203":20,"A31_204":"長野県","A31_205":3,"A31_206":" ","A31_207":" ","A31_208":" "}},{"type":"Feature","id":842,"geometry":{"type":"Polygon","coordinates":[[[138.42213039423621,36.735415656805642],[138.42219289427095,36.735415656805642],[138.42219289430497,36.735457316763885],[138.42213039427031,36.735457316763885],[138.42206789423574,36.735457316763885],[138.42206789420146,36.735415656805642],[138.42213039423621,36.735415656805642]]]},"properties":{"FID":842,"A31_201":"8404030649","A31_202":"角間川","A31_203":20,"A31_204":"長野県","A31_205":3,"A31_206":" ","A31_207":" ","A31_208":" "}},{"type":"Feature","id":843,"geometry":{"type":"Polygon","coordinates":[[[138.42181789409736,36.735457316763885],[138.42188039413193,36.735457316763885],[138.42194289416659,36.735457316763885],[138.42194289420115,36.735498986722298],[138.42188039416666,36.735498986722298],[138.42181789413226,36.735498986722298],[138.4217553940978,36.735498986722298],[138.42175539406279,36.735457316763885],[138.42181789409736,36.735457316763885]]]},"properties":{"FID":843,"A31_201":"8404030649","A31_202":"角間川","A31_203":20,"A31_204":"長野県","A31_205":3,"A31_206":" ","A31_207":" ","A31_208":" "}},{"type":"Feature","id":844,"geometry":{"type":"Polygon","coordinates":[[[138.41950539309778,36.735748986472174],[138.41950539313774,36.735790656430595],[138.41950539317781,36.735832316388837],[138.41944289314458,36.735832316388837],[138.41944289310442,36.735790656430595],[138.41944289306429,36.735748986472174],[138.41950539309778,36.735748986472174]]]},"properties":{"FID":844,"A31_201":"8404030649","A31_202":"角間川","A31_203":20,"A31_204":"長野県","A31_205":3,"A31_206":" ","A31_207":" ","A31_208":" "}},{"type":"Feature","id":845,"geometry":{"type":"Polygon","coordinates":[[[138.41706789210491,36.736040656180649],[138.41706789215038,36.736082316138891],[138.41706789219577,36.736123986097311],[138.41700539216342,36.736123986097311],[138.41700539211786,36.736082316138891],[138.4170053920723,36.736040656180649],[138.41706789210491,36.736040656180649]]]},"properties":{"FID":845,"A31_201":"8404030649","A31_202":"角間川","A31_203":20,"A31_204":"長野県","A31_205":3,"A31_206":" ","A31_207":" ","A31_208":" "}},{"type":"Feature","id":846,"geometry":{"type":"Polygon","coordinates":[[[138.41694289217673,36.736165656055547],[138.41694289222238,36.73620731601396],[138.41694289226814,36.736248985972203],[138.41688039223612,36.736248985972203],[138.41688039219031,36.73620731601396],[138.41688039214446,36.736165656055547],[138.41694289217673,36.736165656055547]]]},"properties":{"FID":846,"A31_201":"8404030649","A31_202":"角間川","A31_203":20,"A31_204":"長野県","A31_205":3,"A31_206":" ","A31_207":" ","A31_208":" "}},{"type":"Feature","id":847,"geometry":{"type":"Polygon","coordinates":[[[138.41638039202752,36.736290655930617],[138.41644289205942,36.736290655930617],[138.41644289210615,36.736332315888774],[138.41644289215296,36.736373985847187],[138.41638039212148,36.736373985847187],[138.4163803920745,36.736332315888774],[138.41631789204285,36.736332315888774],[138.4163178919957,36.736290655930617],[138.41638039202752,36.736290655930617]]]},"properties":{"FID":847,"A31_201":"8404030649","A31_202":"角間川","A31_203":20,"A31_204":"長野県","A31_205":3,"A31_206":" ","A31_207":" ","A31_208":" "}},{"type":"Feature","id":848,"geometry":{"type":"Polygon","coordinates":[[[138.41794289304011,36.736498985722264],[138.41800539307121,36.736498985722264],[138.41800539311453,36.736540655680678],[138.4180053931579,36.736582315638913],[138.41794289312696,36.736582315638913],[138.41788039309611,36.736582315638913],[138.41788039305251,36.736540655680678],[138.41788039300889,36.736498985722264],[138.41794289304011,36.736498985722264]]]},"properties":{"FID":848,"A31_201":"8404030649","A31_202":"角間川","A31_203":20,"A31_204":"長野県","A31_205":3,"A31_206":" ","A31_207":" ","A31_208":" "}},{"type":"Feature","id":849,"geometry":{"type":"Polygon","coordinates":[[[138.4153803924037,36.737040655180614],[138.4153803924529,36.737082315138942],[138.41531789242367,36.737082315138942],[138.41531789237436,36.737040655180614],[138.4153803924037,36.737040655180614]]]},"properties":{"FID":849,"A31_201":"8404030649","A31_202":"角間川","A31_203":20,"A31_204":"長野県","A31_205":3,"A31_206":" ","A31_207":" ","A31_208":" "}},{"type":"Feature","id":850,"geometry":{"type":"Polygon","coordinates":[[[138.41413039218116,36.737332314889002],[138.41419289220951,36.737332314889002],[138.4141928922613,36.737373984847238],[138.41419289231317,36.737415654805659],[138.41419289236495,36.737457314763802],[138.41413039233703,36.737457314763802],[138.41413039228507,36.737415654805659],[138.41413039223312,36.737373984847238],[138.41406789220494,36.737373984847238],[138.41406789215281,36.737332314889002],[138.41413039218116,36.737332314889002]]]},"properties":{"FID":850,"A31_201":"8404030649","A31_202":"角間川","A31_203":20,"A31_204":"長野県","A31_205":3,"A31_206":" ","A31_207":" ","A31_208":" "}},{"type":"Feature","id":851,"geometry":{"type":"Polygon","coordinates":[[[138.41244289296702,36.738498983741366],[138.41250539300009,36.738498983722181],[138.41250539305568,36.738540653680602],[138.41244289302261,36.738540653699701],[138.41244289296702,36.738498983741366]]]},"properties":{"FID":851,"A31_201":"8404030649","A31_202":"角間川","A31_203":20,"A31_204":"長野県","A31_205":3,"A31_206":" ","A31_207":" ","A31_208":" "}},{"type":"Feature","id":852,"geometry":{"type":"Polygon","coordinates":[[[138.41231789312394,36.738665653612344],[138.41225539309113,36.738665653631173],[138.41225539314701,36.738707313589146],[138.41225539320277,36.738748983547296],[138.41219289317016,36.738748983566033],[138.41219289311431,36.738707313607975],[138.41219289305835,36.738665653650088],[138.41219289300247,36.738623983692023],[138.41225539303525,36.738623983673108],[138.41231789306815,36.738623983654101],[138.41231789312394,36.738665653612344]]]},"properties":{"FID":852,"A31_201":"8404030649","A31_202":"角間川","A31_203":20,"A31_204":"長野県","A31_205":3,"A31_206":" ","A31_207":" ","A31_208":" "}},{"type":"Feature","id":853,"geometry":{"type":"Polygon","coordinates":[[[138.41244289296702,36.738498983741366],[138.41238039293395,36.73849898376055],[138.41238039298966,36.738540653718793],[138.41231789295668,36.738540653737886],[138.41225539292361,36.738540653756985],[138.41225539297949,36.738582313714957],[138.41219289294651,36.738582313733964],[138.41213039291372,36.738582313752971],[138.41206789288083,36.738582313771978],[138.41206789282472,36.738540653814269],[138.41200539279174,36.738540653833368],[138.41200539284787,36.738582313791071],[138.41194289281489,36.738582313810085],[138.41194289287111,36.73862398376788],[138.41194289292736,36.738665653725675],[138.41194289298346,36.738707313683292],[138.41194289303962,36.738748983640996],[138.41200539307232,36.738748983622258],[138.41200539312845,36.738790653580139],[138.41206789316098,36.738790653561395],[138.41206789321703,36.738832313519197],[138.4120053931845,36.738832313537841],[138.41200539324063,36.738873983495637],[138.41194289320819,36.738873983514203],[138.41194289326441,36.738915653471821],[138.41188039323205,36.738915653490295],[138.41188039317575,36.73887398353277],[138.41188039311953,36.73883231357506],[138.4118803930632,36.738790653617443],[138.41188039300698,36.738748983659733],[138.41188039295076,36.738707313702122],[138.41188039289455,36.738665653744505],[138.41188039283824,36.738623983786795],[138.41188039278202,36.738582313829085],[138.41188039272572,36.73854065387156],[138.41181789269274,36.738540653890652],[138.41175539265976,36.738540653909752],[138.4116928926268,36.738540653928851],[138.4116928925703,36.738498983971411],[138.41169289251383,36.738457314014056],[138.41175539254698,36.738457313994786],[138.4118178925801,36.738457313975601],[138.4118178925238,36.738415654017892],[138.41188039255704,36.738415653998615],[138.41188039250073,36.73837398404109],[138.41188039244452,36.73833231408338],[138.41194289247784,36.738332314063932],[138.41194289242171,36.738290654106315],[138.41200539245511,36.738290654086775],[138.41206789248852,36.738290654067328],[138.41213039252196,36.738290654047788],[138.41213039246591,36.738248984089807],[138.41219289249932,36.738248984070182],[138.4121928925552,36.738290654028248],[138.41225539258861,36.738290654008708],[138.4123178926221,36.738290653989253],[138.41238039265551,36.738290653969713],[138.41238039271113,36.738332313927863],[138.41238039276689,36.738373983886106],[138.4123803928226,36.738415653844164],[138.41244289285572,36.738415653824802],[138.41250539288899,36.738415653805532],[138.4125053929445,36.738457313763945],[138.41244289291134,36.738457313783215],[138.41244289296702,36.738498983741366]]]},"properties":{"FID":853,"A31_201":"8404030649","A31_202":"角間川","A31_203":20,"A31_204":"長野県","A31_205":3,"A31_206":" ","A31_207":" ","A31_208":" "}},{"type":"Feature","id":854,"geometry":{"type":"Polygon","coordinates":[[[138.41169289324782,36.738998983460505],[138.41163039321555,36.738998983478893],[138.41163039315904,36.738957313521631],[138.41169289319132,36.738957313503157],[138.41169289324782,36.738998983460505]]]},"properties":{"FID":854,"A31_201":"8404030649","A31_202":"角間川","A31_203":20,"A31_204":"長野県","A31_205":3,"A31_206":" ","A31_207":" ","A31_208":" "}},{"type":"Feature","id":855,"geometry":{"type":"Polygon","coordinates":[[[138.40938039394456,36.740332312694377],[138.40938039400353,36.740373982649331],[138.40931789397359,36.740373982665403],[138.40931789403274,36.740415652620271],[138.40925539400288,36.740415652636258],[138.40925539406203,36.740457312590848],[138.40925539412117,36.740498982545631],[138.4091928940914,36.740498982561434],[138.40919289415064,36.740540652516032],[138.40913039412106,36.740540652531756],[138.40913039418029,36.740582312486438],[138.4090678941507,36.740582312502163],[138.40906789421012,36.740623982456761],[138.40900539418053,36.740623982472393],[138.40900539424001,36.740665652426635],[138.40894289421053,36.740665652442175],[138.40894289427001,36.740707312396687],[138.4088803942407,36.740707312412141],[138.40881789421127,36.740707312427688],[138.40881789427095,36.740748982381838],[138.40875539424172,36.740748982397207],[138.40875539418204,36.740707312443135],[138.40875539412227,36.7406656524889],[138.40869289409284,36.74066565250444],[138.40863039406332,36.740665652519979],[138.40863039400347,36.740623982566092],[138.40863039394361,36.740582312612034],[138.40863039388375,36.740540652657877],[138.40869289391344,36.740540652642153],[138.40869289385367,36.740498982688095],[138.40875539388335,36.740498982672278],[138.40875539382367,36.740457312718128],[138.40881789385335,36.740457312702141],[138.40881789379375,36.740415652748077],[138.40888039382361,36.740415652732089],[138.40888039376401,36.740373982777669],[138.40894289379395,36.740373982761596],[138.40894289373446,36.740332312807169],[138.4090053937644,36.740332312791097],[138.409005393705,36.740290652836762],[138.40906789373511,36.740290652820605],[138.40913039376517,36.740290652804433],[138.40919289379528,36.740290652788183],[138.40925539382533,36.740290652772018],[138.40925539376616,36.740248982817242],[138.40925539370701,36.740207312862552],[138.40931789373724,36.740207312846302],[138.4093178937963,36.740248982800992],[138.40938039382644,36.740248982784735],[138.40944289385655,36.740248982768478],[138.40944289379757,36.740207312813617],[138.4095053938278,36.740207312797274],[138.40950539388669,36.740248982752227],[138.40956789391683,36.740248982735977],[138.40956789397561,36.740290652691101],[138.40950539394558,36.740290652707273],[138.40944289391544,36.740290652723523],[138.40944289397441,36.740332312678298],[138.40938039394456,36.740332312694377],[138.4093803938855,36.740290652739688],[138.40931789385544,36.740290652755853],[138.40931789391453,36.740332312710535],[138.40938039394456,36.740332312694377]],[[138.40881789409201,36.740623982519196],[138.40881789403232,36.740582312564953],[138.40875539400281,36.740582312580585],[138.40875539406258,36.740623982534828],[138.40881789409201,36.740623982519196]]]},"properties":{"FID":855,"A31_201":"8404030649","A31_202":"角間川","A31_203":20,"A31_204":"長野県","A31_205":3,"A31_206":" ","A31_207":" ","A31_208":" "}},{"type":"Feature","id":856,"geometry":{"type":"Polygon","coordinates":[[[138.40825539436892,36.740998982242296],[138.4082553943087,36.740957312288586],[138.4083178943375,36.740957312273579],[138.40831789439773,36.740998982227282],[138.40825539436892,36.740998982242296]]]},"properties":{"FID":856,"A31_201":"8404030649","A31_202":"角間川","A31_203":20,"A31_204":"長野県","A31_205":3,"A31_206":" ","A31_207":" ","A31_208":" "}},{"type":"Feature","id":857,"geometry":{"type":"Polygon","coordinates":[[[138.40825539436892,36.740998982242296],[138.40825539442923,36.741040652196006],[138.40819289440043,36.741040652210927],[138.40819289446074,36.741082312164366],[138.40819289452105,36.74112398211799],[138.40813039449233,36.741123982132734],[138.40813039455284,36.741165652086089],[138.40806789452421,36.741165652100833],[138.40806789458469,36.741207312054271],[138.40800539455608,36.74120731206893],[138.40794289452754,36.741207312083588],[138.40794289458822,36.741248982036765],[138.40788039455967,36.741248982051417],[138.40788039449902,36.74120731209824],[138.40788039443828,36.741165652144971],[138.40794289446697,36.741165652130235],[138.40794289440632,36.741123982177143],[138.40800539443501,36.741123982162307],[138.40806789446373,36.74112398214757],[138.40806789440325,36.741082312194038],[138.40813039443196,36.741082312179202],[138.40813039437154,36.741040652225848],[138.40813039431117,36.740998982272316],[138.40806789428228,36.740998982287238],[138.40800539425331,36.740998982302244],[138.40794289422442,36.740998982317258],[138.40788039419553,36.740998982332272],[138.40788039413485,36.740957312379003],[138.40788039407411,36.740915652425912],[138.40794289410317,36.74091565241082],[138.40794289404252,36.740873982457458],[138.40800539407167,36.740873982442274],[138.4080053940111,36.740832312488834],[138.40806789404033,36.740832312473557],[138.40806789410081,36.740873982426997],[138.40813039412987,36.740873982411813],[138.40813039419038,36.740915652365345],[138.40813039425075,36.740957312318784],[138.40819289427975,36.740957312303685],[138.40819289434003,36.74099898225731],[138.40825539436892,36.740998982242296]]]},"properties":{"FID":857,"A31_201":"8404030649","A31_202":"角間川","A31_203":20,"A31_204":"長野県","A31_205":3,"A31_206":" ","A31_207":" ","A31_208":" "}},{"type":"Feature","id":858,"geometry":{"type":"Polygon","coordinates":[[[138.40763039499464,36.741623981686047],[138.40756789496672,36.741623981699995],[138.40750539493891,36.741623981713943],[138.4075053948778,36.741582311761121],[138.40744289484988,36.741582311775147],[138.40744289491099,36.741623981727884],[138.40738039488318,36.741623981741824],[138.40738039494445,36.741665651694383],[138.40731789491664,36.741665651708331],[138.40725539488881,36.741665651722187],[138.40725539482744,36.741623981769806],[138.40719289479955,36.741623981783746],[138.40719289473816,36.74158231183128],[138.40713039471026,36.74158231184532],[138.40713039464879,36.741540651893033],[138.40706789462081,36.741540651907151],[138.40706789468234,36.741582311859347],[138.40700539465445,36.741582311873387],[138.40700539471618,36.741623981825583],[138.40694289468826,36.741623981839616],[138.40694289462652,36.741582311887413],[138.40694289456479,36.74154065193531],[138.4070053945928,36.741540651921184],[138.40700539453115,36.741498981968896],[138.40706789455916,36.741498981954777],[138.4070678944976,36.741457312002396],[138.40713039452569,36.741457311988185],[138.40713039446422,36.741415652035897],[138.40713039440269,36.741373982083516],[138.40719289443086,36.741373982069135],[138.40719289436939,36.741332312116754],[138.40725539439774,36.741332312102273],[138.40731789442609,36.741332312087891],[138.40738039445444,36.741332312073411],[138.40738039451566,36.741373982025962],[138.40738039457693,36.741415651978699],[138.40744289460511,36.741415651964402],[138.4074428946663,36.741457311916953],[138.4074428947275,36.741498981869775],[138.40750539475559,36.741498981855564],[138.40756789478365,36.741498981841445],[138.40756789484468,36.741540651794352],[138.40763039487268,36.741540651780227],[138.40763039493362,36.741582311733055],[138.40763039499464,36.741623981686047]]]},"properties":{"FID":858,"A31_201":"8404030649","A31_202":"角間川","A31_203":20,"A31_204":"長野県","A31_205":3,"A31_206":" ","A31_207":" ","A31_208":" "}},{"type":"Feature","id":859,"geometry":{"type":"Polygon","coordinates":[[[138.40763039499464,36.741623981686047],[138.40769289502236,36.741623981672106],[138.40775539505026,36.741623981658073],[138.40775539511102,36.741665651611072],[138.4076928950833,36.741665651625013],[138.4076928951356,36.741707311574814],[138.40763039510804,36.741707311588854],[138.4075678950804,36.741707311602795],[138.40756789502782,36.741665651652724],[138.40763039505555,36.741665651638868],[138.40763039499464,36.741623981686047]]]},"properties":{"FID":859,"A31_201":"8404030649","A31_202":"角間川","A31_203":20,"A31_204":"長野県","A31_205":3,"A31_206":" ","A31_207":" ","A31_208":" "}},{"type":"Feature","id":860,"geometry":{"type":"Polygon","coordinates":[[[138.40694289468826,36.741623981839616],[138.40694289474999,36.741665651791635],[138.40694289480399,36.741707311742331],[138.40688039477635,36.741707311756272],[138.40681789474871,36.741707311770305],[138.40681789469443,36.741665651819439],[138.40688039472218,36.741665651805491],[138.40688039466033,36.741623981853564],[138.40694289468826,36.741623981839616]]]},"properties":{"FID":860,"A31_201":"8404030649","A31_202":"角間川","A31_203":20,"A31_204":"長野県","A31_205":3,"A31_206":" ","A31_207":" ","A31_208":" "}},{"type":"Feature","id":861,"geometry":{"type":"Polygon","coordinates":[[[138.4075678950804,36.741707311602795],[138.40756789513307,36.741748981552774],[138.40756789518574,36.741790651502576],[138.4075053951583,36.741790651516695],[138.407442895131,36.741790651530735],[138.40744289518383,36.741832311480891],[138.40738039515665,36.741832311495102],[138.40738039510362,36.741790651544854],[138.4073803950505,36.741748981594874],[138.40744289507805,36.741748981580841],[138.40744289502513,36.741707311630684],[138.40750539505277,36.741707311616736],[138.4075678950804,36.741707311602795]]]},"properties":{"FID":861,"A31_201":"8404030649","A31_202":"角間川","A31_203":20,"A31_204":"長野県","A31_205":3,"A31_206":" ","A31_207":" ","A31_208":" "}},{"type":"Feature","id":862,"geometry":{"type":"Polygon","coordinates":[[[138.40750539526388,36.74187398141666],[138.40750539521113,36.741832311466766],[138.40756789523832,36.741832311452555],[138.40756789529098,36.741873981402449],[138.40750539526388,36.74187398141666]]]},"properties":{"FID":862,"A31_201":"8404030649","A31_202":"角間川","A31_203":20,"A31_204":"長野県","A31_205":3,"A31_206":" ","A31_207":" ","A31_208":" "}},{"type":"Feature","id":863,"geometry":{"type":"Polygon","coordinates":[[[138.40738039515665,36.741832311495102],[138.40738039520966,36.741873981445167],[138.40731789518256,36.741873981459378],[138.40725539515546,36.741873981473589],[138.40725539510217,36.741832311523432],[138.40731789512944,36.741832311509221],[138.40738039515665,36.741832311495102]]]},"properties":{"FID":863,"A31_201":"8404030649","A31_202":"角間川","A31_203":20,"A31_204":"長野県","A31_205":3,"A31_206":" ","A31_207":" ","A31_208":" "}},{"type":"Feature","id":864,"geometry":{"type":"Polygon","coordinates":[[[138.40750539526388,36.74187398141666],[138.40750539531663,36.741915651366725],[138.40744289528971,36.741915651381021],[138.40744289523678,36.741873981430871],[138.40750539526388,36.74187398141666]]]},"properties":{"FID":864,"A31_201":"8404030649","A31_202":"角間川","A31_203":20,"A31_204":"長野県","A31_205":3,"A31_206":" ","A31_207":" ","A31_208":" "}},{"type":"Feature","id":865,"geometry":{"type":"Polygon","coordinates":[[[138.40725539515546,36.741873981473589],[138.40725539520884,36.741915651424009],[138.40719289518191,36.741915651438312],[138.40719289523537,36.741957311388468],[138.40713039520861,36.741957311402857],[138.40706789518185,36.741957311417245],[138.40706789512814,36.741915651466911],[138.40700539510109,36.741915651481207],[138.40700539504729,36.741873981530517],[138.40700539499329,36.741832311580097],[138.40706789502056,36.741832311565886],[138.40706789507431,36.741873981516306],[138.4071303951014,36.741873981502096],[138.40719289512842,36.741873981487885],[138.40725539515546,36.741873981473589]]]},"properties":{"FID":865,"A31_201":"8404030649","A31_202":"角間川","A31_203":20,"A31_204":"長野県","A31_205":3,"A31_206":" ","A31_207":" ","A31_208":" "}},{"type":"Feature","id":866,"geometry":{"type":"Polygon","coordinates":[[[138.40700539499329,36.741832311580097],[138.40694289496608,36.741832311594223],[138.40694289502017,36.741873981544821],[138.40688039499307,36.741873981559031],[138.40681789496594,36.741873981573242],[138.40681789502023,36.74191565152411],[138.4067553949933,36.741915651538406],[138.40669289496634,36.741915651552709],[138.40669289502088,36.741957311503484],[138.40669289507551,36.741998981454444],[138.40663039504884,36.741998981468925],[138.40663039510355,36.74204065141997],[138.40656789507699,36.742040651434444],[138.40656789502208,36.741998981483398],[138.40656789496728,36.741957311532261],[138.40663039499404,36.741957311517879],[138.40663039493933,36.741915651567012],[138.40663039488462,36.741873981615967],[138.40669289491174,36.741873981601756],[138.40669289485712,36.741832311650882],[138.40669289480257,36.74179065169993],[138.40675539482996,36.741790651685804],[138.4067553947755,36.741748981735114],[138.40681789480305,36.741748981721088],[138.40681789485734,36.741790651671778],[138.4068178949116,36.741832311622552],[138.40688039493887,36.741832311608434],[138.40688039488469,36.741790651657652],[138.40694289491208,36.741790651643527],[138.40700539493946,36.741790651629408],[138.40700539499329,36.741832311580097]]]},"properties":{"FID":866,"A31_201":"8404030649","A31_202":"角間川","A31_203":20,"A31_204":"長野県","A31_205":3,"A31_206":" ","A31_207":" ","A31_208":" "}},{"type":"Feature","id":867,"geometry":{"type":"Polygon","coordinates":[[[138.40631789552509,36.742457311005737],[138.40631789546967,36.74241565105433],[138.40625539544442,36.742415651069436],[138.40619289541908,36.74241565108462],[138.40619289547476,36.742457311036105],[138.40613039544962,36.742457311051382],[138.40613039539383,36.742415651099719],[138.40613039533798,36.742373981148141],[138.4061928953634,36.742373981133127],[138.4061928953077,36.742332311181727],[138.40625539533329,36.74233231116672],[138.4062553952777,36.742290651215228],[138.4063178953034,36.742290651200307],[138.40631789524798,36.742248981249176],[138.40631789519256,36.742207311297776],[138.40638039521858,36.742207311282939],[138.40638039516335,36.74216565133181],[138.40638039510802,36.742123981380502],[138.40644289513432,36.742123981365843],[138.40644289507915,36.74208231141462],[138.40650539510557,36.742082311400054],[138.40650539505057,36.74204065144901],[138.40656789507699,36.742040651434444],[138.40656789513187,36.742082311385488],[138.40656789518667,36.742123981336533],[138.40650539516054,36.742123981351185],[138.4065053952155,36.742165651302322],[138.40650539527059,36.742207311253367],[138.40644289524454,36.742207311268203],[138.4064428952997,36.742248981219419],[138.40644289535484,36.742290651170464],[138.40644289541001,36.742332311121778],[138.40638039538442,36.7423323111367],[138.40638039543967,36.742373981087923],[138.40644289546509,36.742373981072824],[138.40644289552031,36.742415651024046],[138.40638039549498,36.742415651039146],[138.40638039555023,36.742457310990545],[138.40631789552509,36.742457311005737]]]},"properties":{"FID":867,"A31_201":"8404030649","A31_202":"角間川","A31_203":20,"A31_204":"長野県","A31_205":3,"A31_206":" ","A31_207":" ","A31_208":" "}},{"type":"Feature","id":868,"geometry":{"type":"Polygon","coordinates":[[[138.40631789552509,36.742457311005737],[138.40631789558051,36.742498980956952],[138.40625539555552,36.742498980972229],[138.40625539549993,36.742457311020921],[138.40631789552509,36.742457311005737]]]},"properties":{"FID":868,"A31_201":"8404030649","A31_202":"角間川","A31_203":20,"A31_204":"長野県","A31_205":3,"A31_206":" ","A31_207":" ","A31_208":" "}},{"type":"Feature","id":869,"geometry":{"type":"Polygon","coordinates":[[[138.40363039868001,36.745332308506605],[138.40363039861856,36.745290648552448],[138.40369289863429,36.745290648532553],[138.40369289869557,36.745332308486617],[138.40363039868001,36.745332308506605]]]},"properties":{"FID":869,"A31_201":"8404030649","A31_202":"角間川","A31_203":20,"A31_204":"長野県","A31_205":3,"A31_206":" ","A31_207":" ","A31_208":" "}},{"type":"Feature","id":870,"geometry":{"type":"Polygon","coordinates":[[[138.40363039868001,36.745332308506605],[138.40363039874137,36.745373978461018],[138.4035678987259,36.745373978481098],[138.40356789866436,36.745332308526585],[138.40363039868001,36.745332308506605]]]},"properties":{"FID":870,"A31_201":"8404030649","A31_202":"角間川","A31_203":20,"A31_204":"長野県","A31_205":3,"A31_206":" ","A31_207":" ","A31_208":" "}},{"type":"Feature","id":871,"geometry":{"type":"Polygon","coordinates":[[[138.4035678987259,36.745373978481098],[138.40356789878746,36.745415648435511],[138.40350539877215,36.745415648455676],[138.40350539871054,36.745373978501163],[138.4035678987259,36.745373978481098]]]},"properties":{"FID":871,"A31_201":"8404030649","A31_202":"角間川","A31_203":20,"A31_204":"長野県","A31_205":3,"A31_206":" ","A31_207":" ","A31_208":" "}},{"type":"Feature","id":872,"geometry":{"type":"Polygon","coordinates":[[[138.40350539889553,36.745498978364516],[138.40344289888051,36.745498978384767],[138.4034428988187,36.745457308430261],[138.4035053988338,36.74545730841001],[138.40350539889553,36.745498978364516]]]},"properties":{"FID":872,"A31_201":"8404030649","A31_202":"角間川","A31_203":20,"A31_204":"長野県","A31_205":3,"A31_206":" ","A31_207":" ","A31_208":" "}},{"type":"Feature","id":873,"geometry":{"type":"Polygon","coordinates":[[[138.40325539914653,36.745707308219217],[138.40325539908437,36.745665648264442],[138.40331789909885,36.745665648243929],[138.40331789916087,36.745707308198611],[138.40325539914653,36.745707308219217]]]},"properties":{"FID":873,"A31_201":"8404030649","A31_202":"角間川","A31_203":20,"A31_204":"長野県","A31_205":3,"A31_206":" ","A31_207":" ","A31_208":" "}},{"type":"Feature","id":874,"geometry":{"type":"Polygon","coordinates":[[[138.40325539914653,36.745707308219217],[138.4032553992088,36.745748978173907],[138.40319289919466,36.745748978194598],[138.40319289913231,36.745707308239915],[138.40325539914653,36.745707308219217]]]},"properties":{"FID":874,"A31_201":"8404030649","A31_202":"角間川","A31_203":20,"A31_204":"長野県","A31_205":3,"A31_206":" ","A31_207":" ","A31_208":" "}},{"type":"Feature","id":875,"geometry":{"type":"Polygon","coordinates":[[[138.40319289919466,36.745748978194598],[138.40319289925702,36.745790648149374],[138.40319289931935,36.745832308104241],[138.40313039930558,36.745832308125109],[138.40313039924305,36.745790648170157],[138.40313039918053,36.745748978215289],[138.40319289919466,36.745748978194598]]]},"properties":{"FID":875,"A31_201":"8404030649","A31_202":"角間川","A31_203":20,"A31_204":"長野県","A31_205":3,"A31_206":" ","A31_207":" ","A31_208":" "}},{"type":"Feature","id":876,"geometry":{"type":"Polygon","coordinates":[[[138.40313039930558,36.745832308125109],[138.40313039936802,36.745873978079885],[138.40313039943055,36.745915648034838],[138.40306789941693,36.745915648055799],[138.40306789947954,36.745957308010574],[138.40300539946611,36.74595730803162],[138.40300539952881,36.745998977986758],[138.40300539959162,36.746040647941797],[138.40294289957845,36.746040647962936],[138.40294289964135,36.746082307917973],[138.40288039962826,36.746082307939204],[138.40288039969133,36.746123977894428],[138.40288039975439,36.746165647849466],[138.40281789974156,36.746165647870782],[138.40281789967841,36.746123977915744],[138.40281789961517,36.746082307960435],[138.40281789955202,36.746040648005305],[138.40288039956519,36.746040647984159],[138.40288039950212,36.745998978028943],[138.40294289951549,36.745998978007805],[138.4029428994526,36.745957308052674],[138.4029428993897,36.745915648097721],[138.40300539940333,36.74591564807676],[138.40300539934054,36.745873978121722],[138.40306789935431,36.745873978100761],[138.40306789929161,36.745832308145893],[138.40313039930558,36.745832308125109]]]},"properties":{"FID":876,"A31_201":"8404030649","A31_202":"角間川","A31_203":20,"A31_204":"長野県","A31_205":3,"A31_206":" ","A31_207":" ","A31_208":" "}},{"type":"Feature","id":877,"geometry":{"type":"Polygon","coordinates":[[[138.43075539507532,36.728040667202627],[138.43075539511059,36.728082327167257],[138.43069289504643,36.72808232713431],[138.43069289501102,36.728040667169765],[138.43075539507532,36.728040667202627]]]},"properties":{"FID":877,"A31_201":"8404030649","A31_202":"角間川","A31_203":20,"A31_204":"長野県","A31_205":4,"A31_206":" ","A31_207":" ","A31_208":" "}},{"type":"Feature","id":878,"geometry":{"type":"Polygon","coordinates":[[[138.42725539468199,36.731457322151371],[138.42725539464283,36.731415662190642],[138.42731789470156,36.731415662229097],[138.42731789466248,36.731373992268104],[138.42738039472121,36.731373992306565],[138.42738039468222,36.73133232234548],[138.42744289474112,36.731332322383849],[138.42744289470212,36.73129066242295],[138.42750539476114,36.731290662461141],[138.42756789482004,36.731290662499418],[138.42756789478122,36.731248992538163],[138.42763039484032,36.731248992576354],[138.42763039480158,36.731207322615184],[138.42769289486066,36.731207322653376],[138.42769289482194,36.731165662691936],[138.42775539488122,36.73116566272995],[138.42781789494038,36.731165662768056],[138.42781789490184,36.731123992806708],[138.42788039496108,36.731123992844722],[138.42788039492254,36.731082322883111],[138.42794289498181,36.731082322921033],[138.42794289494336,36.731040662959508],[138.4280053950028,36.731040662997344],[138.42800539496443,36.730998993035641],[138.42806789502396,36.730998993073477],[138.42813039508337,36.730998993111228],[138.42813039504512,36.73095732314934],[138.42819289510464,36.730957323186999],[138.42819289506653,36.730915663225211],[138.42825539512614,36.73091566326287],[138.42825539516417,36.73095732322475],[138.4283178952237,36.730957323262409],[138.42838039528323,36.73095732330016],[138.42844289534276,36.730957323337904],[138.42850539540217,36.730957323375563],[138.42850539543991,36.730998993337892],[138.42850539547777,36.731040663300121],[138.4284428954185,36.731040663262291],[138.42844289545633,36.731082323224342],[138.428380395397,36.731082323186421],[138.42838039543491,36.731123993148572],[138.42831789537564,36.731123993110643],[138.42831789541367,36.731165663072524],[138.42825539535448,36.731165663034417],[138.42819289529533,36.731165662996403],[138.42813039523614,36.731165662958304],[138.42813039527434,36.731207322920184],[138.42806789521518,36.731207322882085],[138.42806789525343,36.731248992843696],[138.42800539519445,36.731248992805504],[138.42794289513537,36.731248992767313],[138.42794289517383,36.731290662729016],[138.42788039511493,36.731290662690739],[138.42781789505594,36.731290662652455],[138.42775539499701,36.731290662614263],[138.42769289493802,36.731290662575987],[138.42763039487903,36.731290662537702],[138.42763039491774,36.731332322498787],[138.42756789485895,36.731332322460503],[138.42756789489775,36.731373992421766],[138.42750539483885,36.731373992383304],[138.42750539487776,36.73141566234456],[138.42744289481902,36.731415662306105],[138.42738039476021,36.731415662267558],[138.42738039479929,36.731457322228465],[138.42731789474072,36.731457322189911],[138.42725539468199,36.731457322151371]]]},"properties":{"FID":878,"A31_201":"8404030649","A31_202":"角間川","A31_203":20,"A31_204":"長野県","A31_205":4,"A31_206":" ","A31_207":" ","A31_208":" "}},{"type":"Feature","id":879,"geometry":{"type":"Polygon","coordinates":[[[138.42725539468199,36.731457322151371],[138.42725539472116,36.731498992112272],[138.42719289466254,36.731498992073639],[138.42719289462326,36.731457322112817],[138.42725539468199,36.731457322151371]]]},"properties":{"FID":879,"A31_201":"8404030649","A31_202":"角間川","A31_203":20,"A31_204":"長野県","A31_205":4,"A31_206":" ","A31_207":" ","A31_208":" "}},{"type":"Feature","id":880,"geometry":{"type":"Polygon","coordinates":[[[138.40881789409201,36.740623982519196],[138.40875539406258,36.740623982534828],[138.40875539400281,36.740582312580585],[138.40881789403232,36.740582312564953],[138.40881789409201,36.740623982519196]]]},"properties":{"FID":880,"A31_201":"8404030649","A31_202":"角間川","A31_203":20,"A31_204":"長野県","A31_205":4,"A31_206":" ","A31_207":" ","A31_208":" "}},{"type":"Feature","id":881,"geometry":{"type":"Polygon","coordinates":[[[138.40725539515546,36.741873981473589],[138.40719289512842,36.741873981487885],[138.4071303951014,36.741873981502096],[138.40706789507431,36.741873981516306],[138.40706789502056,36.741832311565886],[138.40700539499329,36.741832311580097],[138.40700539493946,36.741790651629408],[138.40694289491208,36.741790651643527],[138.40688039488469,36.741790651657652],[138.40688039493887,36.741832311608434],[138.4068178949116,36.741832311622552],[138.40681789485734,36.741790651671778],[138.40681789480305,36.741748981721088],[138.40681789474871,36.741707311770305],[138.40688039477635,36.741707311756272],[138.40694289480399,36.741707311742331],[138.40694289474999,36.741665651791635],[138.40694289468826,36.741623981839616],[138.40700539471618,36.741623981825583],[138.40700539465445,36.741582311873387],[138.40706789468234,36.741582311859347],[138.40706789462081,36.741540651907151],[138.40713039464879,36.741540651893033],[138.40713039471026,36.74158231184532],[138.40719289473816,36.74158231183128],[138.40719289479955,36.741623981783746],[138.40725539482744,36.741623981769806],[138.40725539488881,36.741665651722187],[138.40731789491664,36.741665651708331],[138.40738039494445,36.741665651694383],[138.40738039488318,36.741623981741824],[138.40744289491099,36.741623981727884],[138.40744289484988,36.741582311775147],[138.4075053948778,36.741582311761121],[138.40750539493891,36.741623981713943],[138.40756789496672,36.741623981699995],[138.40763039499464,36.741623981686047],[138.40763039505555,36.741665651638868],[138.40756789502782,36.741665651652724],[138.4075678950804,36.741707311602795],[138.40750539505277,36.741707311616736],[138.40744289502513,36.741707311630684],[138.40744289507805,36.741748981580841],[138.4073803950505,36.741748981594874],[138.40738039510362,36.741790651544854],[138.40738039515665,36.741832311495102],[138.40731789512944,36.741832311509221],[138.40725539510217,36.741832311523432],[138.40725539515546,36.741873981473589]]]},"properties":{"FID":881,"A31_201":"8404030649","A31_202":"角間川","A31_203":20,"A31_204":"長野県","A31_205":4,"A31_206":" ","A31_207":" ","A31_208":" "}},{"type":"Feature","id":882,"geometry":{"type":"Polygon","coordinates":[[[138.4029428997043,36.746123977873019],[138.40288039969133,36.746123977894428],[138.40288039962826,36.746082307939204],[138.40294289964135,36.746082307917973],[138.4029428997043,36.746123977873019]]]},"properties":{"FID":882,"A31_201":"8404030649","A31_202":"角間川","A31_203":20,"A31_204":"長野県","A31_205":4,"A31_206":" ","A31_207":" ","A31_208":" "}},{"type":"Feature","id":883,"geometry":{"type":"Polygon","coordinates":[[[138.40288039981743,36.746207307804681],[138.4028178998048,36.74620730782609],[138.40281789974156,36.746165647870782],[138.40288039975439,36.746165647849466],[138.40288039981743,36.746207307804681]]]},"properties":{"FID":883,"A31_201":"8404030649","A31_202":"角間川","A31_203":20,"A31_204":"長野県","A31_205":4,"A31_206":" ","A31_207":" ","A31_208":" "}}]
}